/*******************************************************************************
 * Size: 21 px
 * Bpp: 4
 * Opts: --bpp 4 --size 21 --format lvgl --no-compress --no-prefilter --font fonts/Geist-Medium.ttf --range 0x20-0x7F,0xA0-0x24F,0x1E00-0x1EFF,0x2013-0x2026,0x203A --font /System/Library/Fonts/Supplemental/Arial Unicode.ttf --range 0x00AD,0x0114-0x0115,0x012C-0x012D,0x0138,0x013F-0x0140,0x0149,0x014E-0x014F,0x017F-0x018E,0x0190-0x0191,0x0193-0x019F,0x01A2-0x01AE,0x01B1-0x01CC,0x01CF-0x01E3,0x01EA-0x01F5,0x01FA-0x0217,0x1E00-0x1E1F,0x1E22-0x1E7F,0x1E86-0x1E9B,0x2015-0x2017,0x201B,0x201F,0x2023-0x2025,0x2713,0x2717 -o main/ui/geist_med_21.c --lv-include lvgl.h
 ******************************************************************************/

#ifdef LV_LVGL_H_INCLUDE_SIMPLE
#include "lvgl.h"
#else
#include "lvgl.h"
#endif

#ifndef GEIST_MED_21
#define GEIST_MED_21 1
#endif

#if GEIST_MED_21

/*-----------------
 *    BITMAPS
 *----------------*/

/*Store the image of the glyphs*/
static LV_ATTRIBUTE_LARGE_CONST const uint8_t glyph_bitmap[] = {
    /* U+0020 " " */

    /* U+0021 "!" */
    0xaf, 0x9a, 0xf9, 0xaf, 0x9a, 0xf9, 0xaf, 0x9a,
    0xf9, 0x9f, 0x89, 0xf7, 0x8f, 0x66, 0xf5, 0x5f,
    0x40, 0x0, 0x0, 0xc, 0xc9, 0xff, 0xcf, 0xfc,

    /* U+0022 "\"" */
    0x1f, 0xf0, 0x6f, 0xa1, 0xff, 0x6, 0xfa, 0xf,
    0xe0, 0x5f, 0x90, 0xee, 0x5, 0xf7, 0xc, 0xe0,
    0x5f, 0x50, 0xad, 0x4, 0xf4,

    /* U+0023 "#" */
    0x0, 0x0, 0x9f, 0x50, 0x2f, 0xc0, 0x0, 0x0,
    0xcf, 0x30, 0x5f, 0xa0, 0x0, 0x0, 0xff, 0x0,
    0x7f, 0x70, 0x0, 0x1, 0xfd, 0x0, 0xaf, 0x50,
    0x1, 0xff, 0xff, 0xff, 0xff, 0xfc, 0x3, 0xef,
    0xff, 0xee, 0xff, 0xe8, 0x0, 0x9, 0xf5, 0x2,
    0xfd, 0x0, 0x0, 0xc, 0xf3, 0x4, 0xfa, 0x0,
    0x0, 0xe, 0xf0, 0x7, 0xf7, 0x0, 0x0, 0x1f,
    0xe0, 0xa, 0xf5, 0x0, 0xe, 0xff, 0xff, 0xff,
    0xff, 0xf0, 0xe, 0xff, 0xfe, 0xef, 0xfe, 0xb0,
    0x0, 0x9f, 0x60, 0x1f, 0xd0, 0x0, 0x0, 0xbf,
    0x30, 0x4f, 0xa0, 0x0, 0x0, 0xef, 0x0, 0x7f,
    0x80, 0x0, 0x0, 0xfe, 0x0, 0x9f, 0x50, 0x0,

    /* U+0024 "$" */
    0x0, 0x0, 0xe, 0xb0, 0x0, 0x0, 0x0, 0x0,
    0xe, 0xb0, 0x0, 0x0, 0x0, 0x3a, 0xef, 0xfa,
    0x30, 0x0, 0x6, 0xff, 0xff, 0xff, 0xf7, 0x0,
    0x1f, 0xfc, 0x4f, 0xfb, 0xff, 0x30, 0x6f, 0xe0,
    0xe, 0xb0, 0xcf, 0xb0, 0x8f, 0xc0, 0xe, 0xb0,
    0x5f, 0xf0, 0x6f, 0xf2, 0xe, 0xb0, 0x0, 0x0,
    0x1e, 0xff, 0x9f, 0xb0, 0x0, 0x0, 0x2, 0xcf,
    0xff, 0xfb, 0x50, 0x0, 0x0, 0x3, 0x9f, 0xff,
    0xfc, 0x10, 0x0, 0x0, 0xe, 0xd9, 0xff, 0xc0,
    0x45, 0x20, 0xe, 0xb0, 0x4f, 0xf3, 0xbf, 0x90,
    0xe, 0xb0, 0xf, 0xf5, 0x6f, 0xf2, 0xe, 0xb0,
    0x1f, 0xf3, 0xd, 0xfe, 0x6f, 0xd5, 0xdf, 0xe0,
    0x2, 0xef, 0xff, 0xff, 0xff, 0x30, 0x0, 0x17,
    0xdf, 0xfd, 0x91, 0x0, 0x0, 0x0, 0xe, 0xb0,
    0x0, 0x0, 0x0, 0x0, 0x7, 0x50, 0x0, 0x0,

    /* U+0025 "%" */
    0x0, 0x8d, 0xfb, 0x20, 0x0, 0x0, 0x9f, 0x20,
    0x0, 0x8f, 0xb8, 0xfe, 0x0, 0x0, 0x4f, 0x80,
    0x0, 0xf, 0xd0, 0x6, 0xf5, 0x0, 0xd, 0xd0,
    0x0, 0x1, 0xfa, 0x0, 0x3f, 0x70, 0x8, 0xf4,
    0x0, 0x0, 0xf, 0xb0, 0x5, 0xf6, 0x2, 0xf9,
    0x0, 0x0, 0x0, 0xbf, 0x53, 0xcf, 0x20, 0xce,
    0x10, 0x0, 0x0, 0x2, 0xdf, 0xff, 0x60, 0x6f,
    0x50, 0x0, 0x0, 0x0, 0x0, 0x34, 0x10, 0x1f,
    0xb0, 0x1, 0x0, 0x0, 0x0, 0x0, 0x0, 0xb,
    0xf1, 0x3d, 0xff, 0xa0, 0x0, 0x0, 0x0, 0x5,
    0xf6, 0xe, 0xe6, 0x9f, 0x80, 0x0, 0x0, 0x0,
    0xec, 0x5, 0xf7, 0x0, 0xde, 0x0, 0x0, 0x0,
    0x9f, 0x20, 0x7f, 0x40, 0xa, 0xf1, 0x0, 0x0,
    0x3f, 0x80, 0x7, 0xf4, 0x0, 0xaf, 0x0, 0x0,
    0xd, 0xd0, 0x0, 0x4f, 0x70, 0xd, 0xe0, 0x0,
    0x8, 0xf4, 0x0, 0x0, 0xdf, 0x8b, 0xf7, 0x0,
    0x2, 0xfa, 0x0, 0x0, 0x2, 0xbf, 0xe8, 0x0,

    /* U+0026 "&" */
    0x0, 0x2, 0xae, 0xfd, 0x60, 0x0, 0x0, 0x0,
    0x2f, 0xff, 0xff, 0xf7, 0x0, 0x0, 0x0, 0x9f,
    0xf5, 0x3c, 0xfe, 0x0, 0x0, 0x0, 0xbf, 0xa0,
    0x5, 0xff, 0x0, 0x0, 0x0, 0x9f, 0xb0, 0x8,
    0xfd, 0x0, 0x0, 0x0, 0x4f, 0xf2, 0x4f, 0xf5,
    0x0, 0x0, 0x0, 0xb, 0xfe, 0xff, 0x70, 0x0,
    0x0, 0x0, 0x9, 0xff, 0xf4, 0x0, 0x0, 0x0,
    0x0, 0xbf, 0xff, 0xf8, 0x0, 0x12, 0x10, 0x9,
    0xff, 0x46, 0xff, 0x40, 0x7f, 0xd0, 0xf, 0xf7,
    0x0, 0x9f, 0xe2, 0x9f, 0xa0, 0x2f, 0xf3, 0x0,
    0xc, 0xfc, 0xff, 0x50, 0x2f, 0xf5, 0x0, 0x1,
    0xef, 0xfd, 0x0, 0xe, 0xfe, 0x62, 0x26, 0xef,
    0xf9, 0x0, 0x5, 0xff, 0xff, 0xff, 0xff, 0xff,
    0x30, 0x0, 0x3a, 0xef, 0xfd, 0x92, 0xbf, 0xd0,

    /* U+0027 "'" */
    0x1f, 0xf1, 0xff, 0xf, 0xe0, 0xfd, 0xd, 0xc0,
    0xca,

    /* U+0028 "(" */
    0x0, 0x6, 0xf8, 0x0, 0xe, 0xf1, 0x0, 0x7f,
    0xa0, 0x0, 0xef, 0x40, 0x4, 0xfe, 0x0, 0x8,
    0xfa, 0x0, 0xc, 0xf7, 0x0, 0xe, 0xf4, 0x0,
    0xf, 0xf3, 0x0, 0xf, 0xf3, 0x0, 0xf, 0xf3,
    0x0, 0xe, 0xf4, 0x0, 0xc, 0xf7, 0x0, 0x8,
    0xfa, 0x0, 0x4, 0xfe, 0x0, 0x0, 0xef, 0x40,
    0x0, 0x8f, 0x90, 0x0, 0x1e, 0xf1, 0x0, 0x7,
    0xf8,

    /* U+0029 ")" */
    0x7f, 0x80, 0x0, 0xf, 0xf1, 0x0, 0x8, 0xf9,
    0x0, 0x2, 0xff, 0x0, 0x0, 0xdf, 0x50, 0x0,
    0x9f, 0xa0, 0x0, 0x6f, 0xd0, 0x0, 0x3f, 0xf0,
    0x0, 0x2f, 0xf1, 0x0, 0x1f, 0xf2, 0x0, 0x2f,
    0xf1, 0x0, 0x3f, 0xf0, 0x0, 0x6f, 0xd0, 0x0,
    0x9f, 0xa0, 0x0, 0xdf, 0x50, 0x2, 0xff, 0x0,
    0x8, 0xf9, 0x0, 0xe, 0xf1, 0x0, 0x7f, 0x80,
    0x0,

    /* U+002A "*" */
    0x0, 0x33, 0x3, 0x30, 0x0, 0xd, 0xd0, 0xdd,
    0x0, 0x0, 0x4f, 0xcf, 0x40, 0x1, 0xaa, 0xff,
    0xfa, 0xa1, 0x2f, 0xff, 0xff, 0xff, 0x10, 0x1,
    0xff, 0xe1, 0x0, 0x0, 0xaf, 0x3f, 0xa0, 0x0,
    0x7, 0x70, 0x78, 0x0,

    /* U+002B "+" */
    0x0, 0x0, 0x1f, 0xd0, 0x0, 0x0, 0x0, 0x1,
    0xfd, 0x0, 0x0, 0x0, 0x0, 0x1f, 0xd0, 0x0,
    0x0, 0x0, 0x1, 0xfd, 0x0, 0x0, 0x2f, 0xff,
    0xff, 0xff, 0xff, 0xf2, 0xff, 0xff, 0xff, 0xff,
    0xff, 0x0, 0x0, 0x1f, 0xe0, 0x0, 0x0, 0x0,
    0x1, 0xfd, 0x0, 0x0, 0x0, 0x0, 0x1f, 0xd0,
    0x0, 0x0, 0x0, 0x1, 0xfd, 0x0, 0x0, 0x0,
    0x0, 0x8, 0x60, 0x0, 0x0,

    /* U+002C "," */
    0x1c, 0xc7, 0x2f, 0xf9, 0x2f, 0xf9, 0x2, 0xf4,
    0x7, 0xd0, 0xd, 0x70,

    /* U+002D "-" */
    0x0, 0x0, 0x0, 0x0, 0x2f, 0xff, 0xff, 0xfe,
    0x2f, 0xff, 0xff, 0xfe,

    /* U+002E "." */
    0x1c, 0xc7, 0x2f, 0xf9, 0x2f, 0xf9,

    /* U+002F "/" */
    0x0, 0x0, 0x0, 0x2f, 0xf0, 0x0, 0x0, 0x0,
    0x7f, 0xa0, 0x0, 0x0, 0x0, 0xdf, 0x50, 0x0,
    0x0, 0x2, 0xff, 0x0, 0x0, 0x0, 0x7, 0xfa,
    0x0, 0x0, 0x0, 0xc, 0xf5, 0x0, 0x0, 0x0,
    0x2f, 0xf0, 0x0, 0x0, 0x0, 0x7f, 0xb0, 0x0,
    0x0, 0x0, 0xcf, 0x50, 0x0, 0x0, 0x1, 0xff,
    0x0, 0x0, 0x0, 0x7, 0xfb, 0x0, 0x0, 0x0,
    0xc, 0xf6, 0x0, 0x0, 0x0, 0x1f, 0xf1, 0x0,
    0x0, 0x0, 0x6f, 0xb0, 0x0, 0x0, 0x0, 0xbf,
    0x60, 0x0, 0x0, 0x1, 0xff, 0x10, 0x0, 0x0,
    0x6, 0xfc, 0x0, 0x0, 0x0, 0xb, 0xf6, 0x0,
    0x0, 0x0, 0x1f, 0xf1, 0x0, 0x0, 0x0,

    /* U+0030 "0" */
    0x0, 0x5, 0xce, 0xec, 0x60, 0x0, 0x0, 0xa,
    0xff, 0xff, 0xff, 0xc0, 0x0, 0x8, 0xff, 0x94,
    0x48, 0xff, 0xa0, 0x1, 0xff, 0x80, 0x0, 0x6,
    0xff, 0x30, 0x7f, 0xe0, 0x0, 0x0, 0xd, 0xf9,
    0xb, 0xfa, 0x0, 0x0, 0x0, 0x8f, 0xd0, 0xdf,
    0x70, 0x0, 0x0, 0x5, 0xff, 0xf, 0xf6, 0x0,
    0x0, 0x0, 0x4f, 0xf1, 0xff, 0x60, 0x0, 0x0,
    0x4, 0xff, 0x1d, 0xf7, 0x0, 0x0, 0x0, 0x5f,
    0xf0, 0xbf, 0x90, 0x0, 0x0, 0x7, 0xfe, 0x7,
    0xfe, 0x0, 0x0, 0x0, 0xcf, 0x90, 0x2f, 0xf7,
    0x0, 0x0, 0x5f, 0xf3, 0x0, 0x8f, 0xf9, 0x43,
    0x8f, 0xfb, 0x0, 0x0, 0xaf, 0xff, 0xff, 0xfc,
    0x0, 0x0, 0x0, 0x5c, 0xef, 0xc6, 0x0, 0x0,

    /* U+0031 "1" */
    0x0, 0x0, 0x9f, 0x30, 0x0, 0xb, 0xf3, 0x0,
    0x5, 0xff, 0x33, 0xff, 0xff, 0xf3, 0x2e, 0xee,
    0xff, 0x30, 0x0, 0xf, 0xf3, 0x0, 0x0, 0xff,
    0x30, 0x0, 0xf, 0xf3, 0x0, 0x0, 0xff, 0x30,
    0x0, 0xf, 0xf3, 0x0, 0x0, 0xff, 0x30, 0x0,
    0xf, 0xf3, 0x0, 0x0, 0xff, 0x30, 0x0, 0xf,
    0xf3, 0x0, 0x0, 0xff, 0x30, 0x0, 0xf, 0xf3,

    /* U+0032 "2" */
    0x0, 0x18, 0xdf, 0xfc, 0x70, 0x0, 0x2e, 0xff,
    0xff, 0xff, 0xc0, 0xc, 0xff, 0x84, 0x49, 0xff,
    0x84, 0xff, 0x50, 0x0, 0xa, 0xfd, 0x9f, 0xd0,
    0x0, 0x0, 0x6f, 0xf2, 0x32, 0x0, 0x0, 0x8,
    0xfe, 0x0, 0x0, 0x0, 0x3, 0xff, 0xa0, 0x0,
    0x0, 0x7, 0xff, 0xe1, 0x0, 0x0, 0x4d, 0xff,
    0xd2, 0x0, 0x0, 0x9f, 0xff, 0x80, 0x0, 0x0,
    0xbf, 0xfb, 0x20, 0x0, 0x0, 0x8f, 0xf8, 0x0,
    0x0, 0x0, 0x1f, 0xf9, 0x0, 0x0, 0x0, 0x6,
    0xff, 0x43, 0x33, 0x33, 0x32, 0xaf, 0xff, 0xff,
    0xff, 0xff, 0xfb, 0xff, 0xff, 0xff, 0xff, 0xff,

    /* U+0033 "3" */
    0x0, 0x5b, 0xef, 0xeb, 0x60, 0x0, 0x8, 0xff,
    0xff, 0xff, 0xfa, 0x0, 0x4f, 0xfb, 0x43, 0x4b,
    0xff, 0x50, 0x7d, 0xb0, 0x0, 0x0, 0xdf, 0x80,
    0x0, 0x0, 0x0, 0x0, 0xdf, 0x70, 0x0, 0x0,
    0x0, 0x18, 0xff, 0x20, 0x0, 0x0, 0xcf, 0xff,
    0xb2, 0x0, 0x0, 0x0, 0xcf, 0xff, 0xe4, 0x0,
    0x0, 0x0, 0x1, 0x39, 0xff, 0x50, 0x0, 0x0,
    0x0, 0x0, 0xaf, 0xd0, 0x0, 0x0, 0x0, 0x0,
    0x5f, 0xf0, 0xbc, 0x50, 0x0, 0x0, 0x4f, 0xf0,
    0xcf, 0xc0, 0x0, 0x0, 0xaf, 0xe0, 0x5f, 0xfb,
    0x53, 0x4a, 0xff, 0x70, 0xa, 0xff, 0xff, 0xff,
    0xfa, 0x0, 0x0, 0x5b, 0xef, 0xeb, 0x50, 0x0,

    /* U+0034 "4" */
    0x0, 0x0, 0x0, 0x8, 0xff, 0x60, 0x0, 0x0,
    0x0, 0x2, 0xff, 0xf6, 0x0, 0x0, 0x0, 0x0,
    0xcf, 0xff, 0x60, 0x0, 0x0, 0x0, 0x7f, 0xff,
    0xf6, 0x0, 0x0, 0x0, 0x2f, 0xf6, 0xef, 0x60,
    0x0, 0x0, 0xc, 0xfc, 0xe, 0xf6, 0x0, 0x0,
    0x7, 0xff, 0x20, 0xef, 0x60, 0x0, 0x2, 0xff,
    0x60, 0xe, 0xf6, 0x0, 0x0, 0xcf, 0xb0, 0x0,
    0xef, 0x60, 0x0, 0x7f, 0xf2, 0x0, 0xe, 0xf6,
    0x0, 0x2f, 0xf8, 0x22, 0x22, 0xef, 0x72, 0x6,
    0xff, 0xff, 0xff, 0xff, 0xff, 0xf3, 0x6f, 0xff,
    0xff, 0xff, 0xff, 0xff, 0x30, 0x0, 0x0, 0x0,
    0xe, 0xf6, 0x0, 0x0, 0x0, 0x0, 0x0, 0xef,
    0x60, 0x0, 0x0, 0x0, 0x0, 0xe, 0xf6, 0x0,

    /* U+0035 "5" */
    0x9, 0xff, 0xff, 0xff, 0xff, 0x30, 0xb, 0xff,
    0xff, 0xff, 0xff, 0x30, 0xd, 0xf8, 0x33, 0x33,
    0x33, 0x0, 0xf, 0xf4, 0x0, 0x0, 0x0, 0x0,
    0x1f, 0xf2, 0x0, 0x0, 0x0, 0x0, 0x2f, 0xf3,
    0xae, 0xfd, 0x70, 0x0, 0x4f, 0xff, 0xff, 0xff,
    0xfb, 0x0, 0x6f, 0xfc, 0x41, 0x29, 0xff, 0x70,
    0x5b, 0xb0, 0x0, 0x0, 0xaf, 0xe0, 0x0, 0x0,
    0x0, 0x0, 0x3f, 0xf1, 0x0, 0x0, 0x0, 0x0,
    0x2f, 0xf3, 0x7a, 0x60, 0x0, 0x0, 0x4f, 0xf1,
    0x8f, 0xe1, 0x0, 0x0, 0xbf, 0xd0, 0x2f, 0xfd,
    0x63, 0x5b, 0xff, 0x60, 0x6, 0xff, 0xff, 0xff,
    0xf9, 0x0, 0x0, 0x3a, 0xef, 0xeb, 0x40, 0x0,

    /* U+0036 "6" */
    0x0, 0x6, 0xcf, 0xec, 0x60, 0x0, 0xa, 0xff,
    0xff, 0xff, 0xa0, 0x8, 0xff, 0x83, 0x37, 0xff,
    0x51, 0xff, 0x60, 0x0, 0x6, 0xa6, 0x6f, 0xd0,
    0x0, 0x0, 0x0, 0xa, 0xf8, 0x4c, 0xfe, 0xb4,
    0x0, 0xcf, 0xcf, 0xff, 0xff, 0xf7, 0xe, 0xff,
    0xc3, 0x2, 0xaf, 0xf3, 0xff, 0xd0, 0x0, 0x0,
    0xdf, 0x9f, 0xf8, 0x0, 0x0, 0x8, 0xfc, 0xef,
    0x60, 0x0, 0x0, 0x7f, 0xdb, 0xf9, 0x0, 0x0,
    0x9, 0xfc, 0x7f, 0xe1, 0x0, 0x1, 0xff, 0x81,
    0xef, 0xd4, 0x25, 0xdf, 0xf2, 0x4, 0xff, 0xff,
    0xff, 0xf5, 0x0, 0x2, 0xae, 0xfe, 0xa2, 0x0,

    /* U+0037 "7" */
    0x9f, 0xff, 0xff, 0xff, 0xff, 0xf2, 0x9f, 0xff,
    0xff, 0xff, 0xff, 0xf2, 0x13, 0x33, 0x33, 0x33,
    0xaf, 0xc0, 0x0, 0x0, 0x0, 0x3, 0xfe, 0x20,
    0x0, 0x0, 0x0, 0xd, 0xf5, 0x0, 0x0, 0x0,
    0x0, 0x7f, 0xb0, 0x0, 0x0, 0x0, 0x1, 0xff,
    0x20, 0x0, 0x0, 0x0, 0x7, 0xfb, 0x0, 0x0,
    0x0, 0x0, 0xe, 0xf4, 0x0, 0x0, 0x0, 0x0,
    0x3f, 0xe0, 0x0, 0x0, 0x0, 0x0, 0x9f, 0x90,
    0x0, 0x0, 0x0, 0x0, 0xdf, 0x60, 0x0, 0x0,
    0x0, 0x0, 0xff, 0x30, 0x0, 0x0, 0x0, 0x3,
    0xff, 0x10, 0x0, 0x0, 0x0, 0x4, 0xff, 0x0,
    0x0, 0x0, 0x0, 0x5, 0xff, 0x0, 0x0, 0x0,

    /* U+0038 "8" */
    0x0, 0x4, 0xbe, 0xfe, 0xb5, 0x0, 0x0, 0x7,
    0xff, 0xff, 0xff, 0xf9, 0x0, 0x2, 0xff, 0xc4,
    0x24, 0xbf, 0xf4, 0x0, 0x6f, 0xf0, 0x0, 0x0,
    0xef, 0x80, 0x6, 0xff, 0x0, 0x0, 0xd, 0xf7,
    0x0, 0x1f, 0xf9, 0x10, 0x18, 0xff, 0x20, 0x0,
    0x3d, 0xff, 0xff, 0xfd, 0x40, 0x0, 0x5, 0xef,
    0xff, 0xff, 0xe6, 0x0, 0x4, 0xff, 0x82, 0x2,
    0x7f, 0xf6, 0x0, 0xdf, 0x80, 0x0, 0x0, 0x7f,
    0xe0, 0x1f, 0xf3, 0x0, 0x0, 0x2, 0xff, 0x32,
    0xff, 0x40, 0x0, 0x0, 0x2f, 0xf4, 0xf, 0xf9,
    0x0, 0x0, 0x8, 0xff, 0x10, 0xaf, 0xfa, 0x53,
    0x4a, 0xff, 0xb0, 0x0, 0xcf, 0xff, 0xff, 0xff,
    0xd1, 0x0, 0x0, 0x6b, 0xef, 0xec, 0x70, 0x0,

    /* U+0039 "9" */
    0x0, 0x5, 0xbe, 0xfd, 0x70, 0x0, 0x0, 0xaf,
    0xff, 0xff, 0xfd, 0x10, 0x6, 0xff, 0xa3, 0x26,
    0xff, 0xa0, 0xd, 0xfa, 0x0, 0x0, 0x5f, 0xf2,
    0x1f, 0xf4, 0x0, 0x0, 0xe, 0xf6, 0x2f, 0xf2,
    0x0, 0x0, 0xc, 0xf9, 0x1f, 0xf3, 0x0, 0x0,
    0xd, 0xfa, 0xe, 0xf9, 0x0, 0x0, 0x3f, 0xfb,
    0x7, 0xff, 0x81, 0x15, 0xef, 0xfa, 0x0, 0xbf,
    0xff, 0xff, 0xec, 0xf9, 0x0, 0x7, 0xdf, 0xea,
    0x2d, 0xf6, 0x0, 0x0, 0x0, 0x0, 0x1f, 0xf3,
    0x6, 0x73, 0x0, 0x0, 0x9f, 0xd0, 0x8, 0xfe,
    0x63, 0x4a, 0xff, 0x50, 0x0, 0xcf, 0xff, 0xff,
    0xf9, 0x0, 0x0, 0x7, 0xdf, 0xec, 0x50, 0x0,

    /* U+003A ":" */
    0x3f, 0xf8, 0x3f, 0xf8, 0x2c, 0xc6, 0x0, 0x0,
    0x0, 0x0, 0x0, 0x0, 0x0, 0x0, 0x0, 0x0,
    0x2c, 0xc6, 0x3f, 0xf8, 0x3f, 0xf8,

    /* U+003B ";" */
    0x2c, 0xc6, 0x3f, 0xf8, 0x3f, 0xf8, 0x0, 0x0,
    0x0, 0x0, 0x0, 0x0, 0x0, 0x0, 0x0, 0x0,
    0x0, 0x0, 0x2c, 0xc6, 0x3f, 0xf8, 0x3f, 0xf7,
    0x3, 0xf2, 0x9, 0xc0, 0xe, 0x60,

    /* U+003C "<" */
    0x0, 0x0, 0x0, 0x0, 0x0, 0x0, 0x0, 0x0,
    0x0, 0x4, 0xb6, 0x0, 0x0, 0x0, 0x5c, 0xff,
    0x60, 0x0, 0x6, 0xdf, 0xfe, 0x70, 0x1, 0x7e,
    0xff, 0xd6, 0x0, 0x1, 0xff, 0xfc, 0x40, 0x0,
    0x0, 0x2f, 0xf4, 0x0, 0x0, 0x0, 0x2, 0xff,
    0xf8, 0x10, 0x0, 0x0, 0x3, 0xbf, 0xff, 0xa2,
    0x0, 0x0, 0x0, 0x29, 0xff, 0xfb, 0x40, 0x0,
    0x0, 0x1, 0x8f, 0xff, 0x60, 0x0, 0x0, 0x0,
    0x7, 0xe6, 0x0, 0x0, 0x0, 0x0, 0x0, 0x10,

    /* U+003D "=" */
    0x2f, 0xff, 0xff, 0xff, 0xff, 0x92, 0xff, 0xff,
    0xff, 0xff, 0xf9, 0x0, 0x0, 0x0, 0x0, 0x0,
    0x0, 0x0, 0x0, 0x0, 0x0, 0x0, 0x0, 0x0,
    0x0, 0x0, 0x0, 0x2, 0xff, 0xff, 0xff, 0xff,
    0xf9, 0x2f, 0xff, 0xff, 0xff, 0xff, 0x90,

    /* U+003E ">" */
    0x0, 0x0, 0x0, 0x0, 0x0, 0xd7, 0x10, 0x0,
    0x0, 0x0, 0xff, 0xf8, 0x10, 0x0, 0x0, 0x3b,
    0xff, 0xfa, 0x20, 0x0, 0x0, 0x2a, 0xff, 0xfb,
    0x30, 0x0, 0x0, 0x18, 0xff, 0xf8, 0x0, 0x0,
    0x0, 0x1b, 0xfa, 0x0, 0x0, 0x5, 0xcf, 0xf9,
    0x0, 0x6, 0xdf, 0xfe, 0x70, 0x17, 0xef, 0xfd,
    0x50, 0x0, 0xef, 0xfc, 0x40, 0x0, 0x0, 0xfb,
    0x30, 0x0, 0x0, 0x0, 0x20, 0x0, 0x0, 0x0,
    0x0,

    /* U+003F "?" */
    0x0, 0x4, 0xbe, 0xfd, 0x80, 0x0, 0x0, 0x8f,
    0xff, 0xff, 0xfd, 0x10, 0x4, 0xff, 0xa4, 0x37,
    0xff, 0x90, 0xc, 0xfb, 0x0, 0x0, 0x8f, 0xf0,
    0xf, 0xf5, 0x0, 0x0, 0x4f, 0xf1, 0x0, 0x0,
    0x0, 0x0, 0x6f, 0xf0, 0x0, 0x0, 0x0, 0x3,
    0xef, 0x90, 0x0, 0x0, 0x0, 0x8f, 0xfb, 0x0,
    0x0, 0x0, 0x8, 0xff, 0x80, 0x0, 0x0, 0x0,
    0xf, 0xf7, 0x0, 0x0, 0x0, 0x0, 0x2f, 0xf1,
    0x0, 0x0, 0x0, 0x0, 0x16, 0x60, 0x0, 0x0,
    0x0, 0x0, 0x0, 0x0, 0x0, 0x0, 0x0, 0x0,
    0x6c, 0xc2, 0x0, 0x0, 0x0, 0x0, 0x7f, 0xf3,
    0x0, 0x0, 0x0, 0x0, 0x7f, 0xf3, 0x0, 0x0,

    /* U+0040 "@" */
    0x0, 0x0, 0x0, 0x38, 0xce, 0xfe, 0xc7, 0x10,
    0x0, 0x0, 0x0, 0x1, 0xaf, 0xfe, 0xcb, 0xce,
    0xff, 0x60, 0x0, 0x0, 0x2, 0xef, 0xa3, 0x0,
    0x0, 0x4, 0xdf, 0x80, 0x0, 0x1, 0xef, 0x50,
    0x0, 0x0, 0x0, 0x0, 0xbf, 0x40, 0x0, 0xaf,
    0x50, 0x2, 0x8a, 0x81, 0x8b, 0x1, 0xec, 0x0,
    0x2f, 0xb0, 0x5, 0xff, 0xff, 0xee, 0xf0, 0x9,
    0xf2, 0x8, 0xf3, 0x2, 0xff, 0x60, 0x2c, 0xfe,
    0x0, 0x5f, 0x50, 0xce, 0x0, 0x9f, 0x90, 0x0,
    0x4f, 0xd0, 0x3, 0xf7, 0xf, 0xb0, 0xd, 0xf3,
    0x0, 0x1, 0xfc, 0x0, 0x3f, 0x70, 0xfa, 0x0,
    0xef, 0x10, 0x0, 0x1f, 0xb0, 0x4, 0xf5, 0xf,
    0xa0, 0xe, 0xf2, 0x0, 0x5, 0xfa, 0x0, 0x8f,
    0x20, 0xec, 0x0, 0xaf, 0x80, 0x1, 0xdf, 0xa0,
    0x1e, 0xc0, 0xc, 0xf0, 0x3, 0xff, 0xca, 0xec,
    0xdf, 0xae, 0xf3, 0x0, 0x7f, 0x60, 0x4, 0xcf,
    0xe8, 0x3, 0xdf, 0xc3, 0x0, 0x1, 0xef, 0x20,
    0x0, 0x0, 0x0, 0x0, 0x0, 0x0, 0x0, 0x4,
    0xff, 0x61, 0x0, 0x0, 0x4, 0x10, 0x0, 0x0,
    0x0, 0x4, 0xef, 0xfc, 0xbb, 0xdf, 0xf7, 0x0,
    0x0, 0x0, 0x0, 0x1, 0x6b, 0xdf, 0xfd, 0xb6,
    0x10, 0x0, 0x0,

    /* U+0041 "A" */
    0x0, 0x0, 0x6, 0xff, 0xd0, 0x0, 0x0, 0x0,
    0x0, 0x0, 0xbf, 0xff, 0x20, 0x0, 0x0, 0x0,
    0x0, 0x1f, 0xfe, 0xf8, 0x0, 0x0, 0x0, 0x0,
    0x6, 0xfd, 0x6f, 0xd0, 0x0, 0x0, 0x0, 0x0,
    0xbf, 0x81, 0xff, 0x20, 0x0, 0x0, 0x0, 0x1f,
    0xf3, 0xc, 0xf8, 0x0, 0x0, 0x0, 0x6, 0xfe,
    0x0, 0x7f, 0xd0, 0x0, 0x0, 0x0, 0xbf, 0x90,
    0x2, 0xff, 0x30, 0x0, 0x0, 0x1f, 0xf4, 0x0,
    0xd, 0xf8, 0x0, 0x0, 0x6, 0xff, 0x32, 0x22,
    0xaf, 0xd0, 0x0, 0x0, 0xbf, 0xff, 0xff, 0xff,
    0xff, 0x30, 0x0, 0x1f, 0xff, 0xff, 0xff, 0xff,
    0xf8, 0x0, 0x6, 0xff, 0x0, 0x0, 0x0, 0x9f,
    0xd0, 0x0, 0xbf, 0xa0, 0x0, 0x0, 0x3, 0xff,
    0x30, 0x1f, 0xf5, 0x0, 0x0, 0x0, 0xd, 0xf8,
    0x6, 0xff, 0x0, 0x0, 0x0, 0x0, 0x8f, 0xd0,

    /* U+0042 "B" */
    0x3f, 0xff, 0xff, 0xfe, 0xb5, 0x0, 0x3, 0xff,
    0xff, 0xff, 0xff, 0xf9, 0x0, 0x3f, 0xf3, 0x22,
    0x25, 0xdf, 0xf3, 0x3, 0xff, 0x10, 0x0, 0x1,
    0xff, 0x70, 0x3f, 0xf1, 0x0, 0x0, 0xc, 0xf8,
    0x3, 0xff, 0x10, 0x0, 0x0, 0xef, 0x60, 0x3f,
    0xf1, 0x0, 0x3, 0xbf, 0xe1, 0x3, 0xff, 0xff,
    0xff, 0xfe, 0xa1, 0x0, 0x3f, 0xff, 0xff, 0xff,
    0xfe, 0x80, 0x3, 0xff, 0x10, 0x0, 0x16, 0xef,
    0x90, 0x3f, 0xf1, 0x0, 0x0, 0x5, 0xff, 0x3,
    0xff, 0x10, 0x0, 0x0, 0x2f, 0xf2, 0x3f, 0xf1,
    0x0, 0x0, 0x6, 0xff, 0x13, 0xff, 0x32, 0x22,
    0x37, 0xff, 0xd0, 0x3f, 0xff, 0xff, 0xff, 0xff,
    0xf4, 0x3, 0xff, 0xff, 0xff, 0xfd, 0x92, 0x0,

    /* U+0043 "C" */
    0x0, 0x0, 0x29, 0xdf, 0xfc, 0x71, 0x0, 0x0,
    0x0, 0x7f, 0xff, 0xff, 0xff, 0xe2, 0x0, 0x0,
    0x6f, 0xfd, 0x63, 0x48, 0xff, 0xd0, 0x0, 0x1f,
    0xfb, 0x0, 0x0, 0x4, 0xff, 0x70, 0x7, 0xff,
    0x10, 0x0, 0x0, 0xa, 0xfc, 0x0, 0xcf, 0xa0,
    0x0, 0x0, 0x0, 0x27, 0x70, 0xf, 0xf6, 0x0,
    0x0, 0x0, 0x0, 0x0, 0x0, 0xff, 0x50, 0x0,
    0x0, 0x0, 0x0, 0x0, 0xf, 0xf5, 0x0, 0x0,
    0x0, 0x0, 0x0, 0x0, 0xff, 0x60, 0x0, 0x0,
    0x0, 0x0, 0x0, 0xc, 0xfa, 0x0, 0x0, 0x0,
    0x4, 0xcc, 0x0, 0x7f, 0xf1, 0x0, 0x0, 0x0,
    0x9f, 0xd0, 0x1, 0xff, 0xb0, 0x0, 0x0, 0x3f,
    0xf6, 0x0, 0x6, 0xff, 0xd6, 0x34, 0x8f, 0xfd,
    0x0, 0x0, 0x7, 0xff, 0xff, 0xff, 0xfd, 0x20,
    0x0, 0x0, 0x3, 0x9d, 0xfe, 0xc7, 0x0, 0x0,

    /* U+0044 "D" */
    0x3f, 0xff, 0xff, 0xec, 0x81, 0x0, 0x3, 0xff,
    0xff, 0xff, 0xff, 0xf5, 0x0, 0x3f, 0xf4, 0x33,
    0x47, 0xef, 0xf4, 0x3, 0xff, 0x10, 0x0, 0x1,
    0xcf, 0xe0, 0x3f, 0xf1, 0x0, 0x0, 0x2, 0xff,
    0x53, 0xff, 0x10, 0x0, 0x0, 0xc, 0xf9, 0x3f,
    0xf1, 0x0, 0x0, 0x0, 0x9f, 0xc3, 0xff, 0x10,
    0x0, 0x0, 0x8, 0xfd, 0x3f, 0xf1, 0x0, 0x0,
    0x0, 0x7f, 0xd3, 0xff, 0x10, 0x0, 0x0, 0x9,
    0xfc, 0x3f, 0xf1, 0x0, 0x0, 0x0, 0xcf, 0x93,
    0xff, 0x10, 0x0, 0x0, 0x2f, 0xf5, 0x3f, 0xf1,
    0x0, 0x0, 0x1c, 0xfe, 0x3, 0xff, 0x43, 0x34,
    0x7e, 0xff, 0x50, 0x3f, 0xff, 0xff, 0xff, 0xff,
    0x60, 0x3, 0xff, 0xff, 0xff, 0xd8, 0x10, 0x0,

    /* U+0045 "E" */
    0x3f, 0xff, 0xff, 0xff, 0xff, 0x83, 0xff, 0xff,
    0xff, 0xff, 0xf8, 0x3f, 0xf4, 0x33, 0x33, 0x33,
    0x13, 0xff, 0x10, 0x0, 0x0, 0x0, 0x3f, 0xf1,
    0x0, 0x0, 0x0, 0x3, 0xff, 0x10, 0x0, 0x0,
    0x0, 0x3f, 0xf1, 0x0, 0x0, 0x0, 0x3, 0xff,
    0xff, 0xff, 0xff, 0xf4, 0x3f, 0xff, 0xff, 0xff,
    0xff, 0x43, 0xff, 0x21, 0x11, 0x11, 0x10, 0x3f,
    0xf1, 0x0, 0x0, 0x0, 0x3, 0xff, 0x10, 0x0,
    0x0, 0x0, 0x3f, 0xf1, 0x0, 0x0, 0x0, 0x3,
    0xff, 0x43, 0x33, 0x33, 0x32, 0x3f, 0xff, 0xff,
    0xff, 0xff, 0xa3, 0xff, 0xff, 0xff, 0xff, 0xfa,

    /* U+0046 "F" */
    0x3f, 0xff, 0xff, 0xff, 0xff, 0x73, 0xff, 0xff,
    0xff, 0xff, 0xf7, 0x3f, 0xf4, 0x33, 0x33, 0x33,
    0x13, 0xff, 0x10, 0x0, 0x0, 0x0, 0x3f, 0xf1,
    0x0, 0x0, 0x0, 0x3, 0xff, 0x10, 0x0, 0x0,
    0x0, 0x3f, 0xf1, 0x0, 0x0, 0x0, 0x3, 0xff,
    0xff, 0xff, 0xff, 0xf1, 0x3f, 0xff, 0xff, 0xff,
    0xff, 0x13, 0xff, 0x32, 0x22, 0x22, 0x20, 0x3f,
    0xf1, 0x0, 0x0, 0x0, 0x3, 0xff, 0x10, 0x0,
    0x0, 0x0, 0x3f, 0xf1, 0x0, 0x0, 0x0, 0x3,
    0xff, 0x10, 0x0, 0x0, 0x0, 0x3f, 0xf1, 0x0,
    0x0, 0x0, 0x3, 0xff, 0x10, 0x0, 0x0, 0x0,

    /* U+0047 "G" */
    0x0, 0x0, 0x3a, 0xef, 0xec, 0x60, 0x0, 0x0,
    0x6, 0xff, 0xff, 0xff, 0xfc, 0x10, 0x0, 0x6f,
    0xfd, 0x63, 0x48, 0xff, 0xc0, 0x1, 0xef, 0xb0,
    0x0, 0x0, 0x4f, 0xf4, 0x7, 0xff, 0x10, 0x0,
    0x0, 0xb, 0xfa, 0xc, 0xfa, 0x0, 0x0, 0x0,
    0x2, 0x54, 0xf, 0xf6, 0x0, 0x0, 0x0, 0x0,
    0x0, 0xf, 0xf5, 0x0, 0x0, 0x0, 0x0, 0x0,
    0xf, 0xf5, 0x0, 0x3, 0xff, 0xff, 0xff, 0xf,
    0xf6, 0x0, 0x3, 0xff, 0xff, 0xff, 0xc, 0xf9,
    0x0, 0x0, 0x0, 0x4, 0xff, 0x7, 0xff, 0x10,
    0x0, 0x0, 0x9, 0xff, 0x1, 0xff, 0xa0, 0x0,
    0x0, 0x3f, 0xff, 0x0, 0x7f, 0xfc, 0x63, 0x48,
    0xff, 0xdf, 0x0, 0x7, 0xff, 0xff, 0xff, 0xf6,
    0xaf, 0x0, 0x0, 0x3a, 0xef, 0xea, 0x30, 0xaf,

    /* U+0048 "H" */
    0x3f, 0xf1, 0x0, 0x0, 0x0, 0xff, 0x33, 0xff,
    0x10, 0x0, 0x0, 0xf, 0xf3, 0x3f, 0xf1, 0x0,
    0x0, 0x0, 0xff, 0x33, 0xff, 0x10, 0x0, 0x0,
    0xf, 0xf3, 0x3f, 0xf1, 0x0, 0x0, 0x0, 0xff,
    0x33, 0xff, 0x10, 0x0, 0x0, 0xf, 0xf3, 0x3f,
    0xf1, 0x0, 0x0, 0x0, 0xff, 0x33, 0xff, 0xff,
    0xff, 0xff, 0xff, 0xf3, 0x3f, 0xff, 0xff, 0xff,
    0xff, 0xff, 0x33, 0xff, 0x32, 0x22, 0x22, 0x3f,
    0xf3, 0x3f, 0xf1, 0x0, 0x0, 0x0, 0xff, 0x33,
    0xff, 0x10, 0x0, 0x0, 0xf, 0xf3, 0x3f, 0xf1,
    0x0, 0x0, 0x0, 0xff, 0x33, 0xff, 0x10, 0x0,
    0x0, 0xf, 0xf3, 0x3f, 0xf1, 0x0, 0x0, 0x0,
    0xff, 0x33, 0xff, 0x10, 0x0, 0x0, 0xf, 0xf3,

    /* U+0049 "I" */
    0x3f, 0xf1, 0x3f, 0xf1, 0x3f, 0xf1, 0x3f, 0xf1,
    0x3f, 0xf1, 0x3f, 0xf1, 0x3f, 0xf1, 0x3f, 0xf1,
    0x3f, 0xf1, 0x3f, 0xf1, 0x3f, 0xf1, 0x3f, 0xf1,
    0x3f, 0xf1, 0x3f, 0xf1, 0x3f, 0xf1, 0x3f, 0xf1,

    /* U+004A "J" */
    0x0, 0x0, 0x0, 0x0, 0xff, 0x40, 0x0, 0x0,
    0x0, 0xf, 0xf4, 0x0, 0x0, 0x0, 0x0, 0xff,
    0x40, 0x0, 0x0, 0x0, 0xf, 0xf4, 0x0, 0x0,
    0x0, 0x0, 0xff, 0x40, 0x0, 0x0, 0x0, 0xf,
    0xf4, 0x0, 0x0, 0x0, 0x0, 0xff, 0x40, 0x0,
    0x0, 0x0, 0xf, 0xf4, 0x0, 0x0, 0x0, 0x0,
    0xff, 0x40, 0x0, 0x0, 0x0, 0xf, 0xf4, 0x7b,
    0x60, 0x0, 0x0, 0xff, 0x39, 0xfb, 0x0, 0x0,
    0x2f, 0xf1, 0x5f, 0xf1, 0x0, 0x9, 0xfd, 0x0,
    0xef, 0xd5, 0x38, 0xff, 0x70, 0x4, 0xff, 0xff,
    0xff, 0xb0, 0x0, 0x2, 0xae, 0xfd, 0x70, 0x0,

    /* U+004B "K" */
    0x3f, 0xf1, 0x0, 0x0, 0x2e, 0xfb, 0x3, 0xff,
    0x10, 0x0, 0xd, 0xfd, 0x0, 0x3f, 0xf1, 0x0,
    0xb, 0xfe, 0x20, 0x3, 0xff, 0x10, 0x8, 0xff,
    0x40, 0x0, 0x3f, 0xf1, 0x5, 0xff, 0x60, 0x0,
    0x3, 0xff, 0x13, 0xff, 0x90, 0x0, 0x0, 0x3f,
    0xf2, 0xef, 0xc0, 0x0, 0x0, 0x3, 0xff, 0xdf,
    0xfb, 0x0, 0x0, 0x0, 0x3f, 0xff, 0xff, 0xf6,
    0x0, 0x0, 0x3, 0xff, 0xf3, 0x9f, 0xf2, 0x0,
    0x0, 0x3f, 0xf6, 0x0, 0xdf, 0xc0, 0x0, 0x3,
    0xff, 0x10, 0x3, 0xff, 0x70, 0x0, 0x3f, 0xf1,
    0x0, 0x8, 0xff, 0x20, 0x3, 0xff, 0x10, 0x0,
    0xd, 0xfc, 0x0, 0x3f, 0xf1, 0x0, 0x0, 0x3f,
    0xf7, 0x3, 0xff, 0x10, 0x0, 0x0, 0x8f, 0xf2,

    /* U+004C "L" */
    0x3f, 0xf1, 0x0, 0x0, 0x0, 0x3, 0xff, 0x10,
    0x0, 0x0, 0x0, 0x3f, 0xf1, 0x0, 0x0, 0x0,
    0x3, 0xff, 0x10, 0x0, 0x0, 0x0, 0x3f, 0xf1,
    0x0, 0x0, 0x0, 0x3, 0xff, 0x10, 0x0, 0x0,
    0x0, 0x3f, 0xf1, 0x0, 0x0, 0x0, 0x3, 0xff,
    0x10, 0x0, 0x0, 0x0, 0x3f, 0xf1, 0x0, 0x0,
    0x0, 0x3, 0xff, 0x10, 0x0, 0x0, 0x0, 0x3f,
    0xf1, 0x0, 0x0, 0x0, 0x3, 0xff, 0x10, 0x0,
    0x0, 0x0, 0x3f, 0xf1, 0x0, 0x0, 0x0, 0x3,
    0xff, 0x43, 0x33, 0x33, 0x31, 0x3f, 0xff, 0xff,
    0xff, 0xff, 0x53, 0xff, 0xff, 0xff, 0xff, 0xf5,

    /* U+004D "M" */
    0x3f, 0xff, 0x10, 0x0, 0x0, 0x0, 0x6f, 0xfe,
    0x3f, 0xff, 0x60, 0x0, 0x0, 0x0, 0xbf, 0xfe,
    0x3f, 0xff, 0xb0, 0x0, 0x0, 0x1, 0xff, 0xfe,
    0x3f, 0xff, 0xf1, 0x0, 0x0, 0x6, 0xff, 0xfe,
    0x3f, 0xfe, 0xf6, 0x0, 0x0, 0xb, 0xfe, 0xfe,
    0x3f, 0xf9, 0xfc, 0x0, 0x0, 0x1f, 0xf9, 0xfe,
    0x3f, 0xf3, 0xff, 0x10, 0x0, 0x6f, 0xd6, 0xfe,
    0x3f, 0xf1, 0xdf, 0x70, 0x0, 0xcf, 0x86, 0xfe,
    0x3f, 0xf1, 0x7f, 0xc0, 0x1, 0xff, 0x26, 0xfe,
    0x3f, 0xf1, 0x2f, 0xf1, 0x6, 0xfd, 0x6, 0xfe,
    0x3f, 0xf1, 0xc, 0xf7, 0xc, 0xf7, 0x6, 0xfe,
    0x3f, 0xf1, 0x7, 0xfc, 0x1f, 0xf2, 0x6, 0xfe,
    0x3f, 0xf1, 0x1, 0xff, 0x9f, 0xc0, 0x6, 0xfe,
    0x3f, 0xf1, 0x0, 0xcf, 0xff, 0x70, 0x6, 0xfe,
    0x3f, 0xf1, 0x0, 0x6f, 0xff, 0x10, 0x6, 0xfe,
    0x3f, 0xf1, 0x0, 0x1f, 0xfc, 0x0, 0x6, 0xfe,

    /* U+004E "N" */
    0x3f, 0xfe, 0x0, 0x0, 0x0, 0x6f, 0xd3, 0xff,
    0xf7, 0x0, 0x0, 0x6, 0xfd, 0x3f, 0xff, 0xe1,
    0x0, 0x0, 0x6f, 0xd3, 0xff, 0xdf, 0x80, 0x0,
    0x6, 0xfd, 0x3f, 0xf5, 0xff, 0x10, 0x0, 0x6f,
    0xd3, 0xff, 0x1b, 0xf9, 0x0, 0x6, 0xfd, 0x3f,
    0xf1, 0x3f, 0xf2, 0x0, 0x6f, 0xd3, 0xff, 0x10,
    0xaf, 0xa0, 0x6, 0xfd, 0x3f, 0xf1, 0x2, 0xff,
    0x20, 0x6f, 0xd3, 0xff, 0x10, 0x9, 0xfb, 0x6,
    0xfd, 0x3f, 0xf1, 0x0, 0x1f, 0xf3, 0x6f, 0xd3,
    0xff, 0x10, 0x0, 0x8f, 0xc6, 0xfd, 0x3f, 0xf1,
    0x0, 0x1, 0xef, 0xbf, 0xd3, 0xff, 0x10, 0x0,
    0x7, 0xff, 0xfd, 0x3f, 0xf1, 0x0, 0x0, 0xe,
    0xff, 0xd3, 0xff, 0x10, 0x0, 0x0, 0x6f, 0xfd,

    /* U+004F "O" */
    0x0, 0x0, 0x29, 0xdf, 0xec, 0x81, 0x0, 0x0,
    0x0, 0x7f, 0xff, 0xff, 0xff, 0xf4, 0x0, 0x0,
    0x6f, 0xfd, 0x63, 0x47, 0xef, 0xf3, 0x0, 0x1f,
    0xfb, 0x0, 0x0, 0x1, 0xdf, 0xd0, 0x7, 0xff,
    0x10, 0x0, 0x0, 0x4, 0xff, 0x40, 0xcf, 0xa0,
    0x0, 0x0, 0x0, 0xd, 0xf8, 0xf, 0xf6, 0x0,
    0x0, 0x0, 0x0, 0xaf, 0xb0, 0xff, 0x50, 0x0,
    0x0, 0x0, 0x8, 0xfc, 0xf, 0xf5, 0x0, 0x0,
    0x0, 0x0, 0x8f, 0xc0, 0xff, 0x60, 0x0, 0x0,
    0x0, 0xa, 0xfb, 0xc, 0xfa, 0x0, 0x0, 0x0,
    0x0, 0xdf, 0x90, 0x7f, 0xf1, 0x0, 0x0, 0x0,
    0x4f, 0xf4, 0x2, 0xff, 0xb0, 0x0, 0x0, 0x1d,
    0xfd, 0x0, 0x7, 0xff, 0xd6, 0x34, 0x7e, 0xff,
    0x30, 0x0, 0x7, 0xff, 0xff, 0xff, 0xff, 0x40,
    0x0, 0x0, 0x3, 0x9d, 0xfe, 0xc8, 0x10, 0x0,

    /* U+0050 "P" */
    0x3f, 0xff, 0xff, 0xfe, 0xa4, 0x0, 0x3f, 0xff,
    0xff, 0xff, 0xff, 0x70, 0x3f, 0xf4, 0x33, 0x35,
    0xdf, 0xf3, 0x3f, 0xf1, 0x0, 0x0, 0x1e, 0xf9,
    0x3f, 0xf1, 0x0, 0x0, 0xa, 0xfb, 0x3f, 0xf1,
    0x0, 0x0, 0xa, 0xfb, 0x3f, 0xf1, 0x0, 0x0,
    0xd, 0xf9, 0x3f, 0xf1, 0x0, 0x2, 0xbf, 0xf3,
    0x3f, 0xff, 0xff, 0xff, 0xff, 0x90, 0x3f, 0xff,
    0xff, 0xff, 0xd6, 0x0, 0x3f, 0xf3, 0x22, 0x20,
    0x0, 0x0, 0x3f, 0xf1, 0x0, 0x0, 0x0, 0x0,
    0x3f, 0xf1, 0x0, 0x0, 0x0, 0x0, 0x3f, 0xf1,
    0x0, 0x0, 0x0, 0x0, 0x3f, 0xf1, 0x0, 0x0,
    0x0, 0x0, 0x3f, 0xf1, 0x0, 0x0, 0x0, 0x0,

    /* U+0051 "Q" */
    0x0, 0x0, 0x29, 0xdf, 0xfc, 0x71, 0x0, 0x0,
    0x0, 0x6f, 0xff, 0xff, 0xff, 0xe2, 0x0, 0x0,
    0x6f, 0xfd, 0x63, 0x48, 0xff, 0xe1, 0x0, 0x1e,
    0xfc, 0x0, 0x0, 0x3, 0xff, 0xa0, 0x7, 0xff,
    0x10, 0x0, 0x0, 0x7, 0xff, 0x10, 0xcf, 0xa0,
    0x0, 0x0, 0x0, 0xf, 0xf6, 0xf, 0xf6, 0x0,
    0x0, 0x0, 0x0, 0xcf, 0x90, 0xff, 0x50, 0x0,
    0x0, 0x0, 0xa, 0xfa, 0xf, 0xf5, 0x0, 0x0,
    0x0, 0x0, 0xaf, 0xa0, 0xff, 0x60, 0x0, 0x0,
    0x0, 0xc, 0xf9, 0xc, 0xfa, 0x0, 0x1, 0x10,
    0x0, 0xff, 0x60, 0x7f, 0xf1, 0x0, 0x9f, 0x90,
    0x6f, 0xf1, 0x1, 0xef, 0xc0, 0x0, 0xcf, 0x7f,
    0xf9, 0x0, 0x5, 0xff, 0xd6, 0x35, 0xff, 0xfe,
    0x10, 0x0, 0x6, 0xff, 0xff, 0xff, 0xff, 0x20,
    0x0, 0x0, 0x2, 0x9e, 0xfe, 0xcb, 0xf9, 0x0,
    0x0, 0x0, 0x0, 0x0, 0x0, 0xb, 0xf6, 0x0,

    /* U+0052 "R" */
    0x3f, 0xff, 0xff, 0xfe, 0xb5, 0x0, 0x3, 0xff,
    0xff, 0xff, 0xff, 0xf9, 0x0, 0x3f, 0xf4, 0x33,
    0x35, 0xbf, 0xf5, 0x3, 0xff, 0x10, 0x0, 0x0,
    0xdf, 0xb0, 0x3f, 0xf1, 0x0, 0x0, 0x8, 0xfd,
    0x3, 0xff, 0x10, 0x0, 0x0, 0x8f, 0xd0, 0x3f,
    0xf1, 0x0, 0x0, 0xc, 0xf9, 0x3, 0xff, 0x43,
    0x33, 0x4b, 0xfe, 0x10, 0x3f, 0xff, 0xff, 0xff,
    0xfd, 0x20, 0x3, 0xff, 0xff, 0xff, 0xff, 0xfc,
    0x0, 0x3f, 0xf1, 0x0, 0x0, 0x5f, 0xf6, 0x3,
    0xff, 0x10, 0x0, 0x0, 0xaf, 0xa0, 0x3f, 0xf1,
    0x0, 0x0, 0x8, 0xfb, 0x3, 0xff, 0x10, 0x0,
    0x0, 0x7f, 0xd0, 0x3f, 0xf1, 0x0, 0x0, 0x5,
    0xfe, 0x3, 0xff, 0x10, 0x0, 0x0, 0x4f, 0xf0,

    /* U+0053 "S" */
    0x0, 0x3a, 0xef, 0xeb, 0x40, 0x0, 0x6, 0xff,
    0xff, 0xff, 0xf9, 0x0, 0x1f, 0xfd, 0x53, 0x4a,
    0xff, 0x60, 0x6f, 0xf1, 0x0, 0x0, 0xaf, 0xe0,
    0x8f, 0xd0, 0x0, 0x0, 0x2f, 0xf3, 0x6f, 0xf3,
    0x0, 0x0, 0x1, 0x10, 0x1e, 0xff, 0xa5, 0x0,
    0x0, 0x0, 0x2, 0xbf, 0xff, 0xfb, 0x60, 0x0,
    0x0, 0x2, 0x8c, 0xff, 0xfe, 0x30, 0x0, 0x0,
    0x0, 0x17, 0xef, 0xe1, 0x46, 0x30, 0x0, 0x0,
    0x2f, 0xf6, 0xbf, 0xb0, 0x0, 0x0, 0xc, 0xf8,
    0x6f, 0xf3, 0x0, 0x0, 0xe, 0xf7, 0xd, 0xff,
    0x73, 0x35, 0xcf, 0xf1, 0x2, 0xdf, 0xff, 0xff,
    0xff, 0x60, 0x0, 0x7, 0xce, 0xfe, 0xa2, 0x0,

    /* U+0054 "T" */
    0xcf, 0xff, 0xff, 0xff, 0xff, 0xfa, 0xcf, 0xff,
    0xff, 0xff, 0xff, 0xfa, 0x23, 0x33, 0x5f, 0xf4,
    0x33, 0x32, 0x0, 0x0, 0x2f, 0xf1, 0x0, 0x0,
    0x0, 0x0, 0x2f, 0xf1, 0x0, 0x0, 0x0, 0x0,
    0x2f, 0xf1, 0x0, 0x0, 0x0, 0x0, 0x2f, 0xf1,
    0x0, 0x0, 0x0, 0x0, 0x2f, 0xf1, 0x0, 0x0,
    0x0, 0x0, 0x2f, 0xf1, 0x0, 0x0, 0x0, 0x0,
    0x2f, 0xf1, 0x0, 0x0, 0x0, 0x0, 0x2f, 0xf1,
    0x0, 0x0, 0x0, 0x0, 0x2f, 0xf1, 0x0, 0x0,
    0x0, 0x0, 0x2f, 0xf1, 0x0, 0x0, 0x0, 0x0,
    0x2f, 0xf1, 0x0, 0x0, 0x0, 0x0, 0x2f, 0xf1,
    0x0, 0x0, 0x0, 0x0, 0x2f, 0xf1, 0x0, 0x0,

    /* U+0055 "U" */
    0x8f, 0xc0, 0x0, 0x0, 0x3, 0xff, 0x18, 0xfc,
    0x0, 0x0, 0x0, 0x3f, 0xf1, 0x8f, 0xc0, 0x0,
    0x0, 0x3, 0xff, 0x18, 0xfc, 0x0, 0x0, 0x0,
    0x3f, 0xf1, 0x8f, 0xc0, 0x0, 0x0, 0x3, 0xff,
    0x18, 0xfc, 0x0, 0x0, 0x0, 0x3f, 0xf1, 0x8f,
    0xc0, 0x0, 0x0, 0x3, 0xff, 0x18, 0xfc, 0x0,
    0x0, 0x0, 0x3f, 0xf1, 0x8f, 0xc0, 0x0, 0x0,
    0x3, 0xff, 0x18, 0xfc, 0x0, 0x0, 0x0, 0x3f,
    0xf1, 0x7f, 0xd0, 0x0, 0x0, 0x3, 0xff, 0x5,
    0xff, 0x0, 0x0, 0x0, 0x6f, 0xe0, 0x1f, 0xf7,
    0x0, 0x0, 0xd, 0xfa, 0x0, 0x9f, 0xfa, 0x43,
    0x6d, 0xff, 0x30, 0x0, 0xbf, 0xff, 0xff, 0xff,
    0x60, 0x0, 0x0, 0x6c, 0xef, 0xd9, 0x20, 0x0,

    /* U+0056 "V" */
    0x6f, 0xf0, 0x0, 0x0, 0x0, 0x8, 0xfd, 0x1,
    0xff, 0x50, 0x0, 0x0, 0x0, 0xef, 0x80, 0xb,
    0xfa, 0x0, 0x0, 0x0, 0x3f, 0xf2, 0x0, 0x6f,
    0xf0, 0x0, 0x0, 0x8, 0xfd, 0x0, 0x1, 0xff,
    0x50, 0x0, 0x0, 0xef, 0x80, 0x0, 0xb, 0xfa,
    0x0, 0x0, 0x3f, 0xf2, 0x0, 0x0, 0x6f, 0xf0,
    0x0, 0x8, 0xfd, 0x0, 0x0, 0x1, 0xff, 0x40,
    0x0, 0xdf, 0x70, 0x0, 0x0, 0xb, 0xfa, 0x0,
    0x3f, 0xf2, 0x0, 0x0, 0x0, 0x6f, 0xf0, 0x8,
    0xfd, 0x0, 0x0, 0x0, 0x1, 0xff, 0x40, 0xdf,
    0x70, 0x0, 0x0, 0x0, 0xb, 0xf9, 0x3f, 0xf2,
    0x0, 0x0, 0x0, 0x0, 0x6f, 0xe8, 0xfc, 0x0,
    0x0, 0x0, 0x0, 0x1, 0xff, 0xff, 0x70, 0x0,
    0x0, 0x0, 0x0, 0xb, 0xff, 0xf2, 0x0, 0x0,
    0x0, 0x0, 0x0, 0x5f, 0xfc, 0x0, 0x0, 0x0,

    /* U+0057 "W" */
    0x1f, 0xf5, 0x0, 0x0, 0x1f, 0xf6, 0x0, 0x0,
    0xf, 0xf6, 0xd, 0xf8, 0x0, 0x0, 0x5f, 0xfa,
    0x0, 0x0, 0x4f, 0xf2, 0x9, 0xfc, 0x0, 0x0,
    0x8f, 0xfe, 0x0, 0x0, 0x7f, 0xe0, 0x5, 0xff,
    0x0, 0x0, 0xcf, 0xff, 0x10, 0x0, 0xbf, 0xa0,
    0x1, 0xff, 0x30, 0x0, 0xff, 0xef, 0x50, 0x0,
    0xef, 0x60, 0x0, 0xdf, 0x70, 0x4, 0xfe, 0x9f,
    0x90, 0x2, 0xff, 0x20, 0x0, 0x9f, 0xb0, 0x7,
    0xfa, 0x5f, 0xc0, 0x6, 0xfe, 0x0, 0x0, 0x5f,
    0xe0, 0xb, 0xf6, 0x1f, 0xf0, 0x9, 0xfa, 0x0,
    0x0, 0x1f, 0xf2, 0xe, 0xf2, 0xd, 0xf4, 0xd,
    0xf6, 0x0, 0x0, 0xd, 0xf6, 0x2f, 0xe0, 0x9,
    0xf7, 0x1f, 0xf3, 0x0, 0x0, 0x9, 0xf9, 0x6f,
    0xb0, 0x6, 0xfb, 0x4f, 0xe0, 0x0, 0x0, 0x5,
    0xfd, 0xaf, 0x70, 0x2, 0xff, 0x8f, 0xb0, 0x0,
    0x0, 0x1, 0xff, 0xef, 0x30, 0x0, 0xef, 0xef,
    0x70, 0x0, 0x0, 0x0, 0xdf, 0xff, 0x0, 0x0,
    0xaf, 0xff, 0x30, 0x0, 0x0, 0x0, 0x9f, 0xfb,
    0x0, 0x0, 0x6f, 0xff, 0x0, 0x0, 0x0, 0x0,
    0x6f, 0xf8, 0x0, 0x0, 0x2f, 0xfb, 0x0, 0x0,

    /* U+0058 "X" */
    0x5f, 0xf4, 0x0, 0x0, 0x1, 0xef, 0xa0, 0xbf,
    0xd0, 0x0, 0x0, 0x9f, 0xe1, 0x2, 0xff, 0x80,
    0x0, 0x3f, 0xf6, 0x0, 0x8, 0xff, 0x20, 0xc,
    0xfc, 0x0, 0x0, 0xd, 0xfb, 0x6, 0xff, 0x20,
    0x0, 0x0, 0x4f, 0xf6, 0xef, 0x80, 0x0, 0x0,
    0x0, 0xaf, 0xff, 0xd0, 0x0, 0x0, 0x0, 0x1,
    0xff, 0xf4, 0x0, 0x0, 0x0, 0x0, 0x1f, 0xff,
    0x50, 0x0, 0x0, 0x0, 0xb, 0xff, 0xfe, 0x10,
    0x0, 0x0, 0x4, 0xff, 0x4e, 0xf9, 0x0, 0x0,
    0x0, 0xef, 0xa0, 0x5f, 0xf3, 0x0, 0x0, 0x8f,
    0xf1, 0x0, 0xcf, 0xd0, 0x0, 0x2f, 0xf6, 0x0,
    0x2, 0xff, 0x70, 0xc, 0xfd, 0x0, 0x0, 0x9,
    0xff, 0x16, 0xff, 0x30, 0x0, 0x0, 0xe, 0xfb,

    /* U+0059 "Y" */
    0xd, 0xfb, 0x0, 0x0, 0x0, 0x3f, 0xf5, 0x4,
    0xff, 0x40, 0x0, 0x0, 0xcf, 0xc0, 0x0, 0xcf,
    0xc0, 0x0, 0x4, 0xff, 0x40, 0x0, 0x3f, 0xf5,
    0x0, 0xd, 0xfb, 0x0, 0x0, 0xa, 0xfd, 0x0,
    0x5f, 0xf2, 0x0, 0x0, 0x2, 0xff, 0x50, 0xdf,
    0x90, 0x0, 0x0, 0x0, 0x9f, 0xd7, 0xff, 0x10,
    0x0, 0x0, 0x0, 0x1f, 0xff, 0xf8, 0x0, 0x0,
    0x0, 0x0, 0x7, 0xff, 0xe0, 0x0, 0x0, 0x0,
    0x0, 0x0, 0xff, 0x70, 0x0, 0x0, 0x0, 0x0,
    0x0, 0xef, 0x60, 0x0, 0x0, 0x0, 0x0, 0x0,
    0xef, 0x60, 0x0, 0x0, 0x0, 0x0, 0x0, 0xef,
    0x60, 0x0, 0x0, 0x0, 0x0, 0x0, 0xef, 0x60,
    0x0, 0x0, 0x0, 0x0, 0x0, 0xef, 0x60, 0x0,
    0x0, 0x0, 0x0, 0x0, 0xef, 0x60, 0x0, 0x0,

    /* U+005A "Z" */
    0x2f, 0xff, 0xff, 0xff, 0xff, 0xf0, 0x2f, 0xff,
    0xff, 0xff, 0xff, 0xf0, 0x3, 0x33, 0x33, 0x33,
    0xff, 0xc0, 0x0, 0x0, 0x0, 0x9, 0xff, 0x20,
    0x0, 0x0, 0x0, 0x4f, 0xf6, 0x0, 0x0, 0x0,
    0x0, 0xdf, 0xc0, 0x0, 0x0, 0x0, 0x9, 0xff,
    0x20, 0x0, 0x0, 0x0, 0x3f, 0xf7, 0x0, 0x0,
    0x0, 0x0, 0xdf, 0xc0, 0x0, 0x0, 0x0, 0x9,
    0xff, 0x20, 0x0, 0x0, 0x0, 0x3f, 0xf7, 0x0,
    0x0, 0x0, 0x0, 0xdf, 0xc0, 0x0, 0x0, 0x0,
    0x8, 0xff, 0x20, 0x0, 0x0, 0x0, 0x3f, 0xf9,
    0x33, 0x33, 0x33, 0x30, 0x6f, 0xff, 0xff, 0xff,
    0xff, 0xf3, 0x6f, 0xff, 0xff, 0xff, 0xff, 0xf3,

    /* U+005B "[" */
    0x3f, 0xff, 0xff, 0x43, 0xff, 0xee, 0xe4, 0x3f,
    0xe0, 0x0, 0x3, 0xfe, 0x0, 0x0, 0x3f, 0xe0,
    0x0, 0x3, 0xfe, 0x0, 0x0, 0x3f, 0xe0, 0x0,
    0x3, 0xfe, 0x0, 0x0, 0x3f, 0xe0, 0x0, 0x3,
    0xfe, 0x0, 0x0, 0x3f, 0xe0, 0x0, 0x3, 0xfe,
    0x0, 0x0, 0x3f, 0xe0, 0x0, 0x3, 0xfe, 0x0,
    0x0, 0x3f, 0xe0, 0x0, 0x3, 0xfe, 0x0, 0x0,
    0x3f, 0xe0, 0x0, 0x3, 0xff, 0xee, 0xe4, 0x3f,
    0xff, 0xff, 0x40,

    /* U+005C "\\" */
    0x1f, 0xf1, 0x0, 0x0, 0x0, 0xc, 0xf6, 0x0,
    0x0, 0x0, 0x6, 0xfb, 0x0, 0x0, 0x0, 0x1,
    0xff, 0x10, 0x0, 0x0, 0x0, 0xcf, 0x60, 0x0,
    0x0, 0x0, 0x7f, 0xb0, 0x0, 0x0, 0x0, 0x2f,
    0xf0, 0x0, 0x0, 0x0, 0xc, 0xf5, 0x0, 0x0,
    0x0, 0x7, 0xfb, 0x0, 0x0, 0x0, 0x2, 0xff,
    0x0, 0x0, 0x0, 0x0, 0xdf, 0x50, 0x0, 0x0,
    0x0, 0x7f, 0xa0, 0x0, 0x0, 0x0, 0x2f, 0xf0,
    0x0, 0x0, 0x0, 0xd, 0xf5, 0x0, 0x0, 0x0,
    0x8, 0xfa, 0x0, 0x0, 0x0, 0x3, 0xff, 0x0,
    0x0, 0x0, 0x0, 0xdf, 0x40, 0x0, 0x0, 0x0,
    0x8f, 0x90, 0x0, 0x0, 0x0, 0x3f, 0xe0,

    /* U+005D "]" */
    0xbf, 0xff, 0xfc, 0xae, 0xee, 0xfc, 0x0, 0x5,
    0xfc, 0x0, 0x5, 0xfc, 0x0, 0x5, 0xfc, 0x0,
    0x5, 0xfc, 0x0, 0x5, 0xfc, 0x0, 0x5, 0xfc,
    0x0, 0x5, 0xfc, 0x0, 0x5, 0xfc, 0x0, 0x5,
    0xfc, 0x0, 0x5, 0xfc, 0x0, 0x5, 0xfc, 0x0,
    0x5, 0xfc, 0x0, 0x5, 0xfc, 0x0, 0x5, 0xfc,
    0x0, 0x5, 0xfc, 0xae, 0xee, 0xfc, 0xbf, 0xff,
    0xfc,

    /* U+005E "^" */
    0x0, 0x5, 0x87, 0x0, 0x0, 0x1, 0xff, 0xf3,
    0x0, 0x0, 0x6f, 0xff, 0x90, 0x0, 0xc, 0xf3,
    0xff, 0x0, 0x3, 0xfc, 0x9, 0xf6, 0x0, 0x9f,
    0x50, 0x2f, 0xc0, 0xe, 0xe0, 0x0, 0xcf, 0x20,

    /* U+005F "_" */
    0x0, 0x0, 0x0, 0x0, 0x0, 0x2, 0xff, 0xff,
    0xff, 0xff, 0xfd, 0x2f, 0xff, 0xff, 0xff, 0xff,
    0xd0,

    /* U+0060 "`" */
    0xc, 0xf6, 0x0, 0x3f, 0xd0, 0x0, 0x8f, 0x40,

    /* U+0061 "a" */
    0x0, 0x7, 0xdf, 0xfc, 0x50, 0x0, 0x0, 0xbf,
    0xff, 0xff, 0xf8, 0x0, 0x7, 0xff, 0x40, 0x19,
    0xff, 0x10, 0xa, 0xd6, 0x0, 0x0, 0xef, 0x60,
    0x0, 0x0, 0x0, 0x3, 0xdf, 0x70, 0x0, 0x5,
    0xad, 0xff, 0xff, 0x80, 0x3, 0xef, 0xfd, 0xa7,
    0xcf, 0x80, 0xd, 0xfb, 0x10, 0x0, 0xcf, 0x80,
    0xf, 0xf3, 0x0, 0x1, 0xff, 0x80, 0xf, 0xf8,
    0x0, 0x2c, 0xff, 0xa1, 0xa, 0xff, 0xee, 0xfe,
    0x8f, 0xf8, 0x0, 0x7d, 0xfe, 0xa2, 0xb, 0xf7,

    /* U+0062 "b" */
    0x6f, 0xc0, 0x0, 0x0, 0x0, 0x6, 0xfc, 0x0,
    0x0, 0x0, 0x0, 0x6f, 0xc0, 0x0, 0x0, 0x0,
    0x6, 0xfc, 0x0, 0x0, 0x0, 0x0, 0x6f, 0xc1,
    0x9e, 0xfc, 0x50, 0x6, 0xfd, 0xdf, 0xff, 0xff,
    0x70, 0x6f, 0xff, 0x51, 0x2b, 0xff, 0x26, 0xff,
    0x50, 0x0, 0xf, 0xf8, 0x6f, 0xf0, 0x0, 0x0,
    0x9f, 0xc6, 0xfd, 0x0, 0x0, 0x7, 0xfd, 0x6f,
    0xd0, 0x0, 0x0, 0x7f, 0xd6, 0xff, 0x0, 0x0,
    0x9, 0xfc, 0x6f, 0xf6, 0x0, 0x0, 0xff, 0x86,
    0xff, 0xf5, 0x12, 0xbf, 0xf2, 0x6f, 0xbd, 0xff,
    0xff, 0xf7, 0x6, 0xfa, 0x1a, 0xef, 0xc5, 0x0,

    /* U+0063 "c" */
    0x0, 0x4, 0xbe, 0xfd, 0x80, 0x0, 0x0, 0x7f,
    0xff, 0xff, 0xfd, 0x10, 0x3, 0xff, 0x92, 0x15,
    0xff, 0x90, 0xb, 0xfc, 0x0, 0x0, 0x6f, 0xf0,
    0xf, 0xf6, 0x0, 0x0, 0x4, 0x40, 0x1f, 0xf3,
    0x0, 0x0, 0x0, 0x0, 0x1f, 0xf3, 0x0, 0x0,
    0x0, 0x0, 0xf, 0xf6, 0x0, 0x0, 0x16, 0x60,
    0xb, 0xfc, 0x0, 0x0, 0x7f, 0xe0, 0x4, 0xff,
    0x91, 0x16, 0xff, 0x80, 0x0, 0x7f, 0xff, 0xff,
    0xfc, 0x0, 0x0, 0x4, 0xbe, 0xfd, 0x70, 0x0,

    /* U+0064 "d" */
    0x0, 0x0, 0x0, 0x0, 0xf, 0xf3, 0x0, 0x0,
    0x0, 0x0, 0xf, 0xf3, 0x0, 0x0, 0x0, 0x0,
    0xf, 0xf3, 0x0, 0x0, 0x0, 0x0, 0xf, 0xf3,
    0x0, 0x7, 0xdf, 0xd7, 0xf, 0xf3, 0x0, 0xbf,
    0xff, 0xff, 0xbf, 0xf3, 0x6, 0xff, 0x92, 0x17,
    0xff, 0xf3, 0xc, 0xfc, 0x0, 0x0, 0x8f, 0xf3,
    0xf, 0xf6, 0x0, 0x0, 0x3f, 0xf3, 0x1f, 0xf3,
    0x0, 0x0, 0x1f, 0xf3, 0x1f, 0xf3, 0x0, 0x0,
    0x1f, 0xf3, 0xf, 0xf6, 0x0, 0x0, 0x3f, 0xf3,
    0xc, 0xfc, 0x0, 0x0, 0x9f, 0xf3, 0x6, 0xff,
    0x91, 0x17, 0xff, 0xf3, 0x0, 0xbf, 0xff, 0xff,
    0xaf, 0xf3, 0x0, 0x7, 0xdf, 0xd8, 0xe, 0xf3,

    /* U+0065 "e" */
    0x0, 0x4, 0xbe, 0xfc, 0x60, 0x0, 0x0, 0x8f,
    0xff, 0xff, 0xfa, 0x0, 0x4, 0xff, 0x81, 0x6,
    0xff, 0x50, 0xb, 0xfa, 0x0, 0x0, 0x8f, 0xc0,
    0xf, 0xf5, 0x0, 0x0, 0x3f, 0xf0, 0x1f, 0xff,
    0xff, 0xff, 0xff, 0xf2, 0x1f, 0xfd, 0xcc, 0xcc,
    0xcc, 0xc2, 0xf, 0xf5, 0x0, 0x0, 0x0, 0x0,
    0xb, 0xfa, 0x0, 0x0, 0x49, 0x80, 0x4, 0xff,
    0x82, 0x4, 0xef, 0x80, 0x0, 0x8f, 0xff, 0xff,
    0xfc, 0x0, 0x0, 0x4, 0xbe, 0xfc, 0x70, 0x0,

    /* U+0066 "f" */
    0x0, 0x2b, 0xef, 0xe0, 0xd, 0xff, 0xed, 0x3,
    0xff, 0x30, 0x0, 0x4f, 0xf0, 0x0, 0xdf, 0xff,
    0xff, 0xbc, 0xff, 0xfe, 0xea, 0x4, 0xff, 0x0,
    0x0, 0x4f, 0xf0, 0x0, 0x4, 0xff, 0x0, 0x0,
    0x4f, 0xf0, 0x0, 0x4, 0xff, 0x0, 0x0, 0x4f,
    0xf0, 0x0, 0x4, 0xff, 0x0, 0x0, 0x4f, 0xf0,
    0x0, 0x4, 0xff, 0x0, 0x0, 0x4f, 0xf0, 0x0,

    /* U+0067 "g" */
    0x0, 0x7, 0xdf, 0xd7, 0xf, 0xf2, 0x0, 0xbf,
    0xff, 0xff, 0xaf, 0xf2, 0x6, 0xff, 0x81, 0x6,
    0xff, 0xf2, 0xd, 0xfa, 0x0, 0x0, 0x7f, 0xf2,
    0xf, 0xf5, 0x0, 0x0, 0x2f, 0xf2, 0x1f, 0xf3,
    0x0, 0x0, 0x1f, 0xf2, 0xf, 0xf5, 0x0, 0x0,
    0x3f, 0xf2, 0xc, 0xfa, 0x0, 0x0, 0x9f, 0xf2,
    0x6, 0xff, 0x81, 0x17, 0xff, 0xf2, 0x0, 0xaf,
    0xff, 0xff, 0xaf, 0xf2, 0x0, 0x6, 0xcf, 0xd7,
    0x1f, 0xf2, 0x4, 0x53, 0x0, 0x0, 0x3f, 0xf0,
    0x7, 0xfe, 0x40, 0x3, 0xdf, 0xc0, 0x0, 0xcf,
    0xff, 0xff, 0xfe, 0x20, 0x0, 0x7, 0xcf, 0xfd,
    0x91, 0x0,

    /* U+0068 "h" */
    0x6f, 0xc0, 0x0, 0x0, 0x0, 0x6f, 0xc0, 0x0,
    0x0, 0x0, 0x6f, 0xc0, 0x0, 0x0, 0x0, 0x6f,
    0xc0, 0x0, 0x0, 0x0, 0x6f, 0xc2, 0xaf, 0xfb,
    0x20, 0x6f, 0xdd, 0xff, 0xff, 0xe1, 0x6f, 0xfc,
    0x30, 0x4f, 0xf8, 0x6f, 0xf2, 0x0, 0x9, 0xfc,
    0x6f, 0xe0, 0x0, 0x7, 0xfd, 0x6f, 0xc0, 0x0,
    0x6, 0xfd, 0x6f, 0xc0, 0x0, 0x6, 0xfd, 0x6f,
    0xc0, 0x0, 0x6, 0xfd, 0x6f, 0xc0, 0x0, 0x6,
    0xfd, 0x6f, 0xc0, 0x0, 0x6, 0xfd, 0x6f, 0xc0,
    0x0, 0x6, 0xfd, 0x6f, 0xc0, 0x0, 0x6, 0xfd,

    /* U+0069 "i" */
    0x7f, 0xd7, 0xfd, 0x25, 0x40, 0x0, 0x6f, 0xc6,
    0xfc, 0x6f, 0xc6, 0xfc, 0x6f, 0xc6, 0xfc, 0x6f,
    0xc6, 0xfc, 0x6f, 0xc6, 0xfc, 0x6f, 0xc6, 0xfc,

    /* U+006A "j" */
    0x0, 0xe, 0xf7, 0x0, 0xe, 0xf7, 0x0, 0x4,
    0x52, 0x0, 0x0, 0x0, 0x0, 0xd, 0xf6, 0x0,
    0xd, 0xf6, 0x0, 0xd, 0xf6, 0x0, 0xd, 0xf6,
    0x0, 0xd, 0xf6, 0x0, 0xd, 0xf6, 0x0, 0xd,
    0xf6, 0x0, 0xd, 0xf6, 0x0, 0xd, 0xf6, 0x0,
    0xd, 0xf6, 0x0, 0xd, 0xf6, 0x0, 0xd, 0xf6,
    0x0, 0x1f, 0xf4, 0x1e, 0xff, 0xf1, 0x1f, 0xfd,
    0x50,

    /* U+006B "k" */
    0x6f, 0xc0, 0x0, 0x0, 0x0, 0x6, 0xfc, 0x0,
    0x0, 0x0, 0x0, 0x6f, 0xc0, 0x0, 0x0, 0x0,
    0x6, 0xfc, 0x0, 0x0, 0x0, 0x0, 0x6f, 0xc0,
    0x0, 0x9, 0xff, 0x36, 0xfc, 0x0, 0x7, 0xff,
    0x50, 0x6f, 0xc0, 0x4, 0xff, 0x70, 0x6, 0xfc,
    0x3, 0xff, 0x90, 0x0, 0x6f, 0xc1, 0xef, 0xb0,
    0x0, 0x6, 0xfd, 0xcf, 0xf9, 0x0, 0x0, 0x6f,
    0xff, 0xdf, 0xf3, 0x0, 0x6, 0xff, 0xd1, 0x9f,
    0xd0, 0x0, 0x6f, 0xe2, 0x1, 0xef, 0x80, 0x6,
    0xfc, 0x0, 0x5, 0xff, 0x20, 0x6f, 0xc0, 0x0,
    0xb, 0xfc, 0x6, 0xfc, 0x0, 0x0, 0x2f, 0xf7,

    /* U+006C "l" */
    0x6f, 0xc0, 0x6, 0xfc, 0x0, 0x6f, 0xc0, 0x6,
    0xfc, 0x0, 0x6f, 0xc0, 0x6, 0xfc, 0x0, 0x6f,
    0xc0, 0x6, 0xfc, 0x0, 0x6f, 0xc0, 0x6, 0xfc,
    0x0, 0x6f, 0xc0, 0x6, 0xfc, 0x0, 0x6f, 0xc0,
    0x6, 0xfe, 0x0, 0x3f, 0xff, 0x60, 0x8e, 0xf7,

    /* U+006D "m" */
    0x6f, 0x92, 0xbf, 0xe8, 0x0, 0x7e, 0xfc, 0x40,
    0x6f, 0xbe, 0xff, 0xff, 0x87, 0xff, 0xff, 0xf3,
    0x6f, 0xfb, 0x10, 0x9f, 0xff, 0x50, 0x3e, 0xfa,
    0x6f, 0xf1, 0x0, 0xf, 0xfa, 0x0, 0x7, 0xfe,
    0x6f, 0xd0, 0x0, 0xd, 0xf6, 0x0, 0x4, 0xff,
    0x6f, 0xc0, 0x0, 0xc, 0xf5, 0x0, 0x3, 0xff,
    0x6f, 0xc0, 0x0, 0xc, 0xf5, 0x0, 0x3, 0xff,
    0x6f, 0xc0, 0x0, 0xc, 0xf5, 0x0, 0x3, 0xff,
    0x6f, 0xc0, 0x0, 0xc, 0xf5, 0x0, 0x3, 0xff,
    0x6f, 0xc0, 0x0, 0xc, 0xf5, 0x0, 0x3, 0xff,
    0x6f, 0xc0, 0x0, 0xc, 0xf5, 0x0, 0x3, 0xff,
    0x6f, 0xc0, 0x0, 0xc, 0xf5, 0x0, 0x3, 0xff,

    /* U+006E "n" */
    0x6f, 0x91, 0xaf, 0xfb, 0x20, 0x6f, 0xad, 0xff,
    0xff, 0xe1, 0x6f, 0xfc, 0x20, 0x4f, 0xf8, 0x6f,
    0xf2, 0x0, 0x9, 0xfc, 0x6f, 0xe0, 0x0, 0x6,
    0xfd, 0x6f, 0xc0, 0x0, 0x6, 0xfd, 0x6f, 0xc0,
    0x0, 0x6, 0xfd, 0x6f, 0xc0, 0x0, 0x6, 0xfd,
    0x6f, 0xc0, 0x0, 0x6, 0xfd, 0x6f, 0xc0, 0x0,
    0x6, 0xfd, 0x6f, 0xc0, 0x0, 0x6, 0xfd, 0x6f,
    0xc0, 0x0, 0x6, 0xfd,

    /* U+006F "o" */
    0x0, 0x4, 0xbe, 0xfd, 0x70, 0x0, 0x0, 0x7f,
    0xff, 0xff, 0xfc, 0x0, 0x4, 0xff, 0x92, 0x15,
    0xff, 0x90, 0xb, 0xfc, 0x0, 0x0, 0x7f, 0xf1,
    0xf, 0xf6, 0x0, 0x0, 0xf, 0xf5, 0x1f, 0xf3,
    0x0, 0x0, 0xe, 0xf6, 0x1f, 0xf3, 0x0, 0x0,
    0xe, 0xf6, 0xf, 0xf6, 0x0, 0x0, 0xf, 0xf5,
    0xb, 0xfc, 0x0, 0x0, 0x6f, 0xf0, 0x4, 0xff,
    0x91, 0x15, 0xff, 0x90, 0x0, 0x7f, 0xff, 0xff,
    0xfc, 0x0, 0x0, 0x4, 0xbe, 0xfd, 0x70, 0x0,

    /* U+0070 "p" */
    0x6f, 0xa1, 0xae, 0xfc, 0x40, 0x6, 0xfb, 0xdf,
    0xff, 0xff, 0x60, 0x6f, 0xfe, 0x51, 0x2b, 0xff,
    0x16, 0xff, 0x50, 0x0, 0xf, 0xf8, 0x6f, 0xf0,
    0x0, 0x0, 0x9f, 0xb6, 0xfd, 0x0, 0x0, 0x7,
    0xfd, 0x6f, 0xd0, 0x0, 0x0, 0x7f, 0xd6, 0xff,
    0x0, 0x0, 0x9, 0xfb, 0x6f, 0xf4, 0x0, 0x0,
    0xff, 0x86, 0xff, 0xe5, 0x12, 0xbf, 0xf1, 0x6f,
    0xde, 0xff, 0xff, 0xf6, 0x6, 0xfc, 0x1a, 0xef,
    0xc5, 0x0, 0x6f, 0xc0, 0x0, 0x0, 0x0, 0x6,
    0xfc, 0x0, 0x0, 0x0, 0x0, 0x6f, 0xc0, 0x0,
    0x0, 0x0, 0x0,

    /* U+0071 "q" */
    0x0, 0x6, 0xdf, 0xe8, 0xe, 0xf3, 0x0, 0xaf,
    0xff, 0xff, 0xaf, 0xf3, 0x5, 0xff, 0x91, 0x17,
    0xff, 0xf3, 0xb, 0xfc, 0x0, 0x0, 0x8f, 0xf3,
    0xf, 0xf6, 0x0, 0x0, 0x3f, 0xf3, 0x1f, 0xf3,
    0x0, 0x0, 0x1f, 0xf3, 0x1f, 0xf3, 0x0, 0x0,
    0x1f, 0xf3, 0xf, 0xf6, 0x0, 0x0, 0x3f, 0xf3,
    0xb, 0xfc, 0x0, 0x0, 0x8f, 0xf3, 0x5, 0xff,
    0x91, 0x17, 0xff, 0xf3, 0x0, 0xaf, 0xff, 0xff,
    0xbf, 0xf3, 0x0, 0x7, 0xdf, 0xe8, 0xf, 0xf3,
    0x0, 0x0, 0x0, 0x0, 0xf, 0xf3, 0x0, 0x0,
    0x0, 0x0, 0xf, 0xf3, 0x0, 0x0, 0x0, 0x0,
    0xf, 0xf3,

    /* U+0072 "r" */
    0x6f, 0x94, 0xdf, 0x66, 0xfb, 0xff, 0xf6, 0x6f,
    0xfb, 0x31, 0x6, 0xff, 0x10, 0x0, 0x6f, 0xd0,
    0x0, 0x6, 0xfc, 0x0, 0x0, 0x6f, 0xc0, 0x0,
    0x6, 0xfc, 0x0, 0x0, 0x6f, 0xc0, 0x0, 0x6,
    0xfc, 0x0, 0x0, 0x6f, 0xc0, 0x0, 0x6, 0xfc,
    0x0, 0x0,

    /* U+0073 "s" */
    0x0, 0x19, 0xef, 0xeb, 0x40, 0x0, 0x1e, 0xff,
    0xff, 0xff, 0x60, 0x8, 0xfe, 0x30, 0x19, 0xff,
    0x10, 0xbf, 0xa0, 0x0, 0xd, 0xd4, 0x9, 0xfe,
    0x20, 0x0, 0x0, 0x0, 0x1e, 0xff, 0xda, 0x61,
    0x0, 0x0, 0x17, 0xcf, 0xff, 0xf6, 0x0, 0x0,
    0x0, 0x3, 0xaf, 0xf2, 0xf, 0xf5, 0x0, 0x0,
    0xff, 0x50, 0xbf, 0xe3, 0x0, 0x6f, 0xf3, 0x2,
    0xff, 0xff, 0xff, 0xfb, 0x0, 0x1, 0x9d, 0xfe,
    0xc6, 0x0,

    /* U+0074 "t" */
    0x2, 0x87, 0x0, 0x0, 0x4f, 0xf0, 0x0, 0x4,
    0xff, 0x0, 0xf, 0xff, 0xff, 0xff, 0xef, 0xff,
    0xee, 0xd0, 0x4f, 0xf0, 0x0, 0x4, 0xff, 0x0,
    0x0, 0x4f, 0xf0, 0x0, 0x4, 0xff, 0x0, 0x0,
    0x4f, 0xf0, 0x0, 0x4, 0xff, 0x0, 0x0, 0x3f,
    0xf0, 0x0, 0x2, 0xff, 0x30, 0x0, 0xe, 0xff,
    0xed, 0x0, 0x3c, 0xff, 0xf0,

    /* U+0075 "u" */
    0x6f, 0xc0, 0x0, 0x8, 0xfb, 0x6f, 0xc0, 0x0,
    0x8, 0xfb, 0x6f, 0xc0, 0x0, 0x8, 0xfb, 0x6f,
    0xc0, 0x0, 0x8, 0xfb, 0x6f, 0xc0, 0x0, 0x8,
    0xfb, 0x6f, 0xc0, 0x0, 0x8, 0xfb, 0x6f, 0xc0,
    0x0, 0x8, 0xfb, 0x6f, 0xd0, 0x0, 0x9, 0xfb,
    0x4f, 0xf0, 0x0, 0xe, 0xfb, 0x1f, 0xf9, 0x1,
    0x9f, 0xfb, 0x9, 0xff, 0xff, 0xf9, 0xfb, 0x0,
    0x8e, 0xfc, 0x45, 0xfb,

    /* U+0076 "v" */
    0x5f, 0xf0, 0x0, 0x0, 0x3f, 0xf2, 0xf, 0xf4,
    0x0, 0x0, 0x8f, 0xc0, 0xb, 0xf9, 0x0, 0x0,
    0xdf, 0x70, 0x5, 0xfe, 0x0, 0x3, 0xff, 0x10,
    0x0, 0xff, 0x40, 0x8, 0xfc, 0x0, 0x0, 0xaf,
    0x90, 0xd, 0xf6, 0x0, 0x0, 0x5f, 0xe0, 0x2f,
    0xf1, 0x0, 0x0, 0xf, 0xf3, 0x7f, 0xc0, 0x0,
    0x0, 0xa, 0xf8, 0xcf, 0x60, 0x0, 0x0, 0x5,
    0xfe, 0xff, 0x10, 0x0, 0x0, 0x0, 0xff, 0xfb,
    0x0, 0x0, 0x0, 0x0, 0xaf, 0xf6, 0x0, 0x0,

    /* U+0077 "w" */
    0x6f, 0xe0, 0x0, 0x7, 0xfe, 0x0, 0x0, 0x8f,
    0xc1, 0xff, 0x20, 0x0, 0xcf, 0xf2, 0x0, 0xc,
    0xf8, 0xd, 0xf6, 0x0, 0xf, 0xff, 0x60, 0x0,
    0xff, 0x30, 0x8f, 0xa0, 0x4, 0xfe, 0xfa, 0x0,
    0x4f, 0xf0, 0x4, 0xfe, 0x0, 0x8f, 0x6f, 0xe0,
    0x8, 0xfa, 0x0, 0xf, 0xf3, 0xc, 0xf1, 0xbf,
    0x20, 0xcf, 0x60, 0x0, 0xbf, 0x71, 0xfd, 0x7,
    0xf7, 0x1f, 0xf1, 0x0, 0x6, 0xfb, 0x5f, 0x90,
    0x3f, 0xb5, 0xfd, 0x0, 0x0, 0x2f, 0xf9, 0xf4,
    0x0, 0xef, 0x9f, 0x80, 0x0, 0x0, 0xdf, 0xff,
    0x0, 0xa, 0xff, 0xf4, 0x0, 0x0, 0x9, 0xff,
    0xc0, 0x0, 0x5f, 0xff, 0x0, 0x0, 0x0, 0x4f,
    0xf7, 0x0, 0x1, 0xff, 0xb0, 0x0,

    /* U+0078 "x" */
    0x8, 0xfe, 0x0, 0x0, 0x4f, 0xf4, 0x0, 0xdf,
    0x90, 0x0, 0xdf, 0x90, 0x0, 0x3f, 0xf3, 0x7,
    0xfe, 0x10, 0x0, 0x8, 0xfd, 0x2f, 0xf5, 0x0,
    0x0, 0x0, 0xdf, 0xff, 0xa0, 0x0, 0x0, 0x0,
    0x3f, 0xfe, 0x10, 0x0, 0x0, 0x0, 0x6f, 0xff,
    0x20, 0x0, 0x0, 0x1, 0xef, 0xcf, 0xc0, 0x0,
    0x0, 0xb, 0xfb, 0xe, 0xf7, 0x0, 0x0, 0x5f,
    0xf2, 0x4, 0xff, 0x20, 0x1, 0xef, 0x70, 0x0,
    0xaf, 0xc0, 0xa, 0xfc, 0x0, 0x0, 0x1e, 0xf6,

    /* U+0079 "y" */
    0x5f, 0xf0, 0x0, 0x0, 0x5f, 0xf0, 0xf, 0xf4,
    0x0, 0x0, 0xaf, 0xa0, 0xb, 0xf9, 0x0, 0x0,
    0xef, 0x50, 0x5, 0xfe, 0x0, 0x4, 0xff, 0x0,
    0x0, 0xff, 0x30, 0x8, 0xfa, 0x0, 0x0, 0xbf,
    0x80, 0xd, 0xf4, 0x0, 0x0, 0x5f, 0xd0, 0x2f,
    0xe0, 0x0, 0x0, 0xf, 0xf2, 0x7f, 0x90, 0x0,
    0x0, 0xa, 0xf7, 0xcf, 0x40, 0x0, 0x0, 0x5,
    0xfd, 0xfe, 0x0, 0x0, 0x0, 0x0, 0xff, 0xf9,
    0x0, 0x0, 0x0, 0x0, 0xaf, 0xf3, 0x0, 0x0,
    0x0, 0x0, 0x2f, 0xe0, 0x0, 0x0, 0x0, 0xbe,
    0xff, 0x80, 0x0, 0x0, 0x0, 0xcf, 0xe9, 0x0,
    0x0, 0x0,

    /* U+007A "z" */
    0xbf, 0xff, 0xff, 0xff, 0xf6, 0xae, 0xee, 0xee,
    0xff, 0xf6, 0x0, 0x0, 0x0, 0xaf, 0xe1, 0x0,
    0x0, 0x8, 0xff, 0x30, 0x0, 0x0, 0x5f, 0xf5,
    0x0, 0x0, 0x3, 0xff, 0x70, 0x0, 0x0, 0x2e,
    0xf9, 0x0, 0x0, 0x0, 0xdf, 0xb0, 0x0, 0x0,
    0xb, 0xfd, 0x10, 0x0, 0x0, 0x9f, 0xe2, 0x0,
    0x0, 0x0, 0xef, 0xfe, 0xee, 0xee, 0xe8, 0xef,
    0xff, 0xff, 0xff, 0xf8,

    /* U+007B "{" */
    0x0, 0x0, 0x0, 0x1, 0x0, 0x0, 0x6e, 0xff,
    0x0, 0x5, 0xff, 0xff, 0x0, 0xc, 0xfb, 0x30,
    0x0, 0xf, 0xf3, 0x0, 0x0, 0xf, 0xf2, 0x0,
    0x0, 0xf, 0xf1, 0x0, 0x0, 0x2f, 0xf0, 0x0,
    0x1, 0xbf, 0xa0, 0x0, 0x1f, 0xfa, 0x10, 0x0,
    0x1f, 0xf9, 0x0, 0x0, 0x3, 0xcf, 0x80, 0x0,
    0x0, 0x3f, 0xe0, 0x0, 0x0, 0xf, 0xf1, 0x0,
    0x0, 0xf, 0xf2, 0x0, 0x0, 0xf, 0xf2, 0x0,
    0x0, 0xe, 0xf3, 0x0, 0x0, 0xb, 0xfc, 0x41,
    0x0, 0x3, 0xff, 0xff, 0x0, 0x0, 0x4c, 0xff,

    /* U+007C "|" */
    0x2f, 0xe3, 0xff, 0x3f, 0xf3, 0xff, 0x3f, 0xf3,
    0xff, 0x3f, 0xf3, 0xff, 0x3f, 0xf3, 0xff, 0x3f,
    0xf3, 0xff, 0x3f, 0xf3, 0xff, 0x3f, 0xf3, 0xff,
    0x3f, 0xf3, 0xff, 0x3f, 0xf0,

    /* U+007D "}" */
    0x0, 0x0, 0x0, 0x0, 0xbf, 0xf9, 0x0, 0x0,
    0xbf, 0xff, 0xa0, 0x0, 0x1, 0x8f, 0xf1, 0x0,
    0x0, 0xe, 0xf4, 0x0, 0x0, 0xd, 0xf4, 0x0,
    0x0, 0xd, 0xf4, 0x0, 0x0, 0xb, 0xf7, 0x0,
    0x0, 0x6, 0xfe, 0x30, 0x0, 0x0, 0x7f, 0xf6,
    0x0, 0x0, 0x5e, 0xf6, 0x0, 0x3, 0xff, 0x50,
    0x0, 0xa, 0xf8, 0x0, 0x0, 0xc, 0xf5, 0x0,
    0x0, 0xd, 0xf4, 0x0, 0x0, 0xd, 0xf4, 0x0,
    0x0, 0xf, 0xf3, 0x0, 0x2, 0xaf, 0xf0, 0x0,
    0xbf, 0xff, 0x70, 0x0, 0xbf, 0xe7, 0x0, 0x0,

    /* U+007E "~" */
    0x0, 0xaf, 0xd3, 0x0, 0xbf, 0x10, 0x9f, 0xff,
    0xf3, 0xe, 0xf0, 0xf, 0xe0, 0x3f, 0xff, 0xf8,
    0x1, 0xfb, 0x0, 0x3d, 0xfa, 0x0,

    /* U+00A0 " " */

    /* U+00A1 "¡" */
    0xff, 0xcf, 0xfc, 0xcc, 0x90, 0x0, 0x5f, 0x46,
    0xf5, 0x8f, 0x69, 0xf7, 0x9f, 0x8a, 0xf9, 0xaf,
    0x9a, 0xf9, 0xaf, 0x9a, 0xf9, 0xaf, 0x90,

    /* U+00A2 "¢" */
    0x0, 0x0, 0x1, 0xf6, 0x0, 0x0, 0x0, 0x0,
    0x3, 0xf5, 0x0, 0x0, 0x0, 0x4, 0xcf, 0xff,
    0x80, 0x0, 0x0, 0x8f, 0xff, 0xff, 0xfd, 0x10,
    0x4, 0xff, 0x98, 0xf6, 0xff, 0x90, 0xb, 0xfc,
    0x8, 0xf0, 0x6f, 0xf0, 0xf, 0xf6, 0x9, 0xe0,
    0x3, 0x30, 0x1f, 0xf3, 0xa, 0xd0, 0x0, 0x0,
    0x1f, 0xf3, 0xc, 0xb0, 0x0, 0x0, 0xf, 0xf6,
    0xd, 0xa0, 0x16, 0x60, 0xb, 0xfc, 0xe, 0x90,
    0x7f, 0xe0, 0x4, 0xff, 0x9f, 0x95, 0xff, 0x80,
    0x0, 0x7f, 0xff, 0xff, 0xfc, 0x0, 0x0, 0x4,
    0xef, 0xfd, 0x70, 0x0, 0x0, 0x0, 0x4f, 0x30,
    0x0, 0x0, 0x0, 0x0, 0x5f, 0x20, 0x0, 0x0,

    /* U+00A3 "£" */
    0x0, 0x3, 0xbe, 0xfd, 0x81, 0x0, 0x0, 0x5f,
    0xff, 0xff, 0xfd, 0x10, 0x1, 0xff, 0xd5, 0x39,
    0xff, 0xa0, 0x5, 0xff, 0x20, 0x0, 0xaf, 0xf0,
    0x6, 0xfe, 0x0, 0x0, 0x1, 0x10, 0x5, 0xff,
    0x0, 0x0, 0x0, 0x0, 0x1, 0xff, 0x30, 0x0,
    0x0, 0x0, 0x9a, 0xff, 0xca, 0xaa, 0x0, 0x0,
    0xdf, 0xff, 0xff, 0xff, 0x0, 0x0, 0x0, 0x6f,
    0xa0, 0x0, 0x0, 0x0, 0x0, 0x7f, 0x80, 0x0,
    0x0, 0x0, 0x0, 0xbf, 0x50, 0x0, 0x0, 0x0,
    0x4, 0xfc, 0x0, 0x0, 0x0, 0x0, 0x4e, 0xe5,
    0x44, 0x44, 0x44, 0x30, 0xdf, 0xff, 0xff, 0xff,
    0xff, 0xe0, 0xdf, 0xff, 0xff, 0xff, 0xff, 0xe0,

    /* U+00A4 "¤" */
    0x0, 0x0, 0x0, 0x0, 0x0, 0x0, 0x0, 0x9c,
    0x0, 0x0, 0x0, 0x9, 0xb0, 0x9, 0xfb, 0x6d,
    0xfd, 0x79, 0xfb, 0x0, 0xa, 0xff, 0xfd, 0xff,
    0xfc, 0x0, 0x0, 0x5f, 0xf1, 0x1, 0xdf, 0x80,
    0x0, 0xb, 0xf2, 0x0, 0x0, 0xed, 0x0, 0x0,
    0xdd, 0x0, 0x0, 0xa, 0xf0, 0x0, 0xd, 0xd0,
    0x0, 0x0, 0xbf, 0x0, 0x0, 0xaf, 0x30, 0x0,
    0x1f, 0xd0, 0x0, 0x5, 0xff, 0x40, 0x3f, 0xf8,
    0x0, 0x1, 0xdf, 0xff, 0xff, 0xff, 0xe2, 0x0,
    0xcf, 0x83, 0xac, 0xa4, 0x6f, 0xe1, 0x5, 0x90,
    0x0, 0x0, 0x0, 0x68, 0x0,

    /* U+00A5 "¥" */
    0xd, 0xfb, 0x0, 0x0, 0x0, 0x3f, 0xf5, 0x5,
    0xff, 0x30, 0x0, 0x0, 0xbf, 0xd0, 0x0, 0xcf,
    0xb0, 0x0, 0x4, 0xff, 0x40, 0x0, 0x4f, 0xf4,
    0x0, 0xc, 0xfc, 0x0, 0x0, 0xb, 0xfc, 0x0,
    0x4f, 0xf3, 0x0, 0x0, 0x3, 0xff, 0x40, 0xcf,
    0xa0, 0x0, 0x0, 0x0, 0xaf, 0xc4, 0xff, 0x20,
    0x0, 0x0, 0x0, 0x2f, 0xfe, 0xf9, 0x0, 0x0,
    0x0, 0xf, 0xff, 0xff, 0xff, 0xff, 0xb0, 0x0,
    0xd, 0xde, 0xff, 0xfd, 0xdd, 0x90, 0x0, 0x0,
    0x0, 0xef, 0x60, 0x0, 0x0, 0x0, 0xd, 0xdd,
    0xff, 0xfd, 0xdd, 0x90, 0x0, 0xf, 0xff, 0xff,
    0xff, 0xff, 0xb0, 0x0, 0x0, 0x0, 0xef, 0x60,
    0x0, 0x0, 0x0, 0x0, 0x0, 0xef, 0x60, 0x0,
    0x0, 0x0, 0x0, 0x0, 0xef, 0x60, 0x0, 0x0,

    /* U+00A6 "¦" */
    0x3f, 0xf3, 0xff, 0x3f, 0xf3, 0xff, 0x3f, 0xf3,
    0xff, 0x3f, 0xf2, 0xdc, 0x0, 0x0, 0x0, 0x0,
    0x2, 0xdc, 0x3f, 0xf3, 0xff, 0x3f, 0xf3, 0xff,
    0x3f, 0xf3, 0xff, 0x3f, 0xf0,

    /* U+00A7 "§" */
    0x0, 0x7c, 0xff, 0xd7, 0x0, 0xc, 0xff, 0xff,
    0xff, 0xb0, 0x5f, 0xf6, 0x0, 0x6f, 0xf6, 0x7f,
    0xe0, 0x0, 0x8, 0xd9, 0x2f, 0xfa, 0x30, 0x0,
    0x0, 0x4, 0xef, 0xfe, 0xa4, 0x0, 0xa, 0xff,
    0xcd, 0xff, 0xb0, 0x5f, 0xd1, 0x0, 0x2c, 0xf8,
    0x7f, 0xa0, 0x0, 0x5, 0xfb, 0x4f, 0xf5, 0x0,
    0xb, 0xf9, 0x8, 0xff, 0xfe, 0xff, 0xc1, 0x0,
    0x17, 0xbf, 0xff, 0xa0, 0x0, 0x0, 0x0, 0x5f,
    0xf8, 0xbf, 0x90, 0x0, 0x9, 0xfb, 0x6f, 0xf6,
    0x10, 0x3e, 0xf9, 0xb, 0xff, 0xff, 0xff, 0xe2,
    0x0, 0x6c, 0xff, 0xd9, 0x10,

    /* U+00A8 "¨" */
    0x5, 0x50, 0x15, 0x50, 0x2f, 0xf1, 0x3f, 0xf1,
    0x2f, 0xf1, 0x3f, 0xf1,

    /* U+00A9 "©" */
    0x0, 0x0, 0x4, 0xae, 0xfe, 0xc6, 0x0, 0x0,
    0x0, 0x0, 0x1b, 0xff, 0xfd, 0xef, 0xfe, 0x30,
    0x0, 0x0, 0x1d, 0xfd, 0x40, 0x0, 0x2a, 0xff,
    0x40, 0x0, 0xb, 0xfa, 0x1, 0x7a, 0x94, 0x5,
    0xfe, 0x10, 0x4, 0xfc, 0x3, 0xef, 0xff, 0xf8,
    0x7, 0xf9, 0x0, 0xaf, 0x40, 0xdf, 0x70, 0x3d,
    0xf3, 0xe, 0xf0, 0xe, 0xe0, 0x4f, 0xb0, 0x0,
    0x4d, 0x70, 0x9f, 0x40, 0xfc, 0x6, 0xf6, 0x0,
    0x0, 0x0, 0x7, 0xf5, 0xf, 0xc0, 0x6f, 0x70,
    0x0, 0x0, 0x0, 0x7f, 0x50, 0xee, 0x4, 0xfb,
    0x0, 0x5, 0xf9, 0x9, 0xf4, 0xa, 0xf4, 0xd,
    0xf7, 0x3, 0xdf, 0x40, 0xef, 0x0, 0x4f, 0xc0,
    0x3e, 0xff, 0xff, 0x80, 0x7f, 0x90, 0x0, 0xbf,
    0xa0, 0x17, 0xa9, 0x40, 0x5f, 0xe1, 0x0, 0x1,
    0xdf, 0xd4, 0x0, 0x2, 0xaf, 0xf4, 0x0, 0x0,
    0x1, 0xbf, 0xff, 0xef, 0xff, 0xe3, 0x0, 0x0,
    0x0, 0x0, 0x4a, 0xef, 0xec, 0x60, 0x0, 0x0,

    /* U+00AA "ª" */
    0x1, 0x9e, 0xfc, 0x40, 0xb, 0xfb, 0x7f, 0xf2,
    0x5, 0x50, 0xa, 0xf5, 0x1, 0x9d, 0xff, 0xf7,
    0xe, 0xf7, 0x39, 0xf7, 0x1f, 0xf2, 0x4f, 0xf8,
    0xb, 0xff, 0xf7, 0xff, 0x0, 0x24, 0x10, 0x14,

    /* U+00AB "«" */
    0x0, 0x6, 0xdc, 0x10, 0xad, 0xa0, 0x0, 0x4f,
    0xf5, 0x9, 0xfe, 0x10, 0x2, 0xef, 0x80, 0x6f,
    0xf3, 0x0, 0xd, 0xfb, 0x3, 0xff, 0x60, 0x0,
    0x2f, 0xf1, 0x7, 0xfb, 0x0, 0x0, 0xe, 0xf9,
    0x4, 0xff, 0x40, 0x0, 0x3, 0xff, 0x60, 0x8f,
    0xe2, 0x0, 0x0, 0x6f, 0xf3, 0xb, 0xfd, 0x0,
    0x0, 0x9, 0xfe, 0x11, 0xdf, 0xb0,

    /* U+00AC "¬" */
    0x2d, 0xdd, 0xdd, 0xdd, 0xd9, 0x2f, 0xff, 0xff,
    0xff, 0xfc, 0x0, 0x0, 0x0, 0x0, 0xfc, 0x0,
    0x0, 0x0, 0x0, 0xfc, 0x0, 0x0, 0x0, 0x0,
    0xfc, 0x0, 0x0, 0x0, 0x0, 0xfc,

    /* U+00AD "­" */
    0x4d, 0xdd, 0xdd, 0x45, 0xff, 0xff, 0xf5,

    /* U+00AE "®" */
    0x0, 0x0, 0x0, 0x0, 0x0, 0x0, 0x0, 0x0,
    0x19, 0xef, 0xfb, 0x40, 0x0, 0x0, 0x3e, 0xd7,
    0x45, 0xaf, 0x80, 0x0, 0x1e, 0xa0, 0x0, 0x0,
    0x4f, 0x60, 0x8, 0xd0, 0x9f, 0xfd, 0x50, 0x7e,
    0x0, 0xd7, 0xa, 0xc3, 0x8f, 0x10, 0xf4, 0xf,
    0x40, 0xab, 0x5, 0xf2, 0xd, 0x70, 0xf3, 0xa,
    0xff, 0xf8, 0x0, 0xd7, 0xe, 0x60, 0xac, 0x4f,
    0x30, 0xf, 0x50, 0x9c, 0xa, 0xb0, 0xac, 0x6,
    0xf1, 0x1, 0xf8, 0x56, 0x1, 0x84, 0xe8, 0x0,
    0x4, 0xfb, 0x41, 0x27, 0xeb, 0x0, 0x0, 0x3,
    0xcf, 0xff, 0xe7, 0x0, 0x0, 0x0, 0x0, 0x13,
    0x20, 0x0, 0x0,

    /* U+00AF "¯" */
    0x1e, 0xee, 0xee, 0xa2, 0xff, 0xff, 0xfb,

    /* U+00B0 "°" */
    0x0, 0x6d, 0xfc, 0x30, 0x7, 0xff, 0xdf, 0xf2,
    0xf, 0xe1, 0x6, 0xf9, 0x1f, 0xa0, 0x0, 0xfb,
    0xf, 0xe2, 0x6, 0xf9, 0x7, 0xff, 0xef, 0xf2,
    0x0, 0x6d, 0xfc, 0x30,

    /* U+00B1 "±" */
    0x0, 0x0, 0x28, 0x50, 0x0, 0x0, 0x0, 0x4,
    0xfa, 0x0, 0x0, 0x0, 0x0, 0x4f, 0xa0, 0x0,
    0x0, 0x0, 0x4, 0xfa, 0x0, 0x0, 0x2f, 0xff,
    0xff, 0xff, 0xff, 0x82, 0xff, 0xff, 0xff, 0xff,
    0xf8, 0x0, 0x0, 0x4f, 0xa0, 0x0, 0x0, 0x0,
    0x4, 0xfa, 0x0, 0x0, 0x0, 0x0, 0x4f, 0xa0,
    0x0, 0x0, 0x0, 0x4, 0xfa, 0x0, 0x0, 0x0,
    0x0, 0x15, 0x30, 0x0, 0x2, 0xee, 0xee, 0xee,
    0xee, 0xe7, 0x2f, 0xff, 0xff, 0xff, 0xff, 0x80,

    /* U+00B2 "²" */
    0x1, 0xbf, 0xe9, 0x0, 0xce, 0x68, 0xf6, 0x9,
    0x40, 0xf, 0x80, 0x0, 0x9, 0xf4, 0x0, 0x6e,
    0xd4, 0x0, 0x8f, 0x60, 0x0, 0xf, 0xd6, 0x66,
    0x31, 0xff, 0xff, 0xf9,

    /* U+00B3 "³" */
    0x6, 0xdf, 0xd6, 0x4, 0xfa, 0x6c, 0xf1, 0x1,
    0x1, 0x9f, 0x10, 0x2, 0xff, 0x60, 0x0, 0x4,
    0x9f, 0x43, 0x50, 0x0, 0xf8, 0x5f, 0x95, 0xaf,
    0x50, 0x9e, 0xfd, 0x60,

    /* U+00B4 "´" */
    0x0, 0xef, 0x30, 0x7f, 0x90, 0xe, 0xe0, 0x0,

    /* U+00B5 "µ" */
    0x14, 0x30, 0x0, 0x2, 0x42, 0x6f, 0xc0, 0x0,
    0x8, 0xfb, 0x6f, 0xc0, 0x0, 0x8, 0xfb, 0x6f,
    0xc0, 0x0, 0x8, 0xfb, 0x6f, 0xc0, 0x0, 0x8,
    0xfb, 0x6f, 0xc0, 0x0, 0x8, 0xfb, 0x6f, 0xc0,
    0x0, 0x8, 0xfb, 0xbf, 0xd0, 0x0, 0x8, 0xfb,
    0xcf, 0xf0, 0x0, 0xc, 0xfb, 0x9f, 0xf7, 0x0,
    0x7f, 0xfb, 0x6f, 0xff, 0xff, 0xfa, 0xfb, 0x6f,
    0xfe, 0xfc, 0x45, 0xfb, 0x6f, 0xc0, 0x0, 0x0,
    0x0, 0x6f, 0xc0, 0x0, 0x0, 0x0, 0x6f, 0xc0,
    0x0, 0x0, 0x0,

    /* U+00B6 "¶" */
    0x0, 0x8, 0xdf, 0xff, 0xff, 0xf2, 0x1, 0xdf,
    0xff, 0xff, 0xff, 0xf2, 0x9, 0xff, 0xff, 0xfa,
    0xe, 0xf2, 0xf, 0xff, 0xff, 0xfa, 0xe, 0xf2,
    0xf, 0xff, 0xff, 0xfa, 0xe, 0xf2, 0xf, 0xff,
    0xff, 0xfa, 0xe, 0xf2, 0xa, 0xff, 0xff, 0xfa,
    0xe, 0xf2, 0x2, 0xef, 0xff, 0xfa, 0xe, 0xf2,
    0x0, 0x1a, 0xff, 0xfa, 0xe, 0xf2, 0x0, 0x0,
    0x6, 0xfa, 0xe, 0xf2, 0x0, 0x0, 0x6, 0xfa,
    0xe, 0xf2, 0x0, 0x0, 0x6, 0xfa, 0xe, 0xf2,
    0x0, 0x0, 0x6, 0xfa, 0xe, 0xf2, 0x0, 0x0,
    0x6, 0xfa, 0xe, 0xf2, 0x0, 0x0, 0x6, 0xfa,
    0xe, 0xf2, 0x0, 0x0, 0x6, 0xfa, 0xe, 0xf2,

    /* U+00B7 "·" */
    0x1c, 0xc7, 0x2f, 0xf9, 0x2f, 0xf9,

    /* U+00B8 "¸" */
    0x0, 0x4f, 0x30, 0x0, 0x7f, 0xd3, 0x0, 0x1,
    0xbc, 0xc, 0x72, 0xcc, 0x7, 0xff, 0xf4, 0x0,
    0x13, 0x10,

    /* U+00B9 "¹" */
    0x0, 0x3f, 0x10, 0x1b, 0xf1, 0x9f, 0xff, 0x11,
    0x39, 0xf1, 0x0, 0x8f, 0x10, 0x8, 0xf1, 0x0,
    0x8f, 0x10, 0x8, 0xf1,

    /* U+00BA "º" */
    0x0, 0x6d, 0xfd, 0x60, 0x0, 0x7f, 0xd8, 0xdf,
    0x70, 0xf, 0xf1, 0x1, 0xff, 0x1, 0xfd, 0x0,
    0xe, 0xf1, 0xf, 0xe0, 0x0, 0xff, 0x0, 0xbf,
    0x83, 0x8f, 0xa0, 0x1, 0xcf, 0xff, 0xc1, 0x0,
    0x0, 0x24, 0x20, 0x0,

    /* U+00BB "»" */
    0xa, 0xda, 0x2, 0xcd, 0x60, 0x0, 0x2, 0xef,
    0x80, 0x6f, 0xf3, 0x0, 0x0, 0x4f, 0xf5, 0x9,
    0xfe, 0x10, 0x0, 0x6, 0xff, 0x30, 0xcf, 0xc0,
    0x0, 0x0, 0xcf, 0x60, 0x1f, 0xf1, 0x0, 0x4,
    0xff, 0x40, 0xaf, 0xe0, 0x0, 0x2f, 0xf8, 0x7,
    0xff, 0x30, 0x1, 0xdf, 0xb0, 0x4f, 0xf5, 0x0,
    0xb, 0xfd, 0x2, 0xef, 0x80, 0x0,

    /* U+00BC "¼" */
    0x0, 0x19, 0x0, 0x0, 0x0, 0x1, 0x85, 0x0,
    0x1, 0xaf, 0x10, 0x0, 0x0, 0x9, 0xf2, 0x0,
    0x9f, 0xff, 0x10, 0x0, 0x0, 0x4f, 0x70, 0x0,
    0x23, 0xaf, 0x10, 0x0, 0x0, 0xed, 0x0, 0x0,
    0x0, 0x8f, 0x10, 0x0, 0x9, 0xf3, 0x0, 0x0,
    0x0, 0x8f, 0x10, 0x0, 0x3f, 0x80, 0x0, 0x0,
    0x0, 0x8f, 0x10, 0x0, 0xdd, 0x0, 0x0, 0x0,
    0x0, 0x8f, 0x10, 0x8, 0xf3, 0x0, 0x48, 0x20,
    0x0, 0x8f, 0x10, 0x3f, 0x90, 0x2, 0xff, 0x40,
    0x0, 0x0, 0x0, 0xdd, 0x0, 0xb, 0xff, 0x40,
    0x0, 0x0, 0x8, 0xf4, 0x0, 0x7f, 0x9f, 0x40,
    0x0, 0x0, 0x2f, 0x90, 0x2, 0xf7, 0x5f, 0x40,
    0x0, 0x0, 0xce, 0x10, 0xc, 0xd2, 0x7f, 0x50,
    0x0, 0x7, 0xf4, 0x0, 0x2f, 0xff, 0xff, 0xf5,
    0x0, 0x2f, 0xa0, 0x0, 0x5, 0x55, 0x8f, 0x71,
    0x0, 0xce, 0x10, 0x0, 0x0, 0x0, 0x5f, 0x40,

    /* U+00BD "½" */
    0x0, 0x19, 0x0, 0x0, 0x0, 0x0, 0x85, 0x0,
    0x0, 0x4, 0xf1, 0x0, 0x0, 0x0, 0x9f, 0x20,
    0x0, 0x2, 0xcf, 0x10, 0x0, 0x0, 0x3f, 0x80,
    0x0, 0x9, 0xff, 0xf1, 0x0, 0x0, 0xd, 0xd0,
    0x0, 0x0, 0x23, 0xaf, 0x10, 0x0, 0x8, 0xf3,
    0x0, 0x0, 0x0, 0x8, 0xf1, 0x0, 0x2, 0xf9,
    0x0, 0x0, 0x0, 0x0, 0x8f, 0x10, 0x0, 0xce,
    0x0, 0x0, 0x0, 0x0, 0x8, 0xf1, 0x0, 0x7f,
    0x50, 0x6, 0x86, 0x0, 0x0, 0x8f, 0x10, 0x2f,
    0xa0, 0xc, 0xff, 0xfc, 0x0, 0x0, 0x0, 0xb,
    0xe1, 0x4, 0xf6, 0x8, 0xf2, 0x0, 0x0, 0x5,
    0xf6, 0x0, 0x24, 0x0, 0x5f, 0x20, 0x0, 0x1,
    0xec, 0x0, 0x0, 0x0, 0x4e, 0xc0, 0x0, 0x0,
    0xaf, 0x20, 0x0, 0x1, 0xbf, 0xa1, 0x0, 0x0,
    0x4f, 0x70, 0x0, 0x0, 0xde, 0x40, 0x0, 0x0,
    0xe, 0xd0, 0x0, 0x0, 0x5f, 0x72, 0x22, 0x0,
    0x9, 0xf3, 0x0, 0x0, 0x7, 0xff, 0xff, 0xf3,
    0x0, 0x43, 0x0, 0x0, 0x0, 0x25, 0x55, 0x55,
    0x10,

    /* U+00BE "¾" */
    0x0, 0x1, 0x0, 0x0, 0x0, 0x0, 0x1, 0x10,
    0x0, 0x6f, 0xfe, 0x50, 0x0, 0x0, 0x3, 0xf8,
    0x0, 0x2f, 0xb5, 0xdf, 0x0, 0x0, 0x0, 0xde,
    0x0, 0x3, 0x81, 0x6, 0xf2, 0x0, 0x0, 0x7f,
    0x40, 0x0, 0x0, 0x1, 0xbe, 0x0, 0x0, 0x2f,
    0xa0, 0x0, 0x0, 0x2, 0xff, 0x50, 0x0, 0xb,
    0xf1, 0x0, 0x0, 0x0, 0x4, 0xaf, 0x40, 0x5,
    0xf6, 0x0, 0x0, 0x1, 0x30, 0x0, 0xf8, 0x1,
    0xec, 0x0, 0x0, 0x0, 0x6f, 0x62, 0x7f, 0x60,
    0x9f, 0x20, 0x0, 0x10, 0x1, 0xdf, 0xff, 0xb0,
    0x3f, 0x80, 0x0, 0xbf, 0x60, 0x0, 0x34, 0x20,
    0xd, 0xd0, 0x0, 0x7f, 0xf6, 0x0, 0x0, 0x0,
    0x8, 0xf4, 0x0, 0x3f, 0x9f, 0x60, 0x0, 0x0,
    0x2, 0xf9, 0x0, 0xd, 0x94, 0xf6, 0x0, 0x0,
    0x0, 0xce, 0x10, 0xa, 0xe2, 0x5f, 0x70, 0x0,
    0x0, 0x6f, 0x50, 0x0, 0xff, 0xff, 0xff, 0x70,
    0x0, 0x1e, 0xb0, 0x0, 0x5, 0x55, 0x7f, 0x92,
    0x0, 0xa, 0xf2, 0x0, 0x0, 0x0, 0x4, 0xf6,
    0x0,

    /* U+00BF "¿" */
    0x0, 0x0, 0x4f, 0xf7, 0x0, 0x0, 0x0, 0x0,
    0x4f, 0xf7, 0x0, 0x0, 0x0, 0x0, 0x3c, 0xc5,
    0x0, 0x0, 0x0, 0x0, 0x0, 0x0, 0x0, 0x0,
    0x0, 0x0, 0x6, 0x60, 0x0, 0x0, 0x0, 0x0,
    0x2f, 0xf1, 0x0, 0x0, 0x0, 0x0, 0x8f, 0xe0,
    0x0, 0x0, 0x0, 0x8, 0xff, 0x70, 0x0, 0x0,
    0x0, 0xcf, 0xf8, 0x0, 0x0, 0x0, 0xa, 0xfe,
    0x30, 0x0, 0x0, 0x0, 0xf, 0xf6, 0x0, 0x0,
    0x1, 0x10, 0x1f, 0xf4, 0x0, 0x0, 0x6f, 0xf0,
    0xf, 0xf7, 0x0, 0x0, 0xcf, 0xb0, 0xa, 0xff,
    0x62, 0x4a, 0xff, 0x40, 0x1, 0xef, 0xff, 0xff,
    0xf8, 0x0, 0x0, 0x18, 0xdf, 0xeb, 0x40, 0x0,

    /* U+00C0 "À" */
    0x0, 0x0, 0x2f, 0xf2, 0x0, 0x0, 0x0, 0x0,
    0x0, 0x0, 0x7f, 0x90, 0x0, 0x0, 0x0, 0x0,
    0x0, 0x0, 0xce, 0x0, 0x0, 0x0, 0x0, 0x0,
    0x0, 0x0, 0x0, 0x0, 0x0, 0x0, 0x0, 0x0,
    0x6, 0xff, 0xd0, 0x0, 0x0, 0x0, 0x0, 0x0,
    0xbf, 0xff, 0x20, 0x0, 0x0, 0x0, 0x0, 0x1f,
    0xfe, 0xf8, 0x0, 0x0, 0x0, 0x0, 0x6, 0xfd,
    0x6f, 0xd0, 0x0, 0x0, 0x0, 0x0, 0xbf, 0x81,
    0xff, 0x20, 0x0, 0x0, 0x0, 0x1f, 0xf3, 0xc,
    0xf8, 0x0, 0x0, 0x0, 0x6, 0xfe, 0x0, 0x7f,
    0xd0, 0x0, 0x0, 0x0, 0xbf, 0x90, 0x2, 0xff,
    0x30, 0x0, 0x0, 0x1f, 0xf4, 0x0, 0xd, 0xf8,
    0x0, 0x0, 0x6, 0xff, 0x32, 0x22, 0xaf, 0xd0,
    0x0, 0x0, 0xbf, 0xff, 0xff, 0xff, 0xff, 0x30,
    0x0, 0x1f, 0xff, 0xff, 0xff, 0xff, 0xf8, 0x0,
    0x6, 0xff, 0x0, 0x0, 0x0, 0x9f, 0xd0, 0x0,
    0xbf, 0xa0, 0x0, 0x0, 0x3, 0xff, 0x30, 0x1f,
    0xf5, 0x0, 0x0, 0x0, 0xd, 0xf8, 0x6, 0xff,
    0x0, 0x0, 0x0, 0x0, 0x8f, 0xd0,

    /* U+00C1 "Á" */
    0x0, 0x0, 0x0, 0xa, 0xf9, 0x0, 0x0, 0x0,
    0x0, 0x0, 0x2, 0xfe, 0x0, 0x0, 0x0, 0x0,
    0x0, 0x0, 0x8f, 0x40, 0x0, 0x0, 0x0, 0x0,
    0x0, 0x0, 0x0, 0x0, 0x0, 0x0, 0x0, 0x0,
    0x6, 0xff, 0xd0, 0x0, 0x0, 0x0, 0x0, 0x0,
    0xbf, 0xff, 0x20, 0x0, 0x0, 0x0, 0x0, 0x1f,
    0xfe, 0xf8, 0x0, 0x0, 0x0, 0x0, 0x6, 0xfd,
    0x6f, 0xd0, 0x0, 0x0, 0x0, 0x0, 0xbf, 0x81,
    0xff, 0x20, 0x0, 0x0, 0x0, 0x1f, 0xf3, 0xc,
    0xf8, 0x0, 0x0, 0x0, 0x6, 0xfe, 0x0, 0x7f,
    0xd0, 0x0, 0x0, 0x0, 0xbf, 0x90, 0x2, 0xff,
    0x30, 0x0, 0x0, 0x1f, 0xf4, 0x0, 0xd, 0xf8,
    0x0, 0x0, 0x6, 0xff, 0x32, 0x22, 0xaf, 0xd0,
    0x0, 0x0, 0xbf, 0xff, 0xff, 0xff, 0xff, 0x30,
    0x0, 0x1f, 0xff, 0xff, 0xff, 0xff, 0xf8, 0x0,
    0x6, 0xff, 0x0, 0x0, 0x0, 0x9f, 0xd0, 0x0,
    0xbf, 0xa0, 0x0, 0x0, 0x3, 0xff, 0x30, 0x1f,
    0xf5, 0x0, 0x0, 0x0, 0xd, 0xf8, 0x6, 0xff,
    0x0, 0x0, 0x0, 0x0, 0x8f, 0xd0,

    /* U+00C2 "Â" */
    0x0, 0x0, 0x4, 0xff, 0xb0, 0x0, 0x0, 0x0,
    0x0, 0x0, 0xdc, 0x5f, 0x50, 0x0, 0x0, 0x0,
    0x0, 0x8f, 0x20, 0xbe, 0x10, 0x0, 0x0, 0x0,
    0x0, 0x0, 0x0, 0x0, 0x0, 0x0, 0x0, 0x0,
    0x6, 0xff, 0xd0, 0x0, 0x0, 0x0, 0x0, 0x0,
    0xbf, 0xff, 0x20, 0x0, 0x0, 0x0, 0x0, 0x1f,
    0xfe, 0xf8, 0x0, 0x0, 0x0, 0x0, 0x6, 0xfd,
    0x6f, 0xd0, 0x0, 0x0, 0x0, 0x0, 0xbf, 0x81,
    0xff, 0x20, 0x0, 0x0, 0x0, 0x1f, 0xf3, 0xc,
    0xf8, 0x0, 0x0, 0x0, 0x6, 0xfe, 0x0, 0x7f,
    0xd0, 0x0, 0x0, 0x0, 0xbf, 0x90, 0x2, 0xff,
    0x30, 0x0, 0x0, 0x1f, 0xf4, 0x0, 0xd, 0xf8,
    0x0, 0x0, 0x6, 0xff, 0x32, 0x22, 0xaf, 0xd0,
    0x0, 0x0, 0xbf, 0xff, 0xff, 0xff, 0xff, 0x30,
    0x0, 0x1f, 0xff, 0xff, 0xff, 0xff, 0xf8, 0x0,
    0x6, 0xff, 0x0, 0x0, 0x0, 0x9f, 0xd0, 0x0,
    0xbf, 0xa0, 0x0, 0x0, 0x3, 0xff, 0x30, 0x1f,
    0xf5, 0x0, 0x0, 0x0, 0xd, 0xf8, 0x6, 0xff,
    0x0, 0x0, 0x0, 0x0, 0x8f, 0xd0,

    /* U+00C3 "Ã" */
    0x0, 0x0, 0x0, 0x0, 0x1, 0x10, 0x0, 0x0,
    0x0, 0x7, 0xff, 0x93, 0xd8, 0x0, 0x0, 0x0,
    0x0, 0xf8, 0x8f, 0xfe, 0x10, 0x0, 0x0, 0x0,
    0x5, 0x0, 0x14, 0x10, 0x0, 0x0, 0x0, 0x0,
    0x0, 0x0, 0x0, 0x0, 0x0, 0x0, 0x0, 0x0,
    0x6f, 0xfd, 0x0, 0x0, 0x0, 0x0, 0x0, 0xb,
    0xff, 0xf2, 0x0, 0x0, 0x0, 0x0, 0x1, 0xff,
    0xef, 0x80, 0x0, 0x0, 0x0, 0x0, 0x6f, 0xd6,
    0xfd, 0x0, 0x0, 0x0, 0x0, 0xb, 0xf8, 0x1f,
    0xf2, 0x0, 0x0, 0x0, 0x1, 0xff, 0x30, 0xcf,
    0x80, 0x0, 0x0, 0x0, 0x6f, 0xe0, 0x7, 0xfd,
    0x0, 0x0, 0x0, 0xb, 0xf9, 0x0, 0x2f, 0xf3,
    0x0, 0x0, 0x1, 0xff, 0x40, 0x0, 0xdf, 0x80,
    0x0, 0x0, 0x6f, 0xf3, 0x22, 0x2a, 0xfd, 0x0,
    0x0, 0xb, 0xff, 0xff, 0xff, 0xff, 0xf3, 0x0,
    0x1, 0xff, 0xff, 0xff, 0xff, 0xff, 0x80, 0x0,
    0x6f, 0xf0, 0x0, 0x0, 0x9, 0xfd, 0x0, 0xb,
    0xfa, 0x0, 0x0, 0x0, 0x3f, 0xf3, 0x1, 0xff,
    0x50, 0x0, 0x0, 0x0, 0xdf, 0x80, 0x6f, 0xf0,
    0x0, 0x0, 0x0, 0x8, 0xfd, 0x0,

    /* U+00C4 "Ä" */
    0x0, 0x0, 0xdf, 0x60, 0xef, 0x50, 0x0, 0x0,
    0x0, 0xd, 0xf6, 0xe, 0xf5, 0x0, 0x0, 0x0,
    0x0, 0x45, 0x20, 0x55, 0x10, 0x0, 0x0, 0x0,
    0x0, 0x0, 0x0, 0x0, 0x0, 0x0, 0x0, 0x0,
    0x6, 0xff, 0xd0, 0x0, 0x0, 0x0, 0x0, 0x0,
    0xbf, 0xff, 0x20, 0x0, 0x0, 0x0, 0x0, 0x1f,
    0xfe, 0xf8, 0x0, 0x0, 0x0, 0x0, 0x6, 0xfd,
    0x6f, 0xd0, 0x0, 0x0, 0x0, 0x0, 0xbf, 0x81,
    0xff, 0x20, 0x0, 0x0, 0x0, 0x1f, 0xf3, 0xc,
    0xf8, 0x0, 0x0, 0x0, 0x6, 0xfe, 0x0, 0x7f,
    0xd0, 0x0, 0x0, 0x0, 0xbf, 0x90, 0x2, 0xff,
    0x30, 0x0, 0x0, 0x1f, 0xf4, 0x0, 0xd, 0xf8,
    0x0, 0x0, 0x6, 0xff, 0x32, 0x22, 0xaf, 0xd0,
    0x0, 0x0, 0xbf, 0xff, 0xff, 0xff, 0xff, 0x30,
    0x0, 0x1f, 0xff, 0xff, 0xff, 0xff, 0xf8, 0x0,
    0x6, 0xff, 0x0, 0x0, 0x0, 0x9f, 0xd0, 0x0,
    0xbf, 0xa0, 0x0, 0x0, 0x3, 0xff, 0x30, 0x1f,
    0xf5, 0x0, 0x0, 0x0, 0xd, 0xf8, 0x6, 0xff,
    0x0, 0x0, 0x0, 0x0, 0x8f, 0xd0,

    /* U+00C5 "Å" */
    0x0, 0x0, 0x0, 0x0, 0x0, 0x0, 0x0, 0x0,
    0x0, 0x2, 0xdf, 0x60, 0x0, 0x0, 0x0, 0x0,
    0xb, 0xa6, 0xf1, 0x0, 0x0, 0x0, 0x0, 0xc,
    0x83, 0xf1, 0x0, 0x0, 0x0, 0x0, 0x4, 0xff,
    0x90, 0x0, 0x0, 0x0, 0x0, 0x0, 0x1, 0x0,
    0x0, 0x0, 0x0, 0x0, 0x7, 0xff, 0xc0, 0x0,
    0x0, 0x0, 0x0, 0xc, 0xff, 0xf1, 0x0, 0x0,
    0x0, 0x0, 0x1f, 0xfe, 0xf7, 0x0, 0x0, 0x0,
    0x0, 0x7f, 0xc7, 0xfc, 0x0, 0x0, 0x0, 0x0,
    0xcf, 0x72, 0xff, 0x10, 0x0, 0x0, 0x1, 0xff,
    0x20, 0xdf, 0x70, 0x0, 0x0, 0x7, 0xfd, 0x0,
    0x8f, 0xc0, 0x0, 0x0, 0xc, 0xf8, 0x0, 0x3f,
    0xf2, 0x0, 0x0, 0x2f, 0xf3, 0x0, 0xe, 0xf7,
    0x0, 0x0, 0x7f, 0xf2, 0x22, 0x2a, 0xfc, 0x0,
    0x0, 0xcf, 0xff, 0xff, 0xff, 0xff, 0x20, 0x2,
    0xff, 0xff, 0xff, 0xff, 0xff, 0x70, 0x7, 0xfe,
    0x0, 0x0, 0x0, 0xaf, 0xc0, 0xc, 0xf9, 0x0,
    0x0, 0x0, 0x4f, 0xf2, 0x2f, 0xf4, 0x0, 0x0,
    0x0, 0xe, 0xf7, 0x7f, 0xe0, 0x0, 0x0, 0x0,
    0x9, 0xfd,

    /* U+00C6 "Æ" */
    0x0, 0x0, 0x0, 0x0, 0xdf, 0xff, 0xff, 0xff,
    0xff, 0xf9, 0x0, 0x0, 0x0, 0x5, 0xff, 0xff,
    0xff, 0xff, 0xff, 0xf9, 0x0, 0x0, 0x0, 0xd,
    0xf7, 0x8f, 0xd3, 0x33, 0x33, 0x31, 0x0, 0x0,
    0x0, 0x5f, 0xe0, 0x7f, 0xd0, 0x0, 0x0, 0x0,
    0x0, 0x0, 0x0, 0xdf, 0x70, 0x7f, 0xd0, 0x0,
    0x0, 0x0, 0x0, 0x0, 0x5, 0xfe, 0x0, 0x7f,
    0xd0, 0x0, 0x0, 0x0, 0x0, 0x0, 0xd, 0xf7,
    0x0, 0x7f, 0xd0, 0x0, 0x0, 0x0, 0x0, 0x0,
    0x5f, 0xf0, 0x0, 0x7f, 0xff, 0xff, 0xff, 0xf5,
    0x0, 0x0, 0xdf, 0x80, 0x0, 0x7f, 0xff, 0xff,
    0xff, 0xf5, 0x0, 0x5, 0xff, 0x32, 0x22, 0x8f,
    0xd1, 0x11, 0x11, 0x10, 0x0, 0xd, 0xff, 0xff,
    0xff, 0xff, 0xd0, 0x0, 0x0, 0x0, 0x0, 0x5f,
    0xff, 0xff, 0xff, 0xff, 0xd0, 0x0, 0x0, 0x0,
    0x0, 0xdf, 0x90, 0x0, 0x0, 0x7f, 0xd0, 0x0,
    0x0, 0x0, 0x5, 0xff, 0x10, 0x0, 0x0, 0x7f,
    0xd3, 0x33, 0x33, 0x32, 0xd, 0xf9, 0x0, 0x0,
    0x0, 0x7f, 0xff, 0xff, 0xff, 0xfc, 0x5f, 0xf2,
    0x0, 0x0, 0x0, 0x7f, 0xff, 0xff, 0xff, 0xfc,

    /* U+00C7 "Ç" */
    0x0, 0x0, 0x29, 0xdf, 0xfc, 0x71, 0x0, 0x0,
    0x0, 0x7f, 0xff, 0xff, 0xff, 0xe2, 0x0, 0x0,
    0x6f, 0xfd, 0x63, 0x48, 0xff, 0xd0, 0x0, 0x1f,
    0xfb, 0x0, 0x0, 0x4, 0xff, 0x70, 0x7, 0xff,
    0x10, 0x0, 0x0, 0xa, 0xfc, 0x0, 0xcf, 0xa0,
    0x0, 0x0, 0x0, 0x27, 0x70, 0xf, 0xf6, 0x0,
    0x0, 0x0, 0x0, 0x0, 0x0, 0xff, 0x50, 0x0,
    0x0, 0x0, 0x0, 0x0, 0xf, 0xf5, 0x0, 0x0,
    0x0, 0x0, 0x0, 0x0, 0xff, 0x60, 0x0, 0x0,
    0x0, 0x0, 0x0, 0xc, 0xfa, 0x0, 0x0, 0x0,
    0x4, 0xcc, 0x0, 0x7f, 0xf1, 0x0, 0x0, 0x0,
    0x9f, 0xd0, 0x1, 0xff, 0xb0, 0x0, 0x0, 0x3f,
    0xf6, 0x0, 0x6, 0xff, 0xd6, 0x34, 0x8f, 0xfd,
    0x0, 0x0, 0x7, 0xff, 0xff, 0xff, 0xfd, 0x20,
    0x0, 0x0, 0x3, 0x9d, 0xff, 0xc7, 0x0, 0x0,
    0x0, 0x0, 0x0, 0x6f, 0x92, 0x0, 0x0, 0x0,
    0x0, 0x0, 0x0, 0x5b, 0xd0, 0x0, 0x0, 0x0,
    0x0, 0x8, 0x82, 0x9f, 0x0, 0x0, 0x0, 0x0,
    0x0, 0x5f, 0xff, 0x70, 0x0, 0x0, 0x0, 0x0,
    0x0, 0x13, 0x10, 0x0, 0x0, 0x0,

    /* U+00C8 "È" */
    0x0, 0xa, 0xf9, 0x0, 0x0, 0x0, 0x0, 0x1e,
    0xf1, 0x0, 0x0, 0x0, 0x0, 0x5f, 0x70, 0x0,
    0x0, 0x0, 0x0, 0x0, 0x0, 0x0, 0x3f, 0xff,
    0xff, 0xff, 0xff, 0x83, 0xff, 0xff, 0xff, 0xff,
    0xf8, 0x3f, 0xf4, 0x33, 0x33, 0x33, 0x13, 0xff,
    0x10, 0x0, 0x0, 0x0, 0x3f, 0xf1, 0x0, 0x0,
    0x0, 0x3, 0xff, 0x10, 0x0, 0x0, 0x0, 0x3f,
    0xf1, 0x0, 0x0, 0x0, 0x3, 0xff, 0xff, 0xff,
    0xff, 0xf4, 0x3f, 0xff, 0xff, 0xff, 0xff, 0x43,
    0xff, 0x21, 0x11, 0x11, 0x10, 0x3f, 0xf1, 0x0,
    0x0, 0x0, 0x3, 0xff, 0x10, 0x0, 0x0, 0x0,
    0x3f, 0xf1, 0x0, 0x0, 0x0, 0x3, 0xff, 0x43,
    0x33, 0x33, 0x32, 0x3f, 0xff, 0xff, 0xff, 0xff,
    0xa3, 0xff, 0xff, 0xff, 0xff, 0xfa,

    /* U+00C9 "É" */
    0x0, 0x0, 0x3, 0xff, 0x10, 0x0, 0x0, 0x0,
    0xaf, 0x60, 0x0, 0x0, 0x0, 0x1e, 0xb0, 0x0,
    0x0, 0x0, 0x0, 0x0, 0x0, 0x0, 0x3f, 0xff,
    0xff, 0xff, 0xff, 0x83, 0xff, 0xff, 0xff, 0xff,
    0xf8, 0x3f, 0xf4, 0x33, 0x33, 0x33, 0x13, 0xff,
    0x10, 0x0, 0x0, 0x0, 0x3f, 0xf1, 0x0, 0x0,
    0x0, 0x3, 0xff, 0x10, 0x0, 0x0, 0x0, 0x3f,
    0xf1, 0x0, 0x0, 0x0, 0x3, 0xff, 0xff, 0xff,
    0xff, 0xf4, 0x3f, 0xff, 0xff, 0xff, 0xff, 0x43,
    0xff, 0x21, 0x11, 0x11, 0x10, 0x3f, 0xf1, 0x0,
    0x0, 0x0, 0x3, 0xff, 0x10, 0x0, 0x0, 0x0,
    0x3f, 0xf1, 0x0, 0x0, 0x0, 0x3, 0xff, 0x43,
    0x33, 0x33, 0x32, 0x3f, 0xff, 0xff, 0xff, 0xff,
    0xa3, 0xff, 0xff, 0xff, 0xff, 0xfa,

    /* U+00CA "Ê" */
    0x0, 0x0, 0xcf, 0xf3, 0x0, 0x0, 0x0, 0x6f,
    0x4d, 0xc0, 0x0, 0x0, 0x1f, 0xa0, 0x3f, 0x70,
    0x0, 0x0, 0x0, 0x0, 0x0, 0x0, 0x3f, 0xff,
    0xff, 0xff, 0xff, 0x83, 0xff, 0xff, 0xff, 0xff,
    0xf8, 0x3f, 0xf4, 0x33, 0x33, 0x33, 0x13, 0xff,
    0x10, 0x0, 0x0, 0x0, 0x3f, 0xf1, 0x0, 0x0,
    0x0, 0x3, 0xff, 0x10, 0x0, 0x0, 0x0, 0x3f,
    0xf1, 0x0, 0x0, 0x0, 0x3, 0xff, 0xff, 0xff,
    0xff, 0xf4, 0x3f, 0xff, 0xff, 0xff, 0xff, 0x43,
    0xff, 0x21, 0x11, 0x11, 0x10, 0x3f, 0xf1, 0x0,
    0x0, 0x0, 0x3, 0xff, 0x10, 0x0, 0x0, 0x0,
    0x3f, 0xf1, 0x0, 0x0, 0x0, 0x3, 0xff, 0x43,
    0x33, 0x33, 0x32, 0x3f, 0xff, 0xff, 0xff, 0xff,
    0xa3, 0xff, 0xff, 0xff, 0xff, 0xfa,

    /* U+00CB "Ë" */
    0x0, 0x6f, 0xd0, 0x7f, 0xc0, 0x0, 0x6, 0xfd,
    0x7, 0xfc, 0x0, 0x0, 0x25, 0x40, 0x25, 0x40,
    0x0, 0x0, 0x0, 0x0, 0x0, 0x0, 0x3f, 0xff,
    0xff, 0xff, 0xff, 0x83, 0xff, 0xff, 0xff, 0xff,
    0xf8, 0x3f, 0xf4, 0x33, 0x33, 0x33, 0x13, 0xff,
    0x10, 0x0, 0x0, 0x0, 0x3f, 0xf1, 0x0, 0x0,
    0x0, 0x3, 0xff, 0x10, 0x0, 0x0, 0x0, 0x3f,
    0xf1, 0x0, 0x0, 0x0, 0x3, 0xff, 0xff, 0xff,
    0xff, 0xf4, 0x3f, 0xff, 0xff, 0xff, 0xff, 0x43,
    0xff, 0x21, 0x11, 0x11, 0x10, 0x3f, 0xf1, 0x0,
    0x0, 0x0, 0x3, 0xff, 0x10, 0x0, 0x0, 0x0,
    0x3f, 0xf1, 0x0, 0x0, 0x0, 0x3, 0xff, 0x43,
    0x33, 0x33, 0x32, 0x3f, 0xff, 0xff, 0xff, 0xff,
    0xa3, 0xff, 0xff, 0xff, 0xff, 0xfa,

    /* U+00CC "Ì" */
    0x6f, 0xd0, 0x0, 0xbf, 0x40, 0x2, 0xeb, 0x0,
    0x0, 0x0, 0x3, 0xff, 0x10, 0x3f, 0xf1, 0x3,
    0xff, 0x10, 0x3f, 0xf1, 0x3, 0xff, 0x10, 0x3f,
    0xf1, 0x3, 0xff, 0x10, 0x3f, 0xf1, 0x3, 0xff,
    0x10, 0x3f, 0xf1, 0x3, 0xff, 0x10, 0x3f, 0xf1,
    0x3, 0xff, 0x10, 0x3f, 0xf1, 0x3, 0xff, 0x10,
    0x3f, 0xf1,

    /* U+00CD "Í" */
    0x0, 0xef, 0x40, 0x6f, 0xa0, 0xc, 0xe1, 0x0,
    0x0, 0x0, 0x3f, 0xf1, 0x3, 0xff, 0x10, 0x3f,
    0xf1, 0x3, 0xff, 0x10, 0x3f, 0xf1, 0x3, 0xff,
    0x10, 0x3f, 0xf1, 0x3, 0xff, 0x10, 0x3f, 0xf1,
    0x3, 0xff, 0x10, 0x3f, 0xf1, 0x3, 0xff, 0x10,
    0x3f, 0xf1, 0x3, 0xff, 0x10, 0x3f, 0xf1, 0x3,
    0xff, 0x10,

    /* U+00CE "Î" */
    0x0, 0x8f, 0xf6, 0x0, 0x3, 0xf8, 0xaf, 0x10,
    0xc, 0xd0, 0x1e, 0xb0, 0x0, 0x0, 0x0, 0x0,
    0x0, 0x3f, 0xf1, 0x0, 0x0, 0x3f, 0xf1, 0x0,
    0x0, 0x3f, 0xf1, 0x0, 0x0, 0x3f, 0xf1, 0x0,
    0x0, 0x3f, 0xf1, 0x0, 0x0, 0x3f, 0xf1, 0x0,
    0x0, 0x3f, 0xf1, 0x0, 0x0, 0x3f, 0xf1, 0x0,
    0x0, 0x3f, 0xf1, 0x0, 0x0, 0x3f, 0xf1, 0x0,
    0x0, 0x3f, 0xf1, 0x0, 0x0, 0x3f, 0xf1, 0x0,
    0x0, 0x3f, 0xf1, 0x0, 0x0, 0x3f, 0xf1, 0x0,
    0x0, 0x3f, 0xf1, 0x0, 0x0, 0x3f, 0xf1, 0x0,

    /* U+00CF "Ï" */
    0x2f, 0xf1, 0x3f, 0xf0, 0x2f, 0xf1, 0x3f, 0xf0,
    0x5, 0x50, 0x15, 0x50, 0x0, 0x0, 0x0, 0x0,
    0x0, 0x3f, 0xf1, 0x0, 0x0, 0x3f, 0xf1, 0x0,
    0x0, 0x3f, 0xf1, 0x0, 0x0, 0x3f, 0xf1, 0x0,
    0x0, 0x3f, 0xf1, 0x0, 0x0, 0x3f, 0xf1, 0x0,
    0x0, 0x3f, 0xf1, 0x0, 0x0, 0x3f, 0xf1, 0x0,
    0x0, 0x3f, 0xf1, 0x0, 0x0, 0x3f, 0xf1, 0x0,
    0x0, 0x3f, 0xf1, 0x0, 0x0, 0x3f, 0xf1, 0x0,
    0x0, 0x3f, 0xf1, 0x0, 0x0, 0x3f, 0xf1, 0x0,
    0x0, 0x3f, 0xf1, 0x0, 0x0, 0x3f, 0xf1, 0x0,

    /* U+00D0 "Ð" */
    0x3, 0xff, 0xff, 0xfe, 0xc8, 0x10, 0x0, 0x3,
    0xff, 0xff, 0xff, 0xff, 0xf5, 0x0, 0x3, 0xff,
    0x43, 0x34, 0x7e, 0xff, 0x40, 0x3, 0xff, 0x10,
    0x0, 0x1, 0xcf, 0xe0, 0x3, 0xff, 0x10, 0x0,
    0x0, 0x2f, 0xf5, 0x3, 0xff, 0x10, 0x0, 0x0,
    0xc, 0xf9, 0x3, 0xff, 0x10, 0x0, 0x0, 0x9,
    0xfc, 0xaf, 0xff, 0xff, 0xff, 0x20, 0x8, 0xfd,
    0xaf, 0xff, 0xff, 0xff, 0x30, 0x7, 0xfd, 0x3,
    0xff, 0x10, 0x0, 0x0, 0x9, 0xfc, 0x3, 0xff,
    0x10, 0x0, 0x0, 0xc, 0xf9, 0x3, 0xff, 0x10,
    0x0, 0x0, 0x2f, 0xf5, 0x3, 0xff, 0x10, 0x0,
    0x1, 0xcf, 0xe0, 0x3, 0xff, 0x43, 0x34, 0x7e,
    0xff, 0x50, 0x3, 0xff, 0xff, 0xff, 0xff, 0xf6,
    0x0, 0x3, 0xff, 0xff, 0xff, 0xd8, 0x10, 0x0,

    /* U+00D1 "Ñ" */
    0x0, 0x0, 0x1, 0x0, 0x1, 0x10, 0x0, 0x0,
    0xa, 0xff, 0x73, 0xe5, 0x0, 0x0, 0x3, 0xf7,
    0x9f, 0xfd, 0x0, 0x0, 0x0, 0x14, 0x0, 0x24,
    0x0, 0x0, 0x0, 0x0, 0x0, 0x0, 0x0, 0x0,
    0x3, 0xff, 0xe0, 0x0, 0x0, 0x6, 0xfd, 0x3f,
    0xff, 0x70, 0x0, 0x0, 0x6f, 0xd3, 0xff, 0xfe,
    0x10, 0x0, 0x6, 0xfd, 0x3f, 0xfd, 0xf8, 0x0,
    0x0, 0x6f, 0xd3, 0xff, 0x5f, 0xf1, 0x0, 0x6,
    0xfd, 0x3f, 0xf1, 0xbf, 0x90, 0x0, 0x6f, 0xd3,
    0xff, 0x13, 0xff, 0x20, 0x6, 0xfd, 0x3f, 0xf1,
    0xa, 0xfa, 0x0, 0x6f, 0xd3, 0xff, 0x10, 0x2f,
    0xf2, 0x6, 0xfd, 0x3f, 0xf1, 0x0, 0x9f, 0xb0,
    0x6f, 0xd3, 0xff, 0x10, 0x1, 0xff, 0x36, 0xfd,
    0x3f, 0xf1, 0x0, 0x8, 0xfc, 0x6f, 0xd3, 0xff,
    0x10, 0x0, 0x1e, 0xfb, 0xfd, 0x3f, 0xf1, 0x0,
    0x0, 0x7f, 0xff, 0xd3, 0xff, 0x10, 0x0, 0x0,
    0xef, 0xfd, 0x3f, 0xf1, 0x0, 0x0, 0x6, 0xff,
    0xd0,

    /* U+00D2 "Ò" */
    0x0, 0x0, 0x7, 0xfc, 0x0, 0x0, 0x0, 0x0,
    0x0, 0x0, 0xc, 0xf3, 0x0, 0x0, 0x0, 0x0,
    0x0, 0x0, 0x2f, 0xa0, 0x0, 0x0, 0x0, 0x0,
    0x0, 0x0, 0x0, 0x0, 0x0, 0x0, 0x0, 0x0,
    0x29, 0xdf, 0xec, 0x81, 0x0, 0x0, 0x0, 0x7f,
    0xff, 0xff, 0xff, 0xf4, 0x0, 0x0, 0x6f, 0xfd,
    0x63, 0x47, 0xef, 0xf3, 0x0, 0x1f, 0xfb, 0x0,
    0x0, 0x1, 0xdf, 0xd0, 0x7, 0xff, 0x10, 0x0,
    0x0, 0x4, 0xff, 0x40, 0xcf, 0xa0, 0x0, 0x0,
    0x0, 0xd, 0xf8, 0xf, 0xf6, 0x0, 0x0, 0x0,
    0x0, 0xaf, 0xb0, 0xff, 0x50, 0x0, 0x0, 0x0,
    0x8, 0xfc, 0xf, 0xf5, 0x0, 0x0, 0x0, 0x0,
    0x8f, 0xc0, 0xff, 0x60, 0x0, 0x0, 0x0, 0xa,
    0xfb, 0xc, 0xfa, 0x0, 0x0, 0x0, 0x0, 0xdf,
    0x90, 0x7f, 0xf1, 0x0, 0x0, 0x0, 0x4f, 0xf4,
    0x2, 0xff, 0xb0, 0x0, 0x0, 0x1d, 0xfd, 0x0,
    0x7, 0xff, 0xd6, 0x34, 0x7e, 0xff, 0x30, 0x0,
    0x7, 0xff, 0xff, 0xff, 0xff, 0x40, 0x0, 0x0,
    0x3, 0x9d, 0xfe, 0xc8, 0x10, 0x0,

    /* U+00D3 "Ó" */
    0x0, 0x0, 0x0, 0x0, 0xff, 0x30, 0x0, 0x0,
    0x0, 0x0, 0x0, 0x7f, 0x90, 0x0, 0x0, 0x0,
    0x0, 0x0, 0xd, 0xd0, 0x0, 0x0, 0x0, 0x0,
    0x0, 0x0, 0x0, 0x0, 0x0, 0x0, 0x0, 0x0,
    0x29, 0xdf, 0xec, 0x81, 0x0, 0x0, 0x0, 0x7f,
    0xff, 0xff, 0xff, 0xf4, 0x0, 0x0, 0x6f, 0xfd,
    0x63, 0x47, 0xef, 0xf3, 0x0, 0x1f, 0xfb, 0x0,
    0x0, 0x1, 0xdf, 0xd0, 0x7, 0xff, 0x10, 0x0,
    0x0, 0x4, 0xff, 0x40, 0xcf, 0xa0, 0x0, 0x0,
    0x0, 0xd, 0xf8, 0xf, 0xf6, 0x0, 0x0, 0x0,
    0x0, 0xaf, 0xb0, 0xff, 0x50, 0x0, 0x0, 0x0,
    0x8, 0xfc, 0xf, 0xf5, 0x0, 0x0, 0x0, 0x0,
    0x8f, 0xc0, 0xff, 0x60, 0x0, 0x0, 0x0, 0xa,
    0xfb, 0xc, 0xfa, 0x0, 0x0, 0x0, 0x0, 0xdf,
    0x90, 0x7f, 0xf1, 0x0, 0x0, 0x0, 0x4f, 0xf4,
    0x2, 0xff, 0xb0, 0x0, 0x0, 0x1d, 0xfd, 0x0,
    0x7, 0xff, 0xd6, 0x34, 0x7e, 0xff, 0x30, 0x0,
    0x7, 0xff, 0xff, 0xff, 0xff, 0x40, 0x0, 0x0,
    0x3, 0x9d, 0xfe, 0xc8, 0x10, 0x0,

    /* U+00D4 "Ô" */
    0x0, 0x0, 0x0, 0x38, 0x81, 0x0, 0x0, 0x0,
    0x0, 0x0, 0xe, 0xff, 0xa0, 0x0, 0x0, 0x0,
    0x0, 0x9, 0xf4, 0x8f, 0x50, 0x0, 0x0, 0x0,
    0x0, 0x75, 0x0, 0x76, 0x0, 0x0, 0x0, 0x0,
    0x0, 0x0, 0x0, 0x0, 0x0, 0x0, 0x0, 0x2,
    0x9d, 0xfe, 0xc8, 0x10, 0x0, 0x0, 0x7, 0xff,
    0xff, 0xff, 0xff, 0x40, 0x0, 0x6, 0xff, 0xd6,
    0x34, 0x7e, 0xff, 0x30, 0x1, 0xff, 0xb0, 0x0,
    0x0, 0x1d, 0xfd, 0x0, 0x7f, 0xf1, 0x0, 0x0,
    0x0, 0x4f, 0xf4, 0xc, 0xfa, 0x0, 0x0, 0x0,
    0x0, 0xdf, 0x80, 0xff, 0x60, 0x0, 0x0, 0x0,
    0xa, 0xfb, 0xf, 0xf5, 0x0, 0x0, 0x0, 0x0,
    0x8f, 0xc0, 0xff, 0x50, 0x0, 0x0, 0x0, 0x8,
    0xfc, 0xf, 0xf6, 0x0, 0x0, 0x0, 0x0, 0xaf,
    0xb0, 0xcf, 0xa0, 0x0, 0x0, 0x0, 0xd, 0xf9,
    0x7, 0xff, 0x10, 0x0, 0x0, 0x4, 0xff, 0x40,
    0x2f, 0xfb, 0x0, 0x0, 0x1, 0xdf, 0xd0, 0x0,
    0x7f, 0xfd, 0x63, 0x47, 0xef, 0xf3, 0x0, 0x0,
    0x7f, 0xff, 0xff, 0xff, 0xf4, 0x0, 0x0, 0x0,
    0x39, 0xdf, 0xec, 0x81, 0x0, 0x0,

    /* U+00D5 "Õ" */
    0x0, 0x0, 0x0, 0x10, 0x0, 0x20, 0x0, 0x0,
    0x0, 0x0, 0xcf, 0xe6, 0x4f, 0x20, 0x0, 0x0,
    0x0, 0x6e, 0x6b, 0xff, 0xb0, 0x0, 0x0, 0x0,
    0x2, 0x30, 0x3, 0x40, 0x0, 0x0, 0x0, 0x0,
    0x0, 0x0, 0x0, 0x0, 0x0, 0x0, 0x0, 0x2,
    0x9d, 0xfe, 0xc8, 0x10, 0x0, 0x0, 0x7, 0xff,
    0xff, 0xff, 0xff, 0x40, 0x0, 0x6, 0xff, 0xd6,
    0x34, 0x7e, 0xff, 0x30, 0x1, 0xff, 0xb0, 0x0,
    0x0, 0x1d, 0xfd, 0x0, 0x7f, 0xf1, 0x0, 0x0,
    0x0, 0x4f, 0xf4, 0xc, 0xfa, 0x0, 0x0, 0x0,
    0x0, 0xdf, 0x80, 0xff, 0x60, 0x0, 0x0, 0x0,
    0xa, 0xfb, 0xf, 0xf5, 0x0, 0x0, 0x0, 0x0,
    0x8f, 0xc0, 0xff, 0x50, 0x0, 0x0, 0x0, 0x8,
    0xfc, 0xf, 0xf6, 0x0, 0x0, 0x0, 0x0, 0xaf,
    0xb0, 0xcf, 0xa0, 0x0, 0x0, 0x0, 0xd, 0xf9,
    0x7, 0xff, 0x10, 0x0, 0x0, 0x4, 0xff, 0x40,
    0x2f, 0xfb, 0x0, 0x0, 0x1, 0xdf, 0xd0, 0x0,
    0x7f, 0xfd, 0x63, 0x47, 0xef, 0xf3, 0x0, 0x0,
    0x7f, 0xff, 0xff, 0xff, 0xf4, 0x0, 0x0, 0x0,
    0x39, 0xdf, 0xec, 0x81, 0x0, 0x0,

    /* U+00D6 "Ö" */
    0x0, 0x0, 0x3f, 0xf0, 0x4f, 0xf0, 0x0, 0x0,
    0x0, 0x3, 0xff, 0x4, 0xff, 0x0, 0x0, 0x0,
    0x0, 0x15, 0x50, 0x15, 0x50, 0x0, 0x0, 0x0,
    0x0, 0x0, 0x0, 0x0, 0x0, 0x0, 0x0, 0x0,
    0x29, 0xdf, 0xec, 0x81, 0x0, 0x0, 0x0, 0x7f,
    0xff, 0xff, 0xff, 0xf4, 0x0, 0x0, 0x6f, 0xfd,
    0x63, 0x47, 0xef, 0xf3, 0x0, 0x1f, 0xfb, 0x0,
    0x0, 0x1, 0xdf, 0xd0, 0x7, 0xff, 0x10, 0x0,
    0x0, 0x4, 0xff, 0x40, 0xcf, 0xa0, 0x0, 0x0,
    0x0, 0xd, 0xf8, 0xf, 0xf6, 0x0, 0x0, 0x0,
    0x0, 0xaf, 0xb0, 0xff, 0x50, 0x0, 0x0, 0x0,
    0x8, 0xfc, 0xf, 0xf5, 0x0, 0x0, 0x0, 0x0,
    0x8f, 0xc0, 0xff, 0x60, 0x0, 0x0, 0x0, 0xa,
    0xfb, 0xc, 0xfa, 0x0, 0x0, 0x0, 0x0, 0xdf,
    0x90, 0x7f, 0xf1, 0x0, 0x0, 0x0, 0x4f, 0xf4,
    0x2, 0xff, 0xb0, 0x0, 0x0, 0x1d, 0xfd, 0x0,
    0x7, 0xff, 0xd6, 0x34, 0x7e, 0xff, 0x30, 0x0,
    0x7, 0xff, 0xff, 0xff, 0xff, 0x40, 0x0, 0x0,
    0x3, 0x9d, 0xfe, 0xc8, 0x10, 0x0,

    /* U+00D7 "×" */
    0x0, 0x0, 0x0, 0x0, 0x0, 0x8, 0xd1, 0x0,
    0x2, 0xe5, 0xc, 0xfc, 0x0, 0x2e, 0xfa, 0x1,
    0xdf, 0xc2, 0xef, 0xb0, 0x0, 0x1d, 0xff, 0xfb,
    0x0, 0x0, 0x3, 0xff, 0xf1, 0x0, 0x0, 0xc,
    0xff, 0xfa, 0x0, 0x0, 0xcf, 0xd4, 0xef, 0x90,
    0xb, 0xfd, 0x10, 0x3f, 0xf9, 0x9, 0xe1, 0x0,
    0x3, 0xf6, 0x0, 0x10, 0x0, 0x0, 0x10,

    /* U+00D8 "Ø" */
    0x0, 0x0, 0x29, 0xdf, 0xec, 0x83, 0xfd, 0x0,
    0x0, 0x7f, 0xff, 0xff, 0xff, 0xff, 0x30, 0x0,
    0x6f, 0xfd, 0x63, 0x47, 0xff, 0xf3, 0x0, 0x1f,
    0xfb, 0x0, 0x0, 0x2f, 0xff, 0xd0, 0x7, 0xff,
    0x10, 0x0, 0xb, 0xf7, 0xff, 0x40, 0xcf, 0xa0,
    0x0, 0x6, 0xf8, 0xd, 0xf8, 0xf, 0xf6, 0x0,
    0x2, 0xfd, 0x0, 0xaf, 0xb0, 0xff, 0x50, 0x0,
    0xcf, 0x30, 0x8, 0xfc, 0xf, 0xf5, 0x0, 0x6f,
    0x80, 0x0, 0x8f, 0xc0, 0xff, 0x60, 0x2f, 0xd0,
    0x0, 0xa, 0xfb, 0xc, 0xfa, 0xc, 0xf3, 0x0,
    0x0, 0xdf, 0x90, 0x7f, 0xf8, 0xf8, 0x0, 0x0,
    0x4f, 0xf4, 0x2, 0xff, 0xfd, 0x0, 0x0, 0x1d,
    0xfd, 0x0, 0x7, 0xff, 0xf6, 0x34, 0x7e, 0xff,
    0x30, 0x0, 0x7f, 0xff, 0xff, 0xff, 0xff, 0x40,
    0x0, 0x2f, 0xd3, 0x9d, 0xfe, 0xc8, 0x10, 0x0,

    /* U+00D9 "Ù" */
    0x0, 0x1, 0xff, 0x30, 0x0, 0x0, 0x0, 0x0,
    0x6, 0xfa, 0x0, 0x0, 0x0, 0x0, 0x0, 0xb,
    0xe1, 0x0, 0x0, 0x0, 0x0, 0x0, 0x0, 0x0,
    0x0, 0x0, 0x8f, 0xc0, 0x0, 0x0, 0x3, 0xff,
    0x18, 0xfc, 0x0, 0x0, 0x0, 0x3f, 0xf1, 0x8f,
    0xc0, 0x0, 0x0, 0x3, 0xff, 0x18, 0xfc, 0x0,
    0x0, 0x0, 0x3f, 0xf1, 0x8f, 0xc0, 0x0, 0x0,
    0x3, 0xff, 0x18, 0xfc, 0x0, 0x0, 0x0, 0x3f,
    0xf1, 0x8f, 0xc0, 0x0, 0x0, 0x3, 0xff, 0x18,
    0xfc, 0x0, 0x0, 0x0, 0x3f, 0xf1, 0x8f, 0xc0,
    0x0, 0x0, 0x3, 0xff, 0x18, 0xfc, 0x0, 0x0,
    0x0, 0x3f, 0xf1, 0x7f, 0xd0, 0x0, 0x0, 0x3,
    0xff, 0x5, 0xff, 0x0, 0x0, 0x0, 0x6f, 0xe0,
    0x1f, 0xf7, 0x0, 0x0, 0xd, 0xfa, 0x0, 0x9f,
    0xfa, 0x43, 0x6d, 0xff, 0x30, 0x0, 0xbf, 0xff,
    0xff, 0xff, 0x60, 0x0, 0x0, 0x6c, 0xef, 0xd9,
    0x20, 0x0,

    /* U+00DA "Ú" */
    0x0, 0x0, 0x0, 0x9f, 0xa0, 0x0, 0x0, 0x0,
    0x0, 0x1f, 0xe1, 0x0, 0x0, 0x0, 0x0, 0x7,
    0xf5, 0x0, 0x0, 0x0, 0x0, 0x0, 0x0, 0x0,
    0x0, 0x0, 0x8f, 0xc0, 0x0, 0x0, 0x3, 0xff,
    0x18, 0xfc, 0x0, 0x0, 0x0, 0x3f, 0xf1, 0x8f,
    0xc0, 0x0, 0x0, 0x3, 0xff, 0x18, 0xfc, 0x0,
    0x0, 0x0, 0x3f, 0xf1, 0x8f, 0xc0, 0x0, 0x0,
    0x3, 0xff, 0x18, 0xfc, 0x0, 0x0, 0x0, 0x3f,
    0xf1, 0x8f, 0xc0, 0x0, 0x0, 0x3, 0xff, 0x18,
    0xfc, 0x0, 0x0, 0x0, 0x3f, 0xf1, 0x8f, 0xc0,
    0x0, 0x0, 0x3, 0xff, 0x18, 0xfc, 0x0, 0x0,
    0x0, 0x3f, 0xf1, 0x7f, 0xd0, 0x0, 0x0, 0x3,
    0xff, 0x5, 0xff, 0x0, 0x0, 0x0, 0x6f, 0xe0,
    0x1f, 0xf7, 0x0, 0x0, 0xd, 0xfa, 0x0, 0x9f,
    0xfa, 0x43, 0x6d, 0xff, 0x30, 0x0, 0xbf, 0xff,
    0xff, 0xff, 0x60, 0x0, 0x0, 0x6c, 0xef, 0xd9,
    0x20, 0x0,

    /* U+00DB "Û" */
    0x0, 0x0, 0x7, 0x84, 0x0, 0x0, 0x0, 0x0,
    0x8, 0xff, 0xf2, 0x0, 0x0, 0x0, 0x2, 0xfb,
    0x2f, 0xb0, 0x0, 0x0, 0x0, 0x57, 0x0, 0x48,
    0x10, 0x0, 0x0, 0x0, 0x0, 0x0, 0x0, 0x0,
    0x8, 0xfc, 0x0, 0x0, 0x0, 0x3f, 0xf1, 0x8f,
    0xc0, 0x0, 0x0, 0x3, 0xff, 0x18, 0xfc, 0x0,
    0x0, 0x0, 0x3f, 0xf1, 0x8f, 0xc0, 0x0, 0x0,
    0x3, 0xff, 0x18, 0xfc, 0x0, 0x0, 0x0, 0x3f,
    0xf1, 0x8f, 0xc0, 0x0, 0x0, 0x3, 0xff, 0x18,
    0xfc, 0x0, 0x0, 0x0, 0x3f, 0xf1, 0x8f, 0xc0,
    0x0, 0x0, 0x3, 0xff, 0x18, 0xfc, 0x0, 0x0,
    0x0, 0x3f, 0xf1, 0x8f, 0xc0, 0x0, 0x0, 0x3,
    0xff, 0x17, 0xfd, 0x0, 0x0, 0x0, 0x3f, 0xf0,
    0x5f, 0xf0, 0x0, 0x0, 0x6, 0xfe, 0x1, 0xff,
    0x70, 0x0, 0x0, 0xdf, 0xa0, 0x9, 0xff, 0xa4,
    0x36, 0xdf, 0xf3, 0x0, 0xb, 0xff, 0xff, 0xff,
    0xf6, 0x0, 0x0, 0x6, 0xce, 0xfd, 0x92, 0x0,
    0x0,

    /* U+00DC "Ü" */
    0x0, 0xc, 0xf7, 0xd, 0xf6, 0x0, 0x0, 0x0,
    0xcf, 0x70, 0xdf, 0x60, 0x0, 0x0, 0x4, 0x52,
    0x4, 0x52, 0x0, 0x0, 0x0, 0x0, 0x0, 0x0,
    0x0, 0x0, 0x8f, 0xc0, 0x0, 0x0, 0x3, 0xff,
    0x18, 0xfc, 0x0, 0x0, 0x0, 0x3f, 0xf1, 0x8f,
    0xc0, 0x0, 0x0, 0x3, 0xff, 0x18, 0xfc, 0x0,
    0x0, 0x0, 0x3f, 0xf1, 0x8f, 0xc0, 0x0, 0x0,
    0x3, 0xff, 0x18, 0xfc, 0x0, 0x0, 0x0, 0x3f,
    0xf1, 0x8f, 0xc0, 0x0, 0x0, 0x3, 0xff, 0x18,
    0xfc, 0x0, 0x0, 0x0, 0x3f, 0xf1, 0x8f, 0xc0,
    0x0, 0x0, 0x3, 0xff, 0x18, 0xfc, 0x0, 0x0,
    0x0, 0x3f, 0xf1, 0x7f, 0xd0, 0x0, 0x0, 0x3,
    0xff, 0x5, 0xff, 0x0, 0x0, 0x0, 0x6f, 0xe0,
    0x1f, 0xf7, 0x0, 0x0, 0xd, 0xfa, 0x0, 0x9f,
    0xfa, 0x43, 0x6d, 0xff, 0x30, 0x0, 0xbf, 0xff,
    0xff, 0xff, 0x60, 0x0, 0x0, 0x6c, 0xef, 0xd9,
    0x20, 0x0,

    /* U+00DD "Ý" */
    0x0, 0x0, 0x0, 0xa, 0xf9, 0x0, 0x0, 0x0,
    0x0, 0x0, 0x1f, 0xe0, 0x0, 0x0, 0x0, 0x0,
    0x0, 0x8f, 0x40, 0x0, 0x0, 0x0, 0x0, 0x0,
    0x0, 0x0, 0x0, 0x0, 0xd, 0xfb, 0x0, 0x0,
    0x0, 0x3f, 0xf5, 0x4, 0xff, 0x40, 0x0, 0x0,
    0xcf, 0xc0, 0x0, 0xcf, 0xc0, 0x0, 0x4, 0xff,
    0x40, 0x0, 0x3f, 0xf5, 0x0, 0xd, 0xfb, 0x0,
    0x0, 0xa, 0xfd, 0x0, 0x5f, 0xf2, 0x0, 0x0,
    0x2, 0xff, 0x50, 0xdf, 0x90, 0x0, 0x0, 0x0,
    0x9f, 0xd7, 0xff, 0x10, 0x0, 0x0, 0x0, 0x1f,
    0xff, 0xf8, 0x0, 0x0, 0x0, 0x0, 0x7, 0xff,
    0xe0, 0x0, 0x0, 0x0, 0x0, 0x0, 0xff, 0x70,
    0x0, 0x0, 0x0, 0x0, 0x0, 0xef, 0x60, 0x0,
    0x0, 0x0, 0x0, 0x0, 0xef, 0x60, 0x0, 0x0,
    0x0, 0x0, 0x0, 0xef, 0x60, 0x0, 0x0, 0x0,
    0x0, 0x0, 0xef, 0x60, 0x0, 0x0, 0x0, 0x0,
    0x0, 0xef, 0x60, 0x0, 0x0, 0x0, 0x0, 0x0,
    0xef, 0x60, 0x0, 0x0,

    /* U+00DE "Þ" */
    0x3f, 0xf1, 0x0, 0x0, 0x0, 0x0, 0x3f, 0xf1,
    0x0, 0x0, 0x0, 0x0, 0x3f, 0xf1, 0x0, 0x0,
    0x0, 0x0, 0x3f, 0xff, 0xff, 0xfc, 0x70, 0x0,
    0x3f, 0xff, 0xff, 0xff, 0xfc, 0x0, 0x3f, 0xf4,
    0x33, 0x49, 0xff, 0x90, 0x3f, 0xf1, 0x0, 0x0,
    0x9f, 0xf0, 0x3f, 0xf1, 0x0, 0x0, 0x4f, 0xf1,
    0x3f, 0xf1, 0x0, 0x0, 0x4f, 0xf1, 0x3f, 0xf1,
    0x0, 0x0, 0x8f, 0xf0, 0x3f, 0xf3, 0x22, 0x48,
    0xff, 0x90, 0x3f, 0xff, 0xff, 0xff, 0xfc, 0x0,
    0x3f, 0xff, 0xff, 0xfc, 0x70, 0x0, 0x3f, 0xf1,
    0x0, 0x0, 0x0, 0x0, 0x3f, 0xf1, 0x0, 0x0,
    0x0, 0x0, 0x3f, 0xf1, 0x0, 0x0, 0x0, 0x0,

    /* U+00DF "ß" */
    0x0, 0x29, 0xef, 0xea, 0x20, 0x0, 0x3, 0xff,
    0xff, 0xff, 0xf3, 0x0, 0xd, 0xfd, 0x42, 0x4e,
    0xfc, 0x0, 0x3f, 0xf3, 0x0, 0x5, 0xff, 0x0,
    0x5f, 0xe0, 0x0, 0x2, 0xff, 0x0, 0x6f, 0xc0,
    0x0, 0x6, 0xfd, 0x0, 0x6f, 0xc0, 0x1, 0x5e,
    0xf4, 0x0, 0x6f, 0xc0, 0x9f, 0xff, 0x60, 0x0,
    0x6f, 0xc0, 0x9f, 0xff, 0xfa, 0x0, 0x6f, 0xc0,
    0x0, 0x17, 0xff, 0x80, 0x6f, 0xc0, 0x0, 0x0,
    0x8f, 0xe0, 0x6f, 0xc0, 0x0, 0x0, 0x5f, 0xf0,
    0x6f, 0xc0, 0x0, 0x0, 0x8f, 0xe0, 0x6f, 0xc0,
    0x11, 0x38, 0xff, 0x90, 0x6f, 0xc0, 0xcf, 0xff,
    0xfc, 0x10, 0x6f, 0xc0, 0xcf, 0xfc, 0x70, 0x0,

    /* U+00E0 "à" */
    0x0, 0x5, 0xfd, 0x0, 0x0, 0x0, 0x0, 0x0,
    0xbf, 0x50, 0x0, 0x0, 0x0, 0x0, 0x2e, 0xb0,
    0x0, 0x0, 0x0, 0x0, 0x0, 0x0, 0x0, 0x0,
    0x0, 0x7, 0xdf, 0xfc, 0x50, 0x0, 0x0, 0xbf,
    0xff, 0xff, 0xf8, 0x0, 0x7, 0xff, 0x40, 0x19,
    0xff, 0x10, 0xa, 0xd6, 0x0, 0x0, 0xef, 0x60,
    0x0, 0x0, 0x0, 0x3, 0xdf, 0x70, 0x0, 0x5,
    0xad, 0xff, 0xff, 0x80, 0x3, 0xef, 0xfd, 0xa7,
    0xcf, 0x80, 0xd, 0xfb, 0x10, 0x0, 0xcf, 0x80,
    0xf, 0xf3, 0x0, 0x1, 0xff, 0x80, 0xf, 0xf8,
    0x0, 0x2c, 0xff, 0xa1, 0xa, 0xff, 0xee, 0xfe,
    0x8f, 0xf8, 0x0, 0x7d, 0xfe, 0xa2, 0xb, 0xf7,

    /* U+00E1 "á" */
    0x0, 0x0, 0x0, 0xef, 0x40, 0x0, 0x0, 0x0,
    0x5, 0xfa, 0x0, 0x0, 0x0, 0x0, 0xc, 0xe1,
    0x0, 0x0, 0x0, 0x0, 0x0, 0x0, 0x0, 0x0,
    0x0, 0x7, 0xdf, 0xfc, 0x50, 0x0, 0x0, 0xbf,
    0xff, 0xff, 0xf8, 0x0, 0x7, 0xff, 0x40, 0x19,
    0xff, 0x10, 0xa, 0xd6, 0x0, 0x0, 0xef, 0x60,
    0x0, 0x0, 0x0, 0x3, 0xdf, 0x70, 0x0, 0x5,
    0xad, 0xff, 0xff, 0x80, 0x3, 0xef, 0xfd, 0xa7,
    0xcf, 0x80, 0xd, 0xfb, 0x10, 0x0, 0xcf, 0x80,
    0xf, 0xf3, 0x0, 0x1, 0xff, 0x80, 0xf, 0xf8,
    0x0, 0x2c, 0xff, 0xa1, 0xa, 0xff, 0xee, 0xfe,
    0x8f, 0xf8, 0x0, 0x7d, 0xfe, 0xa2, 0xb, 0xf7,

    /* U+00E2 "â" */
    0x0, 0x0, 0x28, 0x82, 0x0, 0x0, 0x0, 0x0,
    0xce, 0xeb, 0x0, 0x0, 0x0, 0x6, 0xf4, 0x5f,
    0x50, 0x0, 0x0, 0x9, 0x70, 0x8, 0x80, 0x0,
    0x0, 0x0, 0x0, 0x0, 0x0, 0x0, 0x0, 0x7,
    0xdf, 0xfc, 0x50, 0x0, 0x0, 0xbf, 0xff, 0xff,
    0xf8, 0x0, 0x7, 0xff, 0x40, 0x19, 0xff, 0x10,
    0xa, 0xd6, 0x0, 0x0, 0xef, 0x60, 0x0, 0x0,
    0x0, 0x3, 0xdf, 0x70, 0x0, 0x5, 0xad, 0xff,
    0xff, 0x80, 0x3, 0xef, 0xfd, 0xa7, 0xcf, 0x80,
    0xd, 0xfb, 0x10, 0x0, 0xcf, 0x80, 0xf, 0xf3,
    0x0, 0x1, 0xff, 0x80, 0xf, 0xf8, 0x0, 0x2c,
    0xff, 0xa1, 0xa, 0xff, 0xee, 0xfe, 0x8f, 0xf8,
    0x0, 0x7d, 0xfe, 0xa2, 0xb, 0xf7,

    /* U+00E3 "ã" */
    0x0, 0x9, 0xfd, 0x63, 0xf4, 0x0, 0x0, 0x4f,
    0x8c, 0xff, 0xc0, 0x0, 0x0, 0x24, 0x0, 0x34,
    0x0, 0x0, 0x0, 0x0, 0x0, 0x0, 0x0, 0x0,
    0x0, 0x7, 0xdf, 0xfc, 0x50, 0x0, 0x0, 0xbf,
    0xff, 0xff, 0xf8, 0x0, 0x7, 0xff, 0x40, 0x19,
    0xff, 0x10, 0xa, 0xd6, 0x0, 0x0, 0xef, 0x60,
    0x0, 0x0, 0x0, 0x3, 0xdf, 0x70, 0x0, 0x5,
    0xad, 0xff, 0xff, 0x80, 0x3, 0xef, 0xfd, 0xa7,
    0xcf, 0x80, 0xd, 0xfb, 0x10, 0x0, 0xcf, 0x80,
    0xf, 0xf3, 0x0, 0x1, 0xff, 0x80, 0xf, 0xf8,
    0x0, 0x2c, 0xff, 0xa1, 0xa, 0xff, 0xee, 0xfe,
    0x8f, 0xf8, 0x0, 0x7d, 0xfe, 0xa2, 0xb, 0xf7,

    /* U+00E4 "ä" */
    0x0, 0x1f, 0xf2, 0x2f, 0xf1, 0x0, 0x0, 0x1f,
    0xf2, 0x2f, 0xf1, 0x0, 0x0, 0x5, 0x50, 0x5,
    0x50, 0x0, 0x0, 0x0, 0x0, 0x0, 0x0, 0x0,
    0x0, 0x7, 0xdf, 0xfc, 0x50, 0x0, 0x0, 0xbf,
    0xff, 0xff, 0xf8, 0x0, 0x7, 0xff, 0x40, 0x19,
    0xff, 0x10, 0xa, 0xd6, 0x0, 0x0, 0xef, 0x60,
    0x0, 0x0, 0x0, 0x3, 0xdf, 0x70, 0x0, 0x5,
    0xad, 0xff, 0xff, 0x80, 0x3, 0xef, 0xfd, 0xa7,
    0xcf, 0x80, 0xd, 0xfb, 0x10, 0x0, 0xcf, 0x80,
    0xf, 0xf3, 0x0, 0x1, 0xff, 0x80, 0xf, 0xf8,
    0x0, 0x2c, 0xff, 0xa1, 0xa, 0xff, 0xee, 0xfe,
    0x8f, 0xf8, 0x0, 0x7d, 0xfe, 0xa2, 0xb, 0xf7,

    /* U+00E5 "å" */
    0x0, 0x0, 0x0, 0x0, 0x0, 0x0, 0x0, 0x0,
    0x4e, 0xe4, 0x0, 0x0, 0x0, 0x0, 0xe7, 0x8d,
    0x0, 0x0, 0x0, 0x0, 0xf5, 0x6e, 0x0, 0x0,
    0x0, 0x0, 0x7f, 0xf6, 0x0, 0x0, 0x0, 0x0,
    0x1, 0x10, 0x0, 0x0, 0x0, 0x7, 0xdf, 0xfc,
    0x50, 0x0, 0x0, 0xbf, 0xff, 0xff, 0xf8, 0x0,
    0x7, 0xff, 0x40, 0x19, 0xff, 0x10, 0xa, 0xd6,
    0x0, 0x0, 0xef, 0x60, 0x0, 0x0, 0x0, 0x3,
    0xdf, 0x70, 0x0, 0x5, 0xad, 0xff, 0xff, 0x80,
    0x3, 0xef, 0xfd, 0xa7, 0xcf, 0x80, 0xd, 0xfb,
    0x10, 0x0, 0xcf, 0x80, 0xf, 0xf3, 0x0, 0x1,
    0xff, 0x80, 0xf, 0xf8, 0x0, 0x2c, 0xff, 0xa1,
    0xa, 0xff, 0xee, 0xfe, 0x8f, 0xf8, 0x0, 0x7d,
    0xfe, 0xa2, 0xb, 0xf7,

    /* U+00E6 "æ" */
    0x0, 0x7, 0xdf, 0xfc, 0x50, 0x18, 0xdf, 0xe9,
    0x20, 0x0, 0xb, 0xff, 0xff, 0xff, 0xae, 0xff,
    0xff, 0xfe, 0x30, 0x7, 0xff, 0x50, 0x19, 0xff,
    0xfd, 0x30, 0x2c, 0xfd, 0x0, 0xad, 0x70, 0x0,
    0xf, 0xff, 0x20, 0x0, 0x1f, 0xf4, 0x0, 0x0,
    0x0, 0x0, 0xff, 0xf0, 0x0, 0x0, 0xcf, 0x80,
    0x0, 0x49, 0xce, 0xff, 0xff, 0xff, 0xff, 0xff,
    0xfa, 0x3, 0xef, 0xff, 0xdb, 0xff, 0xfc, 0xcc,
    0xcc, 0xcc, 0x80, 0xdf, 0xb2, 0x0, 0xf, 0xfc,
    0x0, 0x0, 0x0, 0x0, 0x1f, 0xf3, 0x0, 0x0,
    0xff, 0xf1, 0x0, 0x0, 0x89, 0x30, 0xff, 0x80,
    0x1, 0xbf, 0xff, 0xc1, 0x0, 0x8f, 0xf1, 0xa,
    0xff, 0xed, 0xff, 0x72, 0xef, 0xfd, 0xff, 0xf4,
    0x0, 0x7, 0xdf, 0xeb, 0x40, 0x1, 0x8d, 0xfe,
    0xa2, 0x0,

    /* U+00E7 "ç" */
    0x0, 0x4, 0xbe, 0xfd, 0x80, 0x0, 0x0, 0x7f,
    0xff, 0xff, 0xfd, 0x10, 0x3, 0xff, 0x92, 0x15,
    0xff, 0x90, 0xb, 0xfc, 0x0, 0x0, 0x6f, 0xf0,
    0xf, 0xf6, 0x0, 0x0, 0x4, 0x40, 0x1f, 0xf3,
    0x0, 0x0, 0x0, 0x0, 0x1f, 0xf3, 0x0, 0x0,
    0x0, 0x0, 0xf, 0xf6, 0x0, 0x0, 0x16, 0x60,
    0xb, 0xfc, 0x0, 0x0, 0x7f, 0xe0, 0x4, 0xff,
    0x91, 0x16, 0xff, 0x80, 0x0, 0x7f, 0xff, 0xff,
    0xfc, 0x0, 0x0, 0x4, 0xbf, 0xfd, 0x70, 0x0,
    0x0, 0x0, 0xe, 0xc4, 0x0, 0x0, 0x0, 0x0,
    0x3, 0x8f, 0x30, 0x0, 0x0, 0x3, 0xb3, 0x3f,
    0x60, 0x0, 0x0, 0x1, 0xdf, 0xfc, 0x10, 0x0,
    0x0, 0x0, 0x3, 0x20, 0x0, 0x0,

    /* U+00E8 "è" */
    0x0, 0x2, 0xff, 0x10, 0x0, 0x0, 0x0, 0x0,
    0x8f, 0x80, 0x0, 0x0, 0x0, 0x0, 0xd, 0xe0,
    0x0, 0x0, 0x0, 0x0, 0x0, 0x0, 0x0, 0x0,
    0x0, 0x4, 0xbe, 0xfc, 0x60, 0x0, 0x0, 0x8f,
    0xff, 0xff, 0xfa, 0x0, 0x4, 0xff, 0x81, 0x6,
    0xff, 0x50, 0xb, 0xfa, 0x0, 0x0, 0x8f, 0xc0,
    0xf, 0xf5, 0x0, 0x0, 0x3f, 0xf0, 0x1f, 0xff,
    0xff, 0xff, 0xff, 0xf2, 0x1f, 0xfd, 0xcc, 0xcc,
    0xcc, 0xc2, 0xf, 0xf5, 0x0, 0x0, 0x0, 0x0,
    0xb, 0xfa, 0x0, 0x0, 0x49, 0x80, 0x4, 0xff,
    0x82, 0x4, 0xef, 0x80, 0x0, 0x8f, 0xff, 0xff,
    0xfc, 0x0, 0x0, 0x4, 0xbe, 0xfc, 0x70, 0x0,

    /* U+00E9 "é" */
    0x0, 0x0, 0x0, 0xbf, 0x80, 0x0, 0x0, 0x0,
    0x2, 0xfd, 0x0, 0x0, 0x0, 0x0, 0x9, 0xf3,
    0x0, 0x0, 0x0, 0x0, 0x0, 0x0, 0x0, 0x0,
    0x0, 0x4, 0xbe, 0xfc, 0x60, 0x0, 0x0, 0x8f,
    0xff, 0xff, 0xfa, 0x0, 0x4, 0xff, 0x81, 0x6,
    0xff, 0x50, 0xb, 0xfa, 0x0, 0x0, 0x8f, 0xc0,
    0xf, 0xf5, 0x0, 0x0, 0x3f, 0xf0, 0x1f, 0xff,
    0xff, 0xff, 0xff, 0xf2, 0x1f, 0xfd, 0xcc, 0xcc,
    0xcc, 0xc2, 0xf, 0xf5, 0x0, 0x0, 0x0, 0x0,
    0xb, 0xfa, 0x0, 0x0, 0x49, 0x80, 0x4, 0xff,
    0x82, 0x4, 0xef, 0x80, 0x0, 0x8f, 0xff, 0xff,
    0xfc, 0x0, 0x0, 0x4, 0xbe, 0xfc, 0x70, 0x0,

    /* U+00EA "ê" */
    0x0, 0x0, 0x17, 0x83, 0x0, 0x0, 0x0, 0x0,
    0x9f, 0xde, 0x0, 0x0, 0x0, 0x3, 0xf7, 0x2f,
    0x80, 0x0, 0x0, 0x7, 0xa0, 0x7, 0xa0, 0x0,
    0x0, 0x0, 0x0, 0x0, 0x0, 0x0, 0x0, 0x4,
    0xbe, 0xfc, 0x60, 0x0, 0x0, 0x8f, 0xff, 0xff,
    0xfa, 0x0, 0x4, 0xff, 0x81, 0x6, 0xff, 0x50,
    0xb, 0xfa, 0x0, 0x0, 0x8f, 0xc0, 0xf, 0xf5,
    0x0, 0x0, 0x3f, 0xf0, 0x1f, 0xff, 0xff, 0xff,
    0xff, 0xf2, 0x1f, 0xfd, 0xcc, 0xcc, 0xcc, 0xc2,
    0xf, 0xf5, 0x0, 0x0, 0x0, 0x0, 0xb, 0xfa,
    0x0, 0x0, 0x49, 0x80, 0x4, 0xff, 0x82, 0x4,
    0xef, 0x80, 0x0, 0x8f, 0xff, 0xff, 0xfc, 0x0,
    0x0, 0x4, 0xbe, 0xfc, 0x70, 0x0,

    /* U+00EB "ë" */
    0x0, 0xe, 0xf5, 0xf, 0xf4, 0x0, 0x0, 0xe,
    0xf5, 0xf, 0xf4, 0x0, 0x0, 0x4, 0x51, 0x5,
    0x51, 0x0, 0x0, 0x0, 0x0, 0x0, 0x0, 0x0,
    0x0, 0x4, 0xbe, 0xfc, 0x60, 0x0, 0x0, 0x8f,
    0xff, 0xff, 0xfa, 0x0, 0x4, 0xff, 0x81, 0x6,
    0xff, 0x50, 0xb, 0xfa, 0x0, 0x0, 0x8f, 0xc0,
    0xf, 0xf5, 0x0, 0x0, 0x3f, 0xf0, 0x1f, 0xff,
    0xff, 0xff, 0xff, 0xf2, 0x1f, 0xfd, 0xcc, 0xcc,
    0xcc, 0xc2, 0xf, 0xf5, 0x0, 0x0, 0x0, 0x0,
    0xb, 0xfa, 0x0, 0x0, 0x49, 0x80, 0x4, 0xff,
    0x82, 0x4, 0xef, 0x80, 0x0, 0x8f, 0xff, 0xff,
    0xfc, 0x0, 0x0, 0x4, 0xbe, 0xfc, 0x70, 0x0,

    /* U+00EC "ì" */
    0xaf, 0x90, 0x1e, 0xf1, 0x5, 0xf7, 0x0, 0x0,
    0x6, 0xfc, 0x6, 0xfc, 0x6, 0xfc, 0x6, 0xfc,
    0x6, 0xfc, 0x6, 0xfc, 0x6, 0xfc, 0x6, 0xfc,
    0x6, 0xfc, 0x6, 0xfc, 0x6, 0xfc, 0x6, 0xfc,

    /* U+00ED "í" */
    0x3, 0xff, 0x10, 0xaf, 0x60, 0x1e, 0xb0, 0x0,
    0x0, 0x0, 0x6f, 0xc0, 0x6, 0xfc, 0x0, 0x6f,
    0xc0, 0x6, 0xfc, 0x0, 0x6f, 0xc0, 0x6, 0xfc,
    0x0, 0x6f, 0xc0, 0x6, 0xfc, 0x0, 0x6f, 0xc0,
    0x6, 0xfc, 0x0, 0x6f, 0xc0, 0x6, 0xfc, 0x0,

    /* U+00EE "î" */
    0x0, 0xdc, 0xf4, 0x0, 0xad, 0x8, 0xe1, 0x17,
    0x30, 0x7, 0x40, 0x0, 0x0, 0x0, 0x0, 0x6f,
    0xc0, 0x0, 0x6, 0xfc, 0x0, 0x0, 0x6f, 0xc0,
    0x0, 0x6, 0xfc, 0x0, 0x0, 0x6f, 0xc0, 0x0,
    0x6, 0xfc, 0x0, 0x0, 0x6f, 0xc0, 0x0, 0x6,
    0xfc, 0x0, 0x0, 0x6f, 0xc0, 0x0, 0x6, 0xfc,
    0x0, 0x0, 0x6f, 0xc0, 0x0, 0x6, 0xfc, 0x0,

    /* U+00EF "ï" */
    0xbf, 0x4e, 0xf1, 0xbf, 0x4e, 0xf1, 0x35, 0x14,
    0x50, 0x0, 0x0, 0x0, 0x6, 0xfc, 0x0, 0x6,
    0xfc, 0x0, 0x6, 0xfc, 0x0, 0x6, 0xfc, 0x0,
    0x6, 0xfc, 0x0, 0x6, 0xfc, 0x0, 0x6, 0xfc,
    0x0, 0x6, 0xfc, 0x0, 0x6, 0xfc, 0x0, 0x6,
    0xfc, 0x0, 0x6, 0xfc, 0x0, 0x6, 0xfc, 0x0,

    /* U+00F0 "ð" */
    0x0, 0x0, 0x0, 0x0, 0x0, 0x0, 0x0, 0x1,
    0xeb, 0x60, 0x0, 0x51, 0x0, 0x4, 0xff, 0xff,
    0xce, 0xf7, 0x0, 0x0, 0x9, 0xff, 0xfe, 0x40,
    0x0, 0x0, 0x6f, 0xdf, 0xfe, 0x0, 0x0, 0x0,
    0x14, 0x0, 0xbf, 0x70, 0x0, 0x6, 0xcf, 0xfc,
    0x9f, 0xc0, 0x0, 0xaf, 0xff, 0xff, 0xff, 0xf1,
    0x6, 0xff, 0x82, 0x15, 0xef, 0xf4, 0xd, 0xfa,
    0x0, 0x0, 0x4f, 0xf7, 0xf, 0xf5, 0x0, 0x0,
    0xf, 0xfd, 0x1f, 0xf3, 0x0, 0x0, 0xe, 0xf7,
    0xf, 0xf5, 0x0, 0x0, 0xf, 0xf5, 0xd, 0xfa,
    0x0, 0x0, 0x5f, 0xf2, 0x6, 0xff, 0x82, 0x15,
    0xef, 0xb0, 0x0, 0xaf, 0xff, 0xff, 0xfe, 0x10,
    0x0, 0x6, 0xce, 0xfd, 0x81, 0x0,

    /* U+00F1 "ñ" */
    0x0, 0x6e, 0xe8, 0x3d, 0x80, 0x0, 0xfa, 0xaf,
    0xfe, 0x20, 0x0, 0x50, 0x2, 0x41, 0x0, 0x0,
    0x0, 0x0, 0x0, 0x0, 0x6f, 0x91, 0xaf, 0xfb,
    0x20, 0x6f, 0xad, 0xff, 0xff, 0xe1, 0x6f, 0xfc,
    0x20, 0x4f, 0xf8, 0x6f, 0xf2, 0x0, 0x9, 0xfc,
    0x6f, 0xe0, 0x0, 0x6, 0xfd, 0x6f, 0xc0, 0x0,
    0x6, 0xfd, 0x6f, 0xc0, 0x0, 0x6, 0xfd, 0x6f,
    0xc0, 0x0, 0x6, 0xfd, 0x6f, 0xc0, 0x0, 0x6,
    0xfd, 0x6f, 0xc0, 0x0, 0x6, 0xfd, 0x6f, 0xc0,
    0x0, 0x6, 0xfd, 0x6f, 0xc0, 0x0, 0x6, 0xfd,

    /* U+00F2 "ò" */
    0x0, 0x2, 0xff, 0x10, 0x0, 0x0, 0x0, 0x0,
    0x8f, 0x80, 0x0, 0x0, 0x0, 0x0, 0xd, 0xe0,
    0x0, 0x0, 0x0, 0x0, 0x0, 0x0, 0x0, 0x0,
    0x0, 0x4, 0xbe, 0xfd, 0x70, 0x0, 0x0, 0x7f,
    0xff, 0xff, 0xfc, 0x0, 0x4, 0xff, 0x92, 0x15,
    0xff, 0x90, 0xb, 0xfc, 0x0, 0x0, 0x7f, 0xf1,
    0xf, 0xf6, 0x0, 0x0, 0xf, 0xf5, 0x1f, 0xf3,
    0x0, 0x0, 0xe, 0xf6, 0x1f, 0xf3, 0x0, 0x0,
    0xe, 0xf6, 0xf, 0xf6, 0x0, 0x0, 0xf, 0xf5,
    0xb, 0xfc, 0x0, 0x0, 0x6f, 0xf0, 0x4, 0xff,
    0x91, 0x15, 0xff, 0x90, 0x0, 0x7f, 0xff, 0xff,
    0xfc, 0x0, 0x0, 0x4, 0xbe, 0xfd, 0x70, 0x0,

    /* U+00F3 "ó" */
    0x0, 0x0, 0x0, 0xbf, 0x80, 0x0, 0x0, 0x0,
    0x2, 0xfd, 0x0, 0x0, 0x0, 0x0, 0x9, 0xf3,
    0x0, 0x0, 0x0, 0x0, 0x0, 0x0, 0x0, 0x0,
    0x0, 0x4, 0xbe, 0xfd, 0x70, 0x0, 0x0, 0x7f,
    0xff, 0xff, 0xfc, 0x0, 0x4, 0xff, 0x92, 0x15,
    0xff, 0x90, 0xb, 0xfc, 0x0, 0x0, 0x7f, 0xf1,
    0xf, 0xf6, 0x0, 0x0, 0xf, 0xf5, 0x1f, 0xf3,
    0x0, 0x0, 0xe, 0xf6, 0x1f, 0xf3, 0x0, 0x0,
    0xe, 0xf6, 0xf, 0xf6, 0x0, 0x0, 0xf, 0xf5,
    0xb, 0xfc, 0x0, 0x0, 0x6f, 0xf0, 0x4, 0xff,
    0x91, 0x15, 0xff, 0x90, 0x0, 0x7f, 0xff, 0xff,
    0xfc, 0x0, 0x0, 0x4, 0xbe, 0xfd, 0x70, 0x0,

    /* U+00F4 "ô" */
    0x0, 0x0, 0x17, 0x83, 0x0, 0x0, 0x0, 0x0,
    0x9f, 0xde, 0x0, 0x0, 0x0, 0x3, 0xf7, 0x2f,
    0x80, 0x0, 0x0, 0x7, 0x90, 0x6, 0xa0, 0x0,
    0x0, 0x0, 0x0, 0x0, 0x0, 0x0, 0x0, 0x4,
    0xbe, 0xfd, 0x70, 0x0, 0x0, 0x7f, 0xff, 0xff,
    0xfc, 0x0, 0x4, 0xff, 0x92, 0x15, 0xff, 0x90,
    0xb, 0xfc, 0x0, 0x0, 0x7f, 0xf1, 0xf, 0xf6,
    0x0, 0x0, 0xf, 0xf5, 0x1f, 0xf3, 0x0, 0x0,
    0xe, 0xf6, 0x1f, 0xf3, 0x0, 0x0, 0xe, 0xf6,
    0xf, 0xf6, 0x0, 0x0, 0xf, 0xf5, 0xb, 0xfc,
    0x0, 0x0, 0x6f, 0xf0, 0x4, 0xff, 0x91, 0x15,
    0xff, 0x90, 0x0, 0x7f, 0xff, 0xff, 0xfc, 0x0,
    0x0, 0x4, 0xbe, 0xfd, 0x70, 0x0,

    /* U+00F5 "õ" */
    0x0, 0x6, 0xee, 0x73, 0xd7, 0x0, 0x0, 0x1f,
    0xaa, 0xff, 0xe1, 0x0, 0x0, 0x15, 0x0, 0x24,
    0x10, 0x0, 0x0, 0x0, 0x0, 0x0, 0x0, 0x0,
    0x0, 0x4, 0xbe, 0xfd, 0x70, 0x0, 0x0, 0x7f,
    0xff, 0xff, 0xfc, 0x0, 0x4, 0xff, 0x92, 0x15,
    0xff, 0x90, 0xb, 0xfc, 0x0, 0x0, 0x7f, 0xf1,
    0xf, 0xf6, 0x0, 0x0, 0xf, 0xf5, 0x1f, 0xf3,
    0x0, 0x0, 0xe, 0xf6, 0x1f, 0xf3, 0x0, 0x0,
    0xe, 0xf6, 0xf, 0xf6, 0x0, 0x0, 0xf, 0xf5,
    0xb, 0xfc, 0x0, 0x0, 0x6f, 0xf0, 0x4, 0xff,
    0x91, 0x15, 0xff, 0x90, 0x0, 0x7f, 0xff, 0xff,
    0xfc, 0x0, 0x0, 0x4, 0xbe, 0xfd, 0x70, 0x0,

    /* U+00F6 "ö" */
    0x0, 0xe, 0xf5, 0xf, 0xf4, 0x0, 0x0, 0xe,
    0xf5, 0xf, 0xf4, 0x0, 0x0, 0x4, 0x51, 0x5,
    0x51, 0x0, 0x0, 0x0, 0x0, 0x0, 0x0, 0x0,
    0x0, 0x4, 0xbe, 0xfd, 0x70, 0x0, 0x0, 0x7f,
    0xff, 0xff, 0xfc, 0x0, 0x4, 0xff, 0x92, 0x15,
    0xff, 0x90, 0xb, 0xfc, 0x0, 0x0, 0x7f, 0xf1,
    0xf, 0xf6, 0x0, 0x0, 0xf, 0xf5, 0x1f, 0xf3,
    0x0, 0x0, 0xe, 0xf6, 0x1f, 0xf3, 0x0, 0x0,
    0xe, 0xf6, 0xf, 0xf6, 0x0, 0x0, 0xf, 0xf5,
    0xb, 0xfc, 0x0, 0x0, 0x6f, 0xf0, 0x4, 0xff,
    0x91, 0x15, 0xff, 0x90, 0x0, 0x7f, 0xff, 0xff,
    0xfc, 0x0, 0x0, 0x4, 0xbe, 0xfd, 0x70, 0x0,

    /* U+00F7 "÷" */
    0x0, 0x0, 0x5f, 0xb0, 0x0, 0x0, 0x0, 0xa,
    0xff, 0x20, 0x0, 0x0, 0x0, 0x5f, 0xc0, 0x0,
    0x0, 0x0, 0x0, 0x0, 0x0, 0x0, 0x0, 0x0,
    0x0, 0x0, 0x0, 0x2, 0xff, 0xff, 0xff, 0xff,
    0xfa, 0x2f, 0xff, 0xff, 0xff, 0xff, 0xa0, 0x0,
    0x0, 0x0, 0x0, 0x0, 0x0, 0x0, 0x5f, 0xb0,
    0x0, 0x0, 0x0, 0xa, 0xff, 0x20, 0x0, 0x0,
    0x0, 0x5f, 0xb0, 0x0, 0x0,

    /* U+00F8 "ø" */
    0x0, 0x4, 0xbe, 0xfd, 0x8e, 0xb0, 0x0, 0x7f,
    0xff, 0xff, 0xff, 0x20, 0x4, 0xff, 0x92, 0x1b,
    0xff, 0x90, 0xb, 0xfc, 0x0, 0x1e, 0xff, 0xf1,
    0xf, 0xf6, 0x0, 0xae, 0x2f, 0xf5, 0x1f, 0xf3,
    0x5, 0xf5, 0xe, 0xf6, 0x1f, 0xf3, 0x1e, 0xa0,
    0xe, 0xf6, 0xf, 0xf6, 0xae, 0x10, 0xf, 0xf5,
    0xb, 0xff, 0xf5, 0x0, 0x6f, 0xf0, 0x4, 0xff,
    0xf1, 0x15, 0xff, 0x90, 0x0, 0xff, 0xff, 0xff,
    0xfc, 0x0, 0x5, 0xf9, 0xbe, 0xfd, 0x70, 0x0,

    /* U+00F9 "ù" */
    0x0, 0x3f, 0xf0, 0x0, 0x0, 0x0, 0x9, 0xf7,
    0x0, 0x0, 0x0, 0x1, 0xdd, 0x0, 0x0, 0x0,
    0x0, 0x0, 0x0, 0x0, 0x6f, 0xc0, 0x0, 0x8,
    0xfb, 0x6f, 0xc0, 0x0, 0x8, 0xfb, 0x6f, 0xc0,
    0x0, 0x8, 0xfb, 0x6f, 0xc0, 0x0, 0x8, 0xfb,
    0x6f, 0xc0, 0x0, 0x8, 0xfb, 0x6f, 0xc0, 0x0,
    0x8, 0xfb, 0x6f, 0xc0, 0x0, 0x8, 0xfb, 0x6f,
    0xd0, 0x0, 0x9, 0xfb, 0x4f, 0xf0, 0x0, 0xe,
    0xfb, 0x1f, 0xf9, 0x1, 0x9f, 0xfb, 0x9, 0xff,
    0xff, 0xf9, 0xfb, 0x0, 0x8e, 0xfc, 0x45, 0xfb,

    /* U+00FA "ú" */
    0x0, 0x0, 0xc, 0xf6, 0x0, 0x0, 0x0, 0x3f,
    0xc0, 0x0, 0x0, 0x0, 0xaf, 0x20, 0x0, 0x0,
    0x0, 0x0, 0x0, 0x0, 0x6f, 0xc0, 0x0, 0x8,
    0xfb, 0x6f, 0xc0, 0x0, 0x8, 0xfb, 0x6f, 0xc0,
    0x0, 0x8, 0xfb, 0x6f, 0xc0, 0x0, 0x8, 0xfb,
    0x6f, 0xc0, 0x0, 0x8, 0xfb, 0x6f, 0xc0, 0x0,
    0x8, 0xfb, 0x6f, 0xc0, 0x0, 0x8, 0xfb, 0x6f,
    0xd0, 0x0, 0x9, 0xfb, 0x4f, 0xf0, 0x0, 0xe,
    0xfb, 0x1f, 0xf9, 0x1, 0x9f, 0xfb, 0x9, 0xff,
    0xff, 0xf9, 0xfb, 0x0, 0x8e, 0xfc, 0x45, 0xfb,

    /* U+00FB "û" */
    0x0, 0x1, 0x88, 0x30, 0x0, 0x0, 0xb, 0xed,
    0xd0, 0x0, 0x0, 0x6f, 0x52, 0xf8, 0x0, 0x0,
    0x66, 0x0, 0x47, 0x0, 0x0, 0x0, 0x0, 0x0,
    0x0, 0x6f, 0xc0, 0x0, 0x8, 0xfb, 0x6f, 0xc0,
    0x0, 0x8, 0xfb, 0x6f, 0xc0, 0x0, 0x8, 0xfb,
    0x6f, 0xc0, 0x0, 0x8, 0xfb, 0x6f, 0xc0, 0x0,
    0x8, 0xfb, 0x6f, 0xc0, 0x0, 0x8, 0xfb, 0x6f,
    0xc0, 0x0, 0x8, 0xfb, 0x6f, 0xd0, 0x0, 0x9,
    0xfb, 0x4f, 0xf0, 0x0, 0xe, 0xfb, 0x1f, 0xf9,
    0x1, 0x9f, 0xfb, 0x9, 0xff, 0xff, 0xf9, 0xfb,
    0x0, 0x8e, 0xfc, 0x45, 0xfb,

    /* U+00FC "ü" */
    0x0, 0xff, 0x31, 0xff, 0x20, 0x0, 0xff, 0x31,
    0xff, 0x20, 0x0, 0x55, 0x10, 0x55, 0x0, 0x0,
    0x0, 0x0, 0x0, 0x0, 0x6f, 0xc0, 0x0, 0x8,
    0xfb, 0x6f, 0xc0, 0x0, 0x8, 0xfb, 0x6f, 0xc0,
    0x0, 0x8, 0xfb, 0x6f, 0xc0, 0x0, 0x8, 0xfb,
    0x6f, 0xc0, 0x0, 0x8, 0xfb, 0x6f, 0xc0, 0x0,
    0x8, 0xfb, 0x6f, 0xc0, 0x0, 0x8, 0xfb, 0x6f,
    0xd0, 0x0, 0x9, 0xfb, 0x4f, 0xf0, 0x0, 0xe,
    0xfb, 0x1f, 0xf9, 0x1, 0x9f, 0xfb, 0x9, 0xff,
    0xff, 0xf9, 0xfb, 0x0, 0x8e, 0xfc, 0x45, 0xfb,

    /* U+00FD "ý" */
    0x0, 0x0, 0x1, 0xff, 0x20, 0x0, 0x0, 0x0,
    0x8, 0xf8, 0x0, 0x0, 0x0, 0x0, 0xe, 0xd0,
    0x0, 0x0, 0x0, 0x0, 0x0, 0x0, 0x0, 0x0,
    0x5f, 0xf0, 0x0, 0x0, 0x5f, 0xf0, 0xf, 0xf4,
    0x0, 0x0, 0xaf, 0xa0, 0xb, 0xf9, 0x0, 0x0,
    0xef, 0x50, 0x5, 0xfe, 0x0, 0x4, 0xff, 0x0,
    0x0, 0xff, 0x30, 0x8, 0xfa, 0x0, 0x0, 0xbf,
    0x80, 0xd, 0xf4, 0x0, 0x0, 0x5f, 0xd0, 0x2f,
    0xe0, 0x0, 0x0, 0xf, 0xf2, 0x7f, 0x90, 0x0,
    0x0, 0xa, 0xf7, 0xcf, 0x40, 0x0, 0x0, 0x5,
    0xfd, 0xfe, 0x0, 0x0, 0x0, 0x0, 0xff, 0xf9,
    0x0, 0x0, 0x0, 0x0, 0xaf, 0xf3, 0x0, 0x0,
    0x0, 0x0, 0x2f, 0xe0, 0x0, 0x0, 0x0, 0xbe,
    0xff, 0x80, 0x0, 0x0, 0x0, 0xcf, 0xe9, 0x0,
    0x0, 0x0,

    /* U+00FE "þ" */
    0x6f, 0xd0, 0x0, 0x0, 0x0, 0x6, 0xfd, 0x0,
    0x0, 0x0, 0x0, 0x6f, 0xd0, 0x0, 0x0, 0x0,
    0x6, 0xfd, 0x0, 0x0, 0x0, 0x0, 0x6f, 0xd2,
    0xbf, 0xeb, 0x40, 0x6, 0xfe, 0xef, 0xff, 0xff,
    0x50, 0x6f, 0xfe, 0x41, 0x3c, 0xfe, 0x16, 0xff,
    0x30, 0x0, 0x1f, 0xf6, 0x6f, 0xd0, 0x0, 0x0,
    0xaf, 0xa6, 0xfb, 0x0, 0x0, 0x8, 0xfc, 0x6f,
    0xb0, 0x0, 0x0, 0x8f, 0xc6, 0xfd, 0x0, 0x0,
    0xb, 0xfa, 0x6f, 0xf4, 0x0, 0x2, 0xff, 0x66,
    0xff, 0xe5, 0x24, 0xdf, 0xe1, 0x6f, 0xef, 0xff,
    0xff, 0xf5, 0x6, 0xfd, 0x2b, 0xfe, 0xb4, 0x0,
    0x6f, 0xd0, 0x0, 0x0, 0x0, 0x6, 0xfd, 0x0,
    0x0, 0x0, 0x0, 0x6f, 0xd0, 0x0, 0x0, 0x0,
    0x0,

    /* U+00FF "ÿ" */
    0x0, 0x4f, 0xf0, 0x5f, 0xe0, 0x0, 0x0, 0x4f,
    0xf0, 0x5f, 0xe0, 0x0, 0x0, 0x15, 0x50, 0x15,
    0x50, 0x0, 0x0, 0x0, 0x0, 0x0, 0x0, 0x0,
    0x5f, 0xf0, 0x0, 0x0, 0x5f, 0xf0, 0xf, 0xf4,
    0x0, 0x0, 0xaf, 0xa0, 0xb, 0xf9, 0x0, 0x0,
    0xef, 0x50, 0x5, 0xfe, 0x0, 0x4, 0xff, 0x0,
    0x0, 0xff, 0x30, 0x8, 0xfa, 0x0, 0x0, 0xbf,
    0x80, 0xd, 0xf4, 0x0, 0x0, 0x5f, 0xd0, 0x2f,
    0xe0, 0x0, 0x0, 0xf, 0xf2, 0x7f, 0x90, 0x0,
    0x0, 0xa, 0xf7, 0xcf, 0x40, 0x0, 0x0, 0x5,
    0xfd, 0xfe, 0x0, 0x0, 0x0, 0x0, 0xff, 0xf9,
    0x0, 0x0, 0x0, 0x0, 0xaf, 0xf3, 0x0, 0x0,
    0x0, 0x0, 0x2f, 0xe0, 0x0, 0x0, 0x0, 0xbe,
    0xff, 0x80, 0x0, 0x0, 0x0, 0xcf, 0xe9, 0x0,
    0x0, 0x0,

    /* U+0100 "Ā" */
    0x0, 0x0, 0x9e, 0xee, 0xee, 0x20, 0x0, 0x0,
    0x0, 0xa, 0xff, 0xff, 0xf2, 0x0, 0x0, 0x0,
    0x0, 0x0, 0x0, 0x0, 0x0, 0x0, 0x0, 0x0,
    0x0, 0x0, 0x0, 0x0, 0x0, 0x0, 0x0, 0x0,
    0x6, 0xff, 0xd0, 0x0, 0x0, 0x0, 0x0, 0x0,
    0xbf, 0xff, 0x20, 0x0, 0x0, 0x0, 0x0, 0x1f,
    0xfe, 0xf8, 0x0, 0x0, 0x0, 0x0, 0x6, 0xfd,
    0x6f, 0xd0, 0x0, 0x0, 0x0, 0x0, 0xbf, 0x81,
    0xff, 0x20, 0x0, 0x0, 0x0, 0x1f, 0xf3, 0xc,
    0xf8, 0x0, 0x0, 0x0, 0x6, 0xfe, 0x0, 0x7f,
    0xd0, 0x0, 0x0, 0x0, 0xbf, 0x90, 0x2, 0xff,
    0x30, 0x0, 0x0, 0x1f, 0xf4, 0x0, 0xd, 0xf8,
    0x0, 0x0, 0x6, 0xff, 0x32, 0x22, 0xaf, 0xd0,
    0x0, 0x0, 0xbf, 0xff, 0xff, 0xff, 0xff, 0x30,
    0x0, 0x1f, 0xff, 0xff, 0xff, 0xff, 0xf8, 0x0,
    0x6, 0xff, 0x0, 0x0, 0x0, 0x9f, 0xd0, 0x0,
    0xbf, 0xa0, 0x0, 0x0, 0x3, 0xff, 0x30, 0x1f,
    0xf5, 0x0, 0x0, 0x0, 0xd, 0xf8, 0x6, 0xff,
    0x0, 0x0, 0x0, 0x0, 0x8f, 0xd0,

    /* U+0101 "ā" */
    0x0, 0xf, 0xff, 0xff, 0xe0, 0x0, 0x0, 0xd,
    0xee, 0xee, 0xc0, 0x0, 0x0, 0x0, 0x0, 0x0,
    0x0, 0x0, 0x0, 0x0, 0x0, 0x0, 0x0, 0x0,
    0x0, 0x7, 0xdf, 0xfc, 0x50, 0x0, 0x0, 0xbf,
    0xff, 0xff, 0xf8, 0x0, 0x7, 0xff, 0x40, 0x19,
    0xff, 0x10, 0xa, 0xd6, 0x0, 0x0, 0xef, 0x60,
    0x0, 0x0, 0x0, 0x3, 0xdf, 0x70, 0x0, 0x5,
    0xad, 0xff, 0xff, 0x80, 0x3, 0xef, 0xfd, 0xa7,
    0xcf, 0x80, 0xd, 0xfb, 0x10, 0x0, 0xcf, 0x80,
    0xf, 0xf3, 0x0, 0x1, 0xff, 0x80, 0xf, 0xf8,
    0x0, 0x2c, 0xff, 0xa1, 0xa, 0xff, 0xee, 0xfe,
    0x8f, 0xf8, 0x0, 0x7d, 0xfe, 0xa2, 0xb, 0xf7,

    /* U+0102 "Ă" */
    0x0, 0x0, 0xbc, 0x0, 0x4f, 0x20, 0x0, 0x0,
    0x0, 0x6, 0xfb, 0x9e, 0xd0, 0x0, 0x0, 0x0,
    0x0, 0x7, 0xef, 0xb2, 0x0, 0x0, 0x0, 0x0,
    0x0, 0x0, 0x0, 0x0, 0x0, 0x0, 0x0, 0x0,
    0x6, 0xff, 0xd0, 0x0, 0x0, 0x0, 0x0, 0x0,
    0xbf, 0xff, 0x20, 0x0, 0x0, 0x0, 0x0, 0x1f,
    0xfe, 0xf8, 0x0, 0x0, 0x0, 0x0, 0x6, 0xfd,
    0x6f, 0xd0, 0x0, 0x0, 0x0, 0x0, 0xbf, 0x81,
    0xff, 0x20, 0x0, 0x0, 0x0, 0x1f, 0xf3, 0xc,
    0xf8, 0x0, 0x0, 0x0, 0x6, 0xfe, 0x0, 0x7f,
    0xd0, 0x0, 0x0, 0x0, 0xbf, 0x90, 0x2, 0xff,
    0x30, 0x0, 0x0, 0x1f, 0xf4, 0x0, 0xd, 0xf8,
    0x0, 0x0, 0x6, 0xff, 0x32, 0x22, 0xaf, 0xd0,
    0x0, 0x0, 0xbf, 0xff, 0xff, 0xff, 0xff, 0x30,
    0x0, 0x1f, 0xff, 0xff, 0xff, 0xff, 0xf8, 0x0,
    0x6, 0xff, 0x0, 0x0, 0x0, 0x9f, 0xd0, 0x0,
    0xbf, 0xa0, 0x0, 0x0, 0x3, 0xff, 0x30, 0x1f,
    0xf5, 0x0, 0x0, 0x0, 0xd, 0xf8, 0x6, 0xff,
    0x0, 0x0, 0x0, 0x0, 0x8f, 0xd0,

    /* U+0103 "ă" */
    0x0, 0x1, 0x0, 0x0, 0x10, 0x0, 0x0, 0xf,
    0xa1, 0x1b, 0xe0, 0x0, 0x0, 0x7, 0xff, 0xff,
    0x60, 0x0, 0x0, 0x0, 0x37, 0x72, 0x0, 0x0,
    0x0, 0x0, 0x0, 0x0, 0x0, 0x0, 0x0, 0x7,
    0xdf, 0xfc, 0x50, 0x0, 0x0, 0xbf, 0xff, 0xff,
    0xf8, 0x0, 0x6, 0xff, 0x50, 0x19, 0xff, 0x10,
    0xc, 0xf8, 0x0, 0x0, 0xef, 0x60, 0x0, 0x0,
    0x0, 0x1, 0xcf, 0x70, 0x0, 0x3, 0x7b, 0xef,
    0xff, 0x80, 0x2, 0xcf, 0xff, 0xc9, 0xdf, 0x80,
    0xc, 0xfc, 0x30, 0x0, 0xcf, 0x80, 0xf, 0xf3,
    0x0, 0x1, 0xff, 0x80, 0x1f, 0xf8, 0x0, 0x2c,
    0xff, 0xa1, 0xa, 0xff, 0xee, 0xff, 0x9f, 0xf8,
    0x0, 0x7d, 0xfe, 0xa2, 0xb, 0xf7,

    /* U+0104 "Ą" */
    0x0, 0x0, 0x6, 0xff, 0xd0, 0x0, 0x0, 0x0,
    0x0, 0x0, 0xbf, 0xff, 0x20, 0x0, 0x0, 0x0,
    0x0, 0x1f, 0xfe, 0xf8, 0x0, 0x0, 0x0, 0x0,
    0x6, 0xfd, 0x6f, 0xd0, 0x0, 0x0, 0x0, 0x0,
    0xbf, 0x81, 0xff, 0x20, 0x0, 0x0, 0x0, 0x1f,
    0xf3, 0xc, 0xf8, 0x0, 0x0, 0x0, 0x6, 0xfe,
    0x0, 0x7f, 0xd0, 0x0, 0x0, 0x0, 0xbf, 0x90,
    0x2, 0xff, 0x30, 0x0, 0x0, 0x1f, 0xf4, 0x0,
    0xd, 0xf8, 0x0, 0x0, 0x6, 0xff, 0x32, 0x22,
    0xaf, 0xd0, 0x0, 0x0, 0xbf, 0xff, 0xff, 0xff,
    0xff, 0x30, 0x0, 0x1f, 0xff, 0xff, 0xff, 0xff,
    0xf8, 0x0, 0x6, 0xff, 0x0, 0x0, 0x0, 0x9f,
    0xd0, 0x0, 0xbf, 0xa0, 0x0, 0x0, 0x3, 0xff,
    0x30, 0x1f, 0xf5, 0x0, 0x0, 0x0, 0xd, 0xf8,
    0x6, 0xff, 0x0, 0x0, 0x0, 0x0, 0x8f, 0xf0,
    0x0, 0x0, 0x0, 0x0, 0x0, 0x2, 0xfa, 0x0,
    0x0, 0x0, 0x0, 0x0, 0x0, 0xbf, 0x10, 0x0,
    0x0, 0x0, 0x0, 0x0, 0x2f, 0xc0, 0x10, 0x0,
    0x0, 0x0, 0x0, 0x2, 0xff, 0xf8, 0x0, 0x0,
    0x0, 0x0, 0x0, 0x5, 0x98, 0x30,

    /* U+0105 "ą" */
    0x0, 0x7, 0xdf, 0xfc, 0x50, 0x0, 0x0, 0xb,
    0xff, 0xff, 0xff, 0x80, 0x0, 0x7, 0xff, 0x40,
    0x19, 0xff, 0x10, 0x0, 0xad, 0x60, 0x0, 0xe,
    0xf6, 0x0, 0x0, 0x0, 0x0, 0x3, 0xdf, 0x70,
    0x0, 0x0, 0x5a, 0xdf, 0xff, 0xf8, 0x0, 0x3,
    0xef, 0xfd, 0xa7, 0xcf, 0x80, 0x0, 0xdf, 0xb1,
    0x0, 0xc, 0xf8, 0x0, 0xf, 0xf3, 0x0, 0x1,
    0xff, 0x80, 0x0, 0xff, 0x80, 0x2, 0xcf, 0xfa,
    0x10, 0xa, 0xff, 0xee, 0xfe, 0x8f, 0xf8, 0x0,
    0x7, 0xdf, 0xea, 0x20, 0xdf, 0x90, 0x0, 0x0,
    0x0, 0x0, 0xc, 0xe1, 0x0, 0x0, 0x0, 0x0,
    0x5, 0xf7, 0x0, 0x0, 0x0, 0x0, 0x0, 0xbf,
    0x41, 0x0, 0x0, 0x0, 0x0, 0xa, 0xff, 0xf1,
    0x0, 0x0, 0x0, 0x0, 0x18, 0x97, 0x0,

    /* U+0106 "Ć" */
    0x0, 0x0, 0x0, 0x2, 0xff, 0x10, 0x0, 0x0,
    0x0, 0x0, 0x0, 0xaf, 0x60, 0x0, 0x0, 0x0,
    0x0, 0x0, 0x1e, 0xb0, 0x0, 0x0, 0x0, 0x0,
    0x0, 0x0, 0x0, 0x0, 0x0, 0x0, 0x0, 0x0,
    0x29, 0xdf, 0xfc, 0x71, 0x0, 0x0, 0x0, 0x7f,
    0xff, 0xff, 0xff, 0xe2, 0x0, 0x0, 0x6f, 0xfd,
    0x63, 0x48, 0xff, 0xd0, 0x0, 0x1f, 0xfb, 0x0,
    0x0, 0x4, 0xff, 0x70, 0x7, 0xff, 0x10, 0x0,
    0x0, 0xa, 0xfc, 0x0, 0xcf, 0xa0, 0x0, 0x0,
    0x0, 0x27, 0x70, 0xf, 0xf6, 0x0, 0x0, 0x0,
    0x0, 0x0, 0x0, 0xff, 0x50, 0x0, 0x0, 0x0,
    0x0, 0x0, 0xf, 0xf5, 0x0, 0x0, 0x0, 0x0,
    0x0, 0x0, 0xff, 0x60, 0x0, 0x0, 0x0, 0x0,
    0x0, 0xc, 0xfa, 0x0, 0x0, 0x0, 0x4, 0xcc,
    0x0, 0x7f, 0xf1, 0x0, 0x0, 0x0, 0x9f, 0xd0,
    0x1, 0xff, 0xb0, 0x0, 0x0, 0x3f, 0xf6, 0x0,
    0x6, 0xff, 0xd6, 0x34, 0x8f, 0xfd, 0x0, 0x0,
    0x7, 0xff, 0xff, 0xff, 0xfd, 0x20, 0x0, 0x0,
    0x3, 0x9d, 0xfe, 0xc7, 0x0, 0x0,

    /* U+0107 "ć" */
    0x0, 0x0, 0x0, 0xbf, 0x80, 0x0, 0x0, 0x0,
    0x2, 0xfd, 0x0, 0x0, 0x0, 0x0, 0x9, 0xf3,
    0x0, 0x0, 0x0, 0x0, 0x0, 0x0, 0x0, 0x0,
    0x0, 0x4, 0xbe, 0xfd, 0x80, 0x0, 0x0, 0x7f,
    0xff, 0xff, 0xfd, 0x10, 0x3, 0xff, 0x92, 0x15,
    0xff, 0x90, 0xb, 0xfc, 0x0, 0x0, 0x6f, 0xf0,
    0xf, 0xf6, 0x0, 0x0, 0x4, 0x40, 0x1f, 0xf3,
    0x0, 0x0, 0x0, 0x0, 0x1f, 0xf3, 0x0, 0x0,
    0x0, 0x0, 0xf, 0xf6, 0x0, 0x0, 0x16, 0x60,
    0xb, 0xfc, 0x0, 0x0, 0x7f, 0xe0, 0x4, 0xff,
    0x91, 0x16, 0xff, 0x80, 0x0, 0x7f, 0xff, 0xff,
    0xfc, 0x0, 0x0, 0x4, 0xbe, 0xfd, 0x70, 0x0,

    /* U+0108 "Ĉ" */
    0x0, 0x0, 0x0, 0x48, 0x70, 0x0, 0x0, 0x0,
    0x0, 0x0, 0x2f, 0xff, 0x80, 0x0, 0x0, 0x0,
    0x0, 0xb, 0xf2, 0xbf, 0x20, 0x0, 0x0, 0x0,
    0x1, 0x84, 0x0, 0x75, 0x0, 0x0, 0x0, 0x0,
    0x0, 0x0, 0x0, 0x0, 0x0, 0x0, 0x0, 0x2,
    0x9d, 0xff, 0xc7, 0x10, 0x0, 0x0, 0x7, 0xff,
    0xff, 0xff, 0xfe, 0x20, 0x0, 0x6, 0xff, 0xd6,
    0x34, 0x8f, 0xfd, 0x0, 0x1, 0xff, 0xb0, 0x0,
    0x0, 0x4f, 0xf7, 0x0, 0x7f, 0xf1, 0x0, 0x0,
    0x0, 0xaf, 0xc0, 0xc, 0xfa, 0x0, 0x0, 0x0,
    0x2, 0x77, 0x0, 0xff, 0x60, 0x0, 0x0, 0x0,
    0x0, 0x0, 0xf, 0xf5, 0x0, 0x0, 0x0, 0x0,
    0x0, 0x0, 0xff, 0x50, 0x0, 0x0, 0x0, 0x0,
    0x0, 0xf, 0xf6, 0x0, 0x0, 0x0, 0x0, 0x0,
    0x0, 0xcf, 0xa0, 0x0, 0x0, 0x0, 0x4c, 0xc0,
    0x7, 0xff, 0x10, 0x0, 0x0, 0x9, 0xfd, 0x0,
    0x1f, 0xfb, 0x0, 0x0, 0x3, 0xff, 0x60, 0x0,
    0x6f, 0xfd, 0x63, 0x48, 0xff, 0xd0, 0x0, 0x0,
    0x7f, 0xff, 0xff, 0xff, 0xd2, 0x0, 0x0, 0x0,
    0x39, 0xdf, 0xec, 0x70, 0x0, 0x0,

    /* U+0109 "ĉ" */
    0x0, 0x0, 0x17, 0x83, 0x0, 0x0, 0x0, 0x0,
    0x9f, 0xde, 0x0, 0x0, 0x0, 0x3, 0xf7, 0x2f,
    0x80, 0x0, 0x0, 0x7, 0x90, 0x6, 0xa0, 0x0,
    0x0, 0x0, 0x0, 0x0, 0x0, 0x0, 0x0, 0x4,
    0xbe, 0xfd, 0x80, 0x0, 0x0, 0x7f, 0xff, 0xff,
    0xfd, 0x10, 0x3, 0xff, 0x92, 0x15, 0xff, 0x90,
    0xb, 0xfc, 0x0, 0x0, 0x6f, 0xf0, 0xf, 0xf6,
    0x0, 0x0, 0x4, 0x40, 0x1f, 0xf3, 0x0, 0x0,
    0x0, 0x0, 0x1f, 0xf3, 0x0, 0x0, 0x0, 0x0,
    0xf, 0xf6, 0x0, 0x0, 0x16, 0x60, 0xb, 0xfc,
    0x0, 0x0, 0x7f, 0xe0, 0x4, 0xff, 0x91, 0x16,
    0xff, 0x80, 0x0, 0x7f, 0xff, 0xff, 0xfc, 0x0,
    0x0, 0x4, 0xbe, 0xfd, 0x70, 0x0,

    /* U+010A "Ċ" */
    0x0, 0x0, 0x0, 0x7f, 0xd0, 0x0, 0x0, 0x0,
    0x0, 0x0, 0x7, 0xfd, 0x0, 0x0, 0x0, 0x0,
    0x0, 0x0, 0x25, 0x40, 0x0, 0x0, 0x0, 0x0,
    0x0, 0x0, 0x0, 0x0, 0x0, 0x0, 0x0, 0x0,
    0x29, 0xdf, 0xfc, 0x71, 0x0, 0x0, 0x0, 0x7f,
    0xff, 0xff, 0xff, 0xe2, 0x0, 0x0, 0x6f, 0xfd,
    0x63, 0x48, 0xff, 0xd0, 0x0, 0x1f, 0xfb, 0x0,
    0x0, 0x4, 0xff, 0x70, 0x7, 0xff, 0x10, 0x0,
    0x0, 0xa, 0xfc, 0x0, 0xcf, 0xa0, 0x0, 0x0,
    0x0, 0x27, 0x70, 0xf, 0xf6, 0x0, 0x0, 0x0,
    0x0, 0x0, 0x0, 0xff, 0x50, 0x0, 0x0, 0x0,
    0x0, 0x0, 0xf, 0xf5, 0x0, 0x0, 0x0, 0x0,
    0x0, 0x0, 0xff, 0x60, 0x0, 0x0, 0x0, 0x0,
    0x0, 0xc, 0xfa, 0x0, 0x0, 0x0, 0x4, 0xcc,
    0x0, 0x7f, 0xf1, 0x0, 0x0, 0x0, 0x9f, 0xd0,
    0x1, 0xff, 0xb0, 0x0, 0x0, 0x3f, 0xf6, 0x0,
    0x6, 0xff, 0xd6, 0x34, 0x8f, 0xfd, 0x0, 0x0,
    0x7, 0xff, 0xff, 0xff, 0xfd, 0x20, 0x0, 0x0,
    0x3, 0x9d, 0xfe, 0xc7, 0x0, 0x0,

    /* U+010B "ċ" */
    0x0, 0x0, 0xf, 0xf5, 0x0, 0x0, 0x0, 0x0,
    0xf, 0xf5, 0x0, 0x0, 0x0, 0x0, 0x5, 0x51,
    0x0, 0x0, 0x0, 0x0, 0x0, 0x0, 0x0, 0x0,
    0x0, 0x4, 0xbe, 0xfd, 0x80, 0x0, 0x0, 0x7f,
    0xff, 0xff, 0xfd, 0x10, 0x3, 0xff, 0x92, 0x15,
    0xff, 0x90, 0xb, 0xfc, 0x0, 0x0, 0x6f, 0xf0,
    0xf, 0xf6, 0x0, 0x0, 0x4, 0x40, 0x1f, 0xf3,
    0x0, 0x0, 0x0, 0x0, 0x1f, 0xf3, 0x0, 0x0,
    0x0, 0x0, 0xf, 0xf6, 0x0, 0x0, 0x16, 0x60,
    0xb, 0xfc, 0x0, 0x0, 0x7f, 0xe0, 0x4, 0xff,
    0x91, 0x16, 0xff, 0x80, 0x0, 0x7f, 0xff, 0xff,
    0xfc, 0x0, 0x0, 0x4, 0xbe, 0xfd, 0x70, 0x0,

    /* U+010C "Č" */
    0x0, 0x0, 0x18, 0x30, 0x7, 0x50, 0x0, 0x0,
    0x0, 0x0, 0xbe, 0x18, 0xf2, 0x0, 0x0, 0x0,
    0x0, 0x2, 0xfc, 0xf8, 0x0, 0x0, 0x0, 0x0,
    0x0, 0x4, 0x87, 0x0, 0x0, 0x0, 0x0, 0x0,
    0x0, 0x0, 0x0, 0x0, 0x0, 0x0, 0x0, 0x2,
    0x9d, 0xff, 0xc7, 0x10, 0x0, 0x0, 0x7, 0xff,
    0xff, 0xff, 0xfe, 0x20, 0x0, 0x6, 0xff, 0xd6,
    0x34, 0x8f, 0xfd, 0x0, 0x1, 0xff, 0xb0, 0x0,
    0x0, 0x4f, 0xf7, 0x0, 0x7f, 0xf1, 0x0, 0x0,
    0x0, 0xaf, 0xc0, 0xc, 0xfa, 0x0, 0x0, 0x0,
    0x2, 0x77, 0x0, 0xff, 0x60, 0x0, 0x0, 0x0,
    0x0, 0x0, 0xf, 0xf5, 0x0, 0x0, 0x0, 0x0,
    0x0, 0x0, 0xff, 0x50, 0x0, 0x0, 0x0, 0x0,
    0x0, 0xf, 0xf6, 0x0, 0x0, 0x0, 0x0, 0x0,
    0x0, 0xcf, 0xa0, 0x0, 0x0, 0x0, 0x4c, 0xc0,
    0x7, 0xff, 0x10, 0x0, 0x0, 0x9, 0xfd, 0x0,
    0x1f, 0xfb, 0x0, 0x0, 0x3, 0xff, 0x60, 0x0,
    0x6f, 0xfd, 0x63, 0x48, 0xff, 0xd0, 0x0, 0x0,
    0x7f, 0xff, 0xff, 0xff, 0xd2, 0x0, 0x0, 0x0,
    0x39, 0xdf, 0xec, 0x70, 0x0, 0x0,

    /* U+010D "č" */
    0x0, 0x6, 0x80, 0x5, 0x80, 0x0, 0x0, 0x4,
    0xf7, 0x2f, 0xa0, 0x0, 0x0, 0x0, 0xbf, 0xef,
    0x10, 0x0, 0x0, 0x0, 0x2b, 0xc6, 0x0, 0x0,
    0x0, 0x0, 0x0, 0x0, 0x0, 0x0, 0x0, 0x4,
    0xbe, 0xfd, 0x81, 0x0, 0x0, 0x7f, 0xff, 0xff,
    0xfe, 0x10, 0x3, 0xff, 0x92, 0x15, 0xef, 0xa0,
    0xb, 0xfc, 0x0, 0x0, 0x5f, 0xf0, 0xf, 0xf6,
    0x0, 0x0, 0x0, 0x0, 0x1f, 0xf3, 0x0, 0x0,
    0x0, 0x0, 0x1f, 0xf3, 0x0, 0x0, 0x0, 0x0,
    0xf, 0xf6, 0x0, 0x0, 0x18, 0x80, 0xb, 0xfc,
    0x0, 0x0, 0x7f, 0xe0, 0x4, 0xff, 0x91, 0x16,
    0xff, 0x70, 0x0, 0x7f, 0xff, 0xff, 0xfb, 0x0,
    0x0, 0x4, 0xbe, 0xfd, 0x70, 0x0,

    /* U+010E "Ď" */
    0x0, 0xe, 0xc0, 0x3f, 0x90, 0x0, 0x0, 0x0,
    0x5f, 0xbe, 0xe0, 0x0, 0x0, 0x0, 0x0, 0xaf,
    0xf4, 0x0, 0x0, 0x0, 0x0, 0x0, 0x0, 0x0,
    0x0, 0x0, 0x3f, 0xff, 0xff, 0xec, 0x81, 0x0,
    0x3, 0xff, 0xff, 0xff, 0xff, 0xf5, 0x0, 0x3f,
    0xf4, 0x33, 0x47, 0xef, 0xf4, 0x3, 0xff, 0x10,
    0x0, 0x1, 0xcf, 0xe0, 0x3f, 0xf1, 0x0, 0x0,
    0x2, 0xff, 0x53, 0xff, 0x10, 0x0, 0x0, 0xc,
    0xf9, 0x3f, 0xf1, 0x0, 0x0, 0x0, 0x9f, 0xc3,
    0xff, 0x10, 0x0, 0x0, 0x8, 0xfd, 0x3f, 0xf1,
    0x0, 0x0, 0x0, 0x7f, 0xd3, 0xff, 0x10, 0x0,
    0x0, 0x9, 0xfc, 0x3f, 0xf1, 0x0, 0x0, 0x0,
    0xcf, 0x93, 0xff, 0x10, 0x0, 0x0, 0x2f, 0xf5,
    0x3f, 0xf1, 0x0, 0x0, 0x1c, 0xfe, 0x3, 0xff,
    0x43, 0x34, 0x7e, 0xff, 0x50, 0x3f, 0xff, 0xff,
    0xff, 0xff, 0x60, 0x3, 0xff, 0xff, 0xff, 0xd8,
    0x10, 0x0,

    /* U+010F "ď" */
    0x0, 0x0, 0x0, 0x0, 0xf, 0xf3, 0x2f, 0xd0,
    0x0, 0x0, 0x0, 0x0, 0xff, 0x34, 0xfa, 0x0,
    0x0, 0x0, 0x0, 0xf, 0xf3, 0x6f, 0x70, 0x0,
    0x0, 0x0, 0x0, 0xff, 0x38, 0xf4, 0x0, 0x7,
    0xdf, 0xe9, 0x1f, 0xf3, 0x9f, 0x10, 0xb, 0xff,
    0xcc, 0xfd, 0xff, 0x38, 0xa0, 0x6, 0xff, 0x40,
    0x2, 0xef, 0xf3, 0x0, 0x0, 0xcf, 0xa0, 0x0,
    0x6, 0xff, 0x30, 0x0, 0xf, 0xf5, 0x0, 0x0,
    0x2f, 0xf3, 0x0, 0x1, 0xff, 0x30, 0x0, 0x0,
    0xff, 0x30, 0x0, 0x1f, 0xf4, 0x0, 0x0, 0x1f,
    0xf3, 0x0, 0x0, 0xff, 0x60, 0x0, 0x3, 0xff,
    0x30, 0x0, 0xc, 0xfd, 0x0, 0x0, 0x9f, 0xf3,
    0x0, 0x0, 0x6f, 0xfa, 0x21, 0x7f, 0xff, 0x30,
    0x0, 0x0, 0xbf, 0xff, 0xff, 0xaf, 0xf3, 0x0,
    0x0, 0x0, 0x7d, 0xfd, 0x80, 0xef, 0x30, 0x0,

    /* U+0110 "Đ" */
    0x3, 0xff, 0xff, 0xfe, 0xc8, 0x10, 0x0, 0x3,
    0xff, 0xff, 0xff, 0xff, 0xf5, 0x0, 0x3, 0xff,
    0x43, 0x34, 0x7e, 0xff, 0x40, 0x3, 0xff, 0x10,
    0x0, 0x1, 0xcf, 0xe0, 0x3, 0xff, 0x10, 0x0,
    0x0, 0x2f, 0xf5, 0x3, 0xff, 0x10, 0x0, 0x0,
    0xc, 0xf9, 0x3, 0xff, 0x10, 0x0, 0x0, 0x9,
    0xfc, 0xaf, 0xff, 0xff, 0xff, 0x20, 0x8, 0xfd,
    0xaf, 0xff, 0xff, 0xff, 0x30, 0x7, 0xfd, 0x3,
    0xff, 0x10, 0x0, 0x0, 0x9, 0xfc, 0x3, 0xff,
    0x10, 0x0, 0x0, 0xc, 0xf9, 0x3, 0xff, 0x10,
    0x0, 0x0, 0x2f, 0xf5, 0x3, 0xff, 0x10, 0x0,
    0x1, 0xcf, 0xe0, 0x3, 0xff, 0x43, 0x34, 0x7e,
    0xff, 0x50, 0x3, 0xff, 0xff, 0xff, 0xff, 0xf6,
    0x0, 0x3, 0xff, 0xff, 0xff, 0xd8, 0x10, 0x0,

    /* U+0111 "đ" */
    0x0, 0x0, 0x0, 0x0, 0xf, 0xf3, 0x0, 0x0,
    0x0, 0xa, 0xab, 0xff, 0xd6, 0x0, 0x0, 0x1,
    0xff, 0xff, 0xff, 0x90, 0x0, 0x0, 0x0, 0x0,
    0xff, 0x30, 0x0, 0x7, 0xdf, 0xd7, 0xf, 0xf3,
    0x0, 0xb, 0xff, 0xff, 0xfb, 0xff, 0x30, 0x6,
    0xff, 0x92, 0x17, 0xff, 0xf3, 0x0, 0xcf, 0xc0,
    0x0, 0x8, 0xff, 0x30, 0xf, 0xf6, 0x0, 0x0,
    0x3f, 0xf3, 0x1, 0xff, 0x30, 0x0, 0x1, 0xff,
    0x30, 0x1f, 0xf3, 0x0, 0x0, 0x1f, 0xf3, 0x0,
    0xff, 0x60, 0x0, 0x3, 0xff, 0x30, 0xc, 0xfc,
    0x0, 0x0, 0x9f, 0xf3, 0x0, 0x6f, 0xf9, 0x11,
    0x7f, 0xff, 0x30, 0x0, 0xbf, 0xff, 0xff, 0xaf,
    0xf3, 0x0, 0x0, 0x7d, 0xfd, 0x80, 0xef, 0x30,

    /* U+0112 "Ē" */
    0x0, 0x3e, 0xee, 0xee, 0x80, 0x0, 0x3, 0xff,
    0xff, 0xfa, 0x0, 0x0, 0x0, 0x0, 0x0, 0x0,
    0x0, 0x0, 0x0, 0x0, 0x0, 0x0, 0x3f, 0xff,
    0xff, 0xff, 0xff, 0x83, 0xff, 0xff, 0xff, 0xff,
    0xf8, 0x3f, 0xf4, 0x33, 0x33, 0x33, 0x13, 0xff,
    0x10, 0x0, 0x0, 0x0, 0x3f, 0xf1, 0x0, 0x0,
    0x0, 0x3, 0xff, 0x10, 0x0, 0x0, 0x0, 0x3f,
    0xf1, 0x0, 0x0, 0x0, 0x3, 0xff, 0xff, 0xff,
    0xff, 0xf4, 0x3f, 0xff, 0xff, 0xff, 0xff, 0x43,
    0xff, 0x21, 0x11, 0x11, 0x10, 0x3f, 0xf1, 0x0,
    0x0, 0x0, 0x3, 0xff, 0x10, 0x0, 0x0, 0x0,
    0x3f, 0xf1, 0x0, 0x0, 0x0, 0x3, 0xff, 0x43,
    0x33, 0x33, 0x32, 0x3f, 0xff, 0xff, 0xff, 0xff,
    0xa3, 0xff, 0xff, 0xff, 0xff, 0xfa,

    /* U+0113 "ē" */
    0x0, 0xb, 0xff, 0xff, 0xf1, 0x0, 0x0, 0xa,
    0xee, 0xee, 0xe1, 0x0, 0x0, 0x0, 0x0, 0x0,
    0x0, 0x0, 0x0, 0x0, 0x0, 0x0, 0x0, 0x0,
    0x0, 0x4, 0xbe, 0xfc, 0x60, 0x0, 0x0, 0x8f,
    0xff, 0xff, 0xfa, 0x0, 0x4, 0xff, 0x81, 0x6,
    0xff, 0x50, 0xb, 0xfa, 0x0, 0x0, 0x8f, 0xc0,
    0xf, 0xf5, 0x0, 0x0, 0x3f, 0xf0, 0x1f, 0xff,
    0xff, 0xff, 0xff, 0xf2, 0x1f, 0xfd, 0xcc, 0xcc,
    0xcc, 0xc2, 0xf, 0xf5, 0x0, 0x0, 0x0, 0x0,
    0xb, 0xfa, 0x0, 0x0, 0x49, 0x80, 0x4, 0xff,
    0x82, 0x4, 0xef, 0x80, 0x0, 0x8f, 0xff, 0xff,
    0xfc, 0x0, 0x0, 0x4, 0xbe, 0xfc, 0x70, 0x0,

    /* U+0114 "Ĕ" */
    0x0, 0x6, 0x40, 0x0, 0x81, 0x0, 0x0, 0x9,
    0xd2, 0x19, 0xe0, 0x0, 0x0, 0x0, 0xbf, 0xfe,
    0x40, 0x0, 0x0, 0x0, 0x1, 0x20, 0x0, 0x0,
    0x5f, 0xff, 0xff, 0xff, 0xff, 0xf8, 0x5f, 0xec,
    0xcc, 0xcc, 0xcc, 0xc6, 0x5f, 0xa0, 0x0, 0x0,
    0x0, 0x0, 0x5f, 0xa0, 0x0, 0x0, 0x0, 0x0,
    0x5f, 0xa0, 0x0, 0x0, 0x0, 0x0, 0x5f, 0xa0,
    0x0, 0x0, 0x0, 0x0, 0x5f, 0xec, 0xcc, 0xcc,
    0xcc, 0xb0, 0x5f, 0xff, 0xff, 0xff, 0xff, 0xf0,
    0x5f, 0xa0, 0x0, 0x0, 0x0, 0x0, 0x5f, 0xa0,
    0x0, 0x0, 0x0, 0x0, 0x5f, 0xa0, 0x0, 0x0,
    0x0, 0x0, 0x5f, 0xa0, 0x0, 0x0, 0x0, 0x0,
    0x5f, 0xa0, 0x0, 0x0, 0x0, 0x0, 0x5f, 0xec,
    0xcc, 0xcc, 0xcc, 0xca, 0x5f, 0xff, 0xff, 0xff,
    0xff, 0xfe,

    /* U+0115 "ĕ" */
    0x0, 0xe, 0x91, 0x19, 0xe0, 0x0, 0x0, 0x3e,
    0xff, 0xe3, 0x0, 0x0, 0x0, 0x2, 0x20, 0x0,
    0x0, 0x0, 0x0, 0x0, 0x0, 0x0, 0x0, 0x7,
    0xdf, 0xeb, 0x40, 0x0, 0xb, 0xfd, 0x89, 0xef,
    0x70, 0x7, 0xfa, 0x0, 0x0, 0xcf, 0x30, 0xdf,
    0x10, 0x0, 0x4, 0xf9, 0x1f, 0xf8, 0x88, 0x88,
    0x8f, 0xc2, 0xff, 0xff, 0xff, 0xff, 0xfd, 0x1f,
    0xc0, 0x0, 0x0, 0x0, 0x0, 0xef, 0x10, 0x0,
    0x2, 0x85, 0x8, 0xfb, 0x0, 0x0, 0xbf, 0x60,
    0xc, 0xfd, 0x99, 0xdf, 0xb0, 0x0, 0x7, 0xcf,
    0xfc, 0x60, 0x0,

    /* U+0116 "Ė" */
    0x0, 0x0, 0x7f, 0xd0, 0x0, 0x0, 0x0, 0x7,
    0xfd, 0x0, 0x0, 0x0, 0x0, 0x25, 0x40, 0x0,
    0x0, 0x0, 0x0, 0x0, 0x0, 0x0, 0x3f, 0xff,
    0xff, 0xff, 0xff, 0x83, 0xff, 0xff, 0xff, 0xff,
    0xf8, 0x3f, 0xf4, 0x33, 0x33, 0x33, 0x13, 0xff,
    0x10, 0x0, 0x0, 0x0, 0x3f, 0xf1, 0x0, 0x0,
    0x0, 0x3, 0xff, 0x10, 0x0, 0x0, 0x0, 0x3f,
    0xf1, 0x0, 0x0, 0x0, 0x3, 0xff, 0xff, 0xff,
    0xff, 0xf4, 0x3f, 0xff, 0xff, 0xff, 0xff, 0x43,
    0xff, 0x21, 0x11, 0x11, 0x10, 0x3f, 0xf1, 0x0,
    0x0, 0x0, 0x3, 0xff, 0x10, 0x0, 0x0, 0x0,
    0x3f, 0xf1, 0x0, 0x0, 0x0, 0x3, 0xff, 0x43,
    0x33, 0x33, 0x32, 0x3f, 0xff, 0xff, 0xff, 0xff,
    0xa3, 0xff, 0xff, 0xff, 0xff, 0xfa,

    /* U+0117 "ė" */
    0x0, 0x0, 0xf, 0xf5, 0x0, 0x0, 0x0, 0x0,
    0xf, 0xf5, 0x0, 0x0, 0x0, 0x0, 0x5, 0x51,
    0x0, 0x0, 0x0, 0x0, 0x0, 0x0, 0x0, 0x0,
    0x0, 0x4, 0xbe, 0xfc, 0x60, 0x0, 0x0, 0x8f,
    0xff, 0xff, 0xfa, 0x0, 0x4, 0xff, 0x81, 0x6,
    0xff, 0x50, 0xb, 0xfa, 0x0, 0x0, 0x8f, 0xc0,
    0xf, 0xf5, 0x0, 0x0, 0x3f, 0xf0, 0x1f, 0xff,
    0xff, 0xff, 0xff, 0xf2, 0x1f, 0xfd, 0xcc, 0xcc,
    0xcc, 0xc2, 0xf, 0xf5, 0x0, 0x0, 0x0, 0x0,
    0xb, 0xfa, 0x0, 0x0, 0x49, 0x80, 0x4, 0xff,
    0x82, 0x4, 0xef, 0x80, 0x0, 0x8f, 0xff, 0xff,
    0xfc, 0x0, 0x0, 0x4, 0xbe, 0xfc, 0x70, 0x0,

    /* U+0118 "Ę" */
    0x3f, 0xff, 0xff, 0xff, 0xff, 0x80, 0x3f, 0xff,
    0xff, 0xff, 0xff, 0x80, 0x3f, 0xf4, 0x33, 0x33,
    0x33, 0x10, 0x3f, 0xf1, 0x0, 0x0, 0x0, 0x0,
    0x3f, 0xf1, 0x0, 0x0, 0x0, 0x0, 0x3f, 0xf1,
    0x0, 0x0, 0x0, 0x0, 0x3f, 0xf1, 0x0, 0x0,
    0x0, 0x0, 0x3f, 0xff, 0xff, 0xff, 0xff, 0x40,
    0x3f, 0xff, 0xff, 0xff, 0xff, 0x40, 0x3f, 0xf2,
    0x11, 0x11, 0x11, 0x0, 0x3f, 0xf1, 0x0, 0x0,
    0x0, 0x0, 0x3f, 0xf1, 0x0, 0x0, 0x0, 0x0,
    0x3f, 0xf1, 0x0, 0x0, 0x0, 0x0, 0x3f, 0xf4,
    0x33, 0x33, 0x33, 0x20, 0x3f, 0xff, 0xff, 0xff,
    0xff, 0xa0, 0x3f, 0xff, 0xff, 0xff, 0xff, 0xb0,
    0x0, 0x0, 0x0, 0x0, 0x7f, 0x50, 0x0, 0x0,
    0x0, 0x2, 0xfa, 0x0, 0x0, 0x0, 0x0, 0x8,
    0xf6, 0x10, 0x0, 0x0, 0x0, 0x8, 0xff, 0xf2,
    0x0, 0x0, 0x0, 0x0, 0x79, 0x71,

    /* U+0119 "ę" */
    0x0, 0x4, 0xbe, 0xfc, 0x60, 0x0, 0x0, 0x8f,
    0xff, 0xff, 0xfa, 0x0, 0x4, 0xff, 0x81, 0x6,
    0xff, 0x50, 0xb, 0xfa, 0x0, 0x0, 0x8f, 0xc0,
    0xf, 0xf5, 0x0, 0x0, 0x3f, 0xf0, 0x1f, 0xff,
    0xff, 0xff, 0xff, 0xf2, 0x1f, 0xfd, 0xcc, 0xcc,
    0xcc, 0xc2, 0xf, 0xf5, 0x0, 0x0, 0x0, 0x0,
    0xb, 0xfa, 0x0, 0x0, 0x49, 0x80, 0x4, 0xff,
    0x82, 0x4, 0xef, 0x80, 0x0, 0x8f, 0xff, 0xff,
    0xff, 0x0, 0x0, 0x4, 0xbe, 0xff, 0xf4, 0x0,
    0x0, 0x0, 0x0, 0x7f, 0x70, 0x0, 0x0, 0x0,
    0x0, 0xfe, 0x0, 0x0, 0x0, 0x0, 0x2, 0xfc,
    0x11, 0x0, 0x0, 0x0, 0x1, 0xff, 0xf8, 0x0,
    0x0, 0x0, 0x0, 0x39, 0x83, 0x0,

    /* U+011A "Ě" */
    0x0, 0x1f, 0xb0, 0x5f, 0x70, 0x0, 0x0, 0x6f,
    0xaf, 0xc0, 0x0, 0x0, 0x0, 0xcf, 0xf3, 0x0,
    0x0, 0x0, 0x0, 0x0, 0x0, 0x0, 0x3f, 0xff,
    0xff, 0xff, 0xff, 0x83, 0xff, 0xff, 0xff, 0xff,
    0xf8, 0x3f, 0xf4, 0x33, 0x33, 0x33, 0x13, 0xff,
    0x10, 0x0, 0x0, 0x0, 0x3f, 0xf1, 0x0, 0x0,
    0x0, 0x3, 0xff, 0x10, 0x0, 0x0, 0x0, 0x3f,
    0xf1, 0x0, 0x0, 0x0, 0x3, 0xff, 0xff, 0xff,
    0xff, 0xf4, 0x3f, 0xff, 0xff, 0xff, 0xff, 0x43,
    0xff, 0x21, 0x11, 0x11, 0x10, 0x3f, 0xf1, 0x0,
    0x0, 0x0, 0x3, 0xff, 0x10, 0x0, 0x0, 0x0,
    0x3f, 0xf1, 0x0, 0x0, 0x0, 0x3, 0xff, 0x43,
    0x33, 0x33, 0x32, 0x3f, 0xff, 0xff, 0xff, 0xff,
    0xa3, 0xff, 0xff, 0xff, 0xff, 0xfa,

    /* U+011B "ě" */
    0x0, 0x5, 0x70, 0x4, 0x70, 0x0, 0x0, 0x4,
    0xf6, 0x1f, 0x90, 0x0, 0x0, 0x0, 0xaf, 0xde,
    0x10, 0x0, 0x0, 0x0, 0x17, 0x83, 0x0, 0x0,
    0x0, 0x0, 0x0, 0x0, 0x0, 0x0, 0x0, 0x4,
    0xbe, 0xfc, 0x60, 0x0, 0x0, 0x8f, 0xff, 0xff,
    0xfa, 0x0, 0x4, 0xff, 0x81, 0x6, 0xff, 0x50,
    0xb, 0xfa, 0x0, 0x0, 0x8f, 0xc0, 0xf, 0xf5,
    0x0, 0x0, 0x3f, 0xf0, 0x1f, 0xff, 0xff, 0xff,
    0xff, 0xf2, 0x1f, 0xfd, 0xcc, 0xcc, 0xcc, 0xc2,
    0xf, 0xf5, 0x0, 0x0, 0x0, 0x0, 0xb, 0xfa,
    0x0, 0x0, 0x49, 0x80, 0x4, 0xff, 0x82, 0x4,
    0xef, 0x80, 0x0, 0x8f, 0xff, 0xff, 0xfc, 0x0,
    0x0, 0x4, 0xbe, 0xfc, 0x70, 0x0,

    /* U+011C "Ĝ" */
    0x0, 0x0, 0x0, 0x48, 0x70, 0x0, 0x0, 0x0,
    0x0, 0x1, 0xff, 0xf8, 0x0, 0x0, 0x0, 0x0,
    0xb, 0xf3, 0xaf, 0x30, 0x0, 0x0, 0x0, 0x18,
    0x40, 0x7, 0x50, 0x0, 0x0, 0x0, 0x0, 0x0,
    0x0, 0x0, 0x0, 0x0, 0x0, 0x3a, 0xef, 0xec,
    0x60, 0x0, 0x0, 0x6, 0xff, 0xff, 0xff, 0xfc,
    0x10, 0x0, 0x6f, 0xfd, 0x63, 0x48, 0xff, 0xc0,
    0x1, 0xef, 0xb0, 0x0, 0x0, 0x4f, 0xf4, 0x7,
    0xff, 0x10, 0x0, 0x0, 0xb, 0xfa, 0xc, 0xfa,
    0x0, 0x0, 0x0, 0x2, 0x54, 0xf, 0xf6, 0x0,
    0x0, 0x0, 0x0, 0x0, 0xf, 0xf5, 0x0, 0x0,
    0x0, 0x0, 0x0, 0xf, 0xf5, 0x0, 0x3, 0xff,
    0xff, 0xff, 0xf, 0xf6, 0x0, 0x3, 0xff, 0xff,
    0xff, 0xc, 0xf9, 0x0, 0x0, 0x0, 0x4, 0xff,
    0x7, 0xff, 0x10, 0x0, 0x0, 0x9, 0xff, 0x1,
    0xff, 0xa0, 0x0, 0x0, 0x3f, 0xff, 0x0, 0x7f,
    0xfc, 0x63, 0x48, 0xff, 0xdf, 0x0, 0x7, 0xff,
    0xff, 0xff, 0xf6, 0xaf, 0x0, 0x0, 0x3a, 0xef,
    0xea, 0x30, 0xaf,

    /* U+011D "ĝ" */
    0x0, 0x0, 0x4f, 0xf8, 0x0, 0x0, 0x0, 0x0,
    0xcf, 0xdf, 0x10, 0x0, 0x0, 0x5, 0xf6, 0x3f,
    0x90, 0x0, 0x0, 0x8, 0x90, 0x6, 0xa0, 0x0,
    0x0, 0x0, 0x0, 0x0, 0x0, 0x0, 0x0, 0x7,
    0xdf, 0xd7, 0xf, 0xf2, 0x0, 0xbf, 0xff, 0xff,
    0xaf, 0xf2, 0x6, 0xff, 0x81, 0x6, 0xff, 0xf2,
    0xd, 0xfa, 0x0, 0x0, 0x7f, 0xf2, 0xf, 0xf5,
    0x0, 0x0, 0x2f, 0xf2, 0x1f, 0xf3, 0x0, 0x0,
    0x1f, 0xf2, 0xf, 0xf5, 0x0, 0x0, 0x3f, 0xf2,
    0xc, 0xfa, 0x0, 0x0, 0x9f, 0xf2, 0x6, 0xff,
    0x81, 0x17, 0xff, 0xf2, 0x0, 0xaf, 0xff, 0xff,
    0xaf, 0xf2, 0x0, 0x6, 0xcf, 0xd7, 0x1f, 0xf2,
    0x4, 0x53, 0x0, 0x0, 0x3f, 0xf0, 0x7, 0xfe,
    0x40, 0x3, 0xdf, 0xc0, 0x0, 0xcf, 0xff, 0xff,
    0xfe, 0x20, 0x0, 0x7, 0xcf, 0xfd, 0x91, 0x0,

    /* U+011E "Ğ" */
    0x0, 0x0, 0x18, 0x10, 0x5, 0x50, 0x0, 0x0,
    0x0, 0x1f, 0x90, 0x3e, 0x90, 0x0, 0x0, 0x0,
    0x8, 0xff, 0xfe, 0x10, 0x0, 0x0, 0x0, 0x0,
    0x47, 0x61, 0x0, 0x0, 0x0, 0x0, 0x0, 0x0,
    0x0, 0x0, 0x0, 0x0, 0x0, 0x3a, 0xef, 0xec,
    0x60, 0x0, 0x0, 0x6, 0xff, 0xff, 0xff, 0xfc,
    0x10, 0x0, 0x6f, 0xfd, 0x63, 0x48, 0xff, 0xc0,
    0x1, 0xef, 0xb0, 0x0, 0x0, 0x4f, 0xf4, 0x7,
    0xff, 0x10, 0x0, 0x0, 0xb, 0xfa, 0xc, 0xfa,
    0x0, 0x0, 0x0, 0x2, 0x54, 0xf, 0xf6, 0x0,
    0x0, 0x0, 0x0, 0x0, 0xf, 0xf5, 0x0, 0x0,
    0x0, 0x0, 0x0, 0xf, 0xf5, 0x0, 0x3, 0xff,
    0xff, 0xff, 0xf, 0xf6, 0x0, 0x3, 0xff, 0xff,
    0xff, 0xc, 0xf9, 0x0, 0x0, 0x0, 0x4, 0xff,
    0x7, 0xff, 0x10, 0x0, 0x0, 0x9, 0xff, 0x1,
    0xff, 0xa0, 0x0, 0x0, 0x3f, 0xff, 0x0, 0x7f,
    0xfc, 0x63, 0x48, 0xff, 0xdf, 0x0, 0x7, 0xff,
    0xff, 0xff, 0xf6, 0xaf, 0x0, 0x0, 0x3a, 0xef,
    0xea, 0x30, 0xaf,

    /* U+011F "ğ" */
    0x0, 0xc, 0xa0, 0x6, 0xf1, 0x0, 0x0, 0x7,
    0xfa, 0x9f, 0xb0, 0x0, 0x0, 0x0, 0x8e, 0xea,
    0x10, 0x0, 0x0, 0x0, 0x0, 0x0, 0x0, 0x0,
    0x0, 0x0, 0x0, 0x0, 0x0, 0x0, 0x0, 0x7,
    0xdf, 0xd7, 0xf, 0xf2, 0x0, 0xbf, 0xff, 0xff,
    0xaf, 0xf2, 0x6, 0xff, 0x81, 0x6, 0xff, 0xf2,
    0xd, 0xfa, 0x0, 0x0, 0x7f, 0xf2, 0xf, 0xf5,
    0x0, 0x0, 0x2f, 0xf2, 0x1f, 0xf3, 0x0, 0x0,
    0x1f, 0xf2, 0xf, 0xf5, 0x0, 0x0, 0x3f, 0xf2,
    0xc, 0xfa, 0x0, 0x0, 0x9f, 0xf2, 0x6, 0xff,
    0x81, 0x17, 0xff, 0xf2, 0x0, 0xaf, 0xff, 0xff,
    0xaf, 0xf2, 0x0, 0x6, 0xcf, 0xd7, 0x1f, 0xf2,
    0x4, 0x53, 0x0, 0x0, 0x3f, 0xf0, 0x7, 0xfe,
    0x40, 0x3, 0xdf, 0xc0, 0x0, 0xcf, 0xff, 0xff,
    0xfe, 0x20, 0x0, 0x7, 0xcf, 0xfd, 0x91, 0x0,

    /* U+0120 "Ġ" */
    0x0, 0x0, 0x0, 0x6f, 0xe0, 0x0, 0x0, 0x0,
    0x0, 0x0, 0x6f, 0xe0, 0x0, 0x0, 0x0, 0x0,
    0x0, 0x25, 0x50, 0x0, 0x0, 0x0, 0x0, 0x0,
    0x0, 0x0, 0x0, 0x0, 0x0, 0x0, 0x3a, 0xef,
    0xec, 0x60, 0x0, 0x0, 0x6, 0xff, 0xff, 0xff,
    0xfc, 0x10, 0x0, 0x6f, 0xfd, 0x63, 0x48, 0xff,
    0xc0, 0x1, 0xef, 0xb0, 0x0, 0x0, 0x4f, 0xf4,
    0x7, 0xff, 0x10, 0x0, 0x0, 0xb, 0xfa, 0xc,
    0xfa, 0x0, 0x0, 0x0, 0x2, 0x54, 0xf, 0xf6,
    0x0, 0x0, 0x0, 0x0, 0x0, 0xf, 0xf5, 0x0,
    0x0, 0x0, 0x0, 0x0, 0xf, 0xf5, 0x0, 0x3,
    0xff, 0xff, 0xff, 0xf, 0xf6, 0x0, 0x3, 0xff,
    0xff, 0xff, 0xc, 0xf9, 0x0, 0x0, 0x0, 0x4,
    0xff, 0x7, 0xff, 0x10, 0x0, 0x0, 0x9, 0xff,
    0x1, 0xff, 0xa0, 0x0, 0x0, 0x3f, 0xff, 0x0,
    0x7f, 0xfc, 0x63, 0x48, 0xff, 0xdf, 0x0, 0x7,
    0xff, 0xff, 0xff, 0xf6, 0xaf, 0x0, 0x0, 0x3a,
    0xef, 0xea, 0x30, 0xaf,

    /* U+0121 "ġ" */
    0x0, 0x0, 0xf, 0xf4, 0x0, 0x0, 0x0, 0x0,
    0xf, 0xf4, 0x0, 0x0, 0x0, 0x0, 0x5, 0x51,
    0x0, 0x0, 0x0, 0x0, 0x0, 0x0, 0x0, 0x0,
    0x0, 0x7, 0xdf, 0xd7, 0xf, 0xf2, 0x0, 0xbf,
    0xff, 0xff, 0xaf, 0xf2, 0x6, 0xff, 0x81, 0x6,
    0xff, 0xf2, 0xd, 0xfa, 0x0, 0x0, 0x7f, 0xf2,
    0xf, 0xf5, 0x0, 0x0, 0x2f, 0xf2, 0x1f, 0xf3,
    0x0, 0x0, 0x1f, 0xf2, 0xf, 0xf5, 0x0, 0x0,
    0x3f, 0xf2, 0xc, 0xfa, 0x0, 0x0, 0x9f, 0xf2,
    0x6, 0xff, 0x81, 0x17, 0xff, 0xf2, 0x0, 0xaf,
    0xff, 0xff, 0xaf, 0xf2, 0x0, 0x6, 0xcf, 0xd7,
    0x1f, 0xf2, 0x4, 0x53, 0x0, 0x0, 0x3f, 0xf0,
    0x7, 0xfe, 0x40, 0x3, 0xdf, 0xc0, 0x0, 0xcf,
    0xff, 0xff, 0xfe, 0x20, 0x0, 0x7, 0xcf, 0xfd,
    0x91, 0x0,

    /* U+0122 "Ģ" */
    0x0, 0x0, 0x3a, 0xef, 0xec, 0x60, 0x0, 0x0,
    0x6, 0xff, 0xff, 0xff, 0xfc, 0x10, 0x0, 0x6f,
    0xfd, 0x63, 0x48, 0xff, 0xc0, 0x1, 0xef, 0xb0,
    0x0, 0x0, 0x4f, 0xf4, 0x7, 0xff, 0x10, 0x0,
    0x0, 0xb, 0xfa, 0xc, 0xfa, 0x0, 0x0, 0x0,
    0x2, 0x54, 0xf, 0xf6, 0x0, 0x0, 0x0, 0x0,
    0x0, 0xf, 0xf5, 0x0, 0x0, 0x0, 0x0, 0x0,
    0xf, 0xf5, 0x0, 0x3, 0xff, 0xff, 0xff, 0xf,
    0xf6, 0x0, 0x3, 0xff, 0xff, 0xff, 0xc, 0xf9,
    0x0, 0x0, 0x0, 0x4, 0xff, 0x7, 0xff, 0x10,
    0x0, 0x0, 0x9, 0xff, 0x1, 0xff, 0xa0, 0x0,
    0x0, 0x3f, 0xff, 0x0, 0x7f, 0xfc, 0x63, 0x48,
    0xff, 0xdf, 0x0, 0x7, 0xff, 0xff, 0xff, 0xf6,
    0xaf, 0x0, 0x0, 0x3a, 0xef, 0xea, 0x30, 0xaf,
    0x0, 0x0, 0x0, 0x2, 0x20, 0x0, 0x0, 0x0,
    0x0, 0x0, 0x5f, 0xf0, 0x0, 0x0, 0x0, 0x0,
    0x0, 0x5f, 0xf0, 0x0, 0x0, 0x0, 0x0, 0x0,
    0xd, 0x90, 0x0, 0x0, 0x0, 0x0, 0x0, 0x7e,
    0x10, 0x0, 0x0,

    /* U+0123 "ģ" */
    0x0, 0x0, 0x1, 0xf5, 0x0, 0x0, 0x0, 0x0,
    0xa, 0xc0, 0x0, 0x0, 0x0, 0x0, 0xf, 0xf4,
    0x0, 0x0, 0x0, 0x0, 0xf, 0xf4, 0x0, 0x0,
    0x0, 0x0, 0x3, 0x30, 0x0, 0x0, 0x0, 0x0,
    0x0, 0x0, 0x0, 0x0, 0x0, 0x7, 0xdf, 0xd7,
    0xf, 0xf2, 0x0, 0xbf, 0xff, 0xff, 0xaf, 0xf2,
    0x6, 0xff, 0x81, 0x6, 0xff, 0xf2, 0xd, 0xfa,
    0x0, 0x0, 0x7f, 0xf2, 0xf, 0xf5, 0x0, 0x0,
    0x2f, 0xf2, 0x1f, 0xf3, 0x0, 0x0, 0x1f, 0xf2,
    0xf, 0xf5, 0x0, 0x0, 0x3f, 0xf2, 0xc, 0xfa,
    0x0, 0x0, 0x9f, 0xf2, 0x6, 0xff, 0x81, 0x17,
    0xff, 0xf2, 0x0, 0xaf, 0xff, 0xff, 0xaf, 0xf2,
    0x0, 0x6, 0xcf, 0xd7, 0x1f, 0xf2, 0x4, 0x53,
    0x0, 0x0, 0x3f, 0xf0, 0x7, 0xfe, 0x40, 0x3,
    0xdf, 0xc0, 0x0, 0xcf, 0xff, 0xff, 0xfe, 0x20,
    0x0, 0x7, 0xcf, 0xfd, 0x91, 0x0,

    /* U+0124 "Ĥ" */
    0x0, 0x0, 0xe, 0xfe, 0x10, 0x0, 0x0, 0x0,
    0x9, 0xf3, 0xfa, 0x0, 0x0, 0x0, 0x3, 0xf7,
    0x6, 0xf4, 0x0, 0x0, 0x0, 0x0, 0x0, 0x0,
    0x0, 0x0, 0x3f, 0xf1, 0x0, 0x0, 0x0, 0xff,
    0x33, 0xff, 0x10, 0x0, 0x0, 0xf, 0xf3, 0x3f,
    0xf1, 0x0, 0x0, 0x0, 0xff, 0x33, 0xff, 0x10,
    0x0, 0x0, 0xf, 0xf3, 0x3f, 0xf1, 0x0, 0x0,
    0x0, 0xff, 0x33, 0xff, 0x10, 0x0, 0x0, 0xf,
    0xf3, 0x3f, 0xf1, 0x0, 0x0, 0x0, 0xff, 0x33,
    0xff, 0xff, 0xff, 0xff, 0xff, 0xf3, 0x3f, 0xff,
    0xff, 0xff, 0xff, 0xff, 0x33, 0xff, 0x32, 0x22,
    0x22, 0x3f, 0xf3, 0x3f, 0xf1, 0x0, 0x0, 0x0,
    0xff, 0x33, 0xff, 0x10, 0x0, 0x0, 0xf, 0xf3,
    0x3f, 0xf1, 0x0, 0x0, 0x0, 0xff, 0x33, 0xff,
    0x10, 0x0, 0x0, 0xf, 0xf3, 0x3f, 0xf1, 0x0,
    0x0, 0x0, 0xff, 0x33, 0xff, 0x10, 0x0, 0x0,
    0xf, 0xf3,

    /* U+0125 "ĥ" */
    0x0, 0x48, 0x70, 0x0, 0x0, 0x0, 0x2, 0xfc,
    0xf8, 0x0, 0x0, 0x0, 0xb, 0xe1, 0x8f, 0x20,
    0x0, 0x0, 0x18, 0x30, 0x7, 0x50, 0x0, 0x0,
    0x0, 0x6f, 0xc0, 0x0, 0x0, 0x0, 0x0, 0x6f,
    0xc0, 0x0, 0x0, 0x0, 0x0, 0x6f, 0xc0, 0x0,
    0x0, 0x0, 0x0, 0x6f, 0xc0, 0x0, 0x0, 0x0,
    0x0, 0x6f, 0xc2, 0xaf, 0xfb, 0x20, 0x0, 0x6f,
    0xdd, 0xff, 0xff, 0xe1, 0x0, 0x6f, 0xfc, 0x30,
    0x4f, 0xf8, 0x0, 0x6f, 0xf2, 0x0, 0x9, 0xfc,
    0x0, 0x6f, 0xe0, 0x0, 0x7, 0xfd, 0x0, 0x6f,
    0xc0, 0x0, 0x6, 0xfd, 0x0, 0x6f, 0xc0, 0x0,
    0x6, 0xfd, 0x0, 0x6f, 0xc0, 0x0, 0x6, 0xfd,
    0x0, 0x6f, 0xc0, 0x0, 0x6, 0xfd, 0x0, 0x6f,
    0xc0, 0x0, 0x6, 0xfd, 0x0, 0x6f, 0xc0, 0x0,
    0x6, 0xfd, 0x0, 0x6f, 0xc0, 0x0, 0x6, 0xfd,

    /* U+0126 "Ħ" */
    0x3, 0xff, 0x10, 0x0, 0x0, 0xf, 0xf3, 0x0,
    0x3f, 0xf1, 0x0, 0x0, 0x0, 0xff, 0x30, 0xbf,
    0xff, 0xff, 0xff, 0xff, 0xff, 0xff, 0xcc, 0xff,
    0xff, 0xff, 0xff, 0xff, 0xff, 0xfc, 0x3, 0xff,
    0x10, 0x0, 0x0, 0xf, 0xf3, 0x0, 0x3f, 0xf1,
    0x0, 0x0, 0x0, 0xff, 0x30, 0x3, 0xff, 0x10,
    0x0, 0x0, 0xf, 0xf3, 0x0, 0x3f, 0xff, 0xff,
    0xff, 0xff, 0xff, 0x30, 0x3, 0xff, 0xff, 0xff,
    0xff, 0xff, 0xf3, 0x0, 0x3f, 0xf3, 0x22, 0x22,
    0x23, 0xff, 0x30, 0x3, 0xff, 0x10, 0x0, 0x0,
    0xf, 0xf3, 0x0, 0x3f, 0xf1, 0x0, 0x0, 0x0,
    0xff, 0x30, 0x3, 0xff, 0x10, 0x0, 0x0, 0xf,
    0xf3, 0x0, 0x3f, 0xf1, 0x0, 0x0, 0x0, 0xff,
    0x30, 0x3, 0xff, 0x10, 0x0, 0x0, 0xf, 0xf3,
    0x0, 0x3f, 0xf1, 0x0, 0x0, 0x0, 0xff, 0x30,

    /* U+0127 "ħ" */
    0x6, 0xfc, 0x0, 0x0, 0x0, 0x9, 0xff, 0xfa,
    0xa8, 0x0, 0x0, 0xef, 0xff, 0xff, 0xc0, 0x0,
    0x0, 0x6f, 0xc0, 0x0, 0x0, 0x0, 0x6, 0xfc,
    0x2a, 0xff, 0xb2, 0x0, 0x6f, 0xdd, 0xff, 0xff,
    0xe1, 0x6, 0xff, 0xc3, 0x4, 0xff, 0x80, 0x6f,
    0xf2, 0x0, 0x9, 0xfc, 0x6, 0xfe, 0x0, 0x0,
    0x7f, 0xd0, 0x6f, 0xc0, 0x0, 0x6, 0xfd, 0x6,
    0xfc, 0x0, 0x0, 0x6f, 0xd0, 0x6f, 0xc0, 0x0,
    0x6, 0xfd, 0x6, 0xfc, 0x0, 0x0, 0x6f, 0xd0,
    0x6f, 0xc0, 0x0, 0x6, 0xfd, 0x6, 0xfc, 0x0,
    0x0, 0x6f, 0xd0, 0x6f, 0xc0, 0x0, 0x6, 0xfd,

    /* U+0128 "Ĩ" */
    0x0, 0x10, 0x0, 0x20, 0xb, 0xfe, 0x64, 0xf3,
    0x5f, 0x6a, 0xff, 0xc0, 0x24, 0x0, 0x34, 0x0,
    0x0, 0x0, 0x0, 0x0, 0x0, 0x3f, 0xf1, 0x0,
    0x0, 0x3f, 0xf1, 0x0, 0x0, 0x3f, 0xf1, 0x0,
    0x0, 0x3f, 0xf1, 0x0, 0x0, 0x3f, 0xf1, 0x0,
    0x0, 0x3f, 0xf1, 0x0, 0x0, 0x3f, 0xf1, 0x0,
    0x0, 0x3f, 0xf1, 0x0, 0x0, 0x3f, 0xf1, 0x0,
    0x0, 0x3f, 0xf1, 0x0, 0x0, 0x3f, 0xf1, 0x0,
    0x0, 0x3f, 0xf1, 0x0, 0x0, 0x3f, 0xf1, 0x0,
    0x0, 0x3f, 0xf1, 0x0, 0x0, 0x3f, 0xf1, 0x0,
    0x0, 0x3f, 0xf1, 0x0,

    /* U+0129 "ĩ" */
    0x1c, 0xfb, 0x47, 0xf0, 0x8e, 0x8e, 0xff, 0x80,
    0x32, 0x0, 0x43, 0x0, 0x0, 0x0, 0x0, 0x0,
    0x0, 0x6f, 0xc0, 0x0, 0x0, 0x6f, 0xc0, 0x0,
    0x0, 0x6f, 0xc0, 0x0, 0x0, 0x6f, 0xc0, 0x0,
    0x0, 0x6f, 0xc0, 0x0, 0x0, 0x6f, 0xc0, 0x0,
    0x0, 0x6f, 0xc0, 0x0, 0x0, 0x6f, 0xc0, 0x0,
    0x0, 0x6f, 0xc0, 0x0, 0x0, 0x6f, 0xc0, 0x0,
    0x0, 0x6f, 0xc0, 0x0, 0x0, 0x6f, 0xc0, 0x0,

    /* U+012A "Ī" */
    0xde, 0xee, 0xec, 0xff, 0xff, 0xfd, 0x0, 0x0,
    0x0, 0x0, 0x0, 0x0, 0x3, 0xff, 0x10, 0x3,
    0xff, 0x10, 0x3, 0xff, 0x10, 0x3, 0xff, 0x10,
    0x3, 0xff, 0x10, 0x3, 0xff, 0x10, 0x3, 0xff,
    0x10, 0x3, 0xff, 0x10, 0x3, 0xff, 0x10, 0x3,
    0xff, 0x10, 0x3, 0xff, 0x10, 0x3, 0xff, 0x10,
    0x3, 0xff, 0x10, 0x3, 0xff, 0x10, 0x3, 0xff,
    0x10, 0x3, 0xff, 0x10,

    /* U+012B "ī" */
    0x3f, 0xff, 0xff, 0x93, 0xee, 0xee, 0xe8, 0x0,
    0x0, 0x0, 0x0, 0x0, 0x0, 0x0, 0x0, 0x6f,
    0xc0, 0x0, 0x6, 0xfc, 0x0, 0x0, 0x6f, 0xc0,
    0x0, 0x6, 0xfc, 0x0, 0x0, 0x6f, 0xc0, 0x0,
    0x6, 0xfc, 0x0, 0x0, 0x6f, 0xc0, 0x0, 0x6,
    0xfc, 0x0, 0x0, 0x6f, 0xc0, 0x0, 0x6, 0xfc,
    0x0, 0x0, 0x6f, 0xc0, 0x0, 0x6, 0xfc, 0x0,

    /* U+012C "Ĭ" */
    0xf, 0x50, 0x6, 0xe0, 0xac, 0x22, 0xd9, 0x1,
    0xcf, 0xfb, 0x10, 0x0, 0x21, 0x0, 0x0, 0x1f,
    0xe0, 0x0, 0x1, 0xfe, 0x0, 0x0, 0x1f, 0xe0,
    0x0, 0x1, 0xfe, 0x0, 0x0, 0x1f, 0xe0, 0x0,
    0x1, 0xfe, 0x0, 0x0, 0x1f, 0xe0, 0x0, 0x1,
    0xfe, 0x0, 0x0, 0x1f, 0xe0, 0x0, 0x1, 0xfe,
    0x0, 0x0, 0x1f, 0xe0, 0x0, 0x1, 0xfe, 0x0,
    0x0, 0x1f, 0xe0, 0x0, 0x1, 0xfe, 0x0, 0x0,
    0x1f, 0xe0, 0x0,

    /* U+012D "ĭ" */
    0x8d, 0x20, 0x5f, 0x31, 0xcf, 0xff, 0x70, 0x0,
    0x12, 0x0, 0x0, 0x0, 0x0, 0x0, 0x0, 0x9f,
    0x40, 0x0, 0x9, 0xf4, 0x0, 0x0, 0x9f, 0x40,
    0x0, 0x9, 0xf4, 0x0, 0x0, 0x9f, 0x40, 0x0,
    0x9, 0xf4, 0x0, 0x0, 0x9f, 0x40, 0x0, 0x9,
    0xf4, 0x0, 0x0, 0x9f, 0x40, 0x0, 0x9, 0xf4,
    0x0, 0x0, 0x9f, 0x40, 0x0,

    /* U+012E "Į" */
    0x3, 0xff, 0x10, 0x3f, 0xf1, 0x3, 0xff, 0x10,
    0x3f, 0xf1, 0x3, 0xff, 0x10, 0x3f, 0xf1, 0x3,
    0xff, 0x10, 0x3f, 0xf1, 0x3, 0xff, 0x10, 0x3f,
    0xf1, 0x3, 0xff, 0x10, 0x3f, 0xf1, 0x3, 0xff,
    0x10, 0x3f, 0xf1, 0x3, 0xff, 0x10, 0x3f, 0xf1,
    0x2, 0xfb, 0x0, 0xbf, 0x10, 0x2f, 0xc0, 0x11,
    0xff, 0xf9, 0x4, 0x99, 0x30,

    /* U+012F "į" */
    0x7, 0xfd, 0x0, 0x7f, 0xd0, 0x2, 0x54, 0x0,
    0x0, 0x0, 0x6, 0xfc, 0x0, 0x6f, 0xc0, 0x6,
    0xfc, 0x0, 0x6f, 0xc0, 0x6, 0xfc, 0x0, 0x6f,
    0xc0, 0x6, 0xfc, 0x0, 0x6f, 0xc0, 0x6, 0xfc,
    0x0, 0x6f, 0xc0, 0x6, 0xfc, 0x0, 0x6f, 0xe0,
    0x5, 0xf7, 0x0, 0xec, 0x0, 0x6f, 0x91, 0x5,
    0xff, 0xf5, 0x6, 0x98, 0x20,

    /* U+0130 "İ" */
    0x3f, 0xf1, 0x3f, 0xf1, 0x15, 0x50, 0x0, 0x0,
    0x3f, 0xf1, 0x3f, 0xf1, 0x3f, 0xf1, 0x3f, 0xf1,
    0x3f, 0xf1, 0x3f, 0xf1, 0x3f, 0xf1, 0x3f, 0xf1,
    0x3f, 0xf1, 0x3f, 0xf1, 0x3f, 0xf1, 0x3f, 0xf1,
    0x3f, 0xf1, 0x3f, 0xf1, 0x3f, 0xf1, 0x3f, 0xf1,

    /* U+0131 "ı" */
    0x6f, 0xc6, 0xfc, 0x6f, 0xc6, 0xfc, 0x6f, 0xc6,
    0xfc, 0x6f, 0xc6, 0xfc, 0x6f, 0xc6, 0xfc, 0x6f,
    0xc6, 0xfc,

    /* U+0132 "Ĳ" */
    0x3f, 0xf1, 0x0, 0x0, 0x0, 0x0, 0x8, 0xfc,
    0x3f, 0xf1, 0x0, 0x0, 0x0, 0x0, 0x8, 0xfc,
    0x3f, 0xf1, 0x0, 0x0, 0x0, 0x0, 0x8, 0xfc,
    0x3f, 0xf1, 0x0, 0x0, 0x0, 0x0, 0x8, 0xfc,
    0x3f, 0xf1, 0x0, 0x0, 0x0, 0x0, 0x8, 0xfc,
    0x3f, 0xf1, 0x0, 0x0, 0x0, 0x0, 0x8, 0xfc,
    0x3f, 0xf1, 0x0, 0x0, 0x0, 0x0, 0x8, 0xfc,
    0x3f, 0xf1, 0x0, 0x0, 0x0, 0x0, 0x8, 0xfc,
    0x3f, 0xf1, 0x0, 0x0, 0x0, 0x0, 0x8, 0xfc,
    0x3f, 0xf1, 0x0, 0x0, 0x0, 0x0, 0x8, 0xfc,
    0x3f, 0xf1, 0x2, 0xbb, 0x10, 0x0, 0x8, 0xfb,
    0x3f, 0xf1, 0x1, 0xff, 0x30, 0x0, 0xa, 0xfa,
    0x3f, 0xf1, 0x0, 0xdf, 0x90, 0x0, 0x1f, 0xf6,
    0x3f, 0xf1, 0x0, 0x6f, 0xf8, 0x35, 0xdf, 0xe0,
    0x3f, 0xf1, 0x0, 0xb, 0xff, 0xff, 0xff, 0x40,
    0x3f, 0xf1, 0x0, 0x0, 0x6d, 0xfe, 0xa3, 0x0,

    /* U+0133 "ĳ" */
    0x7f, 0xd0, 0x0, 0xdf, 0x77, 0xfd, 0x0, 0xd,
    0xf7, 0x25, 0x40, 0x0, 0x45, 0x20, 0x0, 0x0,
    0x0, 0x0, 0x6f, 0xc0, 0x0, 0xcf, 0x66, 0xfc,
    0x0, 0xc, 0xf6, 0x6f, 0xc0, 0x0, 0xcf, 0x66,
    0xfc, 0x0, 0xc, 0xf6, 0x6f, 0xc0, 0x0, 0xcf,
    0x66, 0xfc, 0x0, 0xc, 0xf6, 0x6f, 0xc0, 0x0,
    0xcf, 0x66, 0xfc, 0x0, 0xc, 0xf6, 0x6f, 0xc0,
    0x0, 0xcf, 0x66, 0xfc, 0x0, 0xc, 0xf6, 0x6f,
    0xc0, 0x0, 0xcf, 0x66, 0xfc, 0x0, 0xc, 0xf6,
    0x0, 0x0, 0x1, 0xef, 0x50, 0x0, 0xe, 0xff,
    0xf2, 0x0, 0x0, 0xff, 0xd5, 0x0,

    /* U+0134 "Ĵ" */
    0x0, 0x0, 0x0, 0x1, 0x88, 0x30, 0x0, 0x0,
    0x0, 0x0, 0xaf, 0xfe, 0x0, 0x0, 0x0, 0x0,
    0x4f, 0x84, 0xf9, 0x0, 0x0, 0x0, 0x6, 0x70,
    0x5, 0x70, 0x0, 0x0, 0x0, 0x0, 0x0, 0x0,
    0x0, 0x0, 0x0, 0x0, 0xf, 0xf4, 0x0, 0x0,
    0x0, 0x0, 0x0, 0xff, 0x40, 0x0, 0x0, 0x0,
    0x0, 0xf, 0xf4, 0x0, 0x0, 0x0, 0x0, 0x0,
    0xff, 0x40, 0x0, 0x0, 0x0, 0x0, 0xf, 0xf4,
    0x0, 0x0, 0x0, 0x0, 0x0, 0xff, 0x40, 0x0,
    0x0, 0x0, 0x0, 0xf, 0xf4, 0x0, 0x0, 0x0,
    0x0, 0x0, 0xff, 0x40, 0x0, 0x0, 0x0, 0x0,
    0xf, 0xf4, 0x0, 0x0, 0x0, 0x0, 0x0, 0xff,
    0x40, 0x7, 0xb6, 0x0, 0x0, 0xf, 0xf3, 0x0,
    0x9f, 0xb0, 0x0, 0x2, 0xff, 0x10, 0x5, 0xff,
    0x10, 0x0, 0x9f, 0xd0, 0x0, 0xe, 0xfd, 0x53,
    0x8f, 0xf7, 0x0, 0x0, 0x4f, 0xff, 0xff, 0xfb,
    0x0, 0x0, 0x0, 0x2a, 0xef, 0xd7, 0x0, 0x0,
    0x0,

    /* U+0135 "ĵ" */
    0x0, 0x7, 0x84, 0x0, 0x0, 0x8f, 0xcf, 0x20,
    0x3, 0xf8, 0x1e, 0xb0, 0x4, 0x70, 0x3, 0x71,
    0x0, 0x0, 0x0, 0x0, 0x0, 0xd, 0xf6, 0x0,
    0x0, 0xd, 0xf6, 0x0, 0x0, 0xd, 0xf6, 0x0,
    0x0, 0xd, 0xf6, 0x0, 0x0, 0xd, 0xf6, 0x0,
    0x0, 0xd, 0xf6, 0x0, 0x0, 0xd, 0xf6, 0x0,
    0x0, 0xd, 0xf6, 0x0, 0x0, 0xd, 0xf6, 0x0,
    0x0, 0xd, 0xf6, 0x0, 0x0, 0xd, 0xf6, 0x0,
    0x0, 0xd, 0xf6, 0x0, 0x0, 0x1f, 0xf4, 0x0,
    0x1e, 0xff, 0xf1, 0x0, 0x1f, 0xfd, 0x50, 0x0,

    /* U+0136 "Ķ" */
    0x3f, 0xf1, 0x0, 0x0, 0x2e, 0xfb, 0x3, 0xff,
    0x10, 0x0, 0xd, 0xfd, 0x0, 0x3f, 0xf1, 0x0,
    0xb, 0xfe, 0x20, 0x3, 0xff, 0x10, 0x8, 0xff,
    0x40, 0x0, 0x3f, 0xf1, 0x5, 0xff, 0x60, 0x0,
    0x3, 0xff, 0x13, 0xff, 0x90, 0x0, 0x0, 0x3f,
    0xf2, 0xef, 0xc0, 0x0, 0x0, 0x3, 0xff, 0xdf,
    0xfb, 0x0, 0x0, 0x0, 0x3f, 0xff, 0xff, 0xf6,
    0x0, 0x0, 0x3, 0xff, 0xf3, 0x9f, 0xf2, 0x0,
    0x0, 0x3f, 0xf6, 0x0, 0xdf, 0xc0, 0x0, 0x3,
    0xff, 0x10, 0x3, 0xff, 0x70, 0x0, 0x3f, 0xf1,
    0x0, 0x8, 0xff, 0x20, 0x3, 0xff, 0x10, 0x0,
    0xd, 0xfc, 0x0, 0x3f, 0xf1, 0x0, 0x0, 0x3f,
    0xf7, 0x3, 0xff, 0x10, 0x0, 0x0, 0x8f, 0xf2,
    0x0, 0x0, 0x2, 0x21, 0x0, 0x0, 0x0, 0x0,
    0x0, 0xdf, 0x80, 0x0, 0x0, 0x0, 0x0, 0xd,
    0xf7, 0x0, 0x0, 0x0, 0x0, 0x0, 0x5f, 0x20,
    0x0, 0x0, 0x0, 0x0, 0xd, 0x80, 0x0, 0x0,
    0x0,

    /* U+0137 "ķ" */
    0x6f, 0xc0, 0x0, 0x0, 0x0, 0x6, 0xfc, 0x0,
    0x0, 0x0, 0x0, 0x6f, 0xc0, 0x0, 0x0, 0x0,
    0x6, 0xfc, 0x0, 0x0, 0x0, 0x0, 0x6f, 0xc0,
    0x0, 0x9, 0xff, 0x36, 0xfc, 0x0, 0x7, 0xff,
    0x50, 0x6f, 0xc0, 0x4, 0xff, 0x70, 0x6, 0xfc,
    0x3, 0xff, 0x90, 0x0, 0x6f, 0xc1, 0xef, 0xb0,
    0x0, 0x6, 0xfd, 0xcf, 0xf9, 0x0, 0x0, 0x6f,
    0xff, 0xdf, 0xf3, 0x0, 0x6, 0xff, 0xd1, 0x9f,
    0xd0, 0x0, 0x6f, 0xe2, 0x1, 0xef, 0x80, 0x6,
    0xfc, 0x0, 0x5, 0xff, 0x20, 0x6f, 0xc0, 0x0,
    0xb, 0xfc, 0x6, 0xfc, 0x0, 0x0, 0x2f, 0xf7,
    0x0, 0x0, 0x22, 0x10, 0x0, 0x0, 0x0, 0xd,
    0xf8, 0x0, 0x0, 0x0, 0x0, 0xdf, 0x70, 0x0,
    0x0, 0x0, 0x5, 0xf2, 0x0, 0x0, 0x0, 0x0,
    0xe8, 0x0, 0x0, 0x0,

    /* U+0138 "ĸ" */
    0x9f, 0x30, 0x5, 0xee, 0x9, 0xf3, 0x1, 0xfc,
    0x70, 0x9f, 0x30, 0x7f, 0x10, 0x9, 0xf3, 0xd,
    0xb0, 0x0, 0x9f, 0x37, 0xf4, 0x0, 0x9, 0xff,
    0xf6, 0x0, 0x0, 0x9f, 0x6a, 0xf6, 0x0, 0x9,
    0xf3, 0xc, 0xf3, 0x0, 0x9f, 0x30, 0x3f, 0xc0,
    0x9, 0xf3, 0x0, 0x9f, 0x70, 0x9f, 0x30, 0x0,
    0xef, 0x10,

    /* U+0139 "Ĺ" */
    0x0, 0xef, 0x40, 0x0, 0x0, 0x0, 0x6f, 0xa0,
    0x0, 0x0, 0x0, 0xc, 0xe1, 0x0, 0x0, 0x0,
    0x0, 0x0, 0x0, 0x0, 0x0, 0x0, 0x3f, 0xf1,
    0x0, 0x0, 0x0, 0x3, 0xff, 0x10, 0x0, 0x0,
    0x0, 0x3f, 0xf1, 0x0, 0x0, 0x0, 0x3, 0xff,
    0x10, 0x0, 0x0, 0x0, 0x3f, 0xf1, 0x0, 0x0,
    0x0, 0x3, 0xff, 0x10, 0x0, 0x0, 0x0, 0x3f,
    0xf1, 0x0, 0x0, 0x0, 0x3, 0xff, 0x10, 0x0,
    0x0, 0x0, 0x3f, 0xf1, 0x0, 0x0, 0x0, 0x3,
    0xff, 0x10, 0x0, 0x0, 0x0, 0x3f, 0xf1, 0x0,
    0x0, 0x0, 0x3, 0xff, 0x10, 0x0, 0x0, 0x0,
    0x3f, 0xf1, 0x0, 0x0, 0x0, 0x3, 0xff, 0x43,
    0x33, 0x33, 0x31, 0x3f, 0xff, 0xff, 0xff, 0xff,
    0x53, 0xff, 0xff, 0xff, 0xff, 0xf5,

    /* U+013A "ĺ" */
    0x3, 0xff, 0x10, 0xaf, 0x60, 0x1e, 0xb0, 0x6,
    0xfc, 0x0, 0x6f, 0xc0, 0x6, 0xfc, 0x0, 0x6f,
    0xc0, 0x6, 0xfc, 0x0, 0x6f, 0xc0, 0x6, 0xfc,
    0x0, 0x6f, 0xc0, 0x6, 0xfc, 0x0, 0x6f, 0xc0,
    0x6, 0xfc, 0x0, 0x6f, 0xc0, 0x6, 0xfc, 0x0,
    0x6f, 0xe0, 0x3, 0xff, 0xf6, 0x8, 0xef, 0x70,

    /* U+013B "Ļ" */
    0x3f, 0xf1, 0x0, 0x0, 0x0, 0x3, 0xff, 0x10,
    0x0, 0x0, 0x0, 0x3f, 0xf1, 0x0, 0x0, 0x0,
    0x3, 0xff, 0x10, 0x0, 0x0, 0x0, 0x3f, 0xf1,
    0x0, 0x0, 0x0, 0x3, 0xff, 0x10, 0x0, 0x0,
    0x0, 0x3f, 0xf1, 0x0, 0x0, 0x0, 0x3, 0xff,
    0x10, 0x0, 0x0, 0x0, 0x3f, 0xf1, 0x0, 0x0,
    0x0, 0x3, 0xff, 0x10, 0x0, 0x0, 0x0, 0x3f,
    0xf1, 0x0, 0x0, 0x0, 0x3, 0xff, 0x10, 0x0,
    0x0, 0x0, 0x3f, 0xf1, 0x0, 0x0, 0x0, 0x3,
    0xff, 0x43, 0x33, 0x33, 0x31, 0x3f, 0xff, 0xff,
    0xff, 0xff, 0x53, 0xff, 0xff, 0xff, 0xff, 0xf5,
    0x0, 0x0, 0x12, 0x20, 0x0, 0x0, 0x0, 0x9,
    0xfb, 0x0, 0x0, 0x0, 0x0, 0x9f, 0xb0, 0x0,
    0x0, 0x0, 0x2, 0xf5, 0x0, 0x0, 0x0, 0x0,
    0xac, 0x0, 0x0, 0x0,

    /* U+013C "ļ" */
    0x6f, 0xc0, 0x6, 0xfc, 0x0, 0x6f, 0xc0, 0x6,
    0xfc, 0x0, 0x6f, 0xc0, 0x6, 0xfc, 0x0, 0x6f,
    0xc0, 0x6, 0xfc, 0x0, 0x6f, 0xc0, 0x6, 0xfc,
    0x0, 0x6f, 0xc0, 0x6, 0xfc, 0x0, 0x6f, 0xc0,
    0x6, 0xfe, 0x0, 0x3f, 0xff, 0x60, 0x8e, 0xf7,
    0x1, 0x22, 0x0, 0x9f, 0xc0, 0x9, 0xfb, 0x0,
    0x2f, 0x50, 0xa, 0xc0, 0x0,

    /* U+013D "Ľ" */
    0x3f, 0xf1, 0x0, 0x2, 0xfe, 0x3, 0xff, 0x10,
    0x0, 0x4f, 0xb0, 0x3f, 0xf1, 0x0, 0x5, 0xf8,
    0x3, 0xff, 0x10, 0x0, 0x7f, 0x50, 0x3f, 0xf1,
    0x0, 0x9, 0xf2, 0x3, 0xff, 0x10, 0x0, 0x9d,
    0x0, 0x3f, 0xf1, 0x0, 0x0, 0x0, 0x3, 0xff,
    0x10, 0x0, 0x0, 0x0, 0x3f, 0xf1, 0x0, 0x0,
    0x0, 0x3, 0xff, 0x10, 0x0, 0x0, 0x0, 0x3f,
    0xf1, 0x0, 0x0, 0x0, 0x3, 0xff, 0x10, 0x0,
    0x0, 0x0, 0x3f, 0xf1, 0x0, 0x0, 0x0, 0x3,
    0xff, 0x43, 0x33, 0x33, 0x31, 0x3f, 0xff, 0xff,
    0xff, 0xff, 0x53, 0xff, 0xff, 0xff, 0xff, 0xf5,

    /* U+013E "ľ" */
    0x6f, 0xc0, 0x7f, 0x96, 0xfc, 0x8, 0xf6, 0x6f,
    0xc0, 0xaf, 0x36, 0xfc, 0xc, 0xf0, 0x6f, 0xc0,
    0xdd, 0x6, 0xfc, 0xd, 0x90, 0x6f, 0xc0, 0x0,
    0x6, 0xfc, 0x0, 0x0, 0x6f, 0xc0, 0x0, 0x6,
    0xfc, 0x0, 0x0, 0x6f, 0xc0, 0x0, 0x6, 0xfc,
    0x0, 0x0, 0x6f, 0xc0, 0x0, 0x6, 0xfe, 0x0,
    0x0, 0x3f, 0xff, 0x60, 0x0, 0x8e, 0xf7, 0x0,

    /* U+013F "Ŀ" */
    0x6f, 0x90, 0x0, 0x0, 0x0, 0x6f, 0x90, 0x0,
    0x0, 0x0, 0x6f, 0x90, 0x0, 0x0, 0x0, 0x6f,
    0x90, 0x0, 0x0, 0x0, 0x6f, 0x90, 0x0, 0x0,
    0x0, 0x6f, 0x90, 0x0, 0x0, 0x0, 0x6f, 0x90,
    0x0, 0x10, 0x0, 0x6f, 0x90, 0xa, 0xf4, 0x0,
    0x6f, 0x90, 0xa, 0xf4, 0x0, 0x6f, 0x90, 0x0,
    0x0, 0x0, 0x6f, 0x90, 0x0, 0x0, 0x0, 0x6f,
    0x90, 0x0, 0x0, 0x0, 0x6f, 0x90, 0x0, 0x0,
    0x0, 0x6f, 0xec, 0xcc, 0xcc, 0xcc, 0x6f, 0xff,
    0xff, 0xff, 0xff,

    /* U+0140 "ŀ" */
    0x9f, 0x40, 0x0, 0x9f, 0x40, 0x0, 0x9f, 0x40,
    0x0, 0x9f, 0x40, 0x0, 0x9f, 0x40, 0x0, 0x9f,
    0x40, 0x0, 0x9f, 0x40, 0x10, 0x9f, 0x45, 0xf9,
    0x9f, 0x45, 0xf9, 0x9f, 0x40, 0x0, 0x9f, 0x40,
    0x0, 0x9f, 0x40, 0x0, 0x9f, 0x40, 0x0, 0x9f,
    0x40, 0x0, 0x9f, 0x40, 0x0,

    /* U+0141 "Ł" */
    0x3, 0xff, 0x10, 0x0, 0x0, 0x0, 0x3, 0xff,
    0x10, 0x0, 0x0, 0x0, 0x3, 0xff, 0x10, 0x0,
    0x0, 0x0, 0x3, 0xff, 0x10, 0x0, 0x0, 0x0,
    0x3, 0xff, 0x10, 0x10, 0x0, 0x0, 0x3, 0xff,
    0x17, 0xf2, 0x0, 0x0, 0x3, 0xff, 0xff, 0xd1,
    0x0, 0x0, 0x7, 0xff, 0xf7, 0x0, 0x0, 0x0,
    0x9f, 0xff, 0x20, 0x0, 0x0, 0x0, 0xac, 0xff,
    0x10, 0x0, 0x0, 0x0, 0x13, 0xff, 0x10, 0x0,
    0x0, 0x0, 0x3, 0xff, 0x10, 0x0, 0x0, 0x0,
    0x3, 0xff, 0x10, 0x0, 0x0, 0x0, 0x3, 0xff,
    0x43, 0x33, 0x33, 0x31, 0x3, 0xff, 0xff, 0xff,
    0xff, 0xf5, 0x3, 0xff, 0xff, 0xff, 0xff, 0xf5,

    /* U+0142 "ł" */
    0x6, 0xfc, 0x0, 0x6, 0xfc, 0x0, 0x6, 0xfc,
    0x0, 0x6, 0xfc, 0x0, 0x6, 0xfc, 0x0, 0x6,
    0xff, 0xb7, 0xa, 0xff, 0xf4, 0xaf, 0xff, 0x10,
    0xdf, 0xfc, 0x0, 0x6, 0xfc, 0x0, 0x6, 0xfc,
    0x0, 0x6, 0xfc, 0x0, 0x6, 0xfc, 0x0, 0x6,
    0xfe, 0x0, 0x3, 0xff, 0xf6, 0x0, 0x8e, 0xf7,

    /* U+0143 "Ń" */
    0x0, 0x0, 0x0, 0xd, 0xf6, 0x0, 0x0, 0x0,
    0x0, 0x4, 0xfc, 0x0, 0x0, 0x0, 0x0, 0x0,
    0xae, 0x20, 0x0, 0x0, 0x0, 0x0, 0x0, 0x0,
    0x0, 0x0, 0x3f, 0xfe, 0x0, 0x0, 0x0, 0x6f,
    0xd3, 0xff, 0xf7, 0x0, 0x0, 0x6, 0xfd, 0x3f,
    0xff, 0xe1, 0x0, 0x0, 0x6f, 0xd3, 0xff, 0xdf,
    0x80, 0x0, 0x6, 0xfd, 0x3f, 0xf5, 0xff, 0x10,
    0x0, 0x6f, 0xd3, 0xff, 0x1b, 0xf9, 0x0, 0x6,
    0xfd, 0x3f, 0xf1, 0x3f, 0xf2, 0x0, 0x6f, 0xd3,
    0xff, 0x10, 0xaf, 0xa0, 0x6, 0xfd, 0x3f, 0xf1,
    0x2, 0xff, 0x20, 0x6f, 0xd3, 0xff, 0x10, 0x9,
    0xfb, 0x6, 0xfd, 0x3f, 0xf1, 0x0, 0x1f, 0xf3,
    0x6f, 0xd3, 0xff, 0x10, 0x0, 0x8f, 0xc6, 0xfd,
    0x3f, 0xf1, 0x0, 0x1, 0xef, 0xbf, 0xd3, 0xff,
    0x10, 0x0, 0x7, 0xff, 0xfd, 0x3f, 0xf1, 0x0,
    0x0, 0xe, 0xff, 0xd3, 0xff, 0x10, 0x0, 0x0,
    0x6f, 0xfd,

    /* U+0144 "ń" */
    0x0, 0x0, 0xa, 0xf9, 0x0, 0x0, 0x0, 0x2f,
    0xe0, 0x0, 0x0, 0x0, 0x8f, 0x40, 0x0, 0x0,
    0x0, 0x0, 0x0, 0x0, 0x6f, 0x91, 0xaf, 0xfb,
    0x20, 0x6f, 0xad, 0xff, 0xff, 0xe1, 0x6f, 0xfc,
    0x20, 0x4f, 0xf8, 0x6f, 0xf2, 0x0, 0x9, 0xfc,
    0x6f, 0xe0, 0x0, 0x6, 0xfd, 0x6f, 0xc0, 0x0,
    0x6, 0xfd, 0x6f, 0xc0, 0x0, 0x6, 0xfd, 0x6f,
    0xc0, 0x0, 0x6, 0xfd, 0x6f, 0xc0, 0x0, 0x6,
    0xfd, 0x6f, 0xc0, 0x0, 0x6, 0xfd, 0x6f, 0xc0,
    0x0, 0x6, 0xfd, 0x6f, 0xc0, 0x0, 0x6, 0xfd,

    /* U+0145 "Ņ" */
    0x3f, 0xfe, 0x0, 0x0, 0x0, 0x6f, 0xd3, 0xff,
    0xf7, 0x0, 0x0, 0x6, 0xfd, 0x3f, 0xff, 0xe1,
    0x0, 0x0, 0x6f, 0xd3, 0xff, 0xdf, 0x80, 0x0,
    0x6, 0xfd, 0x3f, 0xf5, 0xff, 0x10, 0x0, 0x6f,
    0xd3, 0xff, 0x1b, 0xf9, 0x0, 0x6, 0xfd, 0x3f,
    0xf1, 0x3f, 0xf2, 0x0, 0x6f, 0xd3, 0xff, 0x10,
    0xaf, 0xa0, 0x6, 0xfd, 0x3f, 0xf1, 0x2, 0xff,
    0x20, 0x6f, 0xd3, 0xff, 0x10, 0x9, 0xfb, 0x6,
    0xfd, 0x3f, 0xf1, 0x0, 0x1f, 0xf3, 0x6f, 0xd3,
    0xff, 0x10, 0x0, 0x8f, 0xc6, 0xfd, 0x3f, 0xf1,
    0x0, 0x1, 0xef, 0xbf, 0xd3, 0xff, 0x10, 0x0,
    0x7, 0xff, 0xfd, 0x3f, 0xf1, 0x0, 0x0, 0xe,
    0xff, 0xd3, 0xff, 0x10, 0x0, 0x0, 0x6f, 0xfd,
    0x0, 0x0, 0x0, 0x22, 0x0, 0x0, 0x0, 0x0,
    0x0, 0x5f, 0xf0, 0x0, 0x0, 0x0, 0x0, 0x5,
    0xff, 0x0, 0x0, 0x0, 0x0, 0x0, 0xd, 0x90,
    0x0, 0x0, 0x0, 0x0, 0x6, 0xf1, 0x0, 0x0,
    0x0,

    /* U+0146 "ņ" */
    0x6f, 0x91, 0xaf, 0xfb, 0x20, 0x6f, 0xad, 0xff,
    0xff, 0xe1, 0x6f, 0xfc, 0x20, 0x4f, 0xf8, 0x6f,
    0xf2, 0x0, 0x9, 0xfc, 0x6f, 0xe0, 0x0, 0x6,
    0xfd, 0x6f, 0xc0, 0x0, 0x6, 0xfd, 0x6f, 0xc0,
    0x0, 0x6, 0xfd, 0x6f, 0xc0, 0x0, 0x6, 0xfd,
    0x6f, 0xc0, 0x0, 0x6, 0xfd, 0x6f, 0xc0, 0x0,
    0x6, 0xfd, 0x6f, 0xc0, 0x0, 0x6, 0xfd, 0x6f,
    0xc0, 0x0, 0x6, 0xfd, 0x0, 0x0, 0x22, 0x10,
    0x0, 0x0, 0x0, 0xff, 0x60, 0x0, 0x0, 0x0,
    0xff, 0x50, 0x0, 0x0, 0x0, 0x7e, 0x0, 0x0,
    0x0, 0x1, 0xf6, 0x0, 0x0,

    /* U+0147 "Ň" */
    0x0, 0x0, 0xbe, 0x21, 0xdd, 0x0, 0x0, 0x0,
    0x1, 0xfd, 0xcf, 0x30, 0x0, 0x0, 0x0, 0x6,
    0xff, 0x80, 0x0, 0x0, 0x0, 0x0, 0x0, 0x0,
    0x0, 0x0, 0x3f, 0xfe, 0x0, 0x0, 0x0, 0x6f,
    0xd3, 0xff, 0xf7, 0x0, 0x0, 0x6, 0xfd, 0x3f,
    0xff, 0xe1, 0x0, 0x0, 0x6f, 0xd3, 0xff, 0xdf,
    0x80, 0x0, 0x6, 0xfd, 0x3f, 0xf5, 0xff, 0x10,
    0x0, 0x6f, 0xd3, 0xff, 0x1b, 0xf9, 0x0, 0x6,
    0xfd, 0x3f, 0xf1, 0x3f, 0xf2, 0x0, 0x6f, 0xd3,
    0xff, 0x10, 0xaf, 0xa0, 0x6, 0xfd, 0x3f, 0xf1,
    0x2, 0xff, 0x20, 0x6f, 0xd3, 0xff, 0x10, 0x9,
    0xfb, 0x6, 0xfd, 0x3f, 0xf1, 0x0, 0x1f, 0xf3,
    0x6f, 0xd3, 0xff, 0x10, 0x0, 0x8f, 0xc6, 0xfd,
    0x3f, 0xf1, 0x0, 0x1, 0xef, 0xbf, 0xd3, 0xff,
    0x10, 0x0, 0x7, 0xff, 0xfd, 0x3f, 0xf1, 0x0,
    0x0, 0xe, 0xff, 0xd3, 0xff, 0x10, 0x0, 0x0,
    0x6f, 0xfd,

    /* U+0148 "ň" */
    0x0, 0x23, 0x0, 0x13, 0x0, 0x0, 0x6f, 0x50,
    0xdd, 0x0, 0x0, 0xc, 0xeb, 0xf3, 0x0, 0x0,
    0x2, 0xdd, 0x80, 0x0, 0x0, 0x0, 0x0, 0x0,
    0x0, 0x6f, 0x91, 0xaf, 0xfb, 0x20, 0x6f, 0xad,
    0xff, 0xff, 0xe1, 0x6f, 0xfc, 0x20, 0x4f, 0xf8,
    0x6f, 0xf2, 0x0, 0x9, 0xfc, 0x6f, 0xe0, 0x0,
    0x6, 0xfd, 0x6f, 0xc0, 0x0, 0x6, 0xfd, 0x6f,
    0xc0, 0x0, 0x6, 0xfd, 0x6f, 0xc0, 0x0, 0x6,
    0xfd, 0x6f, 0xc0, 0x0, 0x6, 0xfd, 0x6f, 0xc0,
    0x0, 0x6, 0xfd, 0x6f, 0xc0, 0x0, 0x6, 0xfd,
    0x6f, 0xc0, 0x0, 0x6, 0xfd,

    /* U+0149 "ŉ" */
    0xe, 0xf1, 0x0, 0x0, 0x0, 0x0, 0x0, 0xef,
    0x10, 0x0, 0x0, 0x0, 0x0, 0x1, 0xf0, 0x0,
    0x0, 0x0, 0x0, 0x0, 0x7b, 0x0, 0x0, 0x0,
    0x0, 0x0, 0x6, 0x2, 0xf8, 0x4c, 0xff, 0xb3,
    0x0, 0x0, 0x2f, 0xdf, 0x85, 0x8f, 0xf3, 0x0,
    0x2, 0xff, 0x40, 0x0, 0x6f, 0x90, 0x0, 0x2f,
    0xd0, 0x0, 0x2, 0xfb, 0x0, 0x2, 0xfb, 0x0,
    0x0, 0x2f, 0xb0, 0x0, 0x2f, 0xb0, 0x0, 0x2,
    0xfb, 0x0, 0x2, 0xfb, 0x0, 0x0, 0x2f, 0xb0,
    0x0, 0x2f, 0xb0, 0x0, 0x2, 0xfb, 0x0, 0x2,
    0xfb, 0x0, 0x0, 0x2f, 0xb0, 0x0, 0x2f, 0xb0,
    0x0, 0x2, 0xfb, 0x0, 0x2, 0xfb, 0x0, 0x0,
    0x2f, 0xb0,

    /* U+014A "Ŋ" */
    0x3f, 0xfe, 0x0, 0x0, 0x0, 0x6f, 0xd3, 0xff,
    0xf7, 0x0, 0x0, 0x6, 0xfd, 0x3f, 0xff, 0xe1,
    0x0, 0x0, 0x6f, 0xd3, 0xff, 0xdf, 0x80, 0x0,
    0x6, 0xfd, 0x3f, 0xf5, 0xff, 0x10, 0x0, 0x6f,
    0xd3, 0xff, 0x1b, 0xf9, 0x0, 0x6, 0xfd, 0x3f,
    0xf1, 0x3f, 0xf2, 0x0, 0x6f, 0xd3, 0xff, 0x10,
    0xaf, 0xa0, 0x6, 0xfd, 0x3f, 0xf1, 0x2, 0xff,
    0x20, 0x6f, 0xd3, 0xff, 0x10, 0x9, 0xfb, 0x6,
    0xfd, 0x3f, 0xf1, 0x0, 0x1f, 0xf3, 0x6f, 0xd3,
    0xff, 0x10, 0x0, 0x8f, 0xc6, 0xfd, 0x3f, 0xf1,
    0x0, 0x1, 0xff, 0xbf, 0xd3, 0xff, 0x10, 0x0,
    0x7, 0xff, 0xfd, 0x3f, 0xf1, 0x0, 0x0, 0xe,
    0xff, 0xf3, 0xff, 0x10, 0x0, 0x0, 0x6f, 0xff,
    0x0, 0x0, 0x0, 0x0, 0x0, 0x8f, 0xc0, 0x0,
    0x0, 0x0, 0xaf, 0xff, 0xf6, 0x0, 0x0, 0x0,
    0xb, 0xff, 0xd7, 0x0,

    /* U+014B "ŋ" */
    0x6f, 0x91, 0xaf, 0xfb, 0x20, 0x6f, 0xad, 0xff,
    0xff, 0xe1, 0x6f, 0xfc, 0x20, 0x4f, 0xf8, 0x6f,
    0xf2, 0x0, 0x9, 0xfc, 0x6f, 0xe0, 0x0, 0x6,
    0xfd, 0x6f, 0xc0, 0x0, 0x6, 0xfd, 0x6f, 0xc0,
    0x0, 0x6, 0xfd, 0x6f, 0xc0, 0x0, 0x6, 0xfd,
    0x6f, 0xc0, 0x0, 0x6, 0xfd, 0x6f, 0xc0, 0x0,
    0x7, 0xff, 0x6f, 0xc0, 0x0, 0xc, 0xff, 0x6f,
    0xc0, 0x0, 0xc, 0xff, 0x0, 0x0, 0x0, 0x9,
    0xfc, 0x0, 0x0, 0x3d, 0xef, 0xf6, 0x0, 0x0,
    0x4f, 0xfd, 0x70,

    /* U+014C "Ō" */
    0x0, 0x0, 0xe, 0xee, 0xee, 0xb0, 0x0, 0x0,
    0x0, 0x0, 0xff, 0xff, 0xfc, 0x0, 0x0, 0x0,
    0x0, 0x0, 0x0, 0x0, 0x0, 0x0, 0x0, 0x0,
    0x0, 0x0, 0x0, 0x0, 0x0, 0x0, 0x0, 0x0,
    0x29, 0xdf, 0xec, 0x81, 0x0, 0x0, 0x0, 0x7f,
    0xff, 0xff, 0xff, 0xf4, 0x0, 0x0, 0x6f, 0xfd,
    0x63, 0x47, 0xef, 0xf3, 0x0, 0x1f, 0xfb, 0x0,
    0x0, 0x1, 0xdf, 0xd0, 0x7, 0xff, 0x10, 0x0,
    0x0, 0x4, 0xff, 0x40, 0xcf, 0xa0, 0x0, 0x0,
    0x0, 0xd, 0xf8, 0xf, 0xf6, 0x0, 0x0, 0x0,
    0x0, 0xaf, 0xb0, 0xff, 0x50, 0x0, 0x0, 0x0,
    0x8, 0xfc, 0xf, 0xf5, 0x0, 0x0, 0x0, 0x0,
    0x8f, 0xc0, 0xff, 0x60, 0x0, 0x0, 0x0, 0xa,
    0xfb, 0xc, 0xfa, 0x0, 0x0, 0x0, 0x0, 0xdf,
    0x90, 0x7f, 0xf1, 0x0, 0x0, 0x0, 0x4f, 0xf4,
    0x2, 0xff, 0xb0, 0x0, 0x0, 0x1d, 0xfd, 0x0,
    0x7, 0xff, 0xd6, 0x34, 0x7e, 0xff, 0x30, 0x0,
    0x7, 0xff, 0xff, 0xff, 0xff, 0x40, 0x0, 0x0,
    0x3, 0x9d, 0xfe, 0xc8, 0x10, 0x0,

    /* U+014D "ō" */
    0x0, 0xb, 0xff, 0xff, 0xf1, 0x0, 0x0, 0xa,
    0xee, 0xee, 0xe1, 0x0, 0x0, 0x0, 0x0, 0x0,
    0x0, 0x0, 0x0, 0x0, 0x0, 0x0, 0x0, 0x0,
    0x0, 0x4, 0xbe, 0xfd, 0x70, 0x0, 0x0, 0x7f,
    0xff, 0xff, 0xfc, 0x0, 0x4, 0xff, 0x92, 0x15,
    0xff, 0x90, 0xb, 0xfc, 0x0, 0x0, 0x7f, 0xf1,
    0xf, 0xf6, 0x0, 0x0, 0xf, 0xf5, 0x1f, 0xf3,
    0x0, 0x0, 0xe, 0xf6, 0x1f, 0xf3, 0x0, 0x0,
    0xe, 0xf6, 0xf, 0xf6, 0x0, 0x0, 0xf, 0xf5,
    0xb, 0xfc, 0x0, 0x0, 0x6f, 0xf0, 0x4, 0xff,
    0x91, 0x15, 0xff, 0x90, 0x0, 0x7f, 0xff, 0xff,
    0xfc, 0x0, 0x0, 0x4, 0xbe, 0xfd, 0x70, 0x0,

    /* U+014E "Ŏ" */
    0x0, 0x0, 0xb, 0xb1, 0x17, 0xf1, 0x0, 0x0,
    0x0, 0x0, 0x2, 0xdf, 0xfe, 0x50, 0x0, 0x0,
    0x0, 0x0, 0x0, 0x2, 0x20, 0x0, 0x0, 0x0,
    0x0, 0x0, 0x0, 0x0, 0x0, 0x0, 0x0, 0x0,
    0x0, 0x0, 0x18, 0xdf, 0xfd, 0xa3, 0x0, 0x0,
    0x0, 0x5, 0xff, 0xeb, 0xbd, 0xff, 0xa0, 0x0,
    0x0, 0x5f, 0xf6, 0x0, 0x0, 0x3d, 0xfa, 0x0,
    0x1, 0xff, 0x40, 0x0, 0x0, 0x0, 0xdf, 0x60,
    0x7, 0xfa, 0x0, 0x0, 0x0, 0x0, 0x4f, 0xd0,
    0xc, 0xf4, 0x0, 0x0, 0x0, 0x0, 0xe, 0xf2,
    0xe, 0xf2, 0x0, 0x0, 0x0, 0x0, 0xc, 0xf4,
    0xf, 0xf1, 0x0, 0x0, 0x0, 0x0, 0xb, 0xf5,
    0xf, 0xf1, 0x0, 0x0, 0x0, 0x0, 0xc, 0xf4,
    0xc, 0xf4, 0x0, 0x0, 0x0, 0x0, 0xf, 0xf2,
    0x8, 0xfa, 0x0, 0x0, 0x0, 0x0, 0x4f, 0xd0,
    0x1, 0xff, 0x40, 0x0, 0x0, 0x0, 0xdf, 0x60,
    0x0, 0x5f, 0xf6, 0x0, 0x0, 0x3d, 0xfb, 0x0,
    0x0, 0x5, 0xff, 0xeb, 0xbd, 0xff, 0xa0, 0x0,
    0x0, 0x0, 0x18, 0xdf, 0xfe, 0xa4, 0x0, 0x0,

    /* U+014F "ŏ" */
    0x0, 0x1f, 0x71, 0x1b, 0xb0, 0x0, 0x0, 0x5e,
    0xff, 0xd2, 0x0, 0x0, 0x0, 0x2, 0x20, 0x0,
    0x0, 0x0, 0x0, 0x0, 0x0, 0x0, 0x0, 0x7,
    0xdf, 0xfb, 0x40, 0x0, 0x1d, 0xfc, 0x89, 0xef,
    0x80, 0x9, 0xf9, 0x0, 0x1, 0xdf, 0x40, 0xff,
    0x0, 0x0, 0x5, 0xfa, 0x3f, 0xc0, 0x0, 0x0,
    0x1f, 0xd4, 0xfa, 0x0, 0x0, 0x0, 0xfe, 0x3f,
    0xc0, 0x0, 0x0, 0x1f, 0xd0, 0xff, 0x0, 0x0,
    0x5, 0xfa, 0xa, 0xf9, 0x0, 0x1, 0xdf, 0x40,
    0x1d, 0xfd, 0x99, 0xef, 0x80, 0x0, 0x7, 0xdf,
    0xfb, 0x40, 0x0,

    /* U+0150 "Ő" */
    0x0, 0x0, 0x0, 0x7f, 0xc6, 0xfc, 0x0, 0x0,
    0x0, 0x0, 0xe, 0xf2, 0xdf, 0x30, 0x0, 0x0,
    0x0, 0x5, 0xf7, 0x4f, 0x80, 0x0, 0x0, 0x0,
    0x0, 0x0, 0x0, 0x0, 0x0, 0x0, 0x0, 0x0,
    0x29, 0xdf, 0xec, 0x81, 0x0, 0x0, 0x0, 0x7f,
    0xff, 0xff, 0xff, 0xf4, 0x0, 0x0, 0x6f, 0xfd,
    0x63, 0x47, 0xef, 0xf3, 0x0, 0x1f, 0xfb, 0x0,
    0x0, 0x1, 0xdf, 0xd0, 0x7, 0xff, 0x10, 0x0,
    0x0, 0x4, 0xff, 0x40, 0xcf, 0xa0, 0x0, 0x0,
    0x0, 0xd, 0xf8, 0xf, 0xf6, 0x0, 0x0, 0x0,
    0x0, 0xaf, 0xb0, 0xff, 0x50, 0x0, 0x0, 0x0,
    0x8, 0xfc, 0xf, 0xf5, 0x0, 0x0, 0x0, 0x0,
    0x8f, 0xc0, 0xff, 0x60, 0x0, 0x0, 0x0, 0xa,
    0xfb, 0xc, 0xfa, 0x0, 0x0, 0x0, 0x0, 0xdf,
    0x90, 0x7f, 0xf1, 0x0, 0x0, 0x0, 0x4f, 0xf4,
    0x2, 0xff, 0xb0, 0x0, 0x0, 0x1d, 0xfd, 0x0,
    0x7, 0xff, 0xd6, 0x34, 0x7e, 0xff, 0x30, 0x0,
    0x7, 0xff, 0xff, 0xff, 0xff, 0x40, 0x0, 0x0,
    0x3, 0x9d, 0xfe, 0xc8, 0x10, 0x0,

    /* U+0151 "ő" */
    0x0, 0x0, 0x2f, 0xf3, 0xff, 0x20, 0x0, 0x0,
    0xaf, 0x69, 0xf7, 0x0, 0x0, 0x1, 0xeb, 0xe,
    0xc0, 0x0, 0x0, 0x0, 0x0, 0x0, 0x0, 0x0,
    0x0, 0x4, 0xbe, 0xfd, 0x70, 0x0, 0x0, 0x7f,
    0xff, 0xff, 0xfc, 0x0, 0x4, 0xff, 0x92, 0x15,
    0xff, 0x90, 0xb, 0xfc, 0x0, 0x0, 0x7f, 0xf1,
    0xf, 0xf6, 0x0, 0x0, 0xf, 0xf5, 0x1f, 0xf3,
    0x0, 0x0, 0xe, 0xf6, 0x1f, 0xf3, 0x0, 0x0,
    0xe, 0xf6, 0xf, 0xf6, 0x0, 0x0, 0xf, 0xf5,
    0xb, 0xfc, 0x0, 0x0, 0x6f, 0xf0, 0x4, 0xff,
    0x91, 0x15, 0xff, 0x90, 0x0, 0x7f, 0xff, 0xff,
    0xfc, 0x0, 0x0, 0x4, 0xbe, 0xfd, 0x70, 0x0,

    /* U+0152 "Œ" */
    0x0, 0x0, 0x29, 0xdf, 0xec, 0x70, 0x4f, 0xff,
    0xff, 0xff, 0xfc, 0x0, 0x7, 0xff, 0xff, 0xff,
    0xfd, 0x6f, 0xff, 0xff, 0xff, 0xfc, 0x0, 0x6f,
    0xfd, 0x63, 0x47, 0xef, 0xff, 0xf3, 0x33, 0x33,
    0x32, 0x1, 0xff, 0xb0, 0x0, 0x0, 0x1e, 0xff,
    0xf0, 0x0, 0x0, 0x0, 0x7, 0xff, 0x10, 0x0,
    0x0, 0x4, 0xff, 0xf0, 0x0, 0x0, 0x0, 0xc,
    0xfa, 0x0, 0x0, 0x0, 0x0, 0xef, 0xf0, 0x0,
    0x0, 0x0, 0xf, 0xf6, 0x0, 0x0, 0x0, 0x0,
    0xaf, 0xf1, 0x11, 0x11, 0x10, 0xf, 0xf5, 0x0,
    0x0, 0x0, 0x0, 0x8f, 0xff, 0xff, 0xff, 0xf8,
    0xf, 0xf5, 0x0, 0x0, 0x0, 0x0, 0x8f, 0xff,
    0xff, 0xff, 0xf8, 0xf, 0xf6, 0x0, 0x0, 0x0,
    0x0, 0xaf, 0xf0, 0x0, 0x0, 0x0, 0xc, 0xfa,
    0x0, 0x0, 0x0, 0x0, 0xdf, 0xf0, 0x0, 0x0,
    0x0, 0x7, 0xff, 0x10, 0x0, 0x0, 0x4, 0xff,
    0xf0, 0x0, 0x0, 0x0, 0x1, 0xff, 0xb0, 0x0,
    0x0, 0x1d, 0xff, 0xf0, 0x0, 0x0, 0x0, 0x0,
    0x6f, 0xfd, 0x63, 0x47, 0xef, 0xff, 0xf3, 0x33,
    0x33, 0x32, 0x0, 0x7, 0xff, 0xff, 0xff, 0xfd,
    0x6f, 0xff, 0xff, 0xff, 0xff, 0x0, 0x0, 0x29,
    0xdf, 0xfc, 0x70, 0x4f, 0xff, 0xff, 0xff, 0xff,

    /* U+0153 "œ" */
    0x0, 0x4, 0xbe, 0xfd, 0x70, 0x2, 0xae, 0xfd,
    0x80, 0x0, 0x0, 0x7f, 0xff, 0xff, 0xfc, 0x5f,
    0xff, 0xff, 0xfd, 0x10, 0x4, 0xff, 0x92, 0x15,
    0xff, 0xff, 0xc3, 0x14, 0xef, 0xa0, 0xb, 0xfc,
    0x0, 0x0, 0x7f, 0xff, 0x10, 0x0, 0x4f, 0xf1,
    0xf, 0xf6, 0x0, 0x0, 0xf, 0xfe, 0x0, 0x0,
    0xf, 0xf5, 0x1f, 0xf3, 0x0, 0x0, 0xf, 0xff,
    0xff, 0xff, 0xff, 0xf7, 0x1f, 0xf3, 0x0, 0x0,
    0xf, 0xff, 0xcc, 0xcc, 0xcc, 0xc6, 0xf, 0xf6,
    0x0, 0x0, 0xf, 0xfe, 0x0, 0x0, 0x0, 0x0,
    0xb, 0xfc, 0x0, 0x0, 0x6f, 0xff, 0x0, 0x0,
    0x19, 0x91, 0x4, 0xff, 0x91, 0x15, 0xff, 0xff,
    0xb3, 0x13, 0xcf, 0xd0, 0x0, 0x7f, 0xff, 0xff,
    0xfc, 0x5f, 0xff, 0xff, 0xfe, 0x20, 0x0, 0x4,
    0xbe, 0xfd, 0x70, 0x2, 0xae, 0xfd, 0x91, 0x0,

    /* U+0154 "Ŕ" */
    0x0, 0x0, 0x0, 0xcf, 0x70, 0x0, 0x0, 0x0,
    0x0, 0x3f, 0xd0, 0x0, 0x0, 0x0, 0x0, 0x9,
    0xf3, 0x0, 0x0, 0x0, 0x0, 0x0, 0x0, 0x0,
    0x0, 0x0, 0x3f, 0xff, 0xff, 0xfe, 0xb5, 0x0,
    0x3, 0xff, 0xff, 0xff, 0xff, 0xf9, 0x0, 0x3f,
    0xf4, 0x33, 0x35, 0xbf, 0xf5, 0x3, 0xff, 0x10,
    0x0, 0x0, 0xdf, 0xb0, 0x3f, 0xf1, 0x0, 0x0,
    0x8, 0xfd, 0x3, 0xff, 0x10, 0x0, 0x0, 0x8f,
    0xd0, 0x3f, 0xf1, 0x0, 0x0, 0xc, 0xf9, 0x3,
    0xff, 0x43, 0x33, 0x4b, 0xfe, 0x10, 0x3f, 0xff,
    0xff, 0xff, 0xfd, 0x20, 0x3, 0xff, 0xff, 0xff,
    0xff, 0xfc, 0x0, 0x3f, 0xf1, 0x0, 0x0, 0x5f,
    0xf6, 0x3, 0xff, 0x10, 0x0, 0x0, 0xaf, 0xa0,
    0x3f, 0xf1, 0x0, 0x0, 0x8, 0xfb, 0x3, 0xff,
    0x10, 0x0, 0x0, 0x7f, 0xd0, 0x3f, 0xf1, 0x0,
    0x0, 0x5, 0xfe, 0x3, 0xff, 0x10, 0x0, 0x0,
    0x4f, 0xf0,

    /* U+0155 "ŕ" */
    0x0, 0x8, 0xfb, 0x0, 0x0, 0xef, 0x10, 0x0,
    0x6f, 0x60, 0x0, 0x0, 0x0, 0x0, 0x6f, 0x94,
    0xdf, 0x66, 0xfb, 0xff, 0xf6, 0x6f, 0xfb, 0x31,
    0x6, 0xff, 0x10, 0x0, 0x6f, 0xd0, 0x0, 0x6,
    0xfc, 0x0, 0x0, 0x6f, 0xc0, 0x0, 0x6, 0xfc,
    0x0, 0x0, 0x6f, 0xc0, 0x0, 0x6, 0xfc, 0x0,
    0x0, 0x6f, 0xc0, 0x0, 0x6, 0xfc, 0x0, 0x0,

    /* U+0156 "Ŗ" */
    0x3f, 0xff, 0xff, 0xfe, 0xb5, 0x0, 0x3, 0xff,
    0xff, 0xff, 0xff, 0xf9, 0x0, 0x3f, 0xf4, 0x33,
    0x34, 0xaf, 0xf5, 0x3, 0xff, 0x10, 0x0, 0x0,
    0xbf, 0xb0, 0x3f, 0xf1, 0x0, 0x0, 0x7, 0xfd,
    0x3, 0xff, 0x10, 0x0, 0x0, 0xaf, 0xd0, 0x3f,
    0xf1, 0x0, 0x1, 0x7f, 0xf9, 0x3, 0xff, 0xff,
    0xff, 0xff, 0xfe, 0x10, 0x3f, 0xff, 0xff, 0xff,
    0xfd, 0x20, 0x3, 0xff, 0x43, 0x33, 0x38, 0xfc,
    0x0, 0x3f, 0xf1, 0x0, 0x0, 0xc, 0xf6, 0x3,
    0xff, 0x10, 0x0, 0x0, 0x9f, 0xa0, 0x3f, 0xf1,
    0x0, 0x0, 0x7, 0xfb, 0x3, 0xff, 0x10, 0x0,
    0x0, 0x6f, 0xd0, 0x3f, 0xf1, 0x0, 0x0, 0x5,
    0xfe, 0x3, 0xff, 0x10, 0x0, 0x0, 0x4f, 0xf0,
    0x0, 0x0, 0x2, 0x21, 0x0, 0x0, 0x0, 0x0,
    0x0, 0xbf, 0x90, 0x0, 0x0, 0x0, 0x0, 0xb,
    0xf8, 0x0, 0x0, 0x0, 0x0, 0x0, 0x4f, 0x20,
    0x0, 0x0, 0x0, 0x0, 0xd, 0x90, 0x0, 0x0,
    0x0,

    /* U+0157 "ŗ" */
    0x6f, 0x94, 0xdf, 0x66, 0xfb, 0xff, 0xf6, 0x6f,
    0xfb, 0x31, 0x6, 0xff, 0x10, 0x0, 0x6f, 0xd0,
    0x0, 0x6, 0xfc, 0x0, 0x0, 0x6f, 0xc0, 0x0,
    0x6, 0xfc, 0x0, 0x0, 0x6f, 0xc0, 0x0, 0x6,
    0xfc, 0x0, 0x0, 0x6f, 0xc0, 0x0, 0x6, 0xfc,
    0x0, 0x0, 0x12, 0x20, 0x0, 0x7, 0xfd, 0x0,
    0x0, 0x7f, 0xd0, 0x0, 0x1, 0xe7, 0x0, 0x0,
    0x9d, 0x0, 0x0, 0x0,

    /* U+0158 "Ř" */
    0x0, 0xa, 0xf2, 0xd, 0xd0, 0x0, 0x0, 0x0,
    0x1e, 0xdb, 0xf4, 0x0, 0x0, 0x0, 0x0, 0x5f,
    0xf9, 0x0, 0x0, 0x0, 0x0, 0x0, 0x0, 0x0,
    0x0, 0x0, 0x3f, 0xff, 0xff, 0xfe, 0xb5, 0x0,
    0x3, 0xff, 0xff, 0xff, 0xff, 0xf9, 0x0, 0x3f,
    0xf4, 0x33, 0x35, 0xbf, 0xf5, 0x3, 0xff, 0x10,
    0x0, 0x0, 0xdf, 0xb0, 0x3f, 0xf1, 0x0, 0x0,
    0x8, 0xfd, 0x3, 0xff, 0x10, 0x0, 0x0, 0x8f,
    0xd0, 0x3f, 0xf1, 0x0, 0x0, 0xc, 0xf9, 0x3,
    0xff, 0x43, 0x33, 0x4b, 0xfe, 0x10, 0x3f, 0xff,
    0xff, 0xff, 0xfd, 0x20, 0x3, 0xff, 0xff, 0xff,
    0xff, 0xfc, 0x0, 0x3f, 0xf1, 0x0, 0x0, 0x5f,
    0xf6, 0x3, 0xff, 0x10, 0x0, 0x0, 0xaf, 0xa0,
    0x3f, 0xf1, 0x0, 0x0, 0x8, 0xfb, 0x3, 0xff,
    0x10, 0x0, 0x0, 0x7f, 0xd0, 0x3f, 0xf1, 0x0,
    0x0, 0x5, 0xfe, 0x3, 0xff, 0x10, 0x0, 0x0,
    0x4f, 0xf0,

    /* U+0159 "ř" */
    0x6f, 0x60, 0xaf, 0x20, 0xbf, 0xaf, 0x70, 0x2,
    0xff, 0xd0, 0x0, 0x0, 0x0, 0x0, 0x6f, 0x94,
    0xdf, 0x66, 0xfb, 0xff, 0xf6, 0x6f, 0xfb, 0x31,
    0x6, 0xff, 0x10, 0x0, 0x6f, 0xd0, 0x0, 0x6,
    0xfc, 0x0, 0x0, 0x6f, 0xc0, 0x0, 0x6, 0xfc,
    0x0, 0x0, 0x6f, 0xc0, 0x0, 0x6, 0xfc, 0x0,
    0x0, 0x6f, 0xc0, 0x0, 0x6, 0xfc, 0x0, 0x0,

    /* U+015A "Ś" */
    0x0, 0x0, 0x4, 0xfe, 0x0, 0x0, 0x0, 0x0,
    0xb, 0xf5, 0x0, 0x0, 0x0, 0x0, 0x2f, 0xa0,
    0x0, 0x0, 0x0, 0x0, 0x0, 0x0, 0x0, 0x0,
    0x0, 0x3a, 0xef, 0xeb, 0x40, 0x0, 0x6, 0xff,
    0xff, 0xff, 0xf9, 0x0, 0x1f, 0xfd, 0x53, 0x4a,
    0xff, 0x60, 0x6f, 0xf1, 0x0, 0x0, 0xaf, 0xe0,
    0x8f, 0xd0, 0x0, 0x0, 0x2f, 0xf3, 0x6f, 0xf3,
    0x0, 0x0, 0x1, 0x10, 0x1e, 0xff, 0xa5, 0x0,
    0x0, 0x0, 0x2, 0xbf, 0xff, 0xfb, 0x60, 0x0,
    0x0, 0x2, 0x8c, 0xff, 0xfe, 0x30, 0x0, 0x0,
    0x0, 0x17, 0xef, 0xe1, 0x46, 0x30, 0x0, 0x0,
    0x2f, 0xf6, 0xbf, 0xb0, 0x0, 0x0, 0xc, 0xf8,
    0x6f, 0xf3, 0x0, 0x0, 0xe, 0xf7, 0xd, 0xff,
    0x73, 0x35, 0xcf, 0xf1, 0x2, 0xdf, 0xff, 0xff,
    0xff, 0x60, 0x0, 0x7, 0xce, 0xfe, 0xa2, 0x0,

    /* U+015B "ś" */
    0x0, 0x0, 0x4, 0xfe, 0x0, 0x0, 0x0, 0x0,
    0xbf, 0x50, 0x0, 0x0, 0x0, 0x2f, 0xa0, 0x0,
    0x0, 0x0, 0x0, 0x0, 0x0, 0x0, 0x0, 0x19,
    0xef, 0xeb, 0x40, 0x0, 0x1e, 0xff, 0xff, 0xff,
    0x60, 0x8, 0xfe, 0x30, 0x19, 0xff, 0x10, 0xbf,
    0xa0, 0x0, 0xd, 0xd4, 0x9, 0xfe, 0x20, 0x0,
    0x0, 0x0, 0x1e, 0xff, 0xda, 0x61, 0x0, 0x0,
    0x17, 0xcf, 0xff, 0xf6, 0x0, 0x0, 0x0, 0x3,
    0xaf, 0xf2, 0xf, 0xf5, 0x0, 0x0, 0xff, 0x50,
    0xbf, 0xe3, 0x0, 0x6f, 0xf3, 0x2, 0xff, 0xff,
    0xff, 0xfb, 0x0, 0x1, 0x9d, 0xfe, 0xc6, 0x0,

    /* U+015C "Ŝ" */
    0x0, 0x0, 0x58, 0x70, 0x0, 0x0, 0x0, 0x3,
    0xff, 0xf6, 0x0, 0x0, 0x0, 0xc, 0xe2, 0xcf,
    0x10, 0x0, 0x0, 0x28, 0x30, 0x18, 0x40, 0x0,
    0x0, 0x0, 0x0, 0x0, 0x0, 0x0, 0x0, 0x3a,
    0xef, 0xeb, 0x40, 0x0, 0x6, 0xff, 0xff, 0xff,
    0xf9, 0x0, 0x1f, 0xfd, 0x53, 0x4a, 0xff, 0x60,
    0x6f, 0xf1, 0x0, 0x0, 0xaf, 0xe0, 0x8f, 0xd0,
    0x0, 0x0, 0x2f, 0xf3, 0x6f, 0xf3, 0x0, 0x0,
    0x1, 0x10, 0x1e, 0xff, 0xa5, 0x0, 0x0, 0x0,
    0x2, 0xbf, 0xff, 0xfb, 0x60, 0x0, 0x0, 0x2,
    0x8c, 0xff, 0xfe, 0x30, 0x0, 0x0, 0x0, 0x17,
    0xef, 0xe1, 0x46, 0x30, 0x0, 0x0, 0x2f, 0xf6,
    0xbf, 0xb0, 0x0, 0x0, 0xc, 0xf8, 0x6f, 0xf3,
    0x0, 0x0, 0xe, 0xf7, 0xd, 0xff, 0x73, 0x35,
    0xcf, 0xf1, 0x2, 0xdf, 0xff, 0xff, 0xff, 0x60,
    0x0, 0x7, 0xce, 0xfe, 0xa2, 0x0,

    /* U+015D "ŝ" */
    0x0, 0x0, 0x58, 0x70, 0x0, 0x0, 0x0, 0x2f,
    0xdf, 0x60, 0x0, 0x0, 0xc, 0xd0, 0xbe, 0x10,
    0x0, 0x2, 0xa4, 0x2, 0xa5, 0x0, 0x0, 0x0,
    0x0, 0x0, 0x0, 0x0, 0x1, 0x9e, 0xfe, 0xb4,
    0x0, 0x1, 0xef, 0xff, 0xff, 0xf6, 0x0, 0x8f,
    0xe3, 0x1, 0x9f, 0xf1, 0xb, 0xfa, 0x0, 0x0,
    0xdd, 0x40, 0x9f, 0xe2, 0x0, 0x0, 0x0, 0x1,
    0xef, 0xfd, 0xa6, 0x10, 0x0, 0x1, 0x7c, 0xff,
    0xff, 0x60, 0x0, 0x0, 0x0, 0x3a, 0xff, 0x20,
    0xff, 0x50, 0x0, 0xf, 0xf5, 0xb, 0xfe, 0x30,
    0x6, 0xff, 0x30, 0x2f, 0xff, 0xff, 0xff, 0xb0,
    0x0, 0x19, 0xdf, 0xec, 0x60, 0x0,

    /* U+015E "Ş" */
    0x0, 0x3a, 0xef, 0xeb, 0x40, 0x0, 0x6, 0xff,
    0xff, 0xff, 0xf9, 0x0, 0x1f, 0xfd, 0x53, 0x4a,
    0xff, 0x60, 0x6f, 0xf1, 0x0, 0x0, 0xaf, 0xe0,
    0x8f, 0xd0, 0x0, 0x0, 0x2f, 0xf3, 0x6f, 0xf3,
    0x0, 0x0, 0x1, 0x10, 0x1e, 0xff, 0xa5, 0x0,
    0x0, 0x0, 0x2, 0xbf, 0xff, 0xfb, 0x60, 0x0,
    0x0, 0x2, 0x8c, 0xff, 0xfe, 0x30, 0x0, 0x0,
    0x0, 0x17, 0xef, 0xe1, 0x46, 0x30, 0x0, 0x0,
    0x2f, 0xf6, 0xbf, 0xb0, 0x0, 0x0, 0xc, 0xf8,
    0x6f, 0xf3, 0x0, 0x0, 0xe, 0xf7, 0xd, 0xff,
    0x73, 0x35, 0xcf, 0xf1, 0x2, 0xdf, 0xff, 0xff,
    0xff, 0x60, 0x0, 0x7, 0xcf, 0xfe, 0xa2, 0x0,
    0x0, 0x0, 0x2f, 0xb3, 0x0, 0x0, 0x0, 0x0,
    0x4, 0x9f, 0x10, 0x0, 0x0, 0x5, 0xa2, 0x5f,
    0x30, 0x0, 0x0, 0x2, 0xef, 0xfa, 0x0, 0x0,
    0x0, 0x0, 0x3, 0x20, 0x0, 0x0,

    /* U+015F "ş" */
    0x0, 0x19, 0xef, 0xeb, 0x40, 0x0, 0x1e, 0xff,
    0xff, 0xff, 0x60, 0x8, 0xfe, 0x30, 0x19, 0xff,
    0x10, 0xbf, 0xa0, 0x0, 0xd, 0xd4, 0x9, 0xfe,
    0x20, 0x0, 0x0, 0x0, 0x1e, 0xff, 0xda, 0x61,
    0x0, 0x0, 0x17, 0xcf, 0xff, 0xf6, 0x0, 0x0,
    0x0, 0x3, 0xaf, 0xf2, 0xf, 0xf5, 0x0, 0x0,
    0xff, 0x50, 0xbf, 0xe3, 0x0, 0x6f, 0xf3, 0x2,
    0xff, 0xff, 0xff, 0xfb, 0x0, 0x1, 0x9e, 0xff,
    0xc6, 0x0, 0x0, 0x0, 0x6f, 0x81, 0x0, 0x0,
    0x0, 0x0, 0x5c, 0xc0, 0x0, 0x0, 0x8, 0x82,
    0x9f, 0x0, 0x0, 0x0, 0x5f, 0xff, 0x70, 0x0,
    0x0, 0x0, 0x13, 0x10, 0x0, 0x0,

    /* U+0160 "Š" */
    0x0, 0x28, 0x30, 0x18, 0x40, 0x0, 0x0, 0xd,
    0xd0, 0xaf, 0x10, 0x0, 0x0, 0x3, 0xfc, 0xf6,
    0x0, 0x0, 0x0, 0x0, 0x58, 0x70, 0x0, 0x0,
    0x0, 0x0, 0x0, 0x0, 0x0, 0x0, 0x0, 0x3a,
    0xef, 0xeb, 0x40, 0x0, 0x6, 0xff, 0xff, 0xff,
    0xf9, 0x0, 0x1f, 0xfd, 0x53, 0x4a, 0xff, 0x60,
    0x6f, 0xf1, 0x0, 0x0, 0xaf, 0xe0, 0x8f, 0xd0,
    0x0, 0x0, 0x2f, 0xf3, 0x6f, 0xf3, 0x0, 0x0,
    0x1, 0x10, 0x1e, 0xff, 0xa5, 0x0, 0x0, 0x0,
    0x2, 0xbf, 0xff, 0xfb, 0x60, 0x0, 0x0, 0x2,
    0x8c, 0xff, 0xfe, 0x30, 0x0, 0x0, 0x0, 0x17,
    0xef, 0xe1, 0x46, 0x30, 0x0, 0x0, 0x2f, 0xf6,
    0xbf, 0xb0, 0x0, 0x0, 0xc, 0xf8, 0x6f, 0xf3,
    0x0, 0x0, 0xe, 0xf7, 0xd, 0xff, 0x73, 0x35,
    0xcf, 0xf1, 0x2, 0xdf, 0xff, 0xff, 0xff, 0x60,
    0x0, 0x7, 0xce, 0xfe, 0xa2, 0x0,

    /* U+0161 "š" */
    0x0, 0x2, 0x0, 0x2, 0x10, 0x0, 0x1, 0xfa,
    0x7, 0xf4, 0x0, 0x0, 0x6, 0xf9, 0xfa, 0x0,
    0x0, 0x0, 0xb, 0xed, 0x10, 0x0, 0x0, 0x0,
    0x0, 0x0, 0x0, 0x0, 0x1, 0x9e, 0xfe, 0xb4,
    0x0, 0x1, 0xef, 0xff, 0xff, 0xf5, 0x0, 0x8f,
    0xe3, 0x1, 0xaf, 0xe0, 0xb, 0xfa, 0x0, 0x0,
    0xff, 0x40, 0x9f, 0xe2, 0x0, 0x0, 0x0, 0x1,
    0xef, 0xfd, 0xa6, 0x10, 0x0, 0x1, 0x7c, 0xff,
    0xff, 0x60, 0x0, 0x0, 0x0, 0x3a, 0xff, 0x20,
    0xee, 0x40, 0x0, 0xf, 0xf5, 0xc, 0xfd, 0x30,
    0x6, 0xff, 0x30, 0x2f, 0xff, 0xff, 0xff, 0xb0,
    0x0, 0x19, 0xdf, 0xec, 0x60, 0x0,

    /* U+0162 "Ţ" */
    0xcf, 0xff, 0xff, 0xff, 0xff, 0xfa, 0xcf, 0xff,
    0xff, 0xff, 0xff, 0xfa, 0x23, 0x33, 0x5f, 0xf4,
    0x33, 0x32, 0x0, 0x0, 0x2f, 0xf1, 0x0, 0x0,
    0x0, 0x0, 0x2f, 0xf1, 0x0, 0x0, 0x0, 0x0,
    0x2f, 0xf1, 0x0, 0x0, 0x0, 0x0, 0x2f, 0xf1,
    0x0, 0x0, 0x0, 0x0, 0x2f, 0xf1, 0x0, 0x0,
    0x0, 0x0, 0x2f, 0xf1, 0x0, 0x0, 0x0, 0x0,
    0x2f, 0xf1, 0x0, 0x0, 0x0, 0x0, 0x2f, 0xf1,
    0x0, 0x0, 0x0, 0x0, 0x2f, 0xf1, 0x0, 0x0,
    0x0, 0x0, 0x2f, 0xf1, 0x0, 0x0, 0x0, 0x0,
    0x2f, 0xf1, 0x0, 0x0, 0x0, 0x0, 0x2f, 0xf1,
    0x0, 0x0, 0x0, 0x0, 0x2f, 0xf1, 0x0, 0x0,
    0x0, 0x0, 0x1e, 0x70, 0x0, 0x0, 0x0, 0x0,
    0x2e, 0xfa, 0x0, 0x0, 0x0, 0x0, 0x0, 0x6f,
    0x20, 0x0, 0x0, 0x7, 0xb2, 0x7f, 0x20, 0x0,
    0x0, 0x2, 0xef, 0xf8, 0x0, 0x0, 0x0, 0x0,
    0x3, 0x20, 0x0, 0x0,

    /* U+0163 "ţ" */
    0x2, 0x87, 0x0, 0x0, 0x4f, 0xf0, 0x0, 0x4,
    0xff, 0x0, 0xf, 0xff, 0xff, 0xff, 0xef, 0xff,
    0xee, 0xd0, 0x4f, 0xf0, 0x0, 0x4, 0xff, 0x0,
    0x0, 0x4f, 0xf0, 0x0, 0x4, 0xff, 0x0, 0x0,
    0x4f, 0xf0, 0x0, 0x4, 0xff, 0x0, 0x0, 0x3f,
    0xf0, 0x0, 0x2, 0xff, 0x30, 0x0, 0xe, 0xff,
    0xed, 0x0, 0x3e, 0xff, 0xf0, 0x0, 0xda, 0x0,
    0x0, 0xd, 0xfc, 0x0, 0x0, 0x3, 0xf4, 0x5,
    0xc2, 0x5f, 0x40, 0x1d, 0xff, 0xa0, 0x0, 0x3,
    0x20, 0x0,

    /* U+0164 "Ť" */
    0x0, 0xc, 0xe1, 0x2e, 0xb0, 0x0, 0x0, 0x2,
    0xfc, 0xdf, 0x20, 0x0, 0x0, 0x0, 0x8f, 0xf7,
    0x0, 0x0, 0x0, 0x0, 0x0, 0x0, 0x0, 0x0,
    0xcf, 0xff, 0xff, 0xff, 0xff, 0xfa, 0xcf, 0xff,
    0xff, 0xff, 0xff, 0xfa, 0x23, 0x33, 0x5f, 0xf4,
    0x33, 0x32, 0x0, 0x0, 0x2f, 0xf1, 0x0, 0x0,
    0x0, 0x0, 0x2f, 0xf1, 0x0, 0x0, 0x0, 0x0,
    0x2f, 0xf1, 0x0, 0x0, 0x0, 0x0, 0x2f, 0xf1,
    0x0, 0x0, 0x0, 0x0, 0x2f, 0xf1, 0x0, 0x0,
    0x0, 0x0, 0x2f, 0xf1, 0x0, 0x0, 0x0, 0x0,
    0x2f, 0xf1, 0x0, 0x0, 0x0, 0x0, 0x2f, 0xf1,
    0x0, 0x0, 0x0, 0x0, 0x2f, 0xf1, 0x0, 0x0,
    0x0, 0x0, 0x2f, 0xf1, 0x0, 0x0, 0x0, 0x0,
    0x2f, 0xf1, 0x0, 0x0, 0x0, 0x0, 0x2f, 0xf1,
    0x0, 0x0, 0x0, 0x0, 0x2f, 0xf1, 0x0, 0x0,

    /* U+0165 "ť" */
    0x0, 0x0, 0x0, 0xfe, 0x0, 0x0, 0x0, 0x2f,
    0xa0, 0x2, 0x88, 0x5, 0xf7, 0x0, 0x4f, 0xf0,
    0x7f, 0x30, 0x4, 0xff, 0x6, 0xb0, 0xf, 0xff,
    0xff, 0xff, 0x0, 0xef, 0xff, 0xee, 0xd0, 0x0,
    0x4f, 0xf0, 0x0, 0x0, 0x4, 0xff, 0x0, 0x0,
    0x0, 0x4f, 0xf0, 0x0, 0x0, 0x4, 0xff, 0x0,
    0x0, 0x0, 0x4f, 0xf0, 0x0, 0x0, 0x4, 0xff,
    0x0, 0x0, 0x0, 0x3f, 0xf0, 0x0, 0x0, 0x2,
    0xff, 0x30, 0x0, 0x0, 0xe, 0xff, 0xed, 0x0,
    0x0, 0x3c, 0xff, 0xf0, 0x0,

    /* U+0166 "Ŧ" */
    0xcf, 0xff, 0xff, 0xff, 0xff, 0xfa, 0xcf, 0xff,
    0xff, 0xff, 0xff, 0xfa, 0x23, 0x33, 0x5f, 0xf4,
    0x33, 0x32, 0x0, 0x0, 0x2f, 0xf1, 0x0, 0x0,
    0x0, 0x0, 0x2f, 0xf1, 0x0, 0x0, 0x0, 0x0,
    0x2f, 0xf1, 0x0, 0x0, 0x0, 0x0, 0x2f, 0xf1,
    0x0, 0x0, 0x0, 0xff, 0xff, 0xff, 0xfe, 0x0,
    0x0, 0xff, 0xff, 0xff, 0xfe, 0x0, 0x0, 0x0,
    0x2f, 0xf1, 0x0, 0x0, 0x0, 0x0, 0x2f, 0xf1,
    0x0, 0x0, 0x0, 0x0, 0x2f, 0xf1, 0x0, 0x0,
    0x0, 0x0, 0x2f, 0xf1, 0x0, 0x0, 0x0, 0x0,
    0x2f, 0xf1, 0x0, 0x0, 0x0, 0x0, 0x2f, 0xf1,
    0x0, 0x0, 0x0, 0x0, 0x2f, 0xf1, 0x0, 0x0,

    /* U+0167 "ŧ" */
    0x2, 0x87, 0x0, 0x0, 0x4f, 0xf0, 0x0, 0x4,
    0xff, 0x0, 0xf, 0xff, 0xff, 0xff, 0xef, 0xff,
    0xee, 0xd0, 0x4f, 0xf0, 0x0, 0x4, 0xff, 0x0,
    0x0, 0x4f, 0xf0, 0x0, 0xff, 0xff, 0xff, 0xca,
    0xef, 0xfa, 0xa8, 0x4, 0xff, 0x0, 0x0, 0x3f,
    0xf0, 0x0, 0x2, 0xff, 0x30, 0x0, 0xe, 0xff,
    0xed, 0x0, 0x3c, 0xff, 0xf0,

    /* U+0168 "Ũ" */
    0x0, 0x0, 0x0, 0x0, 0x11, 0x0, 0x0, 0x0,
    0x6f, 0xf9, 0x3c, 0x90, 0x0, 0x0, 0xf, 0x98,
    0xff, 0xf2, 0x0, 0x0, 0x0, 0x50, 0x1, 0x41,
    0x0, 0x0, 0x0, 0x0, 0x0, 0x0, 0x0, 0x0,
    0x8, 0xfc, 0x0, 0x0, 0x0, 0x3f, 0xf1, 0x8f,
    0xc0, 0x0, 0x0, 0x3, 0xff, 0x18, 0xfc, 0x0,
    0x0, 0x0, 0x3f, 0xf1, 0x8f, 0xc0, 0x0, 0x0,
    0x3, 0xff, 0x18, 0xfc, 0x0, 0x0, 0x0, 0x3f,
    0xf1, 0x8f, 0xc0, 0x0, 0x0, 0x3, 0xff, 0x18,
    0xfc, 0x0, 0x0, 0x0, 0x3f, 0xf1, 0x8f, 0xc0,
    0x0, 0x0, 0x3, 0xff, 0x18, 0xfc, 0x0, 0x0,
    0x0, 0x3f, 0xf1, 0x8f, 0xc0, 0x0, 0x0, 0x3,
    0xff, 0x17, 0xfd, 0x0, 0x0, 0x0, 0x3f, 0xf0,
    0x5f, 0xf0, 0x0, 0x0, 0x6, 0xfe, 0x1, 0xff,
    0x70, 0x0, 0x0, 0xdf, 0xa0, 0x9, 0xff, 0xa4,
    0x36, 0xdf, 0xf3, 0x0, 0xb, 0xff, 0xff, 0xff,
    0xf6, 0x0, 0x0, 0x6, 0xce, 0xfd, 0x92, 0x0,
    0x0,

    /* U+0169 "ũ" */
    0x0, 0xaf, 0xc5, 0x4f, 0x20, 0x6, 0xf8, 0xcf,
    0xfb, 0x0, 0x2, 0x30, 0x3, 0x40, 0x0, 0x0,
    0x0, 0x0, 0x0, 0x0, 0x6f, 0xc0, 0x0, 0x8,
    0xfb, 0x6f, 0xc0, 0x0, 0x8, 0xfb, 0x6f, 0xc0,
    0x0, 0x8, 0xfb, 0x6f, 0xc0, 0x0, 0x8, 0xfb,
    0x6f, 0xc0, 0x0, 0x8, 0xfb, 0x6f, 0xc0, 0x0,
    0x8, 0xfb, 0x6f, 0xc0, 0x0, 0x8, 0xfb, 0x6f,
    0xd0, 0x0, 0x9, 0xfb, 0x4f, 0xf0, 0x0, 0xe,
    0xfb, 0x1f, 0xf9, 0x1, 0x9f, 0xfb, 0x9, 0xff,
    0xff, 0xf9, 0xfb, 0x0, 0x8e, 0xfc, 0x45, 0xfb,

    /* U+016A "Ū" */
    0x0, 0x8, 0xee, 0xee, 0xe2, 0x0, 0x0, 0x0,
    0xaf, 0xff, 0xff, 0x30, 0x0, 0x0, 0x0, 0x0,
    0x0, 0x0, 0x0, 0x0, 0x0, 0x0, 0x0, 0x0,
    0x0, 0x0, 0x8f, 0xc0, 0x0, 0x0, 0x3, 0xff,
    0x18, 0xfc, 0x0, 0x0, 0x0, 0x3f, 0xf1, 0x8f,
    0xc0, 0x0, 0x0, 0x3, 0xff, 0x18, 0xfc, 0x0,
    0x0, 0x0, 0x3f, 0xf1, 0x8f, 0xc0, 0x0, 0x0,
    0x3, 0xff, 0x18, 0xfc, 0x0, 0x0, 0x0, 0x3f,
    0xf1, 0x8f, 0xc0, 0x0, 0x0, 0x3, 0xff, 0x18,
    0xfc, 0x0, 0x0, 0x0, 0x3f, 0xf1, 0x8f, 0xc0,
    0x0, 0x0, 0x3, 0xff, 0x18, 0xfc, 0x0, 0x0,
    0x0, 0x3f, 0xf1, 0x7f, 0xd0, 0x0, 0x0, 0x3,
    0xff, 0x5, 0xff, 0x0, 0x0, 0x0, 0x6f, 0xe0,
    0x1f, 0xf7, 0x0, 0x0, 0xd, 0xfa, 0x0, 0x9f,
    0xfa, 0x43, 0x6d, 0xff, 0x30, 0x0, 0xbf, 0xff,
    0xff, 0xff, 0x60, 0x0, 0x0, 0x6c, 0xef, 0xd9,
    0x20, 0x0,

    /* U+016B "ū" */
    0x0, 0xdf, 0xff, 0xff, 0x0, 0x0, 0xbe, 0xee,
    0xee, 0x0, 0x0, 0x0, 0x0, 0x0, 0x0, 0x0,
    0x0, 0x0, 0x0, 0x0, 0x6f, 0xc0, 0x0, 0x8,
    0xfb, 0x6f, 0xc0, 0x0, 0x8, 0xfb, 0x6f, 0xc0,
    0x0, 0x8, 0xfb, 0x6f, 0xc0, 0x0, 0x8, 0xfb,
    0x6f, 0xc0, 0x0, 0x8, 0xfb, 0x6f, 0xc0, 0x0,
    0x8, 0xfb, 0x6f, 0xc0, 0x0, 0x8, 0xfb, 0x6f,
    0xd0, 0x0, 0x9, 0xfb, 0x4f, 0xf0, 0x0, 0xe,
    0xfb, 0x1f, 0xf9, 0x1, 0x9f, 0xfb, 0x9, 0xff,
    0xff, 0xf9, 0xfb, 0x0, 0x8e, 0xfc, 0x45, 0xfb,

    /* U+016C "Ŭ" */
    0x0, 0x5, 0x50, 0x1, 0x82, 0x0, 0x0, 0x0,
    0x8f, 0x30, 0x8f, 0x10, 0x0, 0x0, 0x1, 0xef,
    0xff, 0x80, 0x0, 0x0, 0x0, 0x1, 0x67, 0x40,
    0x0, 0x0, 0x0, 0x0, 0x0, 0x0, 0x0, 0x0,
    0x8, 0xfc, 0x0, 0x0, 0x0, 0x3f, 0xf1, 0x8f,
    0xc0, 0x0, 0x0, 0x3, 0xff, 0x18, 0xfc, 0x0,
    0x0, 0x0, 0x3f, 0xf1, 0x8f, 0xc0, 0x0, 0x0,
    0x3, 0xff, 0x18, 0xfc, 0x0, 0x0, 0x0, 0x3f,
    0xf1, 0x8f, 0xc0, 0x0, 0x0, 0x3, 0xff, 0x18,
    0xfc, 0x0, 0x0, 0x0, 0x3f, 0xf1, 0x8f, 0xc0,
    0x0, 0x0, 0x3, 0xff, 0x18, 0xfc, 0x0, 0x0,
    0x0, 0x3f, 0xf1, 0x8f, 0xc0, 0x0, 0x0, 0x3,
    0xff, 0x17, 0xfd, 0x0, 0x0, 0x0, 0x3f, 0xf0,
    0x5f, 0xf0, 0x0, 0x0, 0x6, 0xfe, 0x1, 0xff,
    0x70, 0x0, 0x0, 0xdf, 0xa0, 0x9, 0xff, 0xa4,
    0x36, 0xdf, 0xf3, 0x0, 0xb, 0xff, 0xff, 0xff,
    0xf6, 0x0, 0x0, 0x6, 0xce, 0xfd, 0x92, 0x0,
    0x0,

    /* U+016D "ŭ" */
    0x0, 0x74, 0x0, 0x28, 0x0, 0x0, 0xbd, 0x21,
    0xbe, 0x0, 0x0, 0x3f, 0xff, 0xf5, 0x0, 0x0,
    0x1, 0x67, 0x20, 0x0, 0x0, 0x0, 0x0, 0x0,
    0x0, 0x6f, 0xc0, 0x0, 0x8, 0xfb, 0x6f, 0xc0,
    0x0, 0x8, 0xfb, 0x6f, 0xc0, 0x0, 0x8, 0xfb,
    0x6f, 0xc0, 0x0, 0x8, 0xfb, 0x6f, 0xc0, 0x0,
    0x8, 0xfb, 0x6f, 0xc0, 0x0, 0x8, 0xfb, 0x6f,
    0xc0, 0x0, 0x8, 0xfb, 0x6f, 0xd0, 0x0, 0x9,
    0xfb, 0x4f, 0xf0, 0x0, 0xe, 0xfb, 0x1f, 0xf9,
    0x1, 0x9f, 0xfb, 0x9, 0xff, 0xff, 0xf9, 0xfb,
    0x0, 0x8e, 0xfc, 0x45, 0xfb,

    /* U+016E "Ů" */
    0x0, 0x0, 0x0, 0x0, 0x0, 0x0, 0x0, 0x0,
    0x1, 0xcf, 0x80, 0x0, 0x0, 0x0, 0x0, 0x9c,
    0x5f, 0x20, 0x0, 0x0, 0x0, 0xa, 0xa2, 0xf3,
    0x0, 0x0, 0x0, 0x0, 0x3e, 0xfb, 0x0, 0x0,
    0x0, 0x0, 0x0, 0x2, 0x0, 0x0, 0x0, 0x8f,
    0xc0, 0x0, 0x0, 0x3, 0xff, 0x18, 0xfc, 0x0,
    0x0, 0x0, 0x3f, 0xf1, 0x8f, 0xc0, 0x0, 0x0,
    0x3, 0xff, 0x18, 0xfc, 0x0, 0x0, 0x0, 0x3f,
    0xf1, 0x8f, 0xc0, 0x0, 0x0, 0x3, 0xff, 0x18,
    0xfc, 0x0, 0x0, 0x0, 0x3f, 0xf1, 0x8f, 0xc0,
    0x0, 0x0, 0x3, 0xff, 0x18, 0xfc, 0x0, 0x0,
    0x0, 0x3f, 0xf1, 0x8f, 0xc0, 0x0, 0x0, 0x3,
    0xff, 0x18, 0xfc, 0x0, 0x0, 0x0, 0x3f, 0xf1,
    0x7f, 0xd0, 0x0, 0x0, 0x3, 0xff, 0x5, 0xff,
    0x0, 0x0, 0x0, 0x6f, 0xe0, 0x1f, 0xf7, 0x0,
    0x0, 0xd, 0xfa, 0x0, 0x9f, 0xfa, 0x43, 0x6d,
    0xff, 0x30, 0x0, 0xbf, 0xff, 0xff, 0xff, 0x60,
    0x0, 0x0, 0x6c, 0xef, 0xd9, 0x20, 0x0,

    /* U+016F "ů" */
    0x0, 0x0, 0x0, 0x0, 0x0, 0x0, 0x3, 0xde,
    0x50, 0x0, 0x0, 0xc, 0x97, 0xf0, 0x0, 0x0,
    0xd, 0x74, 0xf0, 0x0, 0x0, 0x5, 0xff, 0x80,
    0x0, 0x0, 0x0, 0x11, 0x0, 0x0, 0x6f, 0xc0,
    0x0, 0x8, 0xfb, 0x6f, 0xc0, 0x0, 0x8, 0xfb,
    0x6f, 0xc0, 0x0, 0x8, 0xfb, 0x6f, 0xc0, 0x0,
    0x8, 0xfb, 0x6f, 0xc0, 0x0, 0x8, 0xfb, 0x6f,
    0xc0, 0x0, 0x8, 0xfb, 0x6f, 0xc0, 0x0, 0x8,
    0xfb, 0x6f, 0xd0, 0x0, 0x9, 0xfb, 0x4f, 0xf0,
    0x0, 0xe, 0xfb, 0x1f, 0xf9, 0x1, 0x9f, 0xfb,
    0x9, 0xff, 0xff, 0xf9, 0xfb, 0x0, 0x8e, 0xfc,
    0x45, 0xfb,

    /* U+0170 "Ű" */
    0x0, 0x0, 0x1f, 0xf3, 0xff, 0x30, 0x0, 0x0,
    0x8, 0xf8, 0x7f, 0x90, 0x0, 0x0, 0x0, 0xed,
    0xd, 0xd0, 0x0, 0x0, 0x0, 0x0, 0x0, 0x0,
    0x0, 0x0, 0x8f, 0xc0, 0x0, 0x0, 0x3, 0xff,
    0x18, 0xfc, 0x0, 0x0, 0x0, 0x3f, 0xf1, 0x8f,
    0xc0, 0x0, 0x0, 0x3, 0xff, 0x18, 0xfc, 0x0,
    0x0, 0x0, 0x3f, 0xf1, 0x8f, 0xc0, 0x0, 0x0,
    0x3, 0xff, 0x18, 0xfc, 0x0, 0x0, 0x0, 0x3f,
    0xf1, 0x8f, 0xc0, 0x0, 0x0, 0x3, 0xff, 0x18,
    0xfc, 0x0, 0x0, 0x0, 0x3f, 0xf1, 0x8f, 0xc0,
    0x0, 0x0, 0x3, 0xff, 0x18, 0xfc, 0x0, 0x0,
    0x0, 0x3f, 0xf1, 0x7f, 0xd0, 0x0, 0x0, 0x3,
    0xff, 0x5, 0xff, 0x0, 0x0, 0x0, 0x6f, 0xe0,
    0x1f, 0xf7, 0x0, 0x0, 0xd, 0xfa, 0x0, 0x9f,
    0xfa, 0x43, 0x6d, 0xff, 0x30, 0x0, 0xbf, 0xff,
    0xff, 0xff, 0x60, 0x0, 0x0, 0x6c, 0xef, 0xd9,
    0x20, 0x0,

    /* U+0171 "ű" */
    0x0, 0x4, 0xfe, 0x4f, 0xf1, 0x0, 0xb, 0xf4,
    0xaf, 0x60, 0x0, 0x2f, 0xa1, 0xeb, 0x0, 0x0,
    0x0, 0x0, 0x0, 0x0, 0x6f, 0xc0, 0x0, 0x8,
    0xfb, 0x6f, 0xc0, 0x0, 0x8, 0xfb, 0x6f, 0xc0,
    0x0, 0x8, 0xfb, 0x6f, 0xc0, 0x0, 0x8, 0xfb,
    0x6f, 0xc0, 0x0, 0x8, 0xfb, 0x6f, 0xc0, 0x0,
    0x8, 0xfb, 0x6f, 0xc0, 0x0, 0x8, 0xfb, 0x6f,
    0xd0, 0x0, 0x9, 0xfb, 0x4f, 0xf0, 0x0, 0xe,
    0xfb, 0x1f, 0xf9, 0x1, 0x9f, 0xfb, 0x9, 0xff,
    0xff, 0xf9, 0xfb, 0x0, 0x8e, 0xfc, 0x45, 0xfb,

    /* U+0172 "Ų" */
    0x8f, 0xc0, 0x0, 0x0, 0x3, 0xff, 0x18, 0xfc,
    0x0, 0x0, 0x0, 0x3f, 0xf1, 0x8f, 0xc0, 0x0,
    0x0, 0x3, 0xff, 0x18, 0xfc, 0x0, 0x0, 0x0,
    0x3f, 0xf1, 0x8f, 0xc0, 0x0, 0x0, 0x3, 0xff,
    0x18, 0xfc, 0x0, 0x0, 0x0, 0x3f, 0xf1, 0x8f,
    0xc0, 0x0, 0x0, 0x3, 0xff, 0x18, 0xfc, 0x0,
    0x0, 0x0, 0x3f, 0xf1, 0x8f, 0xc0, 0x0, 0x0,
    0x3, 0xff, 0x18, 0xfc, 0x0, 0x0, 0x0, 0x3f,
    0xf1, 0x7f, 0xd0, 0x0, 0x0, 0x3, 0xff, 0x5,
    0xff, 0x0, 0x0, 0x0, 0x6f, 0xe0, 0x1f, 0xf7,
    0x0, 0x0, 0xd, 0xfa, 0x0, 0x9f, 0xfa, 0x43,
    0x6d, 0xff, 0x30, 0x0, 0xbf, 0xff, 0xff, 0xff,
    0x60, 0x0, 0x0, 0x6c, 0xef, 0xfe, 0x20, 0x0,
    0x0, 0x0, 0x0, 0xce, 0x10, 0x0, 0x0, 0x0,
    0x0, 0x5f, 0x60, 0x0, 0x0, 0x0, 0x0, 0x9,
    0xfd, 0xc1, 0x0, 0x0, 0x0, 0x0, 0x3d, 0xfd,
    0x30, 0x0,

    /* U+0173 "ų" */
    0x6f, 0xc0, 0x0, 0x8, 0xfb, 0x6, 0xfc, 0x0,
    0x0, 0x8f, 0xb0, 0x6f, 0xc0, 0x0, 0x8, 0xfb,
    0x6, 0xfc, 0x0, 0x0, 0x8f, 0xb0, 0x6f, 0xc0,
    0x0, 0x8, 0xfb, 0x6, 0xfc, 0x0, 0x0, 0x8f,
    0xb0, 0x6f, 0xc0, 0x0, 0x8, 0xfb, 0x6, 0xfd,
    0x0, 0x0, 0x9f, 0xb0, 0x4f, 0xf0, 0x0, 0xe,
    0xfb, 0x1, 0xff, 0x90, 0x19, 0xff, 0xb0, 0x9,
    0xff, 0xff, 0xf9, 0xfb, 0x0, 0x8, 0xef, 0xc4,
    0x5f, 0xd0, 0x0, 0x0, 0x0, 0x7, 0xf5, 0x0,
    0x0, 0x0, 0x1, 0xfb, 0x0, 0x0, 0x0, 0x0,
    0x7f, 0x71, 0x0, 0x0, 0x0, 0x7, 0xff, 0xf3,
    0x0, 0x0, 0x0, 0x7, 0x97, 0x10,

    /* U+0174 "Ŵ" */
    0x0, 0x0, 0x0, 0x0, 0x4f, 0xfa, 0x0, 0x0,
    0x0, 0x0, 0x0, 0x0, 0x0, 0x0, 0xeb, 0x6f,
    0x40, 0x0, 0x0, 0x0, 0x0, 0x0, 0x0, 0x9,
    0xf2, 0xc, 0xe0, 0x0, 0x0, 0x0, 0x0, 0x0,
    0x0, 0x0, 0x0, 0x0, 0x0, 0x0, 0x0, 0x0,
    0x1f, 0xf5, 0x0, 0x0, 0x1f, 0xf6, 0x0, 0x0,
    0xf, 0xf6, 0xd, 0xf8, 0x0, 0x0, 0x5f, 0xfa,
    0x0, 0x0, 0x4f, 0xf2, 0x9, 0xfc, 0x0, 0x0,
    0x8f, 0xfe, 0x0, 0x0, 0x7f, 0xe0, 0x5, 0xff,
    0x0, 0x0, 0xcf, 0xff, 0x10, 0x0, 0xbf, 0xa0,
    0x1, 0xff, 0x30, 0x0, 0xff, 0xef, 0x50, 0x0,
    0xef, 0x60, 0x0, 0xdf, 0x70, 0x4, 0xfe, 0x9f,
    0x90, 0x2, 0xff, 0x20, 0x0, 0x9f, 0xb0, 0x7,
    0xfa, 0x5f, 0xc0, 0x6, 0xfe, 0x0, 0x0, 0x5f,
    0xe0, 0xb, 0xf6, 0x1f, 0xf0, 0x9, 0xfa, 0x0,
    0x0, 0x1f, 0xf2, 0xe, 0xf2, 0xd, 0xf4, 0xd,
    0xf6, 0x0, 0x0, 0xd, 0xf6, 0x2f, 0xe0, 0x9,
    0xf7, 0x1f, 0xf3, 0x0, 0x0, 0x9, 0xf9, 0x6f,
    0xb0, 0x6, 0xfb, 0x4f, 0xe0, 0x0, 0x0, 0x5,
    0xfd, 0xaf, 0x70, 0x2, 0xff, 0x8f, 0xb0, 0x0,
    0x0, 0x1, 0xff, 0xef, 0x30, 0x0, 0xef, 0xef,
    0x70, 0x0, 0x0, 0x0, 0xdf, 0xff, 0x0, 0x0,
    0xaf, 0xff, 0x30, 0x0, 0x0, 0x0, 0x9f, 0xfb,
    0x0, 0x0, 0x6f, 0xff, 0x0, 0x0, 0x0, 0x0,
    0x6f, 0xf8, 0x0, 0x0, 0x2f, 0xfb, 0x0, 0x0,

    /* U+0175 "ŵ" */
    0x0, 0x0, 0x0, 0xc, 0xcf, 0x40, 0x0, 0x0,
    0x0, 0x0, 0x0, 0x9, 0xe0, 0x8e, 0x10, 0x0,
    0x0, 0x0, 0x0, 0x1, 0x73, 0x0, 0x74, 0x0,
    0x0, 0x0, 0x0, 0x0, 0x0, 0x0, 0x0, 0x0,
    0x0, 0x0, 0x6f, 0xe0, 0x0, 0x7, 0xfe, 0x0,
    0x0, 0x8f, 0xc1, 0xff, 0x20, 0x0, 0xcf, 0xf2,
    0x0, 0xc, 0xf8, 0xd, 0xf6, 0x0, 0xf, 0xff,
    0x60, 0x0, 0xff, 0x30, 0x8f, 0xa0, 0x4, 0xfe,
    0xfa, 0x0, 0x4f, 0xf0, 0x4, 0xfe, 0x0, 0x8f,
    0x6f, 0xe0, 0x8, 0xfa, 0x0, 0xf, 0xf3, 0xc,
    0xf1, 0xbf, 0x20, 0xcf, 0x60, 0x0, 0xbf, 0x71,
    0xfd, 0x7, 0xf7, 0x1f, 0xf1, 0x0, 0x6, 0xfb,
    0x5f, 0x90, 0x3f, 0xb5, 0xfd, 0x0, 0x0, 0x2f,
    0xf9, 0xf4, 0x0, 0xef, 0x9f, 0x80, 0x0, 0x0,
    0xdf, 0xff, 0x0, 0xa, 0xff, 0xf4, 0x0, 0x0,
    0x9, 0xff, 0xc0, 0x0, 0x5f, 0xff, 0x0, 0x0,
    0x0, 0x4f, 0xf7, 0x0, 0x1, 0xff, 0xb0, 0x0,

    /* U+0176 "Ŷ" */
    0x0, 0x0, 0x0, 0x22, 0x0, 0x0, 0x0, 0x0,
    0x0, 0x5, 0xff, 0xc0, 0x0, 0x0, 0x0, 0x0,
    0x1e, 0xc5, 0xf8, 0x0, 0x0, 0x0, 0x0, 0x6b,
    0x10, 0x7b, 0x10, 0x0, 0x0, 0x0, 0x0, 0x0,
    0x0, 0x0, 0x0, 0xd, 0xfb, 0x0, 0x0, 0x0,
    0x3f, 0xf5, 0x4, 0xff, 0x40, 0x0, 0x0, 0xcf,
    0xc0, 0x0, 0xcf, 0xc0, 0x0, 0x4, 0xff, 0x40,
    0x0, 0x3f, 0xf5, 0x0, 0xd, 0xfb, 0x0, 0x0,
    0xa, 0xfd, 0x0, 0x5f, 0xf2, 0x0, 0x0, 0x2,
    0xff, 0x50, 0xdf, 0x90, 0x0, 0x0, 0x0, 0x9f,
    0xd7, 0xff, 0x10, 0x0, 0x0, 0x0, 0x1f, 0xff,
    0xf8, 0x0, 0x0, 0x0, 0x0, 0x7, 0xff, 0xe0,
    0x0, 0x0, 0x0, 0x0, 0x0, 0xff, 0x70, 0x0,
    0x0, 0x0, 0x0, 0x0, 0xef, 0x60, 0x0, 0x0,
    0x0, 0x0, 0x0, 0xef, 0x60, 0x0, 0x0, 0x0,
    0x0, 0x0, 0xef, 0x60, 0x0, 0x0, 0x0, 0x0,
    0x0, 0xef, 0x60, 0x0, 0x0, 0x0, 0x0, 0x0,
    0xef, 0x60, 0x0, 0x0, 0x0, 0x0, 0x0, 0xef,
    0x60, 0x0, 0x0,

    /* U+0177 "ŷ" */
    0x0, 0x0, 0x9a, 0xc4, 0x0, 0x0, 0x0, 0x7,
    0xf1, 0x6f, 0x20, 0x0, 0x0, 0x7, 0x40, 0x6,
    0x50, 0x0, 0x0, 0x0, 0x0, 0x0, 0x0, 0x0,
    0x5f, 0xf0, 0x0, 0x0, 0x5f, 0xf0, 0xf, 0xf4,
    0x0, 0x0, 0xaf, 0xa0, 0xb, 0xf9, 0x0, 0x0,
    0xef, 0x50, 0x5, 0xfe, 0x0, 0x4, 0xff, 0x0,
    0x0, 0xff, 0x30, 0x8, 0xfa, 0x0, 0x0, 0xbf,
    0x80, 0xd, 0xf4, 0x0, 0x0, 0x5f, 0xd0, 0x2f,
    0xe0, 0x0, 0x0, 0xf, 0xf2, 0x7f, 0x90, 0x0,
    0x0, 0xa, 0xf7, 0xcf, 0x40, 0x0, 0x0, 0x5,
    0xfd, 0xfe, 0x0, 0x0, 0x0, 0x0, 0xff, 0xf9,
    0x0, 0x0, 0x0, 0x0, 0xaf, 0xf3, 0x0, 0x0,
    0x0, 0x0, 0x2f, 0xe0, 0x0, 0x0, 0x0, 0xbe,
    0xff, 0x80, 0x0, 0x0, 0x0, 0xcf, 0xe9, 0x0,
    0x0, 0x0,

    /* U+0178 "Ÿ" */
    0x0, 0x0, 0xdf, 0x60, 0xef, 0x50, 0x0, 0x0,
    0x0, 0xdf, 0x60, 0xef, 0x50, 0x0, 0x0, 0x0,
    0x45, 0x20, 0x45, 0x10, 0x0, 0x0, 0x0, 0x0,
    0x0, 0x0, 0x0, 0x0, 0xd, 0xfb, 0x0, 0x0,
    0x0, 0x3f, 0xf5, 0x4, 0xff, 0x40, 0x0, 0x0,
    0xcf, 0xc0, 0x0, 0xcf, 0xc0, 0x0, 0x4, 0xff,
    0x40, 0x0, 0x3f, 0xf5, 0x0, 0xd, 0xfb, 0x0,
    0x0, 0xa, 0xfd, 0x0, 0x5f, 0xf2, 0x0, 0x0,
    0x2, 0xff, 0x50, 0xdf, 0x90, 0x0, 0x0, 0x0,
    0x9f, 0xd7, 0xff, 0x10, 0x0, 0x0, 0x0, 0x1f,
    0xff, 0xf8, 0x0, 0x0, 0x0, 0x0, 0x7, 0xff,
    0xe0, 0x0, 0x0, 0x0, 0x0, 0x0, 0xff, 0x70,
    0x0, 0x0, 0x0, 0x0, 0x0, 0xef, 0x60, 0x0,
    0x0, 0x0, 0x0, 0x0, 0xef, 0x60, 0x0, 0x0,
    0x0, 0x0, 0x0, 0xef, 0x60, 0x0, 0x0, 0x0,
    0x0, 0x0, 0xef, 0x60, 0x0, 0x0, 0x0, 0x0,
    0x0, 0xef, 0x60, 0x0, 0x0, 0x0, 0x0, 0x0,
    0xef, 0x60, 0x0, 0x0,

    /* U+0179 "Ź" */
    0x0, 0x0, 0x0, 0xdf, 0x60, 0x0, 0x0, 0x0,
    0x4, 0xfc, 0x0, 0x0, 0x0, 0x0, 0xa, 0xe2,
    0x0, 0x0, 0x0, 0x0, 0x0, 0x0, 0x0, 0x0,
    0x2f, 0xff, 0xff, 0xff, 0xff, 0xf0, 0x2f, 0xff,
    0xff, 0xff, 0xff, 0xf0, 0x3, 0x33, 0x33, 0x33,
    0xff, 0xc0, 0x0, 0x0, 0x0, 0x9, 0xff, 0x20,
    0x0, 0x0, 0x0, 0x4f, 0xf6, 0x0, 0x0, 0x0,
    0x0, 0xdf, 0xc0, 0x0, 0x0, 0x0, 0x9, 0xff,
    0x20, 0x0, 0x0, 0x0, 0x3f, 0xf7, 0x0, 0x0,
    0x0, 0x0, 0xdf, 0xc0, 0x0, 0x0, 0x0, 0x9,
    0xff, 0x20, 0x0, 0x0, 0x0, 0x3f, 0xf7, 0x0,
    0x0, 0x0, 0x0, 0xdf, 0xc0, 0x0, 0x0, 0x0,
    0x8, 0xff, 0x20, 0x0, 0x0, 0x0, 0x3f, 0xf9,
    0x33, 0x33, 0x33, 0x30, 0x6f, 0xff, 0xff, 0xff,
    0xff, 0xf3, 0x6f, 0xff, 0xff, 0xff, 0xff, 0xf3,

    /* U+017A "ź" */
    0x0, 0x0, 0x1f, 0xf3, 0x0, 0x0, 0x0, 0x8f,
    0x80, 0x0, 0x0, 0x0, 0xdd, 0x0, 0x0, 0x0,
    0x0, 0x0, 0x0, 0x0, 0xbf, 0xff, 0xff, 0xff,
    0xf6, 0xae, 0xee, 0xee, 0xff, 0xf6, 0x0, 0x0,
    0x0, 0xaf, 0xe1, 0x0, 0x0, 0x8, 0xff, 0x30,
    0x0, 0x0, 0x5f, 0xf5, 0x0, 0x0, 0x3, 0xff,
    0x70, 0x0, 0x0, 0x2e, 0xf9, 0x0, 0x0, 0x0,
    0xdf, 0xb0, 0x0, 0x0, 0xb, 0xfd, 0x10, 0x0,
    0x0, 0x9f, 0xe2, 0x0, 0x0, 0x0, 0xef, 0xfe,
    0xee, 0xee, 0xe8, 0xef, 0xff, 0xff, 0xff, 0xf8,

    /* U+017B "Ż" */
    0x0, 0x0, 0x1f, 0xf3, 0x0, 0x0, 0x0, 0x0,
    0x1f, 0xf3, 0x0, 0x0, 0x0, 0x0, 0x5, 0x51,
    0x0, 0x0, 0x0, 0x0, 0x0, 0x0, 0x0, 0x0,
    0x2f, 0xff, 0xff, 0xff, 0xff, 0xf0, 0x2f, 0xff,
    0xff, 0xff, 0xff, 0xf0, 0x3, 0x33, 0x33, 0x33,
    0xff, 0xc0, 0x0, 0x0, 0x0, 0x9, 0xff, 0x20,
    0x0, 0x0, 0x0, 0x4f, 0xf6, 0x0, 0x0, 0x0,
    0x0, 0xdf, 0xc0, 0x0, 0x0, 0x0, 0x9, 0xff,
    0x20, 0x0, 0x0, 0x0, 0x3f, 0xf7, 0x0, 0x0,
    0x0, 0x0, 0xdf, 0xc0, 0x0, 0x0, 0x0, 0x9,
    0xff, 0x20, 0x0, 0x0, 0x0, 0x3f, 0xf7, 0x0,
    0x0, 0x0, 0x0, 0xdf, 0xc0, 0x0, 0x0, 0x0,
    0x8, 0xff, 0x20, 0x0, 0x0, 0x0, 0x3f, 0xf9,
    0x33, 0x33, 0x33, 0x30, 0x6f, 0xff, 0xff, 0xff,
    0xff, 0xf3, 0x6f, 0xff, 0xff, 0xff, 0xff, 0xf3,

    /* U+017C "ż" */
    0x0, 0x5, 0xff, 0x0, 0x0, 0x0, 0x5, 0xff,
    0x0, 0x0, 0x0, 0x1, 0x55, 0x0, 0x0, 0x0,
    0x0, 0x0, 0x0, 0x0, 0xbf, 0xff, 0xff, 0xff,
    0xf6, 0xae, 0xee, 0xee, 0xff, 0xf6, 0x0, 0x0,
    0x0, 0xaf, 0xe1, 0x0, 0x0, 0x8, 0xff, 0x30,
    0x0, 0x0, 0x5f, 0xf5, 0x0, 0x0, 0x3, 0xff,
    0x70, 0x0, 0x0, 0x2e, 0xf9, 0x0, 0x0, 0x0,
    0xdf, 0xb0, 0x0, 0x0, 0xb, 0xfd, 0x10, 0x0,
    0x0, 0x9f, 0xe2, 0x0, 0x0, 0x0, 0xef, 0xfe,
    0xee, 0xee, 0xe8, 0xef, 0xff, 0xff, 0xff, 0xf8,

    /* U+017D "Ž" */
    0x0, 0xb, 0xf2, 0x1d, 0xd0, 0x0, 0x0, 0x1,
    0xfd, 0xcf, 0x30, 0x0, 0x0, 0x0, 0x6f, 0xf8,
    0x0, 0x0, 0x0, 0x0, 0x0, 0x0, 0x0, 0x0,
    0x2f, 0xff, 0xff, 0xff, 0xff, 0xf0, 0x2f, 0xff,
    0xff, 0xff, 0xff, 0xf0, 0x3, 0x33, 0x33, 0x33,
    0xff, 0xc0, 0x0, 0x0, 0x0, 0x9, 0xff, 0x20,
    0x0, 0x0, 0x0, 0x4f, 0xf6, 0x0, 0x0, 0x0,
    0x0, 0xdf, 0xc0, 0x0, 0x0, 0x0, 0x9, 0xff,
    0x20, 0x0, 0x0, 0x0, 0x3f, 0xf7, 0x0, 0x0,
    0x0, 0x0, 0xdf, 0xc0, 0x0, 0x0, 0x0, 0x9,
    0xff, 0x20, 0x0, 0x0, 0x0, 0x3f, 0xf7, 0x0,
    0x0, 0x0, 0x0, 0xdf, 0xc0, 0x0, 0x0, 0x0,
    0x8, 0xff, 0x20, 0x0, 0x0, 0x0, 0x3f, 0xf9,
    0x33, 0x33, 0x33, 0x30, 0x6f, 0xff, 0xff, 0xff,
    0xff, 0xf3, 0x6f, 0xff, 0xff, 0xff, 0xff, 0xf3,

    /* U+017E "ž" */
    0x0, 0xec, 0x3, 0xf9, 0x0, 0x0, 0x4f, 0xbe,
    0xe0, 0x0, 0x0, 0xa, 0xff, 0x50, 0x0, 0x0,
    0x0, 0x0, 0x0, 0x0, 0xbf, 0xff, 0xff, 0xff,
    0xf6, 0xae, 0xee, 0xee, 0xff, 0xf6, 0x0, 0x0,
    0x0, 0xaf, 0xe1, 0x0, 0x0, 0x8, 0xff, 0x30,
    0x0, 0x0, 0x5f, 0xf5, 0x0, 0x0, 0x3, 0xff,
    0x70, 0x0, 0x0, 0x2e, 0xf9, 0x0, 0x0, 0x0,
    0xdf, 0xb0, 0x0, 0x0, 0xb, 0xfd, 0x10, 0x0,
    0x0, 0x9f, 0xe2, 0x0, 0x0, 0x0, 0xef, 0xfe,
    0xee, 0xee, 0xe8, 0xef, 0xff, 0xff, 0xff, 0xf8,

    /* U+017F "ſ" */
    0x7, 0xef, 0xe0, 0x5f, 0xfb, 0xa0, 0x8f, 0x60,
    0x0, 0x9f, 0x40, 0x0, 0x9f, 0x40, 0x0, 0x9f,
    0x40, 0x0, 0x9f, 0x40, 0x0, 0x9f, 0x40, 0x0,
    0x9f, 0x40, 0x0, 0x9f, 0x40, 0x0, 0x9f, 0x40,
    0x0, 0x9f, 0x40, 0x0, 0x9f, 0x40, 0x0, 0x9f,
    0x40, 0x0, 0x9f, 0x40, 0x0,

    /* U+0180 "ƀ" */
    0x0, 0xaf, 0x30, 0x0, 0x0, 0x0, 0x4f, 0xff,
    0xff, 0xf1, 0x0, 0x0, 0x28, 0xdf, 0x98, 0x80,
    0x0, 0x0, 0x0, 0xaf, 0x30, 0x0, 0x0, 0x0,
    0x0, 0xaf, 0x49, 0xef, 0xc6, 0x0, 0x0, 0xaf,
    0xee, 0x99, 0xef, 0x80, 0x0, 0xaf, 0xe2, 0x0,
    0x1d, 0xf3, 0x0, 0xaf, 0x60, 0x0, 0x5, 0xf9,
    0x0, 0xaf, 0x20, 0x0, 0x2, 0xfb, 0x0, 0xaf,
    0x10, 0x0, 0x1, 0xfc, 0x0, 0xaf, 0x20, 0x0,
    0x3, 0xfb, 0x0, 0xaf, 0x50, 0x0, 0x7, 0xf8,
    0x0, 0xaf, 0xd1, 0x0, 0x2e, 0xf2, 0x0, 0xaf,
    0xde, 0x9a, 0xff, 0x60, 0x0, 0xaf, 0x29, 0xef,
    0xc4, 0x0,

    /* U+0181 "Ɓ" */
    0x4d, 0xff, 0xff, 0xff, 0xff, 0xd8, 0x0, 0xd,
    0xfd, 0xff, 0xcc, 0xcc, 0xdf, 0xfc, 0x0, 0xfc,
    0xe, 0xf1, 0x0, 0x0, 0x1c, 0xf6, 0xd, 0x90,
    0xef, 0x10, 0x0, 0x0, 0x5f, 0xa0, 0x0, 0xe,
    0xf1, 0x0, 0x0, 0x4, 0xf9, 0x0, 0x0, 0xef,
    0x10, 0x0, 0x1, 0xcf, 0x30, 0x0, 0xe, 0xfc,
    0xcc, 0xcd, 0xff, 0x60, 0x0, 0x0, 0xef, 0xff,
    0xff, 0xff, 0xf9, 0x0, 0x0, 0xe, 0xf1, 0x0,
    0x0, 0x3b, 0xfb, 0x0, 0x0, 0xef, 0x10, 0x0,
    0x0, 0xd, 0xf3, 0x0, 0xe, 0xf1, 0x0, 0x0,
    0x0, 0xaf, 0x60, 0x0, 0xef, 0x10, 0x0, 0x0,
    0xc, 0xf5, 0x0, 0xe, 0xf1, 0x0, 0x0, 0x7,
    0xff, 0x0, 0x0, 0xef, 0xcc, 0xcc, 0xcf, 0xff,
    0x50, 0x0, 0xe, 0xff, 0xff, 0xff, 0xda, 0x30,
    0x0,

    /* U+0182 "Ƃ" */
    0x5f, 0xff, 0xff, 0xff, 0xff, 0x60, 0x5, 0xfe,
    0xbb, 0xbb, 0xbb, 0xb4, 0x0, 0x5f, 0xa0, 0x0,
    0x0, 0x0, 0x0, 0x5, 0xfa, 0x0, 0x0, 0x0,
    0x0, 0x0, 0x5f, 0xa0, 0x0, 0x0, 0x0, 0x0,
    0x5, 0xfa, 0x0, 0x0, 0x0, 0x0, 0x0, 0x5f,
    0xec, 0xcc, 0xbb, 0x84, 0x0, 0x5, 0xff, 0xff,
    0xff, 0xff, 0xfb, 0x0, 0x5f, 0xa0, 0x0, 0x2,
    0x6f, 0xf7, 0x5, 0xfa, 0x0, 0x0, 0x0, 0x6f,
    0xd0, 0x5f, 0xa0, 0x0, 0x0, 0x2, 0xff, 0x5,
    0xfa, 0x0, 0x0, 0x0, 0x4f, 0xe0, 0x5f, 0xa0,
    0x0, 0x0, 0x1c, 0xf9, 0x5, 0xfe, 0xbb, 0xbb,
    0xcf, 0xfe, 0x10, 0x5f, 0xff, 0xff, 0xff, 0xd8,
    0x10, 0x0,

    /* U+0183 "ƃ" */
    0xaf, 0xff, 0xff, 0xff, 0xfb, 0xaf, 0x97, 0x77,
    0x77, 0x75, 0xaf, 0x30, 0x0, 0x0, 0x0, 0xaf,
    0x30, 0x0, 0x0, 0x0, 0xaf, 0x49, 0xef, 0xc6,
    0x0, 0xaf, 0xee, 0x99, 0xef, 0x80, 0xaf, 0xe2,
    0x0, 0x1d, 0xf3, 0xaf, 0x60, 0x0, 0x5, 0xf9,
    0xaf, 0x20, 0x0, 0x2, 0xfb, 0xaf, 0x10, 0x0,
    0x1, 0xfc, 0xaf, 0x20, 0x0, 0x3, 0xfb, 0xaf,
    0x50, 0x0, 0x7, 0xf8, 0xaf, 0xd1, 0x0, 0x2e,
    0xf2, 0xaf, 0xde, 0x9a, 0xff, 0x60, 0xaf, 0x29,
    0xef, 0xc4, 0x0,

    /* U+0184 "Ƅ" */
    0x9f, 0x40, 0x0, 0x0, 0x0, 0x9f, 0x40, 0x0,
    0x0, 0x0, 0x9f, 0x40, 0x0, 0x0, 0x0, 0x9f,
    0x40, 0x0, 0x0, 0x0, 0x9f, 0x40, 0x0, 0x0,
    0x0, 0x9f, 0x40, 0x0, 0x0, 0x0, 0x9f, 0xff,
    0xff, 0xd9, 0x10, 0x9f, 0xb9, 0x9a, 0xdf, 0xe1,
    0x9f, 0x40, 0x0, 0x9, 0xf8, 0x9f, 0x40, 0x0,
    0x2, 0xfc, 0x8f, 0x50, 0x0, 0x0, 0xfd, 0x6f,
    0x80, 0x0, 0x2, 0xfb, 0x1f, 0xf2, 0x0, 0x8,
    0xf7, 0x6, 0xff, 0x98, 0xbf, 0xe1, 0x0, 0x4c,
    0xff, 0xe9, 0x10,

    /* U+0185 "ƅ" */
    0x9f, 0x40, 0x0, 0x0, 0x0, 0x9f, 0x40, 0x0,
    0x0, 0x0, 0x9f, 0x40, 0x0, 0x0, 0x0, 0x9f,
    0x40, 0x0, 0x0, 0x0, 0x9f, 0x49, 0xef, 0xd6,
    0x0, 0x9f, 0xee, 0x98, 0xef, 0x80, 0x9f, 0xe1,
    0x0, 0xd, 0xf3, 0x9f, 0x70, 0x0, 0x6, 0xf9,
    0x9f, 0x30, 0x0, 0x2, 0xfc, 0x9f, 0x20, 0x0,
    0x0, 0xfd, 0x8f, 0x30, 0x0, 0x2, 0xfc, 0x6f,
    0x70, 0x0, 0x6, 0xf8, 0x1f, 0xe1, 0x0, 0x1d,
    0xf2, 0x6, 0xfe, 0x99, 0xef, 0x70, 0x0, 0x4b,
    0xff, 0xc4, 0x0,

    /* U+0186 "Ɔ" */
    0x0, 0x1, 0x8d, 0xff, 0xd9, 0x20, 0x0, 0x0,
    0x4, 0xff, 0xeb, 0xbd, 0xff, 0x80, 0x0, 0x2,
    0xff, 0x80, 0x0, 0x3, 0xdf, 0x80, 0x0, 0xaf,
    0x90, 0x0, 0x0, 0x2, 0xff, 0x30, 0x5, 0x92,
    0x0, 0x0, 0x0, 0x8, 0xfa, 0x0, 0x0, 0x0,
    0x0, 0x0, 0x0, 0x3f, 0xe0, 0x0, 0x0, 0x0,
    0x0, 0x0, 0x0, 0xff, 0x0, 0x0, 0x0, 0x0,
    0x0, 0x0, 0xf, 0xf1, 0x0, 0x0, 0x0, 0x0,
    0x0, 0x0, 0xff, 0x0, 0x3, 0x0, 0x0, 0x0,
    0x0, 0x3f, 0xd0, 0xf, 0xf1, 0x0, 0x0, 0x0,
    0x8, 0xf9, 0x0, 0xaf, 0x90, 0x0, 0x0, 0x1,
    0xff, 0x20, 0x2, 0xff, 0x80, 0x0, 0x3, 0xdf,
    0x90, 0x0, 0x4, 0xff, 0xfc, 0xbd, 0xff, 0xa0,
    0x0, 0x0, 0x1, 0x8d, 0xff, 0xea, 0x40, 0x0,
    0x0,

    /* U+0187 "Ƈ" */
    0x0, 0x1, 0x8d, 0xff, 0xd8, 0x12, 0xcf, 0xe1,
    0x0, 0x6f, 0xfe, 0xbb, 0xef, 0xdc, 0xfd, 0xa0,
    0x6, 0xfe, 0x50, 0x0, 0x6, 0xff, 0xf2, 0x0,
    0x1f, 0xf3, 0x0, 0x0, 0x0, 0x7f, 0xf1, 0x0,
    0x7f, 0xa0, 0x0, 0x0, 0x0, 0x9, 0x60, 0x0,
    0xbf, 0x50, 0x0, 0x0, 0x0, 0x0, 0x0, 0x0,
    0xdf, 0x20, 0x0, 0x0, 0x0, 0x0, 0x0, 0x0,
    0xef, 0x20, 0x0, 0x0, 0x0, 0x0, 0x0, 0x0,
    0xdf, 0x30, 0x0, 0x0, 0x0, 0x0, 0x0, 0x0,
    0xbf, 0x50, 0x0, 0x0, 0x0, 0x3, 0x10, 0x0,
    0x6f, 0xa0, 0x0, 0x0, 0x0, 0xe, 0xf2, 0x0,
    0x1f, 0xf3, 0x0, 0x0, 0x0, 0x7f, 0xd0, 0x0,
    0x6, 0xfe, 0x50, 0x0, 0x6, 0xff, 0x40, 0x0,
    0x0, 0x8f, 0xfe, 0xbb, 0xef, 0xf6, 0x0, 0x0,
    0x0, 0x3, 0x9d, 0xff, 0xd9, 0x20, 0x0, 0x0,

    /* U+0188 "ƈ" */
    0x0, 0x0, 0x0, 0x0, 0x0, 0x10, 0x0, 0x0,
    0x0, 0x0, 0x1, 0xdf, 0xf1, 0x0, 0x7, 0xdf,
    0xfd, 0xcf, 0x95, 0x0, 0xc, 0xfc, 0x89, 0xff,
    0xf2, 0x0, 0x8, 0xf9, 0x0, 0x3, 0xff, 0x20,
    0x0, 0xef, 0x10, 0x0, 0x6, 0x60, 0x0, 0x1f,
    0xd0, 0x0, 0x0, 0x0, 0x0, 0x2, 0xfb, 0x0,
    0x0, 0x0, 0x0, 0x0, 0x1f, 0xd0, 0x0, 0x0,
    0x0, 0x0, 0x0, 0xef, 0x10, 0x0, 0xa, 0xf2,
    0x0, 0x8, 0xf9, 0x0, 0x2, 0xfd, 0x0, 0x0,
    0xc, 0xfc, 0x89, 0xff, 0x40, 0x0, 0x0, 0x8,
    0xdf, 0xea, 0x20, 0x0, 0x0,

    /* U+0189 "Ɖ" */
    0x5, 0xff, 0xff, 0xff, 0xec, 0x70, 0x0, 0x0,
    0x5f, 0xec, 0xcc, 0xce, 0xff, 0xd1, 0x0, 0x5,
    0xfa, 0x0, 0x0, 0x2, 0xcf, 0xc0, 0x0, 0x5f,
    0xa0, 0x0, 0x0, 0x0, 0xdf, 0x50, 0x5, 0xfa,
    0x0, 0x0, 0x0, 0x6, 0xfb, 0x0, 0x5f, 0xa0,
    0x0, 0x0, 0x0, 0x1f, 0xf0, 0x5, 0xfa, 0x0,
    0x0, 0x0, 0x0, 0xff, 0xf, 0xff, 0xff, 0xff,
    0xc0, 0x0, 0xf, 0xf1, 0xcd, 0xfe, 0xcc, 0xc9,
    0x0, 0x0, 0xff, 0x0, 0x5f, 0xa0, 0x0, 0x0,
    0x0, 0x2f, 0xe0, 0x5, 0xfa, 0x0, 0x0, 0x0,
    0x6, 0xfa, 0x0, 0x5f, 0xa0, 0x0, 0x0, 0x0,
    0xef, 0x40, 0x5, 0xfa, 0x0, 0x0, 0x2, 0xcf,
    0xb0, 0x0, 0x5f, 0xec, 0xcc, 0xce, 0xff, 0xc1,
    0x0, 0x5, 0xff, 0xff, 0xff, 0xec, 0x60, 0x0,
    0x0,

    /* U+018A "Ɗ" */
    0x4d, 0xff, 0xff, 0xff, 0xff, 0xda, 0x20, 0x0,
    0xdf, 0xdf, 0xfc, 0xcc, 0xcc, 0xff, 0xf5, 0x0,
    0xfc, 0xe, 0xf1, 0x0, 0x0, 0x7, 0xff, 0x30,
    0xea, 0xe, 0xf1, 0x0, 0x0, 0x0, 0x7f, 0xb0,
    0x0, 0xe, 0xf1, 0x0, 0x0, 0x0, 0xf, 0xf1,
    0x0, 0xe, 0xf1, 0x0, 0x0, 0x0, 0xb, 0xf5,
    0x0, 0xe, 0xf1, 0x0, 0x0, 0x0, 0x9, 0xf7,
    0x0, 0xe, 0xf1, 0x0, 0x0, 0x0, 0x8, 0xf7,
    0x0, 0xe, 0xf1, 0x0, 0x0, 0x0, 0x9, 0xf7,
    0x0, 0xe, 0xf1, 0x0, 0x0, 0x0, 0xb, 0xf4,
    0x0, 0xe, 0xf1, 0x0, 0x0, 0x0, 0xf, 0xf1,
    0x0, 0xe, 0xf1, 0x0, 0x0, 0x0, 0x8f, 0xb0,
    0x0, 0xe, 0xf1, 0x0, 0x0, 0x8, 0xff, 0x20,
    0x0, 0xe, 0xfc, 0xcc, 0xcd, 0xff, 0xf5, 0x0,
    0x0, 0xe, 0xff, 0xff, 0xfe, 0xc8, 0x10, 0x0,

    /* U+018B "Ƌ" */
    0x0, 0xaf, 0xff, 0xff, 0xff, 0xff, 0x10, 0x7,
    0xbb, 0xbb, 0xbb, 0xbf, 0xf1, 0x0, 0x0, 0x0,
    0x0, 0x0, 0xef, 0x10, 0x0, 0x0, 0x0, 0x0,
    0xe, 0xf1, 0x0, 0x0, 0x0, 0x0, 0x0, 0xef,
    0x10, 0x0, 0x0, 0x0, 0x0, 0xe, 0xf1, 0x0,
    0x5, 0x9b, 0xbc, 0xcc, 0xff, 0x10, 0x1d, 0xff,
    0xff, 0xff, 0xff, 0xf1, 0xb, 0xfd, 0x41, 0x0,
    0x0, 0xef, 0x11, 0xff, 0x20, 0x0, 0x0, 0xe,
    0xf1, 0x3f, 0xe0, 0x0, 0x0, 0x0, 0xef, 0x12,
    0xff, 0x0, 0x0, 0x0, 0xe, 0xf1, 0xd, 0xf9,
    0x0, 0x0, 0x0, 0xef, 0x10, 0x3f, 0xfe, 0xbb,
    0xbb, 0xbf, 0xf1, 0x0, 0x2a, 0xef, 0xff, 0xff,
    0xff, 0x10,

    /* U+018C "ƌ" */
    0x1f, 0xff, 0xff, 0xff, 0xff, 0x50, 0x77, 0x77,
    0x77, 0x7c, 0xf5, 0x0, 0x0, 0x0, 0x0, 0x8f,
    0x50, 0x0, 0x0, 0x0, 0x8, 0xf5, 0x0, 0x8,
    0xef, 0xd6, 0x8f, 0x50, 0xd, 0xfc, 0x8a, 0xfe,
    0xf5, 0x8, 0xf9, 0x0, 0x5, 0xff, 0x50, 0xef,
    0x10, 0x0, 0xb, 0xf5, 0x1f, 0xd0, 0x0, 0x0,
    0x8f, 0x51, 0xfc, 0x0, 0x0, 0x6, 0xf5, 0xf,
    0xd0, 0x0, 0x0, 0x7f, 0x50, 0xdf, 0x10, 0x0,
    0xa, 0xf5, 0x7, 0xfa, 0x0, 0x4, 0xff, 0x50,
    0xb, 0xfd, 0x9a, 0xfd, 0xf5, 0x0, 0x7, 0xdf,
    0xd6, 0x6f, 0x50,

    /* U+018D "ƍ" */
    0x0, 0x7, 0xdf, 0xfc, 0x50, 0x0, 0xc, 0xfc,
    0x89, 0xef, 0x80, 0x9, 0xf9, 0x0, 0x1, 0xdf,
    0x40, 0xff, 0x10, 0x0, 0x5, 0xfa, 0x3f, 0xc0,
    0x0, 0x0, 0xf, 0xe3, 0xfa, 0x0, 0x0, 0x0,
    0xff, 0x2f, 0xc0, 0x0, 0x0, 0xf, 0xe0, 0xef,
    0x0, 0x0, 0x5, 0xfb, 0x8, 0xf8, 0x0, 0x0,
    0xdf, 0x40, 0xc, 0xfc, 0x78, 0xef, 0x90, 0x0,
    0x9, 0xff, 0xfd, 0x60, 0x0, 0x0, 0x5, 0xed,
    0x30, 0x0, 0x0, 0x0, 0x1, 0xbf, 0x90, 0x0,
    0x8, 0x88, 0x88, 0xdf, 0xe2, 0x0, 0xff, 0xff,
    0xff, 0xff, 0x60,

    /* U+018E "Ǝ" */
    0x8f, 0xff, 0xff, 0xff, 0xff, 0xf5, 0x6c, 0xcc,
    0xcc, 0xcc, 0xce, 0xf5, 0x0, 0x0, 0x0, 0x0,
    0xa, 0xf5, 0x0, 0x0, 0x0, 0x0, 0xa, 0xf5,
    0x0, 0x0, 0x0, 0x0, 0xa, 0xf5, 0x0, 0x0,
    0x0, 0x0, 0xa, 0xf5, 0xb, 0xcc, 0xcc, 0xcc,
    0xce, 0xf5, 0xf, 0xff, 0xff, 0xff, 0xff, 0xf5,
    0x0, 0x0, 0x0, 0x0, 0xa, 0xf5, 0x0, 0x0,
    0x0, 0x0, 0xa, 0xf5, 0x0, 0x0, 0x0, 0x0,
    0xa, 0xf5, 0x0, 0x0, 0x0, 0x0, 0xa, 0xf5,
    0x0, 0x0, 0x0, 0x0, 0xa, 0xf5, 0xac, 0xcc,
    0xcc, 0xcc, 0xce, 0xf5, 0xef, 0xff, 0xff, 0xff,
    0xff, 0xf5,

    /* U+018F "Ə" */
    0x0, 0x0, 0x3a, 0xef, 0xdb, 0x40, 0x0, 0x0,
    0x0, 0x9f, 0xff, 0xff, 0xff, 0xa0, 0x0, 0x0,
    0x8f, 0xfb, 0x53, 0x5b, 0xff, 0xb0, 0x0, 0x2f,
    0xf9, 0x0, 0x0, 0x8, 0xff, 0x50, 0x5, 0xbb,
    0x0, 0x0, 0x0, 0xc, 0xfc, 0x0, 0x0, 0x0,
    0x0, 0x0, 0x0, 0x5f, 0xf1, 0x2, 0x22, 0x22,
    0x22, 0x22, 0x23, 0xff, 0x31, 0xff, 0xff, 0xff,
    0xff, 0xff, 0xff, 0xf5, 0xf, 0xff, 0xff, 0xff,
    0xff, 0xff, 0xff, 0x50, 0xff, 0x70, 0x0, 0x0,
    0x0, 0x1f, 0xf3, 0xc, 0xfa, 0x0, 0x0, 0x0,
    0x4, 0xff, 0x10, 0x8f, 0xf1, 0x0, 0x0, 0x0,
    0xbf, 0xc0, 0x1, 0xff, 0xa0, 0x0, 0x0, 0x6f,
    0xf5, 0x0, 0x7, 0xff, 0xc5, 0x35, 0xaf, 0xfb,
    0x0, 0x0, 0x8, 0xff, 0xff, 0xff, 0xfb, 0x0,
    0x0, 0x0, 0x3, 0xae, 0xfe, 0xb4, 0x0, 0x0,

    /* U+0190 "Ɛ" */
    0x0, 0x4, 0xbe, 0xfe, 0x92, 0x0, 0x0, 0x8f,
    0xfd, 0xce, 0xff, 0x40, 0x3, 0xff, 0x40, 0x0,
    0x7f, 0xe0, 0x7, 0xfa, 0x0, 0x0, 0xa, 0xf5,
    0x6, 0xfa, 0x0, 0x0, 0x4, 0x83, 0x1, 0xef,
    0x50, 0x0, 0x0, 0x0, 0x0, 0x3d, 0xfd, 0xb5,
    0x0, 0x0, 0x0, 0x6d, 0xff, 0xf7, 0x0, 0x0,
    0x7, 0xfe, 0x62, 0x0, 0x0, 0x0, 0xe, 0xf3,
    0x0, 0x0, 0x0, 0x0, 0x1f, 0xf0, 0x0, 0x0,
    0x2, 0xb6, 0xf, 0xf2, 0x0, 0x0, 0xa, 0xf8,
    0xa, 0xfc, 0x10, 0x0, 0x9f, 0xe1, 0x1, 0xcf,
    0xfc, 0xbe, 0xff, 0x40, 0x0, 0x7, 0xcf, 0xfe,
    0x92, 0x0,

    /* U+0191 "Ƒ" */
    0x0, 0x5f, 0xff, 0xff, 0xff, 0xff, 0xd0, 0x5,
    0xfe, 0xcc, 0xcc, 0xcc, 0xca, 0x0, 0x5f, 0xa0,
    0x0, 0x0, 0x0, 0x0, 0x5, 0xfa, 0x0, 0x0,
    0x0, 0x0, 0x0, 0x5f, 0xa0, 0x0, 0x0, 0x0,
    0x0, 0x5, 0xfa, 0x0, 0x0, 0x0, 0x0, 0x0,
    0x5f, 0xec, 0xcc, 0xcc, 0xc8, 0x0, 0x5, 0xff,
    0xff, 0xff, 0xff, 0xb0, 0x0, 0x5f, 0xa0, 0x0,
    0x0, 0x0, 0x0, 0x5, 0xfa, 0x0, 0x0, 0x0,
    0x0, 0x0, 0x5f, 0xa0, 0x0, 0x0, 0x0, 0x0,
    0x5, 0xfa, 0x0, 0x0, 0x0, 0x0, 0x0, 0x5f,
    0xa0, 0x0, 0x0, 0x0, 0x0, 0x5, 0xfa, 0x0,
    0x0, 0x0, 0x0, 0x0, 0x5f, 0xa0, 0x0, 0x0,
    0x0, 0x0, 0x5, 0xfa, 0x0, 0x0, 0x0, 0x0,
    0x2b, 0xef, 0x70, 0x0, 0x0, 0x0, 0x4, 0xff,
    0xa1, 0x0, 0x0, 0x0, 0x0,

    /* U+0192 "ƒ" */
    0x0, 0x0, 0x1a, 0xef, 0xf1, 0x0, 0x0, 0xbf,
    0xff, 0xf1, 0x0, 0x1, 0xff, 0x30, 0x0, 0x0,
    0x4, 0xfd, 0x0, 0x0, 0x4, 0xff, 0xff, 0xff,
    0xf1, 0x3, 0xef, 0xff, 0xee, 0xe1, 0x0, 0x9,
    0xf8, 0x0, 0x0, 0x0, 0xb, 0xf6, 0x0, 0x0,
    0x0, 0xc, 0xf5, 0x0, 0x0, 0x0, 0xe, 0xf3,
    0x0, 0x0, 0x0, 0xf, 0xf1, 0x0, 0x0, 0x0,
    0x1f, 0xf0, 0x0, 0x0, 0x0, 0x3f, 0xe0, 0x0,
    0x0, 0x0, 0x8f, 0xb0, 0x0, 0x0, 0xdf, 0xff,
    0x50, 0x0, 0x0, 0xdf, 0xd6, 0x0, 0x0, 0x0,

    /* U+0193 "Ɠ" */
    0x0, 0x1, 0x6c, 0xef, 0xeb, 0x40, 0x8e, 0xf7,
    0x0, 0x4e, 0xff, 0xcb, 0xcf, 0xfa, 0xff, 0xb4,
    0x3, 0xff, 0x70, 0x0, 0x1, 0xcf, 0xf9, 0x0,
    0xd, 0xf6, 0x0, 0x0, 0x0, 0xe, 0xf9, 0x0,
    0x5f, 0xc0, 0x0, 0x0, 0x0, 0x5, 0x72, 0x0,
    0xaf, 0x60, 0x0, 0x0, 0x0, 0x0, 0x0, 0x0,
    0xcf, 0x30, 0x0, 0x0, 0x0, 0x0, 0x0, 0x0,
    0xef, 0x20, 0x0, 0x4, 0xcc, 0xcc, 0xcc, 0x0,
    0xdf, 0x30, 0x0, 0x5, 0xff, 0xff, 0xff, 0x0,
    0xaf, 0x60, 0x0, 0x0, 0x0, 0x0, 0xff, 0x0,
    0x6f, 0xc0, 0x0, 0x0, 0x0, 0x0, 0xff, 0x0,
    0xe, 0xf7, 0x0, 0x0, 0x0, 0x0, 0xff, 0x0,
    0x3, 0xff, 0xa2, 0x0, 0x0, 0x6e, 0xfe, 0x0,
    0x0, 0x3e, 0xff, 0xec, 0xdf, 0xff, 0xb1, 0x0,
    0x0, 0x0, 0x6b, 0xef, 0xfd, 0x93, 0x0, 0x0,

    /* U+0194 "Ɣ" */
    0xcf, 0x50, 0x0, 0x0, 0x0, 0xb, 0xf6, 0x5f,
    0xc0, 0x0, 0x0, 0x0, 0x2f, 0xe0, 0xe, 0xf3,
    0x0, 0x0, 0x0, 0x9f, 0x80, 0x7, 0xfa, 0x0,
    0x0, 0x0, 0xff, 0x10, 0x0, 0xff, 0x20, 0x0,
    0x7, 0xfa, 0x0, 0x0, 0x8f, 0x80, 0x0, 0xd,
    0xf3, 0x0, 0x0, 0x2f, 0xf0, 0x0, 0x5f, 0xc0,
    0x0, 0x0, 0xa, 0xf6, 0x0, 0xcf, 0x50, 0x0,
    0x0, 0x3, 0xfd, 0x3, 0xfd, 0x0, 0x0, 0x0,
    0x0, 0xcf, 0x5a, 0xf6, 0x0, 0x0, 0x0, 0x0,
    0x5f, 0xcf, 0xf0, 0x0, 0x0, 0x0, 0x0, 0xe,
    0xff, 0x80, 0x0, 0x0, 0x0, 0x0, 0x7, 0xff,
    0x10, 0x0, 0x0, 0x0, 0x0, 0x5, 0xff, 0x10,
    0x0, 0x0, 0x0, 0x0, 0xc, 0xff, 0x70, 0x0,
    0x0, 0x0, 0x0, 0x2f, 0xdf, 0xd0, 0x0, 0x0,
    0x0, 0x0, 0x6f, 0x6a, 0xf1, 0x0, 0x0, 0x0,
    0x0, 0x5f, 0xad, 0xf0, 0x0, 0x0, 0x0, 0x0,
    0x9, 0xfe, 0x60, 0x0, 0x0,

    /* U+0195 "ƕ" */
    0x9f, 0x40, 0x0, 0x0, 0x0, 0x0, 0x0, 0x0,
    0x9f, 0x40, 0x0, 0x0, 0x0, 0x0, 0x0, 0x0,
    0x9f, 0x40, 0x0, 0x0, 0x0, 0x0, 0x0, 0x0,
    0x9f, 0x40, 0x0, 0x0, 0x0, 0x0, 0x0, 0x0,
    0x9f, 0x48, 0xef, 0xc5, 0x0, 0x0, 0xed, 0x0,
    0x9f, 0xee, 0xab, 0xff, 0x50, 0x0, 0x8f, 0x50,
    0x9f, 0xe1, 0x0, 0x6f, 0xb0, 0x0, 0x2f, 0xb0,
    0x9f, 0x80, 0x0, 0x1f, 0xd0, 0x0, 0xd, 0xf0,
    0x9f, 0x50, 0x0, 0xf, 0xd0, 0x0, 0xa, 0xf2,
    0x9f, 0x40, 0x0, 0xf, 0xe0, 0x0, 0x9, 0xf3,
    0x9f, 0x40, 0x0, 0xf, 0xe0, 0x0, 0xa, 0xf3,
    0x9f, 0x40, 0x0, 0xf, 0xf0, 0x0, 0xd, 0xf0,
    0x9f, 0x40, 0x0, 0xc, 0xf4, 0x0, 0x4f, 0xb0,
    0x9f, 0x40, 0x0, 0x5, 0xfe, 0x88, 0xff, 0x20,
    0x9f, 0x40, 0x0, 0x0, 0x4c, 0xff, 0xc3, 0x0,

    /* U+0196 "Ɩ" */
    0x9f, 0x40, 0x9, 0xf4, 0x0, 0x9f, 0x40, 0x9,
    0xf4, 0x0, 0x9f, 0x40, 0x9, 0xf4, 0x0, 0x9f,
    0x40, 0x9, 0xf4, 0x0, 0x9f, 0x40, 0x9, 0xf4,
    0x0, 0x9f, 0x40, 0x9, 0xf4, 0x0, 0x9f, 0x50,
    0x7, 0xfe, 0xb0, 0xb, 0xfe, 0x10,

    /* U+0197 "Ɨ" */
    0x0, 0x9f, 0x60, 0x0, 0x9, 0xf6, 0x0, 0x0,
    0x9f, 0x60, 0x0, 0x9, 0xf6, 0x0, 0x0, 0x9f,
    0x60, 0x0, 0x9, 0xf6, 0x0, 0x11, 0xaf, 0x71,
    0x1f, 0xff, 0xff, 0xfc, 0x44, 0xbf, 0x84, 0x30,
    0x9, 0xf6, 0x0, 0x0, 0x9f, 0x60, 0x0, 0x9,
    0xf6, 0x0, 0x0, 0x9f, 0x60, 0x0, 0x9, 0xf6,
    0x0, 0x0, 0x9f, 0x60, 0x0,

    /* U+0198 "Ƙ" */
    0x7f, 0x80, 0x0, 0x0, 0x1a, 0xfe, 0x70, 0x7f,
    0x80, 0x0, 0x1, 0xdf, 0xdf, 0xf3, 0x7f, 0x80,
    0x0, 0x1d, 0xf7, 0x4, 0xc5, 0x7f, 0x80, 0x0,
    0xcf, 0x70, 0x0, 0x0, 0x7f, 0x80, 0xb, 0xf8,
    0x0, 0x0, 0x0, 0x7f, 0x80, 0xaf, 0x90, 0x0,
    0x0, 0x0, 0x7f, 0x89, 0xff, 0xb0, 0x0, 0x0,
    0x0, 0x7f, 0xef, 0xbe, 0xf7, 0x0, 0x0, 0x0,
    0x7f, 0xfc, 0x4, 0xff, 0x30, 0x0, 0x0, 0x7f,
    0xd1, 0x0, 0x8f, 0xe1, 0x0, 0x0, 0x7f, 0x80,
    0x0, 0xc, 0xfa, 0x0, 0x0, 0x7f, 0x80, 0x0,
    0x2, 0xff, 0x60, 0x0, 0x7f, 0x80, 0x0, 0x0,
    0x6f, 0xf2, 0x0, 0x7f, 0x80, 0x0, 0x0, 0xb,
    0xfd, 0x0, 0x7f, 0x80, 0x0, 0x0, 0x1, 0xef,
    0x90,

    /* U+0199 "ƙ" */
    0xa, 0xee, 0x30, 0x0, 0x0, 0x6f, 0xc8, 0x10,
    0x0, 0x0, 0x9f, 0x40, 0x0, 0x0, 0x0, 0x9f,
    0x30, 0x0, 0x0, 0x0, 0x9f, 0x30, 0x1, 0xdf,
    0x70, 0x9f, 0x30, 0x1c, 0xf7, 0x0, 0x9f, 0x30,
    0xcf, 0x70, 0x0, 0x9f, 0x4c, 0xf6, 0x0, 0x0,
    0x9f, 0xef, 0xf2, 0x0, 0x0, 0x9f, 0xfa, 0xfc,
    0x0, 0x0, 0x9f, 0x60, 0xbf, 0x60, 0x0, 0x9f,
    0x30, 0x2f, 0xf2, 0x0, 0x9f, 0x30, 0x7, 0xfc,
    0x0, 0x9f, 0x30, 0x0, 0xcf, 0x60, 0x9f, 0x30,
    0x0, 0x2f, 0xf2,

    /* U+019A "ƚ" */
    0x0, 0x8f, 0x50, 0x0, 0x8, 0xf5, 0x0, 0x0,
    0x8f, 0x50, 0x0, 0x8, 0xf5, 0x0, 0x0, 0x8f,
    0x50, 0x1, 0x19, 0xf6, 0x11, 0xff, 0xff, 0xff,
    0xc4, 0x4a, 0xf8, 0x43, 0x0, 0x8f, 0x50, 0x0,
    0x8, 0xf5, 0x0, 0x0, 0x8f, 0x50, 0x0, 0x8,
    0xf5, 0x0, 0x0, 0x8f, 0x60, 0x0, 0x6, 0xfe,
    0xb0, 0x0, 0xa, 0xfe, 0x10,

    /* U+019B "ƛ" */
    0x0, 0x2f, 0xd0, 0x61, 0x0, 0x0, 0x0, 0xdf,
    0xff, 0x60, 0x0, 0x5, 0xef, 0xfc, 0x20, 0x0,
    0x0, 0x49, 0x4f, 0xe0, 0x0, 0x0, 0x0, 0x0,
    0xcf, 0x50, 0x0, 0x0, 0x0, 0x2f, 0xfb, 0x0,
    0x0, 0x0, 0x8, 0xff, 0xf1, 0x0, 0x0, 0x0,
    0xef, 0x9f, 0x70, 0x0, 0x0, 0x4f, 0xa2, 0xfd,
    0x0, 0x0, 0xa, 0xf4, 0xc, 0xf3, 0x0, 0x0,
    0xfe, 0x0, 0x6f, 0x90, 0x0, 0x6f, 0x80, 0x0,
    0xfe, 0x0, 0xc, 0xf2, 0x0, 0xa, 0xf5, 0x2,
    0xfc, 0x0, 0x0, 0x4f, 0xb0, 0x8f, 0x60, 0x0,
    0x0, 0xef, 0x10,

    /* U+019C "Ɯ" */
    0xaf, 0x30, 0x0, 0x2f, 0xb0, 0x0, 0xb, 0xf2,
    0xaf, 0x30, 0x0, 0x2f, 0xb0, 0x0, 0xb, 0xf2,
    0xaf, 0x30, 0x0, 0x2f, 0xb0, 0x0, 0xb, 0xf2,
    0xaf, 0x30, 0x0, 0x2f, 0xb0, 0x0, 0xb, 0xf2,
    0xaf, 0x30, 0x0, 0x2f, 0xb0, 0x0, 0xb, 0xf2,
    0xaf, 0x30, 0x0, 0x2f, 0xb0, 0x0, 0xb, 0xf2,
    0xaf, 0x30, 0x0, 0x2f, 0xb0, 0x0, 0xb, 0xf2,
    0xaf, 0x30, 0x0, 0x2f, 0xb0, 0x0, 0xb, 0xf2,
    0xaf, 0x30, 0x0, 0x2f, 0xb0, 0x0, 0xb, 0xf2,
    0xaf, 0x30, 0x0, 0x2f, 0xb0, 0x0, 0xb, 0xf2,
    0xaf, 0x30, 0x0, 0x3f, 0xb0, 0x0, 0xc, 0xf2,
    0x9f, 0x30, 0x0, 0x5f, 0xb0, 0x0, 0xe, 0xf2,
    0x7f, 0x70, 0x1, 0xdf, 0xe0, 0x0, 0x7f, 0xf2,
    0x2f, 0xfb, 0xae, 0xcb, 0xfd, 0x9c, 0xfc, 0xf2,
    0x4, 0xcf, 0xe9, 0x0, 0xae, 0xfc, 0x48, 0xf2,

    /* U+019D "Ɲ" */
    0x0, 0x5f, 0xe1, 0x0, 0x0, 0x0, 0x6f, 0x70,
    0x5, 0xff, 0xa0, 0x0, 0x0, 0x6, 0xf7, 0x0,
    0x5f, 0xff, 0x50, 0x0, 0x0, 0x6f, 0x70, 0x5,
    0xfc, 0xfe, 0x10, 0x0, 0x6, 0xf7, 0x0, 0x5f,
    0x88, 0xfb, 0x0, 0x0, 0x6f, 0x70, 0x5, 0xf8,
    0xd, 0xf5, 0x0, 0x6, 0xf7, 0x0, 0x5f, 0x80,
    0x3f, 0xe1, 0x0, 0x6f, 0x70, 0x5, 0xf8, 0x0,
    0x8f, 0xb0, 0x6, 0xf7, 0x0, 0x5f, 0x80, 0x0,
    0xdf, 0x50, 0x6f, 0x70, 0x5, 0xf8, 0x0, 0x3,
    0xfe, 0x16, 0xf7, 0x0, 0x5f, 0x80, 0x0, 0x8,
    0xfb, 0x6f, 0x70, 0x5, 0xf8, 0x0, 0x0, 0xd,
    0xfc, 0xf7, 0x0, 0x5f, 0x80, 0x0, 0x0, 0x3f,
    0xff, 0x70, 0x5, 0xf8, 0x0, 0x0, 0x0, 0x9f,
    0xf7, 0x0, 0x5f, 0x80, 0x0, 0x0, 0x0, 0xdf,
    0x70, 0x6, 0xf8, 0x0, 0x0, 0x0, 0x0, 0x0,
    0x3b, 0xef, 0x50, 0x0, 0x0, 0x0, 0x0, 0x5,
    0xfe, 0x90, 0x0, 0x0, 0x0, 0x0, 0x0,

    /* U+019E "ƞ" */
    0x9f, 0x28, 0xef, 0xe8, 0x0, 0x9f, 0xdd, 0x66,
    0xbf, 0xb0, 0x9f, 0xc0, 0x0, 0xd, 0xf2, 0x9f,
    0x60, 0x0, 0x9, 0xf4, 0x9f, 0x40, 0x0, 0x9,
    0xf4, 0x9f, 0x40, 0x0, 0x9, 0xf4, 0x9f, 0x40,
    0x0, 0x9, 0xf4, 0x9f, 0x40, 0x0, 0x9, 0xf4,
    0x9f, 0x40, 0x0, 0x9, 0xf4, 0x9f, 0x40, 0x0,
    0x9, 0xf4, 0x9f, 0x40, 0x0, 0x9, 0xf4, 0x0,
    0x0, 0x0, 0x9, 0xf4, 0x0, 0x0, 0x0, 0x9,
    0xf4, 0x0, 0x0, 0x0, 0x9, 0xf4, 0x0, 0x0,
    0x0, 0x9, 0xf4,

    /* U+019F "Ɵ" */
    0x0, 0x0, 0x18, 0xdf, 0xfd, 0xa3, 0x0, 0x0,
    0x0, 0x5, 0xff, 0xeb, 0xbd, 0xff, 0xa0, 0x0,
    0x0, 0x5f, 0xe5, 0x0, 0x0, 0x2c, 0xfa, 0x0,
    0x1, 0xff, 0x20, 0x0, 0x0, 0x0, 0xcf, 0x60,
    0x7, 0xf9, 0x0, 0x0, 0x0, 0x0, 0x3f, 0xd0,
    0xc, 0xf4, 0x0, 0x0, 0x0, 0x0, 0xe, 0xf2,
    0xe, 0xf9, 0x88, 0x88, 0x88, 0x88, 0x8d, 0xf4,
    0xf, 0xff, 0xff, 0xff, 0xff, 0xff, 0xff, 0xf5,
    0xf, 0xf2, 0x0, 0x0, 0x0, 0x0, 0xc, 0xf4,
    0xc, 0xf5, 0x0, 0x0, 0x0, 0x0, 0xf, 0xf2,
    0x8, 0xfb, 0x0, 0x0, 0x0, 0x0, 0x5f, 0xd0,
    0x1, 0xff, 0x50, 0x0, 0x0, 0x1, 0xef, 0x60,
    0x0, 0x5f, 0xf7, 0x0, 0x0, 0x3d, 0xfb, 0x0,
    0x0, 0x5, 0xff, 0xeb, 0xbd, 0xff, 0xa0, 0x0,
    0x0, 0x0, 0x18, 0xdf, 0xfe, 0xa4, 0x0, 0x0,

    /* U+01A0 "Ơ" */
    0x0, 0x0, 0x0, 0x0, 0x0, 0x0, 0xfd, 0x0,
    0x0, 0x0, 0x0, 0x0, 0x0, 0xe, 0xf0, 0x0,
    0x0, 0x0, 0x0, 0x0, 0x2, 0xfe, 0x0, 0x0,
    0x2, 0x9d, 0xfe, 0xdf, 0xff, 0x60, 0x0, 0x7,
    0xff, 0xff, 0xff, 0xff, 0x50, 0x0, 0x6, 0xff,
    0xd6, 0x34, 0x7e, 0xff, 0x30, 0x1, 0xff, 0xb0,
    0x0, 0x0, 0x1d, 0xfd, 0x0, 0x7f, 0xf1, 0x0,
    0x0, 0x0, 0x4f, 0xf4, 0xc, 0xfa, 0x0, 0x0,
    0x0, 0x0, 0xdf, 0x80, 0xff, 0x60, 0x0, 0x0,
    0x0, 0xa, 0xfb, 0xf, 0xf5, 0x0, 0x0, 0x0,
    0x0, 0x8f, 0xc0, 0xff, 0x50, 0x0, 0x0, 0x0,
    0x8, 0xfc, 0xf, 0xf6, 0x0, 0x0, 0x0, 0x0,
    0xaf, 0xb0, 0xcf, 0xa0, 0x0, 0x0, 0x0, 0xd,
    0xf9, 0x7, 0xff, 0x10, 0x0, 0x0, 0x4, 0xff,
    0x40, 0x2f, 0xfb, 0x0, 0x0, 0x1, 0xdf, 0xd0,
    0x0, 0x7f, 0xfd, 0x63, 0x47, 0xef, 0xf3, 0x0,
    0x0, 0x7f, 0xff, 0xff, 0xff, 0xf4, 0x0, 0x0,
    0x0, 0x39, 0xdf, 0xec, 0x81, 0x0, 0x0,

    /* U+01A1 "ơ" */
    0x0, 0x0, 0x0, 0x0, 0x7, 0xf6, 0x0, 0x0,
    0x0, 0x0, 0x5, 0xf8, 0x0, 0x0, 0x0, 0x0,
    0x7, 0xf7, 0x0, 0x4, 0xbe, 0xff, 0xff, 0xc1,
    0x0, 0x7f, 0xff, 0xff, 0xfe, 0x0, 0x4, 0xff,
    0x92, 0x15, 0xff, 0x90, 0xb, 0xfc, 0x0, 0x0,
    0x7f, 0xf1, 0xf, 0xf6, 0x0, 0x0, 0xf, 0xf5,
    0x1f, 0xf3, 0x0, 0x0, 0xe, 0xf6, 0x1f, 0xf3,
    0x0, 0x0, 0xe, 0xf6, 0xf, 0xf6, 0x0, 0x0,
    0xf, 0xf5, 0xb, 0xfc, 0x0, 0x0, 0x6f, 0xf0,
    0x4, 0xff, 0x91, 0x15, 0xff, 0x90, 0x0, 0x7f,
    0xff, 0xff, 0xfc, 0x0, 0x0, 0x4, 0xbe, 0xfd,
    0x70, 0x0,

    /* U+01A2 "Ƣ" */
    0x0, 0x0, 0x18, 0xdf, 0xfe, 0xa3, 0x7, 0xdf,
    0xea, 0x20, 0x0, 0x5, 0xff, 0xfd, 0xce, 0xff,
    0xdf, 0xfc, 0xef, 0xf2, 0x0, 0x5f, 0xf7, 0x0,
    0x0, 0x5e, 0xff, 0x20, 0x9, 0xf9, 0x1, 0xff,
    0x50, 0x0, 0x0, 0x1, 0xef, 0x60, 0x2, 0xfd,
    0x7, 0xfa, 0x0, 0x0, 0x0, 0x0, 0x5f, 0xd0,
    0x0, 0xfe, 0xc, 0xf5, 0x0, 0x0, 0x0, 0x0,
    0xf, 0xf2, 0x0, 0xff, 0xe, 0xf2, 0x0, 0x0,
    0x0, 0x0, 0xc, 0xf4, 0x0, 0xff, 0xf, 0xf1,
    0x0, 0x0, 0x0, 0x0, 0xb, 0xf5, 0x0, 0xff,
    0xf, 0xf1, 0x0, 0x0, 0x0, 0x0, 0xc, 0xf4,
    0x0, 0xff, 0xc, 0xf4, 0x0, 0x0, 0x0, 0x0,
    0xe, 0xf2, 0x0, 0xff, 0x8, 0xfa, 0x0, 0x0,
    0x0, 0x0, 0x4f, 0xd0, 0x0, 0xff, 0x1, 0xff,
    0x40, 0x0, 0x0, 0x0, 0xdf, 0x60, 0x0, 0xff,
    0x0, 0x5f, 0xf6, 0x0, 0x0, 0x3d, 0xfb, 0x0,
    0x0, 0xff, 0x0, 0x5, 0xff, 0xeb, 0xbd, 0xff,
    0xa0, 0x0, 0x0, 0xff, 0x0, 0x0, 0x18, 0xdf,
    0xfe, 0xa4, 0x0, 0x0, 0x0, 0xff,

    /* U+01A3 "ƣ" */
    0x0, 0x7, 0xdf, 0xeb, 0x47, 0xef, 0xd7, 0x0,
    0x1, 0xdf, 0xea, 0xbf, 0xff, 0xda, 0xef, 0x70,
    0x9, 0xfa, 0x0, 0x2, 0xef, 0x40, 0x2f, 0xd0,
    0xf, 0xf1, 0x0, 0x0, 0x5f, 0xa0, 0xd, 0xf0,
    0x3f, 0xc0, 0x0, 0x0, 0x1f, 0xd0, 0xd, 0xf0,
    0x4f, 0xa0, 0x0, 0x0, 0xf, 0xe0, 0xd, 0xf0,
    0x3f, 0xb0, 0x0, 0x0, 0x1f, 0xd0, 0xd, 0xf0,
    0xf, 0xe0, 0x0, 0x0, 0x5f, 0xa0, 0xd, 0xf0,
    0xa, 0xf9, 0x0, 0x1, 0xdf, 0x40, 0xd, 0xf0,
    0x1, 0xdf, 0xd9, 0x9e, 0xf8, 0x0, 0xd, 0xf0,
    0x0, 0x7, 0xdf, 0xfb, 0x40, 0x0, 0xd, 0xf0,
    0x0, 0x0, 0x0, 0x0, 0x0, 0x0, 0xd, 0xf0,
    0x0, 0x0, 0x0, 0x0, 0x0, 0x0, 0xd, 0xf0,
    0x0, 0x0, 0x0, 0x0, 0x0, 0x0, 0xd, 0xf0,
    0x0, 0x0, 0x0, 0x0, 0x0, 0x0, 0xd, 0xf0,

    /* U+01A4 "Ƥ" */
    0x4d, 0xff, 0xff, 0xff, 0xff, 0xeb, 0x50, 0xd,
    0xfd, 0xff, 0xcc, 0xcc, 0xce, 0xff, 0x70, 0xfc,
    0xf, 0xf0, 0x0, 0x0, 0x5, 0xff, 0x1e, 0xa0,
    0xff, 0x0, 0x0, 0x0, 0xb, 0xf6, 0x0, 0xf,
    0xf0, 0x0, 0x0, 0x0, 0x9f, 0x70, 0x0, 0xff,
    0x0, 0x0, 0x0, 0xc, 0xf6, 0x0, 0xf, 0xf0,
    0x0, 0x0, 0x8, 0xff, 0x10, 0x0, 0xff, 0xcc,
    0xcc, 0xdf, 0xff, 0x50, 0x0, 0xf, 0xff, 0xff,
    0xff, 0xda, 0x30, 0x0, 0x0, 0xff, 0x0, 0x0,
    0x0, 0x0, 0x0, 0x0, 0xf, 0xf0, 0x0, 0x0,
    0x0, 0x0, 0x0, 0x0, 0xff, 0x0, 0x0, 0x0,
    0x0, 0x0, 0x0, 0xf, 0xf0, 0x0, 0x0, 0x0,
    0x0, 0x0, 0x0, 0xff, 0x0, 0x0, 0x0, 0x0,
    0x0, 0x0, 0xf, 0xf0, 0x0, 0x0, 0x0, 0x0,
    0x0,

    /* U+01A5 "ƥ" */
    0x0, 0x0, 0x0, 0x5, 0x75, 0x0, 0x0, 0x0,
    0x7f, 0xfb, 0x0, 0x0, 0x0, 0xce, 0x10, 0x9f,
    0x3a, 0xef, 0xfe, 0x0, 0x9f, 0xec, 0x43, 0xaf,
    0xc0, 0x9f, 0xd0, 0x0, 0xb, 0xf5, 0x9f, 0x60,
    0x0, 0x4, 0xfa, 0x9f, 0x30, 0x0, 0x1, 0xfc,
    0x9f, 0x10, 0x0, 0x0, 0xfd, 0x9f, 0x30, 0x0,
    0x1, 0xfc, 0x9f, 0x70, 0x0, 0x5, 0xf8, 0x9f,
    0xe1, 0x0, 0x1d, 0xf2, 0x9f, 0xee, 0x99, 0xef,
    0x60, 0x9f, 0x59, 0xef, 0xc4, 0x0, 0x9f, 0x40,
    0x0, 0x0, 0x0, 0x9f, 0x40, 0x0, 0x0, 0x0,
    0x9f, 0x40, 0x0, 0x0, 0x0, 0x9f, 0x40, 0x0,
    0x0, 0x0,

    /* U+01A6 "Ʀ" */
    0x5f, 0xa0, 0x0, 0x0, 0x0, 0x0, 0x0, 0x5,
    0xfa, 0x0, 0x0, 0x0, 0x0, 0x0, 0x0, 0x5f,
    0xff, 0xff, 0xff, 0xfd, 0x80, 0x0, 0x5, 0xfe,
    0xaa, 0xaa, 0xac, 0xff, 0xc0, 0x0, 0x5f, 0xa0,
    0x0, 0x0, 0x2, 0xef, 0x60, 0x5, 0xfa, 0x0,
    0x0, 0x0, 0x7, 0xfa, 0x0, 0x5f, 0xa0, 0x0,
    0x0, 0x0, 0x7f, 0x90, 0x5, 0xfa, 0x0, 0x0,
    0x0, 0x3e, 0xf5, 0x0, 0x5f, 0xec, 0xcc, 0xcc,
    0xef, 0xf8, 0x0, 0x5, 0xff, 0xff, 0xff, 0xfe,
    0x82, 0x0, 0x0, 0x5f, 0xa0, 0x0, 0x3d, 0xf8,
    0x0, 0x0, 0x5, 0xfa, 0x0, 0x0, 0x1e, 0xf8,
    0x0, 0x0, 0x5f, 0xa0, 0x0, 0x0, 0x3f, 0xf4,
    0x0, 0x5, 0xfa, 0x0, 0x0, 0x0, 0x9f, 0xe0,
    0x0, 0x5f, 0xa0, 0x0, 0x0, 0x0, 0xef, 0x90,
    0x0, 0x0, 0x0, 0x0, 0x0, 0x4, 0xff, 0x30,
    0x0, 0x0, 0x0, 0x0, 0x0, 0xa, 0xfd, 0x0,
    0x0, 0x0, 0x0, 0x0, 0x0, 0x18, 0x82,

    /* U+01A7 "Ƨ" */
    0x0, 0x18, 0xdf, 0xfe, 0xa3, 0x0, 0x0, 0x4f,
    0xff, 0xdc, 0xef, 0xf6, 0x0, 0xe, 0xf8, 0x0,
    0x0, 0x5f, 0xf2, 0x4, 0xfc, 0x0, 0x0, 0x0,
    0x8f, 0x60, 0x27, 0x40, 0x0, 0x0, 0x9, 0xf6,
    0x0, 0x0, 0x0, 0x0, 0x28, 0xff, 0x20, 0x0,
    0x2, 0x6a, 0xef, 0xff, 0x50, 0x0, 0x2b, 0xff,
    0xff, 0xc7, 0x10, 0x0, 0x3f, 0xfd, 0x84, 0x0,
    0x0, 0x0, 0xb, 0xf8, 0x0, 0x0, 0x0, 0x0,
    0x0, 0xdf, 0x0, 0x0, 0x0, 0x0, 0xef, 0xc,
    0xf2, 0x0, 0x0, 0x0, 0x5f, 0xc0, 0x6f, 0xd3,
    0x0, 0x0, 0x7f, 0xf5, 0x0, 0x9f, 0xfe, 0xcd,
    0xff, 0xf7, 0x0, 0x0, 0x4b, 0xef, 0xfd, 0x93,
    0x0, 0x0,

    /* U+01A8 "ƨ" */
    0x0, 0x3a, 0xef, 0xd9, 0x20, 0x3, 0xff, 0xa8,
    0xaf, 0xe1, 0x9, 0xf4, 0x0, 0x5, 0xf7, 0x0,
    0x20, 0x0, 0x9, 0xf7, 0x0, 0x2, 0x7b, 0xff,
    0xe1, 0x3, 0xcf, 0xff, 0xe9, 0x10, 0xe, 0xfc,
    0x62, 0x0, 0x0, 0x2f, 0xc0, 0x0, 0x0, 0x95,
    0xf, 0xe0, 0x0, 0x7, 0xf8, 0x7, 0xfe, 0x98,
    0xbf, 0xe1, 0x0, 0x4b, 0xef, 0xd9, 0x10,

    /* U+01A9 "Ʃ" */
    0xf, 0xff, 0xff, 0xff, 0xff, 0xf3, 0xf, 0xfd,
    0xcc, 0xcc, 0xcc, 0xc2, 0x8, 0xfc, 0x0, 0x0,
    0x0, 0x0, 0x0, 0x9f, 0xb0, 0x0, 0x0, 0x0,
    0x0, 0xa, 0xfb, 0x0, 0x0, 0x0, 0x0, 0x0,
    0xbf, 0xa0, 0x0, 0x0, 0x0, 0x0, 0xb, 0xf9,
    0x0, 0x0, 0x0, 0x0, 0x6, 0xfe, 0x10, 0x0,
    0x0, 0x0, 0x3f, 0xf3, 0x0, 0x0, 0x0, 0x2,
    0xef, 0x50, 0x0, 0x0, 0x0, 0x1d, 0xf7, 0x0,
    0x0, 0x0, 0x0, 0xcf, 0xa0, 0x0, 0x0, 0x0,
    0xa, 0xfc, 0x0, 0x0, 0x0, 0x0, 0xf, 0xfd,
    0xcc, 0xcc, 0xcc, 0xc7, 0xf, 0xff, 0xff, 0xff,
    0xff, 0xfa,

    /* U+01AA "ƪ" */
    0x4, 0xdf, 0xb1, 0x0, 0x1, 0xe3, 0x1d, 0xc0,
    0x0, 0x3b, 0x0, 0x7f, 0x30, 0x1, 0xe3, 0x1c,
    0xf6, 0x0, 0x4, 0xde, 0xdf, 0x60, 0x0, 0x0,
    0x7, 0xf6, 0x0, 0x0, 0x0, 0x7f, 0x60, 0x0,
    0x0, 0x7, 0xf6, 0x0, 0x0, 0x0, 0x7f, 0x60,
    0x0, 0x0, 0x7, 0xf6, 0x0, 0x0, 0x0, 0x7f,
    0x60, 0x0, 0x0, 0x7, 0xf6, 0x0, 0x0, 0x0,
    0x7f, 0x60, 0x0, 0x0, 0x7, 0xf6, 0x0, 0x0,
    0x0, 0x7f, 0x60, 0x0, 0x0, 0x7, 0xf6, 0x0,
    0x0, 0x0, 0x6f, 0x90, 0x0, 0x0, 0x3, 0xff,
    0xf5, 0x0, 0x0, 0x4, 0xaa, 0x40,

    /* U+01AB "ƫ" */
    0x0, 0x25, 0x0, 0x3, 0xf8, 0x0, 0x4, 0xf8,
    0x0, 0x4, 0xf8, 0x0, 0xaf, 0xff, 0xf6, 0x49,
    0xfb, 0x62, 0x4, 0xf8, 0x0, 0x4, 0xf8, 0x0,
    0x4, 0xf8, 0x0, 0x4, 0xf8, 0x0, 0x4, 0xf8,
    0x0, 0x4, 0xf8, 0x0, 0x4, 0xf9, 0x0, 0x2,
    0xff, 0xb7, 0x0, 0x9f, 0xfa, 0x0, 0x0, 0xfa,
    0x0, 0x7a, 0xf8, 0x0, 0xef, 0xc1,

    /* U+01AC "Ƭ" */
    0x9, 0xef, 0xff, 0xff, 0xff, 0xf8, 0x5f, 0xec,
    0xce, 0xfd, 0xcc, 0xc6, 0x8f, 0x40, 0x9, 0xf6,
    0x0, 0x0, 0x7d, 0x20, 0x9, 0xf6, 0x0, 0x0,
    0x0, 0x0, 0x9, 0xf6, 0x0, 0x0, 0x0, 0x0,
    0x9, 0xf6, 0x0, 0x0, 0x0, 0x0, 0x9, 0xf6,
    0x0, 0x0, 0x0, 0x0, 0x9, 0xf6, 0x0, 0x0,
    0x0, 0x0, 0x9, 0xf6, 0x0, 0x0, 0x0, 0x0,
    0x9, 0xf6, 0x0, 0x0, 0x0, 0x0, 0x9, 0xf6,
    0x0, 0x0, 0x0, 0x0, 0x9, 0xf6, 0x0, 0x0,
    0x0, 0x0, 0x9, 0xf6, 0x0, 0x0, 0x0, 0x0,
    0x9, 0xf6, 0x0, 0x0, 0x0, 0x0, 0x9, 0xf6,
    0x0, 0x0,

    /* U+01AD "ƭ" */
    0x0, 0x8e, 0xf8, 0x2, 0xff, 0xb5, 0x4, 0xf9,
    0x0, 0x4, 0xf8, 0x0, 0xaf, 0xff, 0xf6, 0x49,
    0xfb, 0x62, 0x4, 0xf8, 0x0, 0x4, 0xf8, 0x0,
    0x4, 0xf8, 0x0, 0x4, 0xf8, 0x0, 0x4, 0xf8,
    0x0, 0x4, 0xf8, 0x0, 0x4, 0xf9, 0x0, 0x2,
    0xff, 0xb5, 0x0, 0x7e, 0xf8,

    /* U+01AE "Ʈ" */
    0x8f, 0xff, 0xff, 0xff, 0xff, 0xff, 0x56, 0xcc,
    0xcc, 0xef, 0xdc, 0xcc, 0xc4, 0x0, 0x0, 0x9,
    0xf6, 0x0, 0x0, 0x0, 0x0, 0x0, 0x9f, 0x60,
    0x0, 0x0, 0x0, 0x0, 0x9, 0xf6, 0x0, 0x0,
    0x0, 0x0, 0x0, 0x9f, 0x60, 0x0, 0x0, 0x0,
    0x0, 0x9, 0xf6, 0x0, 0x0, 0x0, 0x0, 0x0,
    0x9f, 0x60, 0x0, 0x0, 0x0, 0x0, 0x9, 0xf6,
    0x0, 0x0, 0x0, 0x0, 0x0, 0x9f, 0x60, 0x0,
    0x0, 0x0, 0x0, 0x9, 0xf6, 0x0, 0x0, 0x0,
    0x0, 0x0, 0x9f, 0x60, 0x0, 0x0, 0x0, 0x0,
    0x9, 0xf6, 0x0, 0x0, 0x0, 0x0, 0x0, 0x9f,
    0x60, 0x0, 0x0, 0x0, 0x0, 0x9, 0xf6, 0x0,
    0x0, 0x0, 0x0, 0x0, 0x9f, 0x60, 0x0, 0x0,
    0x0, 0x0, 0x9, 0xf7, 0x0, 0x0, 0x0, 0x0,
    0x0, 0x6f, 0xfc, 0x30, 0x0, 0x0, 0x0, 0x0,
    0xaf, 0xf6, 0x0, 0x0,

    /* U+01AF "Ư" */
    0x0, 0x0, 0x0, 0x0, 0x0, 0x0, 0xfd, 0x0,
    0x0, 0x0, 0x0, 0x0, 0x0, 0xd, 0xf0, 0x0,
    0x0, 0x0, 0x0, 0x0, 0x2, 0xee, 0x8, 0xfc,
    0x0, 0x0, 0x0, 0x3f, 0xff, 0x60, 0x8f, 0xc0,
    0x0, 0x0, 0x3, 0xff, 0x20, 0x8, 0xfc, 0x0,
    0x0, 0x0, 0x3f, 0xf1, 0x0, 0x8f, 0xc0, 0x0,
    0x0, 0x3, 0xff, 0x10, 0x8, 0xfc, 0x0, 0x0,
    0x0, 0x3f, 0xf1, 0x0, 0x8f, 0xc0, 0x0, 0x0,
    0x3, 0xff, 0x10, 0x8, 0xfc, 0x0, 0x0, 0x0,
    0x3f, 0xf1, 0x0, 0x8f, 0xc0, 0x0, 0x0, 0x3,
    0xff, 0x10, 0x8, 0xfc, 0x0, 0x0, 0x0, 0x3f,
    0xf1, 0x0, 0x8f, 0xc0, 0x0, 0x0, 0x3, 0xff,
    0x10, 0x7, 0xfd, 0x0, 0x0, 0x0, 0x3f, 0xf0,
    0x0, 0x5f, 0xf0, 0x0, 0x0, 0x6, 0xfe, 0x0,
    0x1, 0xff, 0x70, 0x0, 0x0, 0xdf, 0xa0, 0x0,
    0x9, 0xff, 0xa4, 0x36, 0xdf, 0xf3, 0x0, 0x0,
    0xb, 0xff, 0xff, 0xff, 0xf6, 0x0, 0x0, 0x0,
    0x6, 0xce, 0xfd, 0x92, 0x0, 0x0, 0x0,

    /* U+01B0 "ư" */
    0x0, 0x0, 0x0, 0x0, 0x6, 0xf7, 0x0, 0x0,
    0x0, 0x0, 0x3, 0xf9, 0x0, 0x0, 0x0, 0x0,
    0x6, 0xf8, 0x6f, 0xc0, 0x0, 0xd, 0xff, 0xd1,
    0x6f, 0xc0, 0x0, 0x8, 0xfd, 0x0, 0x6f, 0xc0,
    0x0, 0x8, 0xfb, 0x0, 0x6f, 0xc0, 0x0, 0x8,
    0xfb, 0x0, 0x6f, 0xc0, 0x0, 0x8, 0xfb, 0x0,
    0x6f, 0xc0, 0x0, 0x8, 0xfb, 0x0, 0x6f, 0xc0,
    0x0, 0x8, 0xfb, 0x0, 0x6f, 0xd0, 0x0, 0x9,
    0xfb, 0x0, 0x4f, 0xf0, 0x0, 0xe, 0xfb, 0x0,
    0x1f, 0xf9, 0x1, 0x9f, 0xfb, 0x0, 0x9, 0xff,
    0xff, 0xf9, 0xfb, 0x0, 0x0, 0x8e, 0xfc, 0x45,
    0xfb, 0x0,

    /* U+01B1 "Ʊ" */
    0x9f, 0xfc, 0x50, 0x0, 0x9, 0xdf, 0xf4, 0x6b,
    0xef, 0xe0, 0x0, 0x3f, 0xfd, 0xb3, 0x0, 0x3f,
    0xb0, 0x0, 0x1f, 0xd0, 0x0, 0x0, 0x7f, 0x60,
    0x0, 0xb, 0xf2, 0x0, 0x0, 0xee, 0x0, 0x0,
    0x4, 0xf9, 0x0, 0x6, 0xf8, 0x0, 0x0, 0x0,
    0xdf, 0x20, 0xd, 0xf1, 0x0, 0x0, 0x0, 0x7f,
    0x80, 0x3f, 0xd0, 0x0, 0x0, 0x0, 0x2f, 0xe0,
    0x5f, 0xa0, 0x0, 0x0, 0x0, 0xf, 0xf0, 0x6f,
    0xa0, 0x0, 0x0, 0x0, 0xf, 0xf1, 0x3f, 0xe0,
    0x0, 0x0, 0x0, 0x3f, 0xe0, 0xd, 0xf7, 0x0,
    0x0, 0x0, 0xbf, 0x90, 0x4, 0xff, 0x70, 0x0,
    0xa, 0xfd, 0x10, 0x0, 0x5f, 0xfe, 0xbb, 0xff,
    0xd2, 0x0, 0x0, 0x2, 0x9d, 0xff, 0xc7, 0x0,
    0x0,

    /* U+01B2 "Ʋ" */
    0xaf, 0x70, 0x0, 0x0, 0x4, 0xef, 0x90, 0x4f,
    0xc0, 0x0, 0x0, 0x4, 0x9f, 0xf0, 0xe, 0xf2,
    0x0, 0x0, 0x0, 0xd, 0xe0, 0x8, 0xf8, 0x0,
    0x0, 0x0, 0xf, 0xc0, 0x2, 0xfd, 0x0, 0x0,
    0x0, 0x3f, 0x80, 0x0, 0xbf, 0x30, 0x0, 0x0,
    0x8f, 0x30, 0x0, 0x5f, 0x90, 0x0, 0x0, 0xee,
    0x0, 0x0, 0xe, 0xe0, 0x0, 0x4, 0xf8, 0x0,
    0x0, 0x9, 0xf4, 0x0, 0xa, 0xf2, 0x0, 0x0,
    0x2, 0xfa, 0x0, 0x1f, 0xb0, 0x0, 0x0, 0x0,
    0xcf, 0x0, 0x9f, 0x40, 0x0, 0x0, 0x0, 0x6f,
    0x61, 0xfc, 0x0, 0x0, 0x0, 0x0, 0xf, 0xb8,
    0xf4, 0x0, 0x0, 0x0, 0x0, 0xa, 0xff, 0xc0,
    0x0, 0x0, 0x0, 0x0, 0x3, 0xff, 0x30, 0x0,
    0x0,

    /* U+01B3 "Ƴ" */
    0x2d, 0xfd, 0x60, 0x0, 0x0, 0x0, 0x1e, 0xf4,
    0xa, 0xae, 0xf9, 0x0, 0x0, 0x0, 0xaf, 0xa0,
    0x0, 0x1, 0xcf, 0x60, 0x0, 0x4, 0xfe, 0x0,
    0x0, 0x0, 0x2f, 0xf1, 0x0, 0xe, 0xf4, 0x0,
    0x0, 0x0, 0x6, 0xf9, 0x0, 0x9f, 0x90, 0x0,
    0x0, 0x0, 0x0, 0xdf, 0x13, 0xfd, 0x0, 0x0,
    0x0, 0x0, 0x0, 0x6f, 0x8c, 0xf4, 0x0, 0x0,
    0x0, 0x0, 0x0, 0xe, 0xff, 0x90, 0x0, 0x0,
    0x0, 0x0, 0x0, 0x7, 0xfd, 0x0, 0x0, 0x0,
    0x0, 0x0, 0x0, 0x5, 0xfa, 0x0, 0x0, 0x0,
    0x0, 0x0, 0x0, 0x5, 0xfa, 0x0, 0x0, 0x0,
    0x0, 0x0, 0x0, 0x5, 0xfa, 0x0, 0x0, 0x0,
    0x0, 0x0, 0x0, 0x5, 0xfa, 0x0, 0x0, 0x0,
    0x0, 0x0, 0x0, 0x5, 0xfa, 0x0, 0x0, 0x0,
    0x0, 0x0, 0x0, 0x5, 0xfa, 0x0, 0x0, 0x0,

    /* U+01B4 "ƴ" */
    0x7f, 0x80, 0x0, 0x0, 0x1b, 0xfb, 0x11, 0xfd,
    0x0, 0x0, 0xc, 0xfa, 0xf9, 0xb, 0xf3, 0x0,
    0x5, 0xf8, 0xc, 0xe0, 0x4f, 0x90, 0x0, 0xbf,
    0x10, 0x0, 0x0, 0xef, 0x0, 0x2f, 0xa0, 0x0,
    0x0, 0x8, 0xf5, 0x8, 0xf4, 0x0, 0x0, 0x0,
    0x2f, 0xb0, 0xee, 0x0, 0x0, 0x0, 0x0, 0xcf,
    0x5f, 0x70, 0x0, 0x0, 0x0, 0x6, 0xfd, 0xf1,
    0x0, 0x0, 0x0, 0x0, 0xf, 0xfb, 0x0, 0x0,
    0x0, 0x0, 0x0, 0xaf, 0x40, 0x0, 0x0, 0x0,
    0x0, 0xd, 0xe0, 0x0, 0x0, 0x0, 0x0, 0x6,
    0xf7, 0x0, 0x0, 0x0, 0x0, 0xbd, 0xfe, 0x0,
    0x0, 0x0, 0x0, 0xa, 0xfc, 0x20, 0x0, 0x0,
    0x0, 0x0,

    /* U+01B5 "Ƶ" */
    0xc, 0xff, 0xff, 0xff, 0xff, 0xff, 0x0, 0x9c,
    0xcc, 0xcc, 0xcc, 0xdf, 0xf0, 0x0, 0x0, 0x0,
    0x0, 0x1e, 0xf7, 0x0, 0x0, 0x0, 0x0, 0xc,
    0xfb, 0x0, 0x0, 0x0, 0x0, 0x8, 0xfe, 0x10,
    0x0, 0x0, 0x0, 0x4, 0xff, 0x30, 0x0, 0x0,
    0x11, 0x12, 0xef, 0x81, 0x0, 0x0, 0x1f, 0xff,
    0xff, 0xff, 0xf8, 0x0, 0x0, 0x44, 0xdf, 0xc4,
    0x44, 0x20, 0x0, 0x0, 0x7f, 0xd1, 0x0, 0x0,
    0x0, 0x0, 0x5f, 0xe2, 0x0, 0x0, 0x0, 0x0,
    0x3f, 0xf3, 0x0, 0x0, 0x0, 0x0, 0x2e, 0xf5,
    0x0, 0x0, 0x0, 0x0, 0x9, 0xff, 0xcc, 0xcc,
    0xcc, 0xcc, 0xc3, 0xaf, 0xff, 0xff, 0xff, 0xff,
    0xff, 0x40,

    /* U+01B6 "ƶ" */
    0x2f, 0xff, 0xff, 0xff, 0xfb, 0x1, 0x77, 0x77,
    0x77, 0xef, 0x60, 0x0, 0x0, 0x0, 0xaf, 0x80,
    0x0, 0x22, 0x22, 0x9f, 0xb2, 0x10, 0xf, 0xff,
    0xff, 0xff, 0xf9, 0x0, 0x55, 0xaf, 0xd5, 0x55,
    0x20, 0x0, 0x3f, 0xf2, 0x0, 0x0, 0x0, 0x1e,
    0xf5, 0x0, 0x0, 0x0, 0xb, 0xf8, 0x0, 0x0,
    0x0, 0x7, 0xff, 0x89, 0x99, 0x99, 0x90, 0x9f,
    0xff, 0xff, 0xff, 0xff, 0x10,

    /* U+01B7 "Ʒ" */
    0x6, 0xff, 0xff, 0xff, 0xff, 0xf4, 0x0, 0x4c,
    0xcc, 0xcc, 0xce, 0xfe, 0x20, 0x0, 0x0, 0x0,
    0x6, 0xfc, 0x10, 0x0, 0x0, 0x0, 0x9, 0xf8,
    0x0, 0x0, 0x0, 0x0, 0x1c, 0xe4, 0x0, 0x0,
    0x0, 0x0, 0x9, 0xff, 0xeb, 0x40, 0x0, 0x0,
    0x0, 0x89, 0x9b, 0xff, 0x90, 0x0, 0x0, 0x0,
    0x0, 0x1, 0xbf, 0x70, 0x0, 0x0, 0x0, 0x0,
    0x1, 0xff, 0x0, 0x0, 0x0, 0x0, 0x0, 0xb,
    0xf2, 0xb, 0xd0, 0x0, 0x0, 0x0, 0xbf, 0x20,
    0xef, 0x40, 0x0, 0x0, 0x2f, 0xe0, 0x7, 0xfe,
    0x40, 0x0, 0x3d, 0xf6, 0x0, 0xa, 0xff, 0xdb,
    0xdf, 0xf8, 0x0, 0x0, 0x5, 0xbe, 0xfe, 0xb4,
    0x0, 0x0,

    /* U+01B8 "Ƹ" */
    0x1, 0xff, 0xff, 0xff, 0xff, 0xf9, 0x0, 0xd,
    0xff, 0xcc, 0xcc, 0xcc, 0x60, 0x0, 0xa, 0xf8,
    0x0, 0x0, 0x0, 0x0, 0x0, 0x6, 0xfb, 0x10,
    0x0, 0x0, 0x0, 0x0, 0x3, 0xde, 0x30, 0x0,
    0x0, 0x0, 0x3a, 0xef, 0xfc, 0x0, 0x0, 0x0,
    0x7f, 0xfb, 0x99, 0xa0, 0x0, 0x0, 0x4f, 0xd3,
    0x0, 0x0, 0x0, 0x0, 0xc, 0xf3, 0x0, 0x0,
    0x0, 0x0, 0x0, 0xfe, 0x0, 0x0, 0x0, 0x0,
    0x0, 0xf, 0xe0, 0x0, 0x0, 0x0, 0xac, 0x20,
    0xbf, 0x40, 0x0, 0x0, 0x1f, 0xf1, 0x4, 0xfe,
    0x50, 0x0, 0x2c, 0xfa, 0x0, 0x6, 0xff, 0xeb,
    0xdf, 0xfc, 0x0, 0x0, 0x3, 0xae, 0xff, 0xc6,
    0x0, 0x0,

    /* U+01B9 "ƹ" */
    0xb, 0xff, 0xff, 0xff, 0xfc, 0x0, 0x7f, 0xd8,
    0x88, 0x88, 0x60, 0x0, 0xaf, 0x40, 0x0, 0x0,
    0x0, 0x0, 0xcf, 0x20, 0x0, 0x0, 0x0, 0x1,
    0xed, 0x0, 0x0, 0x0, 0x0, 0x3, 0xfa, 0x0,
    0x0, 0x0, 0x1a, 0xff, 0xf0, 0x0, 0x0, 0x2e,
    0xfa, 0x55, 0x0, 0x0, 0xb, 0xf7, 0x0, 0x0,
    0x0, 0x0, 0xfe, 0x0, 0x0, 0x0, 0x0, 0x1f,
    0xd0, 0x0, 0x0, 0x0, 0x0, 0xff, 0x0, 0x0,
    0xb, 0xe1, 0x9, 0xf9, 0x0, 0x3, 0xfc, 0x0,
    0xc, 0xfc, 0x89, 0xff, 0x30, 0x0, 0x7, 0xdf,
    0xea, 0x20, 0x0,

    /* U+01BA "ƺ" */
    0x3f, 0xff, 0xff, 0xff, 0xa0, 0x18, 0x88, 0x88,
    0xff, 0x40, 0x0, 0x0, 0xa, 0xf4, 0x0, 0x0,
    0x0, 0x9f, 0x40, 0x0, 0x0, 0x9, 0xf6, 0x0,
    0x0, 0x0, 0xe, 0xff, 0xfa, 0x20, 0x0, 0x6,
    0x56, 0xbf, 0xd0, 0x0, 0x0, 0x0, 0xc, 0xf2,
    0x0, 0x0, 0x0, 0x1e, 0xf0, 0x0, 0x0, 0x39,
    0xff, 0x60, 0x0, 0x5d, 0xfe, 0x92, 0x0, 0x7,
    0xf9, 0x30, 0x0, 0x0, 0xc, 0xc0, 0x0, 0x0,
    0x0, 0x9, 0xfa, 0x89, 0x80, 0x0, 0x0, 0x9e,
    0xfe, 0xa0, 0x0,

    /* U+01BB "ƻ" */
    0x0, 0x6, 0xcf, 0xfc, 0x60, 0x0, 0xb, 0xfe,
    0xbc, 0xff, 0x90, 0x7, 0xfa, 0x0, 0x3, 0xff,
    0x30, 0xdf, 0x10, 0x0, 0x9, 0xf8, 0x5, 0x70,
    0x0, 0x0, 0x9f, 0x80, 0x0, 0x0, 0x0, 0xe,
    0xf4, 0x0, 0x0, 0x0, 0x7, 0xfd, 0x0, 0x0,
    0x0, 0x6, 0xff, 0x30, 0x0, 0xcf, 0xff, 0xff,
    0xff, 0x90, 0x6, 0x8e, 0xff, 0x88, 0x84, 0x0,
    0xb, 0xfe, 0x20, 0x0, 0x0, 0xb, 0xfd, 0x10,
    0x0, 0x0, 0x7, 0xfd, 0x10, 0x0, 0x0, 0x1,
    0xff, 0xec, 0xcc, 0xcc, 0xc7, 0x4f, 0xff, 0xff,
    0xff, 0xff, 0x90,

    /* U+01BC "Ƽ" */
    0xbf, 0xff, 0xff, 0xff, 0xff, 0x28, 0xce, 0xfc,
    0xcc, 0xcc, 0xc1, 0x0, 0xcf, 0x0, 0x0, 0x0,
    0x0, 0xf, 0xc0, 0x0, 0x0, 0x0, 0x2, 0xf9,
    0x0, 0x0, 0x0, 0x0, 0x5f, 0x9a, 0xef, 0xc5,
    0x0, 0x8, 0xff, 0xdb, 0xdf, 0xf9, 0x0, 0x9f,
    0x70, 0x0, 0x4f, 0xf5, 0x0, 0x0, 0x0, 0x0,
    0x8f, 0xa0, 0x0, 0x0, 0x0, 0x4, 0xfd, 0x2,
    0x20, 0x0, 0x0, 0x4f, 0xc0, 0xff, 0x0, 0x0,
    0x8, 0xf8, 0xa, 0xf9, 0x0, 0x2, 0xff, 0x20,
    0x1e, 0xfc, 0x89, 0xff, 0x50, 0x0, 0x18, 0xdf,
    0xeb, 0x30, 0x0,

    /* U+01BD "ƽ" */
    0x3f, 0xff, 0xff, 0xff, 0xf8, 0x1, 0x8f, 0xc8,
    0x88, 0x88, 0x40, 0x1, 0xf7, 0x0, 0x0, 0x0,
    0x0, 0x4f, 0x30, 0x10, 0x0, 0x0, 0x7, 0xfc,
    0xff, 0xfc, 0x60, 0x0, 0xbf, 0xa6, 0x56, 0xcf,
    0x90, 0x0, 0x0, 0x0, 0x0, 0xef, 0x10, 0x1,
    0x0, 0x0, 0xc, 0xf2, 0xf, 0xe1, 0x0, 0x2,
    0xff, 0x0, 0x7f, 0xe9, 0x8a, 0xff, 0x50, 0x0,
    0x4b, 0xef, 0xda, 0x30, 0x0,

    /* U+01BE "ƾ" */
    0x0, 0x0, 0x1f, 0xa0, 0x0, 0x0, 0x0, 0x1,
    0xfa, 0x0, 0x0, 0x0, 0x1f, 0xff, 0xff, 0xb0,
    0x0, 0x0, 0x88, 0xfd, 0x85, 0x0, 0x0, 0x0,
    0xf, 0xc0, 0x0, 0x0, 0x0, 0x0, 0xcf, 0x20,
    0x0, 0x0, 0x0, 0x4, 0xfd, 0x10, 0x0, 0x0,
    0x0, 0x7, 0xfd, 0x10, 0x0, 0x0, 0x0, 0x7,
    0xfc, 0x0, 0x0, 0x0, 0x0, 0xa, 0xf5, 0x5,
    0x60, 0x0, 0x0, 0x4f, 0x90, 0xef, 0x20, 0x0,
    0x5, 0xf9, 0x8, 0xfb, 0x0, 0x1, 0xdf, 0x50,
    0xd, 0xfd, 0x89, 0xef, 0xa0, 0x0, 0x8, 0xdf,
    0xfc, 0x50, 0x0,

    /* U+01BF "ƿ" */
    0x9f, 0x16, 0xdf, 0xe9, 0x0, 0x9f, 0xcf, 0x97,
    0xcf, 0xb0, 0x9f, 0xc1, 0x0, 0xc, 0xf3, 0x9f,
    0x40, 0x0, 0x7, 0xf6, 0x9f, 0x40, 0x0, 0x7,
    0xf6, 0x9f, 0x40, 0x0, 0xb, 0xf3, 0x9f, 0x40,
    0x0, 0x3f, 0xc0, 0x9f, 0x40, 0x3, 0xee, 0x20,
    0x9f, 0x41, 0x8f, 0xd2, 0x0, 0x9f, 0xcf, 0xe7,
    0x0, 0x0, 0x9f, 0xd6, 0x0, 0x0, 0x0, 0x9f,
    0x40, 0x0, 0x0, 0x0, 0x9f, 0x40, 0x0, 0x0,
    0x0, 0x9f, 0x40, 0x0, 0x0, 0x0, 0x9f, 0x40,
    0x0, 0x0, 0x0,

    /* U+01C0 "ǀ" */
    0x1f, 0x81, 0xf8, 0x1f, 0x81, 0xf8, 0x1f, 0x81,
    0xf8, 0x1f, 0x81, 0xf8, 0x1f, 0x81, 0xf8, 0x1f,
    0x81, 0xf8, 0x1f, 0x81, 0xf8, 0x1f, 0x80,

    /* U+01C1 "ǁ" */
    0x1f, 0x80, 0xc, 0xd1, 0xf8, 0x0, 0xcd, 0x1f,
    0x80, 0xc, 0xd1, 0xf8, 0x0, 0xcd, 0x1f, 0x80,
    0xc, 0xd1, 0xf8, 0x0, 0xcd, 0x1f, 0x80, 0xc,
    0xd1, 0xf8, 0x0, 0xcd, 0x1f, 0x80, 0xc, 0xd1,
    0xf8, 0x0, 0xcd, 0x1f, 0x80, 0xc, 0xd1, 0xf8,
    0x0, 0xcd, 0x1f, 0x80, 0xc, 0xd1, 0xf8, 0x0,
    0xcd, 0x1f, 0x80, 0xc, 0xd0,

    /* U+01C2 "ǂ" */
    0x0, 0x0, 0xdc, 0x0, 0x0, 0x0, 0x0, 0xdc,
    0x0, 0x0, 0x0, 0x0, 0xdc, 0x0, 0x0, 0x0,
    0x0, 0xdc, 0x0, 0x0, 0x7f, 0xff, 0xff, 0xff,
    0xf7, 0x36, 0x66, 0xed, 0x66, 0x62, 0x0, 0x0,
    0xdc, 0x0, 0x0, 0x0, 0x0, 0xdc, 0x0, 0x0,
    0x1, 0x11, 0xdc, 0x11, 0x10, 0x7f, 0xff, 0xff,
    0xff, 0xf7, 0x24, 0x44, 0xdd, 0x44, 0x41, 0x0,
    0x0, 0xdc, 0x0, 0x0, 0x0, 0x0, 0xdc, 0x0,
    0x0, 0x0, 0x0, 0xdc, 0x0, 0x0, 0x0, 0x0,
    0xdc, 0x0, 0x0,

    /* U+01C3 "ǃ" */
    0x3f, 0xf1, 0x3f, 0xf1, 0x3f, 0xf1, 0x3f, 0xf0,
    0x2f, 0xf0, 0x1f, 0xe0, 0xf, 0xd0, 0xe, 0xc0,
    0xd, 0xb0, 0xc, 0xa0, 0xb, 0x90, 0x1, 0x10,
    0x1, 0x10, 0x2f, 0xf0, 0x2f, 0xf0,

    /* U+01C4 "Ǆ" */
    0x0, 0x0, 0x0, 0x0, 0x0, 0x0, 0x0, 0x0,
    0x4, 0x83, 0x4, 0x83, 0x0, 0x0, 0x0, 0x0,
    0x0, 0x0, 0x0, 0x0, 0x0, 0x0, 0xc, 0xe5,
    0xfc, 0x0, 0x0, 0x0, 0x0, 0x0, 0x0, 0x0,
    0x0, 0x0, 0x0, 0x0, 0x1d, 0xfd, 0x10, 0x0,
    0x0, 0x0, 0x0, 0x0, 0x0, 0x0, 0x0, 0x0,
    0x0, 0x0, 0x0, 0x0, 0x0, 0x0, 0x5f, 0xff,
    0xff, 0xfe, 0xc7, 0x0, 0x0, 0xa, 0xff, 0xff,
    0xff, 0xff, 0xff, 0x15, 0xfe, 0xcc, 0xcc, 0xdf,
    0xfd, 0x10, 0x0, 0x8c, 0xcc, 0xcc, 0xcc, 0xdf,
    0xf1, 0x5f, 0xa0, 0x0, 0x0, 0x2c, 0xfc, 0x0,
    0x0, 0x0, 0x0, 0x0, 0x1d, 0xf7, 0x5, 0xfa,
    0x0, 0x0, 0x0, 0xd, 0xf5, 0x0, 0x0, 0x0,
    0x0, 0xc, 0xfa, 0x0, 0x5f, 0xa0, 0x0, 0x0,
    0x0, 0x6f, 0xb0, 0x0, 0x0, 0x0, 0x9, 0xfd,
    0x0, 0x5, 0xfa, 0x0, 0x0, 0x0, 0x2, 0xff,
    0x0, 0x0, 0x0, 0x6, 0xfe, 0x20, 0x0, 0x5f,
    0xa0, 0x0, 0x0, 0x0, 0xf, 0xf0, 0x0, 0x0,
    0x3, 0xff, 0x40, 0x0, 0x5, 0xfa, 0x0, 0x0,
    0x0, 0x0, 0xff, 0x10, 0x0, 0x1, 0xef, 0x60,
    0x0, 0x0, 0x5f, 0xa0, 0x0, 0x0, 0x0, 0xf,
    0xf0, 0x0, 0x0, 0xcf, 0x90, 0x0, 0x0, 0x5,
    0xfa, 0x0, 0x0, 0x0, 0x2, 0xfe, 0x0, 0x0,
    0x9f, 0xc0, 0x0, 0x0, 0x0, 0x5f, 0xa0, 0x0,
    0x0, 0x0, 0x6f, 0xa0, 0x0, 0x6f, 0xe1, 0x0,
    0x0, 0x0, 0x5, 0xfa, 0x0, 0x0, 0x0, 0xe,
    0xf4, 0x0, 0x3f, 0xf3, 0x0, 0x0, 0x0, 0x0,
    0x5f, 0xa0, 0x0, 0x0, 0x2c, 0xfb, 0x0, 0x1e,
    0xf5, 0x0, 0x0, 0x0, 0x0, 0x5, 0xfe, 0xcc,
    0xcc, 0xef, 0xfc, 0x10, 0x8, 0xff, 0xcc, 0xcc,
    0xcc, 0xcc, 0xc4, 0x5f, 0xff, 0xff, 0xfe, 0xb6,
    0x0, 0x0, 0x8f, 0xff, 0xff, 0xff, 0xff, 0xff,
    0x50,

    /* U+01C5 "ǅ" */
    0x5f, 0xff, 0xff, 0xfe, 0xc7, 0x0, 0x0, 0x0,
    0x6f, 0x90, 0xdf, 0x30, 0x5, 0xfe, 0xcc, 0xcc,
    0xdf, 0xfd, 0x10, 0x0, 0x0, 0x7f, 0xdf, 0x50,
    0x0, 0x5f, 0xa0, 0x0, 0x0, 0x2c, 0xfc, 0x0,
    0x0, 0x0, 0x79, 0x50, 0x0, 0x5, 0xfa, 0x0,
    0x0, 0x0, 0xd, 0xf5, 0x0, 0x0, 0x0, 0x0,
    0x0, 0x0, 0x5f, 0xa0, 0x0, 0x0, 0x0, 0x6f,
    0xb0, 0xf, 0xff, 0xff, 0xff, 0xfe, 0x5, 0xfa,
    0x0, 0x0, 0x0, 0x2, 0xff, 0x0, 0x77, 0x77,
    0x77, 0xdf, 0x90, 0x5f, 0xa0, 0x0, 0x0, 0x0,
    0xf, 0xf0, 0x0, 0x0, 0x0, 0x5f, 0xb0, 0x5,
    0xfa, 0x0, 0x0, 0x0, 0x0, 0xff, 0x10, 0x0,
    0x0, 0x3f, 0xd1, 0x0, 0x5f, 0xa0, 0x0, 0x0,
    0x0, 0xf, 0xf0, 0x0, 0x0, 0x2e, 0xe2, 0x0,
    0x5, 0xfa, 0x0, 0x0, 0x0, 0x2, 0xfe, 0x0,
    0x0, 0x1d, 0xf3, 0x0, 0x0, 0x5f, 0xa0, 0x0,
    0x0, 0x0, 0x6f, 0xa0, 0x0, 0xc, 0xf5, 0x0,
    0x0, 0x5, 0xfa, 0x0, 0x0, 0x0, 0xe, 0xf4,
    0x0, 0xa, 0xf7, 0x0, 0x0, 0x0, 0x5f, 0xa0,
    0x0, 0x0, 0x2c, 0xfb, 0x0, 0x8, 0xf9, 0x0,
    0x0, 0x0, 0x5, 0xfe, 0xcc, 0xcc, 0xef, 0xfc,
    0x10, 0x4, 0xff, 0xcc, 0xcc, 0xcc, 0xc2, 0x5f,
    0xff, 0xff, 0xfe, 0xb6, 0x0, 0x0, 0x6f, 0xff,
    0xff, 0xff, 0xff, 0x30,

    /* U+01C6 "ǆ" */
    0x0, 0x0, 0x0, 0x0, 0xaf, 0x30, 0x0, 0xdf,
    0x34, 0xfc, 0x0, 0x0, 0x0, 0x0, 0x0, 0xaf,
    0x30, 0x0, 0x1e, 0xde, 0xd1, 0x0, 0x0, 0x0,
    0x0, 0x0, 0xaf, 0x30, 0x0, 0x3, 0xaa, 0x20,
    0x0, 0x0, 0x0, 0x0, 0x0, 0xaf, 0x30, 0x0,
    0x0, 0x0, 0x0, 0x0, 0x0, 0x19, 0xef, 0xd5,
    0xaf, 0x30, 0x7f, 0xff, 0xff, 0xff, 0xf6, 0x1,
    0xdf, 0xb8, 0xaf, 0xef, 0x30, 0x37, 0x77, 0x77,
    0x9f, 0xf4, 0x9, 0xf7, 0x0, 0x6, 0xff, 0x30,
    0x0, 0x0, 0x0, 0xcf, 0x70, 0xf, 0xf0, 0x0,
    0x0, 0xdf, 0x30, 0x0, 0x0, 0xb, 0xf9, 0x0,
    0x2f, 0xc0, 0x0, 0x0, 0x9f, 0x30, 0x0, 0x0,
    0x9f, 0xb0, 0x0, 0x3f, 0xa0, 0x0, 0x0, 0x8f,
    0x30, 0x0, 0x7, 0xfd, 0x10, 0x0, 0x2f, 0xb0,
    0x0, 0x0, 0x9f, 0x30, 0x0, 0x5f, 0xe2, 0x0,
    0x0, 0xe, 0xf0, 0x0, 0x0, 0xcf, 0x30, 0x3,
    0xff, 0x30, 0x0, 0x0, 0x8, 0xf9, 0x0, 0x6,
    0xff, 0x30, 0x2e, 0xf5, 0x0, 0x0, 0x0, 0x0,
    0xcf, 0xc8, 0xbf, 0xdf, 0x30, 0xcf, 0xd8, 0x88,
    0x88, 0x86, 0x0, 0x8, 0xef, 0xd6, 0x8f, 0x30,
    0xef, 0xff, 0xff, 0xff, 0xfc,

    /* U+01C7 "Ǉ" */
    0x6f, 0x90, 0x0, 0x0, 0x0, 0x0, 0x0, 0x0,
    0x1f, 0xf6, 0xf9, 0x0, 0x0, 0x0, 0x0, 0x0,
    0x0, 0x1, 0xff, 0x6f, 0x90, 0x0, 0x0, 0x0,
    0x0, 0x0, 0x0, 0x1f, 0xf6, 0xf9, 0x0, 0x0,
    0x0, 0x0, 0x0, 0x0, 0x1, 0xff, 0x6f, 0x90,
    0x0, 0x0, 0x0, 0x0, 0x0, 0x0, 0x1f, 0xf6,
    0xf9, 0x0, 0x0, 0x0, 0x0, 0x0, 0x0, 0x1,
    0xff, 0x6f, 0x90, 0x0, 0x0, 0x0, 0x0, 0x0,
    0x0, 0x1f, 0xf6, 0xf9, 0x0, 0x0, 0x0, 0x0,
    0x0, 0x0, 0x1, 0xff, 0x6f, 0x90, 0x0, 0x0,
    0x0, 0x0, 0x0, 0x0, 0x1f, 0xf6, 0xf9, 0x0,
    0x0, 0x0, 0x0, 0x0, 0x0, 0x1, 0xff, 0x6f,
    0x90, 0x0, 0x0, 0x0, 0x16, 0x30, 0x0, 0x1f,
    0xe6, 0xf9, 0x0, 0x0, 0x0, 0x4, 0xf9, 0x0,
    0x2, 0xfd, 0x6f, 0x90, 0x0, 0x0, 0x0, 0x1f,
    0xf2, 0x0, 0x9f, 0x96, 0xfe, 0xcc, 0xcc, 0xcc,
    0xc0, 0x9f, 0xfd, 0xef, 0xf2, 0x6f, 0xff, 0xff,
    0xff, 0xff, 0x0, 0x8d, 0xfe, 0xa2, 0x0,

    /* U+01C8 "ǈ" */
    0x6f, 0x90, 0x0, 0x0, 0x0, 0x0, 0xfe, 0x6f,
    0x90, 0x0, 0x0, 0x0, 0x0, 0xfe, 0x6f, 0x90,
    0x0, 0x0, 0x0, 0x0, 0x0, 0x6f, 0x90, 0x0,
    0x0, 0x0, 0x0, 0x0, 0x6f, 0x90, 0x0, 0x0,
    0x0, 0x0, 0xfe, 0x6f, 0x90, 0x0, 0x0, 0x0,
    0x0, 0xfe, 0x6f, 0x90, 0x0, 0x0, 0x0, 0x0,
    0xfe, 0x6f, 0x90, 0x0, 0x0, 0x0, 0x0, 0xfe,
    0x6f, 0x90, 0x0, 0x0, 0x0, 0x0, 0xfe, 0x6f,
    0x90, 0x0, 0x0, 0x0, 0x0, 0xfe, 0x6f, 0x90,
    0x0, 0x0, 0x0, 0x0, 0xfe, 0x6f, 0x90, 0x0,
    0x0, 0x0, 0x0, 0xfe, 0x6f, 0x90, 0x0, 0x0,
    0x0, 0x0, 0xfe, 0x6f, 0xec, 0xcc, 0xcc, 0xcc,
    0x0, 0xfe, 0x6f, 0xff, 0xff, 0xff, 0xff, 0x0,
    0xfe, 0x0, 0x0, 0x0, 0x0, 0x0, 0x0, 0xfe,
    0x0, 0x0, 0x0, 0x0, 0x0, 0x1, 0xfd, 0x0,
    0x0, 0x0, 0x0, 0x0, 0xac, 0xf9, 0x0, 0x0,
    0x0, 0x0, 0x2, 0xef, 0xb1,

    /* U+01C9 "ǉ" */
    0x9f, 0x40, 0xf, 0xe9, 0xf4, 0x0, 0xfe, 0x9f,
    0x40, 0x0, 0x9, 0xf4, 0x0, 0x0, 0x9f, 0x40,
    0xf, 0xe9, 0xf4, 0x0, 0xfe, 0x9f, 0x40, 0xf,
    0xe9, 0xf4, 0x0, 0xfe, 0x9f, 0x40, 0xf, 0xe9,
    0xf4, 0x0, 0xfe, 0x9f, 0x40, 0xf, 0xe9, 0xf4,
    0x0, 0xfe, 0x9f, 0x40, 0xf, 0xe9, 0xf4, 0x0,
    0xfe, 0x9f, 0x40, 0xf, 0xe0, 0x0, 0x0, 0xfe,
    0x0, 0x0, 0x1f, 0xc0, 0x0, 0xac, 0xf9, 0x0,
    0x2e, 0xfb, 0x10,

    /* U+01CA "Ǌ" */
    0x5f, 0xe1, 0x0, 0x0, 0x0, 0x6f, 0x70, 0x0,
    0x0, 0x0, 0xf, 0xf5, 0xff, 0xb0, 0x0, 0x0,
    0x6, 0xf7, 0x0, 0x0, 0x0, 0x0, 0xff, 0x5f,
    0xff, 0x60, 0x0, 0x0, 0x6f, 0x70, 0x0, 0x0,
    0x0, 0xf, 0xf5, 0xfb, 0xff, 0x10, 0x0, 0x6,
    0xf7, 0x0, 0x0, 0x0, 0x0, 0xff, 0x5f, 0x88,
    0xfb, 0x0, 0x0, 0x6f, 0x70, 0x0, 0x0, 0x0,
    0xf, 0xf5, 0xf8, 0xd, 0xf6, 0x0, 0x6, 0xf7,
    0x0, 0x0, 0x0, 0x0, 0xff, 0x5f, 0x80, 0x3f,
    0xf2, 0x0, 0x6f, 0x70, 0x0, 0x0, 0x0, 0xf,
    0xf5, 0xf8, 0x0, 0x8f, 0xc0, 0x6, 0xf7, 0x0,
    0x0, 0x0, 0x0, 0xff, 0x5f, 0x80, 0x0, 0xdf,
    0x70, 0x6f, 0x70, 0x0, 0x0, 0x0, 0xf, 0xf5,
    0xf8, 0x0, 0x3, 0xff, 0x26, 0xf7, 0x0, 0x0,
    0x0, 0x0, 0xff, 0x5f, 0x80, 0x0, 0x8, 0xfc,
    0x6f, 0x70, 0x29, 0x50, 0x0, 0xf, 0xe5, 0xf8,
    0x0, 0x0, 0xd, 0xfd, 0xf7, 0x3, 0xfa, 0x0,
    0x2, 0xfd, 0x5f, 0x80, 0x0, 0x0, 0x3f, 0xff,
    0x70, 0xf, 0xf3, 0x0, 0x9f, 0x95, 0xf8, 0x0,
    0x0, 0x0, 0x8f, 0xf7, 0x0, 0x8f, 0xfd, 0xef,
    0xf2, 0x5f, 0x80, 0x0, 0x0, 0x0, 0xdf, 0x70,
    0x0, 0x7d, 0xfe, 0xb2, 0x0,

    /* U+01CB "ǋ" */
    0x5f, 0xe1, 0x0, 0x0, 0x0, 0x6f, 0x70, 0x7,
    0xf6, 0x5f, 0xfb, 0x0, 0x0, 0x0, 0x6f, 0x70,
    0x7, 0xf6, 0x5f, 0xff, 0x50, 0x0, 0x0, 0x6f,
    0x70, 0x0, 0x10, 0x5f, 0xbf, 0xe1, 0x0, 0x0,
    0x6f, 0x70, 0x0, 0x0, 0x5f, 0x88, 0xfb, 0x0,
    0x0, 0x6f, 0x70, 0x7, 0xf6, 0x5f, 0x80, 0xdf,
    0x50, 0x0, 0x6f, 0x70, 0x7, 0xf6, 0x5f, 0x80,
    0x3f, 0xe1, 0x0, 0x6f, 0x70, 0x7, 0xf6, 0x5f,
    0x80, 0x8, 0xfb, 0x0, 0x6f, 0x70, 0x7, 0xf6,
    0x5f, 0x80, 0x0, 0xdf, 0x60, 0x6f, 0x70, 0x7,
    0xf6, 0x5f, 0x80, 0x0, 0x3f, 0xf1, 0x6f, 0x70,
    0x7, 0xf6, 0x5f, 0x80, 0x0, 0x8, 0xfb, 0x6f,
    0x70, 0x7, 0xf6, 0x5f, 0x80, 0x0, 0x0, 0xdf,
    0xcf, 0x70, 0x7, 0xf6, 0x5f, 0x80, 0x0, 0x0,
    0x3f, 0xff, 0x70, 0x7, 0xf6, 0x5f, 0x80, 0x0,
    0x0, 0x8, 0xff, 0x70, 0x7, 0xf6, 0x5f, 0x80,
    0x0, 0x0, 0x0, 0xdf, 0x70, 0x7, 0xf6, 0x0,
    0x0, 0x0, 0x0, 0x0, 0x0, 0x0, 0x7, 0xf6,
    0x0, 0x0, 0x0, 0x0, 0x0, 0x0, 0x0, 0x9,
    0xf4, 0x0, 0x0, 0x0, 0x0, 0x0, 0x0, 0x5,
    0xaf, 0xf1, 0x0, 0x0, 0x0, 0x0, 0x0, 0x0,
    0xa, 0xfd, 0x50,

    /* U+01CC "ǌ" */
    0x0, 0x0, 0x0, 0x0, 0x0, 0x0, 0xfe, 0x0,
    0x0, 0x0, 0x0, 0x0, 0x0, 0xfe, 0x0, 0x0,
    0x0, 0x0, 0x0, 0x0, 0x0, 0x0, 0x0, 0x0,
    0x0, 0x0, 0x0, 0x0, 0x9f, 0x28, 0xef, 0xe8,
    0x0, 0x0, 0xfe, 0x9f, 0xdd, 0x66, 0xbf, 0xb0,
    0x0, 0xfe, 0x9f, 0xc0, 0x0, 0xd, 0xf2, 0x0,
    0xfe, 0x9f, 0x60, 0x0, 0x9, 0xf4, 0x0, 0xfe,
    0x9f, 0x40, 0x0, 0x9, 0xf4, 0x0, 0xfe, 0x9f,
    0x40, 0x0, 0x9, 0xf4, 0x0, 0xfe, 0x9f, 0x40,
    0x0, 0x9, 0xf4, 0x0, 0xfe, 0x9f, 0x40, 0x0,
    0x9, 0xf4, 0x0, 0xfe, 0x9f, 0x40, 0x0, 0x9,
    0xf4, 0x0, 0xfe, 0x9f, 0x40, 0x0, 0x9, 0xf4,
    0x0, 0xfe, 0x9f, 0x40, 0x0, 0x9, 0xf4, 0x0,
    0xfe, 0x0, 0x0, 0x0, 0x0, 0x0, 0x0, 0xfe,
    0x0, 0x0, 0x0, 0x0, 0x0, 0x1, 0xfd, 0x0,
    0x0, 0x0, 0x0, 0x0, 0xac, 0xf9, 0x0, 0x0,
    0x0, 0x0, 0x2, 0xef, 0xb1,

    /* U+01CD "Ǎ" */
    0x0, 0x0, 0x8f, 0x40, 0xce, 0x10, 0x0, 0x0,
    0x0, 0x0, 0xde, 0xbf, 0x50, 0x0, 0x0, 0x0,
    0x0, 0x4, 0xff, 0xb0, 0x0, 0x0, 0x0, 0x0,
    0x0, 0x0, 0x0, 0x0, 0x0, 0x0, 0x0, 0x0,
    0x6, 0xff, 0xd0, 0x0, 0x0, 0x0, 0x0, 0x0,
    0xbf, 0xff, 0x20, 0x0, 0x0, 0x0, 0x0, 0x1f,
    0xfe, 0xf8, 0x0, 0x0, 0x0, 0x0, 0x6, 0xfd,
    0x6f, 0xd0, 0x0, 0x0, 0x0, 0x0, 0xbf, 0x81,
    0xff, 0x20, 0x0, 0x0, 0x0, 0x1f, 0xf3, 0xc,
    0xf8, 0x0, 0x0, 0x0, 0x6, 0xfe, 0x0, 0x7f,
    0xd0, 0x0, 0x0, 0x0, 0xbf, 0x90, 0x2, 0xff,
    0x30, 0x0, 0x0, 0x1f, 0xf4, 0x0, 0xd, 0xf8,
    0x0, 0x0, 0x6, 0xff, 0x32, 0x22, 0xaf, 0xd0,
    0x0, 0x0, 0xbf, 0xff, 0xff, 0xff, 0xff, 0x30,
    0x0, 0x1f, 0xff, 0xff, 0xff, 0xff, 0xf8, 0x0,
    0x6, 0xff, 0x0, 0x0, 0x0, 0x9f, 0xd0, 0x0,
    0xbf, 0xa0, 0x0, 0x0, 0x3, 0xff, 0x30, 0x1f,
    0xf5, 0x0, 0x0, 0x0, 0xd, 0xf8, 0x6, 0xff,
    0x0, 0x0, 0x0, 0x0, 0x8f, 0xd0,

    /* U+01CE "ǎ" */
    0x0, 0x1, 0x0, 0x1, 0x10, 0x0, 0x0, 0xb,
    0xe1, 0x2f, 0xa0, 0x0, 0x0, 0x2, 0xfb, 0xce,
    0x10, 0x0, 0x0, 0x0, 0x6e, 0xe5, 0x0, 0x0,
    0x0, 0x0, 0x0, 0x0, 0x0, 0x0, 0x0, 0x7,
    0xdf, 0xfc, 0x50, 0x0, 0x0, 0xbf, 0xff, 0xff,
    0xf8, 0x0, 0x6, 0xff, 0x50, 0x19, 0xff, 0x10,
    0xc, 0xf8, 0x0, 0x0, 0xef, 0x60, 0x0, 0x0,
    0x0, 0x1, 0xcf, 0x70, 0x0, 0x3, 0x7b, 0xef,
    0xff, 0x80, 0x2, 0xcf, 0xff, 0xc9, 0xdf, 0x80,
    0xc, 0xfc, 0x30, 0x0, 0xcf, 0x80, 0xf, 0xf3,
    0x0, 0x1, 0xff, 0x80, 0x1f, 0xf8, 0x0, 0x2c,
    0xff, 0xa1, 0xa, 0xff, 0xee, 0xff, 0x9f, 0xf8,
    0x0, 0x7d, 0xfe, 0xa2, 0xb, 0xf7,

    /* U+01CF "Ǐ" */
    0x17, 0x70, 0x17, 0x70, 0x6, 0xf7, 0xbf, 0x40,
    0x0, 0x8f, 0xf5, 0x0, 0x0, 0x0, 0x0, 0x0,
    0x0, 0x1f, 0xe0, 0x0, 0x0, 0x1f, 0xe0, 0x0,
    0x0, 0x1f, 0xe0, 0x0, 0x0, 0x1f, 0xe0, 0x0,
    0x0, 0x1f, 0xe0, 0x0, 0x0, 0x1f, 0xe0, 0x0,
    0x0, 0x1f, 0xe0, 0x0, 0x0, 0x1f, 0xe0, 0x0,
    0x0, 0x1f, 0xe0, 0x0, 0x0, 0x1f, 0xe0, 0x0,
    0x0, 0x1f, 0xe0, 0x0, 0x0, 0x1f, 0xe0, 0x0,
    0x0, 0x1f, 0xe0, 0x0, 0x0, 0x1f, 0xe0, 0x0,
    0x0, 0x1f, 0xe0, 0x0,

    /* U+01D0 "ǐ" */
    0x1d, 0xf2, 0x5f, 0xa0, 0x2, 0xec, 0xfc, 0x0,
    0x0, 0x39, 0x91, 0x0, 0x0, 0x0, 0x0, 0x0,
    0x0, 0xf, 0xd0, 0x0, 0x0, 0xf, 0xd0, 0x0,
    0x0, 0xf, 0xd0, 0x0, 0x0, 0xf, 0xd0, 0x0,
    0x0, 0xf, 0xd0, 0x0, 0x0, 0xf, 0xd0, 0x0,
    0x0, 0xf, 0xd0, 0x0, 0x0, 0xf, 0xd0, 0x0,
    0x0, 0xf, 0xd0, 0x0, 0x0, 0xf, 0xd0, 0x0,
    0x0, 0xf, 0xd0, 0x0,

    /* U+01D1 "Ǒ" */
    0x0, 0x0, 0xc, 0xf3, 0x2f, 0xe1, 0x0, 0x0,
    0x0, 0x0, 0x1, 0xed, 0xbf, 0x30, 0x0, 0x0,
    0x0, 0x0, 0x0, 0x3f, 0xf7, 0x0, 0x0, 0x0,
    0x0, 0x0, 0x0, 0x0, 0x0, 0x0, 0x0, 0x0,
    0x0, 0x0, 0x18, 0xdf, 0xfd, 0xa3, 0x0, 0x0,
    0x0, 0x5, 0xff, 0xeb, 0xbd, 0xff, 0xa0, 0x0,
    0x0, 0x5f, 0xf6, 0x0, 0x0, 0x3d, 0xfa, 0x0,
    0x1, 0xff, 0x40, 0x0, 0x0, 0x0, 0xdf, 0x60,
    0x7, 0xfa, 0x0, 0x0, 0x0, 0x0, 0x4f, 0xd0,
    0xc, 0xf4, 0x0, 0x0, 0x0, 0x0, 0xe, 0xf2,
    0xe, 0xf2, 0x0, 0x0, 0x0, 0x0, 0xc, 0xf4,
    0xf, 0xf1, 0x0, 0x0, 0x0, 0x0, 0xb, 0xf5,
    0xf, 0xf1, 0x0, 0x0, 0x0, 0x0, 0xc, 0xf4,
    0xc, 0xf4, 0x0, 0x0, 0x0, 0x0, 0xf, 0xf2,
    0x8, 0xfa, 0x0, 0x0, 0x0, 0x0, 0x4f, 0xd0,
    0x1, 0xff, 0x40, 0x0, 0x0, 0x0, 0xdf, 0x60,
    0x0, 0x5f, 0xf6, 0x0, 0x0, 0x3d, 0xfb, 0x0,
    0x0, 0x5, 0xff, 0xeb, 0xbd, 0xff, 0xa0, 0x0,
    0x0, 0x0, 0x18, 0xdf, 0xfe, 0xa4, 0x0, 0x0,

    /* U+01D2 "ǒ" */
    0x0, 0x1e, 0xe1, 0x6f, 0xa0, 0x0, 0x0, 0x3f,
    0xbf, 0xc0, 0x0, 0x0, 0x0, 0x5c, 0xb1, 0x0,
    0x0, 0x0, 0x0, 0x0, 0x0, 0x0, 0x0, 0x7,
    0xdf, 0xfb, 0x40, 0x0, 0x1d, 0xfc, 0x89, 0xef,
    0x80, 0x9, 0xf9, 0x0, 0x1, 0xdf, 0x40, 0xff,
    0x0, 0x0, 0x5, 0xfa, 0x3f, 0xc0, 0x0, 0x0,
    0x1f, 0xd4, 0xfa, 0x0, 0x0, 0x0, 0xfe, 0x3f,
    0xc0, 0x0, 0x0, 0x1f, 0xd0, 0xff, 0x0, 0x0,
    0x5, 0xfa, 0xa, 0xf9, 0x0, 0x1, 0xdf, 0x40,
    0x1d, 0xfd, 0x99, 0xef, 0x80, 0x0, 0x7, 0xdf,
    0xfb, 0x40, 0x0,

    /* U+01D3 "Ǔ" */
    0x0, 0x4, 0xfb, 0x9, 0xf6, 0x0, 0x0, 0x0,
    0x8, 0xf9, 0xfa, 0x0, 0x0, 0x0, 0x0, 0xb,
    0xfe, 0x10, 0x0, 0x0, 0x0, 0x0, 0x0, 0x0,
    0x0, 0x0, 0x5f, 0xa0, 0x0, 0x0, 0x0, 0x8f,
    0x75, 0xfa, 0x0, 0x0, 0x0, 0x8, 0xf7, 0x5f,
    0xa0, 0x0, 0x0, 0x0, 0x8f, 0x75, 0xfa, 0x0,
    0x0, 0x0, 0x8, 0xf7, 0x5f, 0xa0, 0x0, 0x0,
    0x0, 0x8f, 0x75, 0xfa, 0x0, 0x0, 0x0, 0x8,
    0xf7, 0x5f, 0xa0, 0x0, 0x0, 0x0, 0x8f, 0x75,
    0xfa, 0x0, 0x0, 0x0, 0x8, 0xf7, 0x5f, 0xa0,
    0x0, 0x0, 0x0, 0x8f, 0x74, 0xfb, 0x0, 0x0,
    0x0, 0x9, 0xf6, 0x3f, 0xc0, 0x0, 0x0, 0x0,
    0xaf, 0x50, 0xff, 0x20, 0x0, 0x0, 0xe, 0xf2,
    0x9, 0xfd, 0x20, 0x0, 0x2b, 0xfb, 0x0, 0xc,
    0xff, 0xec, 0xdf, 0xfd, 0x10, 0x0, 0x6, 0xce,
    0xfe, 0xc7, 0x0, 0x0,

    /* U+01D4 "ǔ" */
    0x1, 0xde, 0x16, 0xfa, 0x0, 0x0, 0x2e, 0xcf,
    0xc0, 0x0, 0x0, 0x3, 0x99, 0x10, 0x0, 0x0,
    0x0, 0x0, 0x0, 0x0, 0x9f, 0x30, 0x0, 0xa,
    0xf3, 0x9f, 0x30, 0x0, 0xa, 0xf3, 0x9f, 0x30,
    0x0, 0xa, 0xf3, 0x9f, 0x30, 0x0, 0xa, 0xf3,
    0x9f, 0x30, 0x0, 0xa, 0xf3, 0x9f, 0x30, 0x0,
    0xa, 0xf3, 0x9f, 0x30, 0x0, 0xa, 0xf3, 0x8f,
    0x40, 0x0, 0xd, 0xf3, 0x6f, 0xa0, 0x0, 0x6f,
    0xf3, 0x1e, 0xfc, 0x9c, 0xfa, 0xf3, 0x2, 0xae,
    0xfb, 0x36, 0xf3,

    /* U+01D5 "Ǖ" */
    0x0, 0xb, 0xff, 0xff, 0xfa, 0x0, 0x0, 0x0,
    0x58, 0x88, 0x88, 0x50, 0x0, 0x0, 0x4, 0xfa,
    0x7, 0xf7, 0x0, 0x0, 0x0, 0x4f, 0xa0, 0x7f,
    0x70, 0x0, 0x0, 0x0, 0x10, 0x0, 0x10, 0x0,
    0x0, 0x0, 0x0, 0x0, 0x0, 0x0, 0x0, 0x5f,
    0xa0, 0x0, 0x0, 0x0, 0x8f, 0x75, 0xfa, 0x0,
    0x0, 0x0, 0x8, 0xf7, 0x5f, 0xa0, 0x0, 0x0,
    0x0, 0x8f, 0x75, 0xfa, 0x0, 0x0, 0x0, 0x8,
    0xf7, 0x5f, 0xa0, 0x0, 0x0, 0x0, 0x8f, 0x75,
    0xfa, 0x0, 0x0, 0x0, 0x8, 0xf7, 0x5f, 0xa0,
    0x0, 0x0, 0x0, 0x8f, 0x75, 0xfa, 0x0, 0x0,
    0x0, 0x8, 0xf7, 0x5f, 0xa0, 0x0, 0x0, 0x0,
    0x8f, 0x74, 0xfb, 0x0, 0x0, 0x0, 0x9, 0xf6,
    0x3f, 0xc0, 0x0, 0x0, 0x0, 0xaf, 0x50, 0xff,
    0x20, 0x0, 0x0, 0xe, 0xf2, 0x9, 0xfd, 0x20,
    0x0, 0x2b, 0xfb, 0x0, 0xc, 0xff, 0xec, 0xdf,
    0xfd, 0x10, 0x0, 0x6, 0xce, 0xfe, 0xc7, 0x0,
    0x0,

    /* U+01D6 "ǖ" */
    0x3, 0x88, 0x88, 0x88, 0x0, 0x6, 0xff, 0xff,
    0xff, 0x0, 0x0, 0x0, 0x0, 0x0, 0x0, 0x0,
    0xfe, 0x2, 0xfb, 0x0, 0x0, 0xfe, 0x2, 0xfb,
    0x0, 0x0, 0x11, 0x0, 0x10, 0x0, 0x0, 0x0,
    0x0, 0x0, 0x0, 0x9f, 0x30, 0x0, 0xa, 0xf3,
    0x9f, 0x30, 0x0, 0xa, 0xf3, 0x9f, 0x30, 0x0,
    0xa, 0xf3, 0x9f, 0x30, 0x0, 0xa, 0xf3, 0x9f,
    0x30, 0x0, 0xa, 0xf3, 0x9f, 0x30, 0x0, 0xa,
    0xf3, 0x9f, 0x30, 0x0, 0xa, 0xf3, 0x8f, 0x40,
    0x0, 0xd, 0xf3, 0x6f, 0xa0, 0x0, 0x6f, 0xf3,
    0x1e, 0xfc, 0x9c, 0xfa, 0xf3, 0x2, 0xae, 0xfb,
    0x36, 0xf3,

    /* U+01D7 "Ǘ" */
    0x0, 0x0, 0x0, 0x7f, 0xc0, 0x0, 0x0, 0x0,
    0x0, 0xe, 0xe1, 0x0, 0x0, 0x0, 0x0, 0x5,
    0xd3, 0x0, 0x0, 0x0, 0x0, 0x4f, 0xa0, 0x7f,
    0x70, 0x0, 0x0, 0x4, 0xfa, 0x7, 0xf7, 0x0,
    0x0, 0x0, 0x1, 0x0, 0x1, 0x0, 0x0, 0x0,
    0x0, 0x0, 0x0, 0x0, 0x0, 0x5, 0xfa, 0x0,
    0x0, 0x0, 0x8, 0xf7, 0x5f, 0xa0, 0x0, 0x0,
    0x0, 0x8f, 0x75, 0xfa, 0x0, 0x0, 0x0, 0x8,
    0xf7, 0x5f, 0xa0, 0x0, 0x0, 0x0, 0x8f, 0x75,
    0xfa, 0x0, 0x0, 0x0, 0x8, 0xf7, 0x5f, 0xa0,
    0x0, 0x0, 0x0, 0x8f, 0x75, 0xfa, 0x0, 0x0,
    0x0, 0x8, 0xf7, 0x5f, 0xa0, 0x0, 0x0, 0x0,
    0x8f, 0x75, 0xfa, 0x0, 0x0, 0x0, 0x8, 0xf7,
    0x4f, 0xb0, 0x0, 0x0, 0x0, 0x9f, 0x63, 0xfc,
    0x0, 0x0, 0x0, 0xa, 0xf5, 0xf, 0xf2, 0x0,
    0x0, 0x0, 0xef, 0x20, 0x9f, 0xd2, 0x0, 0x2,
    0xbf, 0xb0, 0x0, 0xcf, 0xfe, 0xcd, 0xff, 0xd1,
    0x0, 0x0, 0x6c, 0xef, 0xec, 0x70, 0x0,

    /* U+01D8 "ǘ" */
    0x0, 0x0, 0x1d, 0xd2, 0x0, 0x0, 0x0, 0x9f,
    0x60, 0x0, 0x0, 0x1, 0xf9, 0x0, 0x0, 0x0,
    0x0, 0x0, 0x0, 0x0, 0x0, 0xfe, 0x2, 0xfb,
    0x0, 0x0, 0xfe, 0x2, 0xfb, 0x0, 0x0, 0x11,
    0x0, 0x10, 0x0, 0x0, 0x0, 0x0, 0x0, 0x0,
    0x9f, 0x30, 0x0, 0xa, 0xf3, 0x9f, 0x30, 0x0,
    0xa, 0xf3, 0x9f, 0x30, 0x0, 0xa, 0xf3, 0x9f,
    0x30, 0x0, 0xa, 0xf3, 0x9f, 0x30, 0x0, 0xa,
    0xf3, 0x9f, 0x30, 0x0, 0xa, 0xf3, 0x9f, 0x30,
    0x0, 0xa, 0xf3, 0x8f, 0x40, 0x0, 0xd, 0xf3,
    0x6f, 0xa0, 0x0, 0x6f, 0xf3, 0x1e, 0xfc, 0x9c,
    0xfa, 0xf3, 0x2, 0xae, 0xfb, 0x36, 0xf3,

    /* U+01D9 "Ǚ" */
    0x0, 0x3, 0x84, 0x3, 0x85, 0x0, 0x0, 0x0,
    0xd, 0xf2, 0xdf, 0x20, 0x0, 0x0, 0x0, 0x2f,
    0xff, 0x50, 0x0, 0x0, 0x0, 0x0, 0x48, 0x60,
    0x0, 0x0, 0x0, 0x4, 0xfa, 0x7, 0xf7, 0x0,
    0x0, 0x0, 0x4f, 0xa0, 0x7f, 0x70, 0x0, 0x0,
    0x0, 0x10, 0x0, 0x10, 0x0, 0x0, 0x0, 0x0,
    0x0, 0x0, 0x0, 0x0, 0x5f, 0xa0, 0x0, 0x0,
    0x0, 0x8f, 0x75, 0xfa, 0x0, 0x0, 0x0, 0x8,
    0xf7, 0x5f, 0xa0, 0x0, 0x0, 0x0, 0x8f, 0x75,
    0xfa, 0x0, 0x0, 0x0, 0x8, 0xf7, 0x5f, 0xa0,
    0x0, 0x0, 0x0, 0x8f, 0x75, 0xfa, 0x0, 0x0,
    0x0, 0x8, 0xf7, 0x5f, 0xa0, 0x0, 0x0, 0x0,
    0x8f, 0x75, 0xfa, 0x0, 0x0, 0x0, 0x8, 0xf7,
    0x5f, 0xa0, 0x0, 0x0, 0x0, 0x8f, 0x74, 0xfb,
    0x0, 0x0, 0x0, 0x9, 0xf6, 0x3f, 0xc0, 0x0,
    0x0, 0x0, 0xaf, 0x50, 0xff, 0x20, 0x0, 0x0,
    0xe, 0xf2, 0x9, 0xfd, 0x20, 0x0, 0x2b, 0xfb,
    0x0, 0xc, 0xff, 0xec, 0xdf, 0xfd, 0x10, 0x0,
    0x6, 0xce, 0xfe, 0xc7, 0x0, 0x0,

    /* U+01DA "ǚ" */
    0x2, 0xfd, 0x6, 0xfa, 0x0, 0x0, 0x5f, 0xaf,
    0xd0, 0x0, 0x0, 0x9, 0xff, 0x20, 0x0, 0x0,
    0x0, 0x0, 0x0, 0x0, 0x0, 0xfe, 0x3, 0xfa,
    0x0, 0x0, 0xfe, 0x3, 0xfa, 0x0, 0x0, 0x11,
    0x0, 0x10, 0x0, 0x0, 0x0, 0x0, 0x0, 0x0,
    0x9f, 0x30, 0x0, 0xa, 0xf3, 0x9f, 0x30, 0x0,
    0xa, 0xf3, 0x9f, 0x30, 0x0, 0xa, 0xf3, 0x9f,
    0x30, 0x0, 0xa, 0xf3, 0x9f, 0x30, 0x0, 0xa,
    0xf3, 0x9f, 0x30, 0x0, 0xa, 0xf3, 0x9f, 0x30,
    0x0, 0xa, 0xf3, 0x8f, 0x40, 0x0, 0xd, 0xf3,
    0x6f, 0xa0, 0x0, 0x6f, 0xf3, 0x1e, 0xfc, 0x9c,
    0xfa, 0xf3, 0x2, 0xae, 0xfb, 0x36, 0xf3,

    /* U+01DB "Ǜ" */
    0x0, 0x0, 0x9f, 0xa0, 0x0, 0x0, 0x0, 0x0,
    0x0, 0xcf, 0x20, 0x0, 0x0, 0x0, 0x0, 0x1,
    0xc7, 0x0, 0x0, 0x0, 0x0, 0x4f, 0xa0, 0x7f,
    0x70, 0x0, 0x0, 0x4, 0xfa, 0x7, 0xf7, 0x0,
    0x0, 0x0, 0x1, 0x0, 0x1, 0x0, 0x0, 0x0,
    0x0, 0x0, 0x0, 0x0, 0x0, 0x5, 0xfa, 0x0,
    0x0, 0x0, 0x8, 0xf7, 0x5f, 0xa0, 0x0, 0x0,
    0x0, 0x8f, 0x75, 0xfa, 0x0, 0x0, 0x0, 0x8,
    0xf7, 0x5f, 0xa0, 0x0, 0x0, 0x0, 0x8f, 0x75,
    0xfa, 0x0, 0x0, 0x0, 0x8, 0xf7, 0x5f, 0xa0,
    0x0, 0x0, 0x0, 0x8f, 0x75, 0xfa, 0x0, 0x0,
    0x0, 0x8, 0xf7, 0x5f, 0xa0, 0x0, 0x0, 0x0,
    0x8f, 0x75, 0xfa, 0x0, 0x0, 0x0, 0x8, 0xf7,
    0x4f, 0xb0, 0x0, 0x0, 0x0, 0x9f, 0x63, 0xfc,
    0x0, 0x0, 0x0, 0xa, 0xf5, 0xf, 0xf2, 0x0,
    0x0, 0x0, 0xef, 0x20, 0x9f, 0xd2, 0x0, 0x2,
    0xbf, 0xb0, 0x0, 0xcf, 0xfe, 0xcd, 0xff, 0xd1,
    0x0, 0x0, 0x6c, 0xef, 0xec, 0x70, 0x0,

    /* U+01DC "ǜ" */
    0x0, 0x6d, 0xb0, 0x0, 0x0, 0x0, 0xb, 0xf4,
    0x0, 0x0, 0x0, 0x0, 0xdc, 0x0, 0x0, 0x0,
    0x0, 0x0, 0x0, 0x0, 0x0, 0xfe, 0x3, 0xfa,
    0x0, 0x0, 0xfe, 0x3, 0xfa, 0x0, 0x0, 0x11,
    0x0, 0x10, 0x0, 0x0, 0x0, 0x0, 0x0, 0x0,
    0x9f, 0x30, 0x0, 0xa, 0xf3, 0x9f, 0x30, 0x0,
    0xa, 0xf3, 0x9f, 0x30, 0x0, 0xa, 0xf3, 0x9f,
    0x30, 0x0, 0xa, 0xf3, 0x9f, 0x30, 0x0, 0xa,
    0xf3, 0x9f, 0x30, 0x0, 0xa, 0xf3, 0x9f, 0x30,
    0x0, 0xa, 0xf3, 0x8f, 0x40, 0x0, 0xd, 0xf3,
    0x6f, 0xa0, 0x0, 0x6f, 0xf3, 0x1e, 0xfc, 0x9c,
    0xfa, 0xf3, 0x2, 0xae, 0xfb, 0x36, 0xf3,

    /* U+01DD "ǝ" */
    0x0, 0x18, 0xdf, 0xeb, 0x40, 0x0, 0x2e, 0xfb,
    0x8a, 0xff, 0x70, 0xb, 0xf7, 0x0, 0x2, 0xef,
    0x30, 0x78, 0x0, 0x0, 0x6, 0xf9, 0x0, 0x0,
    0x0, 0x0, 0x2f, 0xc2, 0xff, 0xff, 0xff, 0xff,
    0xfd, 0x1f, 0xe8, 0x88, 0x88, 0x9f, 0xc0, 0xef,
    0x0, 0x0, 0x6, 0xf8, 0x7, 0xf8, 0x0, 0x2,
    0xef, 0x20, 0xc, 0xfc, 0x8a, 0xff, 0x60, 0x0,
    0x7, 0xdf, 0xeb, 0x40, 0x0,

    /* U+01DE "Ǟ" */
    0x0, 0x0, 0x4f, 0xff, 0xff, 0xf1, 0x0, 0x0,
    0x0, 0x0, 0x28, 0x88, 0x88, 0x80, 0x0, 0x0,
    0x0, 0x0, 0x1, 0x10, 0x1, 0x10, 0x0, 0x0,
    0x0, 0x0, 0xd, 0xf1, 0xf, 0xd0, 0x0, 0x0,
    0x0, 0x0, 0xd, 0xf1, 0xf, 0xd0, 0x0, 0x0,
    0x0, 0x0, 0x0, 0x0, 0x0, 0x0, 0x0, 0x0,
    0x0, 0x0, 0x0, 0x7f, 0xf1, 0x0, 0x0, 0x0,
    0x0, 0x0, 0x0, 0xde, 0xf8, 0x0, 0x0, 0x0,
    0x0, 0x0, 0x3, 0xf8, 0xee, 0x0, 0x0, 0x0,
    0x0, 0x0, 0x9, 0xf3, 0xaf, 0x50, 0x0, 0x0,
    0x0, 0x0, 0xf, 0xe0, 0x4f, 0xb0, 0x0, 0x0,
    0x0, 0x0, 0x5f, 0x90, 0xe, 0xf2, 0x0, 0x0,
    0x0, 0x0, 0xcf, 0x30, 0x8, 0xf8, 0x0, 0x0,
    0x0, 0x2, 0xfd, 0x0, 0x2, 0xfe, 0x0, 0x0,
    0x0, 0x8, 0xf7, 0x0, 0x0, 0xcf, 0x50, 0x0,
    0x0, 0xe, 0xff, 0xff, 0xff, 0xff, 0xc0, 0x0,
    0x0, 0x4f, 0xd9, 0x99, 0x99, 0x9f, 0xf3, 0x0,
    0x0, 0xaf, 0x60, 0x0, 0x0, 0x9, 0xf9, 0x0,
    0x1, 0xff, 0x0, 0x0, 0x0, 0x3, 0xff, 0x0,
    0x7, 0xfa, 0x0, 0x0, 0x0, 0x0, 0xdf, 0x60,
    0xd, 0xf4, 0x0, 0x0, 0x0, 0x0, 0x6f, 0xd0,

    /* U+01DF "ǟ" */
    0x0, 0x38, 0x88, 0x88, 0x80, 0x0, 0x6, 0xff,
    0xff, 0xff, 0x0, 0x0, 0x0, 0x0, 0x0, 0x0,
    0x0, 0x0, 0xfe, 0x3, 0xfa, 0x0, 0x0, 0xf,
    0xe0, 0x3f, 0xa0, 0x0, 0x0, 0x11, 0x0, 0x10,
    0x0, 0x0, 0x0, 0x0, 0x0, 0x0, 0x0, 0x1,
    0x8d, 0xff, 0xe9, 0x10, 0x2, 0xef, 0xa8, 0x8d,
    0xfc, 0x0, 0x9f, 0x50, 0x0, 0xd, 0xf2, 0x4,
    0x60, 0x0, 0x0, 0xaf, 0x30, 0x0, 0x3, 0x58,
    0xbf, 0xf3, 0x1, 0xaf, 0xff, 0xfb, 0xdf, 0x40,
    0xbf, 0xa4, 0x10, 0xa, 0xf4, 0x1f, 0xd0, 0x0,
    0x0, 0xdf, 0x41, 0xfe, 0x0, 0x0, 0x6f, 0xf4,
    0xb, 0xfd, 0x78, 0xcf, 0xcf, 0x50, 0x8, 0xdf,
    0xe9, 0x24, 0xf9,

    /* U+01E0 "Ǡ" */
    0x0, 0x0, 0x6f, 0xff, 0xff, 0xf0, 0x0, 0x0,
    0x0, 0x0, 0x38, 0x88, 0x88, 0x80, 0x0, 0x0,
    0x0, 0x0, 0x0, 0x1, 0x0, 0x0, 0x0, 0x0,
    0x0, 0x0, 0x0, 0x1f, 0xc0, 0x0, 0x0, 0x0,
    0x0, 0x0, 0x0, 0x1f, 0xc0, 0x0, 0x0, 0x0,
    0x0, 0x0, 0x0, 0x0, 0x0, 0x0, 0x0, 0x0,
    0x0, 0x0, 0x0, 0x7f, 0xf1, 0x0, 0x0, 0x0,
    0x0, 0x0, 0x0, 0xde, 0xf8, 0x0, 0x0, 0x0,
    0x0, 0x0, 0x3, 0xf8, 0xee, 0x0, 0x0, 0x0,
    0x0, 0x0, 0x9, 0xf3, 0xaf, 0x50, 0x0, 0x0,
    0x0, 0x0, 0xf, 0xe0, 0x4f, 0xb0, 0x0, 0x0,
    0x0, 0x0, 0x5f, 0x90, 0xe, 0xf2, 0x0, 0x0,
    0x0, 0x0, 0xcf, 0x30, 0x8, 0xf8, 0x0, 0x0,
    0x0, 0x2, 0xfd, 0x0, 0x2, 0xfe, 0x0, 0x0,
    0x0, 0x8, 0xf7, 0x0, 0x0, 0xcf, 0x50, 0x0,
    0x0, 0xe, 0xff, 0xff, 0xff, 0xff, 0xc0, 0x0,
    0x0, 0x4f, 0xd9, 0x99, 0x99, 0x9f, 0xf3, 0x0,
    0x0, 0xaf, 0x60, 0x0, 0x0, 0x9, 0xf9, 0x0,
    0x1, 0xff, 0x0, 0x0, 0x0, 0x3, 0xff, 0x0,
    0x7, 0xfa, 0x0, 0x0, 0x0, 0x0, 0xdf, 0x60,
    0xd, 0xf4, 0x0, 0x0, 0x0, 0x0, 0x6f, 0xd0,

    /* U+01E1 "ǡ" */
    0x0, 0x28, 0x88, 0x88, 0x80, 0x0, 0x5, 0xff,
    0xff, 0xff, 0x10, 0x0, 0x0, 0x0, 0x0, 0x0,
    0x0, 0x0, 0x0, 0xff, 0x0, 0x0, 0x0, 0x0,
    0xf, 0xf0, 0x0, 0x0, 0x0, 0x0, 0x11, 0x0,
    0x0, 0x0, 0x0, 0x0, 0x0, 0x0, 0x0, 0x1,
    0x8d, 0xff, 0xe9, 0x10, 0x2, 0xef, 0xa8, 0x8d,
    0xfc, 0x0, 0x9f, 0x50, 0x0, 0xd, 0xf2, 0x4,
    0x60, 0x0, 0x0, 0xaf, 0x30, 0x0, 0x3, 0x58,
    0xbf, 0xf3, 0x1, 0xaf, 0xff, 0xfb, 0xdf, 0x40,
    0xbf, 0xa4, 0x10, 0xa, 0xf4, 0x1f, 0xd0, 0x0,
    0x0, 0xdf, 0x41, 0xfe, 0x0, 0x0, 0x6f, 0xf4,
    0xb, 0xfd, 0x78, 0xcf, 0xcf, 0x50, 0x8, 0xdf,
    0xe9, 0x24, 0xf9,

    /* U+01E2 "Ǣ" */
    0x0, 0x0, 0x0, 0x2, 0xff, 0xff, 0xff, 0x40,
    0x0, 0x0, 0x0, 0x0, 0x0, 0x1, 0x88, 0x88,
    0x88, 0x20, 0x0, 0x0, 0x0, 0x0, 0x0, 0x0,
    0x0, 0x0, 0x0, 0x0, 0x0, 0x0, 0x0, 0x0,
    0x0, 0xe, 0xff, 0xff, 0xff, 0xff, 0xff, 0xf9,
    0x0, 0x0, 0x0, 0x7f, 0xdc, 0xff, 0xcc, 0xcc,
    0xcc, 0xc7, 0x0, 0x0, 0x0, 0xef, 0x20, 0xff,
    0x0, 0x0, 0x0, 0x0, 0x0, 0x0, 0x7, 0xfa,
    0x0, 0xff, 0x0, 0x0, 0x0, 0x0, 0x0, 0x0,
    0xe, 0xf3, 0x0, 0xff, 0x0, 0x0, 0x0, 0x0,
    0x0, 0x0, 0x6f, 0xb0, 0x0, 0xff, 0x0, 0x0,
    0x0, 0x0, 0x0, 0x0, 0xdf, 0x40, 0x0, 0xff,
    0xbb, 0xbb, 0xbb, 0xb0, 0x0, 0x6, 0xfc, 0x0,
    0x0, 0xff, 0xff, 0xff, 0xff, 0xf0, 0x0, 0xd,
    0xf4, 0x0, 0x0, 0xff, 0x0, 0x0, 0x0, 0x0,
    0x0, 0x5f, 0xff, 0xff, 0xff, 0xff, 0x0, 0x0,
    0x0, 0x0, 0x0, 0xdf, 0xcc, 0xcc, 0xcc, 0xff,
    0x0, 0x0, 0x0, 0x0, 0x4, 0xfd, 0x0, 0x0,
    0x0, 0xff, 0x0, 0x0, 0x0, 0x0, 0xc, 0xf5,
    0x0, 0x0, 0x0, 0xff, 0x0, 0x0, 0x0, 0x0,
    0x4f, 0xd0, 0x0, 0x0, 0x0, 0xff, 0xcc, 0xcc,
    0xcc, 0xca, 0xcf, 0x60, 0x0, 0x0, 0x0, 0xff,
    0xff, 0xff, 0xff, 0xfd,

    /* U+01E3 "ǣ" */
    0x0, 0x0, 0x0, 0xcf, 0xff, 0xff, 0xa0, 0x0,
    0x0, 0x0, 0x0, 0x0, 0x68, 0x88, 0x88, 0x50,
    0x0, 0x0, 0x0, 0x0, 0x0, 0x0, 0x0, 0x0,
    0x0, 0x0, 0x0, 0x0, 0x0, 0x0, 0x0, 0x0,
    0x0, 0x0, 0x0, 0x0, 0x0, 0x29, 0xdf, 0xfc,
    0x70, 0x5c, 0xff, 0xc5, 0x0, 0x2, 0xef, 0xa8,
    0x8e, 0xfc, 0xfd, 0x99, 0xdf, 0x70, 0xa, 0xf4,
    0x0, 0x1, 0xff, 0xb0, 0x0, 0xc, 0xf2, 0x5,
    0x60, 0x0, 0x0, 0xef, 0x30, 0x0, 0x4, 0xf8,
    0x0, 0x0, 0x35, 0x8b, 0xff, 0x88, 0x88, 0x88,
    0xfb, 0x1, 0xaf, 0xff, 0xfb, 0xef, 0xff, 0xff,
    0xff, 0xfc, 0xc, 0xfa, 0x41, 0x0, 0xdf, 0x0,
    0x0, 0x0, 0x0, 0x3f, 0xc0, 0x0, 0x0, 0xff,
    0x20, 0x0, 0x2, 0x95, 0x2f, 0xd0, 0x0, 0xa,
    0xff, 0xb0, 0x0, 0xb, 0xf5, 0xc, 0xfd, 0x89,
    0xef, 0x69, 0xfe, 0x99, 0xdf, 0xa0, 0x1, 0x9d,
    0xfe, 0x92, 0x0, 0x5c, 0xff, 0xc6, 0x0,

    /* U+01E4 "Ǥ" */
    0x0, 0x0, 0x29, 0xdf, 0xfc, 0x70, 0x0, 0x0,
    0x0, 0x6, 0xff, 0xff, 0xff, 0xfd, 0x10, 0x0,
    0x0, 0x5f, 0xfd, 0x63, 0x48, 0xff, 0xc0, 0x0,
    0x1, 0xef, 0xb0, 0x0, 0x0, 0x4f, 0xf5, 0x0,
    0x7, 0xff, 0x10, 0x0, 0x0, 0xb, 0xfb, 0x0,
    0xc, 0xfa, 0x0, 0x0, 0x0, 0x2, 0x54, 0x0,
    0xf, 0xf6, 0x0, 0x0, 0x0, 0x0, 0x0, 0x0,
    0xf, 0xf5, 0x0, 0x0, 0x0, 0x0, 0x0, 0x0,
    0xf, 0xf5, 0x0, 0x3, 0xff, 0xff, 0xfe, 0x0,
    0xf, 0xf6, 0x0, 0x2, 0xdd, 0xdd, 0xfe, 0x0,
    0xc, 0xf9, 0x0, 0x1, 0x88, 0x8d, 0xff, 0x80,
    0x7, 0xff, 0x10, 0x3, 0xff, 0xff, 0xff, 0xf1,
    0x1, 0xff, 0xa0, 0x0, 0x0, 0x3f, 0xf4, 0x0,
    0x0, 0x6f, 0xfc, 0x53, 0x48, 0xff, 0xb0, 0x0,
    0x0, 0x7, 0xff, 0xff, 0xff, 0xfc, 0x10, 0x0,
    0x0, 0x0, 0x3a, 0xef, 0xec, 0x60, 0x0, 0x0,

    /* U+01E5 "ǥ" */
    0x0, 0x7, 0xdf, 0xe8, 0xf, 0xf2, 0x0, 0xb,
    0xff, 0xff, 0xfa, 0xff, 0x20, 0x6, 0xff, 0x81,
    0x6, 0xff, 0xf2, 0x0, 0xdf, 0xa0, 0x0, 0x7,
    0xff, 0x20, 0xf, 0xf5, 0x8, 0xaa, 0xdf, 0xfd,
    0x61, 0xff, 0x30, 0xcf, 0xff, 0xff, 0xf9, 0xf,
    0xf5, 0x0, 0x0, 0x3f, 0xf2, 0x0, 0xcf, 0xa0,
    0x0, 0x9, 0xff, 0x20, 0x6, 0xff, 0x81, 0x17,
    0xff, 0xf2, 0x0, 0xa, 0xff, 0xff, 0xfa, 0xff,
    0x20, 0x0, 0x6, 0xcf, 0xd7, 0x1f, 0xf2, 0x0,
    0x45, 0x30, 0x0, 0x3, 0xff, 0x0, 0x7, 0xfe,
    0x40, 0x3, 0xdf, 0xc0, 0x0, 0xc, 0xff, 0xff,
    0xff, 0xe2, 0x0, 0x0, 0x7, 0xcf, 0xfd, 0x91,
    0x0, 0x0,

    /* U+01E6 "Ǧ" */
    0x0, 0x0, 0x18, 0x40, 0x7, 0x50, 0x0, 0x0,
    0x0, 0xb, 0xe1, 0x8f, 0x30, 0x0, 0x0, 0x0,
    0x1, 0xfc, 0xf8, 0x0, 0x0, 0x0, 0x0, 0x0,
    0x48, 0x70, 0x0, 0x0, 0x0, 0x0, 0x0, 0x0,
    0x0, 0x0, 0x0, 0x0, 0x0, 0x3a, 0xef, 0xec,
    0x60, 0x0, 0x0, 0x6, 0xff, 0xff, 0xff, 0xfc,
    0x10, 0x0, 0x6f, 0xfd, 0x63, 0x48, 0xff, 0xc0,
    0x1, 0xef, 0xb0, 0x0, 0x0, 0x4f, 0xf4, 0x7,
    0xff, 0x10, 0x0, 0x0, 0xb, 0xfa, 0xc, 0xfa,
    0x0, 0x0, 0x0, 0x2, 0x54, 0xf, 0xf6, 0x0,
    0x0, 0x0, 0x0, 0x0, 0xf, 0xf5, 0x0, 0x0,
    0x0, 0x0, 0x0, 0xf, 0xf5, 0x0, 0x3, 0xff,
    0xff, 0xff, 0xf, 0xf6, 0x0, 0x3, 0xff, 0xff,
    0xff, 0xc, 0xf9, 0x0, 0x0, 0x0, 0x4, 0xff,
    0x7, 0xff, 0x10, 0x0, 0x0, 0x9, 0xff, 0x1,
    0xff, 0xa0, 0x0, 0x0, 0x3f, 0xff, 0x0, 0x7f,
    0xfc, 0x63, 0x48, 0xff, 0xdf, 0x0, 0x7, 0xff,
    0xff, 0xff, 0xf6, 0xaf, 0x0, 0x0, 0x3a, 0xef,
    0xea, 0x30, 0xaf,

    /* U+01E7 "ǧ" */
    0x0, 0xa, 0xf1, 0xc, 0xe0, 0x0, 0x0, 0x2,
    0xfb, 0x7f, 0x60, 0x0, 0x0, 0x0, 0x9f, 0xfd,
    0x0, 0x0, 0x0, 0x0, 0x18, 0x83, 0x0, 0x0,
    0x0, 0x0, 0x0, 0x0, 0x0, 0x0, 0x0, 0x7,
    0xdf, 0xd7, 0xf, 0xf2, 0x0, 0xbf, 0xff, 0xff,
    0xaf, 0xf2, 0x6, 0xff, 0x81, 0x6, 0xff, 0xf2,
    0xd, 0xfa, 0x0, 0x0, 0x7f, 0xf2, 0xf, 0xf5,
    0x0, 0x0, 0x2f, 0xf2, 0x1f, 0xf3, 0x0, 0x0,
    0x1f, 0xf2, 0xf, 0xf5, 0x0, 0x0, 0x3f, 0xf2,
    0xc, 0xfa, 0x0, 0x0, 0x9f, 0xf2, 0x6, 0xff,
    0x81, 0x17, 0xff, 0xf2, 0x0, 0xaf, 0xff, 0xff,
    0xaf, 0xf2, 0x0, 0x6, 0xcf, 0xd7, 0x1f, 0xf2,
    0x4, 0x53, 0x0, 0x0, 0x3f, 0xf0, 0x7, 0xfe,
    0x40, 0x3, 0xdf, 0xc0, 0x0, 0xcf, 0xff, 0xff,
    0xfe, 0x20, 0x0, 0x7, 0xcf, 0xfd, 0x91, 0x0,

    /* U+01E8 "Ǩ" */
    0x0, 0xc, 0xe1, 0x1e, 0xc0, 0x0, 0x0, 0x0,
    0x2f, 0xdc, 0xf2, 0x0, 0x0, 0x0, 0x0, 0x7f,
    0xf7, 0x0, 0x0, 0x0, 0x0, 0x0, 0x0, 0x0,
    0x0, 0x0, 0x3f, 0xf1, 0x0, 0x0, 0x2e, 0xfb,
    0x3, 0xff, 0x10, 0x0, 0xd, 0xfd, 0x0, 0x3f,
    0xf1, 0x0, 0xb, 0xfe, 0x20, 0x3, 0xff, 0x10,
    0x8, 0xff, 0x40, 0x0, 0x3f, 0xf1, 0x5, 0xff,
    0x60, 0x0, 0x3, 0xff, 0x13, 0xff, 0x90, 0x0,
    0x0, 0x3f, 0xf2, 0xef, 0xc0, 0x0, 0x0, 0x3,
    0xff, 0xdf, 0xfb, 0x0, 0x0, 0x0, 0x3f, 0xff,
    0xff, 0xf6, 0x0, 0x0, 0x3, 0xff, 0xf3, 0x9f,
    0xf2, 0x0, 0x0, 0x3f, 0xf6, 0x0, 0xdf, 0xc0,
    0x0, 0x3, 0xff, 0x10, 0x3, 0xff, 0x70, 0x0,
    0x3f, 0xf1, 0x0, 0x8, 0xff, 0x20, 0x3, 0xff,
    0x10, 0x0, 0xd, 0xfc, 0x0, 0x3f, 0xf1, 0x0,
    0x0, 0x3f, 0xf7, 0x3, 0xff, 0x10, 0x0, 0x0,
    0x8f, 0xf2,

    /* U+01E9 "ǩ" */
    0x18, 0x30, 0x7, 0x40, 0x0, 0x0, 0x0, 0xce,
    0x8, 0xf2, 0x0, 0x0, 0x0, 0x2, 0xfc, 0xf7,
    0x0, 0x0, 0x0, 0x0, 0x5, 0x87, 0x0, 0x0,
    0x0, 0x0, 0x0, 0x6f, 0xc0, 0x0, 0x0, 0x0,
    0x0, 0x6, 0xfc, 0x0, 0x0, 0x0, 0x0, 0x0,
    0x6f, 0xc0, 0x0, 0x0, 0x0, 0x0, 0x6, 0xfc,
    0x0, 0x0, 0x0, 0x0, 0x0, 0x6f, 0xc0, 0x0,
    0x9, 0xff, 0x30, 0x6, 0xfc, 0x0, 0x7, 0xff,
    0x50, 0x0, 0x6f, 0xc0, 0x4, 0xff, 0x70, 0x0,
    0x6, 0xfc, 0x3, 0xff, 0x90, 0x0, 0x0, 0x6f,
    0xc1, 0xef, 0xb0, 0x0, 0x0, 0x6, 0xfd, 0xcf,
    0xf9, 0x0, 0x0, 0x0, 0x6f, 0xff, 0xdf, 0xf3,
    0x0, 0x0, 0x6, 0xff, 0xd1, 0x9f, 0xd0, 0x0,
    0x0, 0x6f, 0xe2, 0x1, 0xef, 0x80, 0x0, 0x6,
    0xfc, 0x0, 0x5, 0xff, 0x20, 0x0, 0x6f, 0xc0,
    0x0, 0xb, 0xfc, 0x0, 0x6, 0xfc, 0x0, 0x0,
    0x2f, 0xf7,

    /* U+01EA "Ǫ" */
    0x0, 0x0, 0x18, 0xdf, 0xfd, 0xa3, 0x0, 0x0,
    0x0, 0x5, 0xff, 0xeb, 0xbd, 0xff, 0x90, 0x0,
    0x0, 0x5f, 0xf6, 0x0, 0x0, 0x3d, 0xfa, 0x0,
    0x1, 0xff, 0x40, 0x0, 0x0, 0x1, 0xef, 0x50,
    0x7, 0xfa, 0x0, 0x0, 0x0, 0x0, 0x5f, 0xd0,
    0xc, 0xf5, 0x0, 0x0, 0x0, 0x0, 0xf, 0xf1,
    0xe, 0xf2, 0x0, 0x0, 0x0, 0x0, 0xc, 0xf4,
    0xf, 0xf1, 0x0, 0x0, 0x0, 0x0, 0xb, 0xf5,
    0xf, 0xf1, 0x0, 0x0, 0x0, 0x0, 0xc, 0xf4,
    0xc, 0xf4, 0x0, 0x0, 0x0, 0x0, 0xe, 0xf2,
    0x7, 0xf9, 0x0, 0x0, 0x0, 0x0, 0x4f, 0xe0,
    0x1, 0xff, 0x30, 0x0, 0x0, 0x0, 0xdf, 0x70,
    0x0, 0x5f, 0xe4, 0x0, 0x0, 0x2c, 0xfc, 0x0,
    0x0, 0x6, 0xff, 0xd9, 0x9b, 0xff, 0xc1, 0x0,
    0x0, 0x0, 0x18, 0xdf, 0xfe, 0xb6, 0x0, 0x0,
    0x0, 0x0, 0x0, 0xb, 0x80, 0x0, 0x0, 0x0,
    0x0, 0x0, 0x0, 0xd, 0x70, 0x0, 0x0, 0x0,
    0x0, 0x0, 0x0, 0xc, 0xe7, 0x66, 0x0, 0x0,
    0x0, 0x0, 0x0, 0x3, 0xdf, 0xc5, 0x0, 0x0,

    /* U+01EB "ǫ" */
    0x0, 0x18, 0xdf, 0xfb, 0x40, 0x0, 0x1d, 0xfc,
    0x89, 0xef, 0x80, 0x9, 0xf8, 0x0, 0x1, 0xdf,
    0x30, 0xfe, 0x0, 0x0, 0x6, 0xfa, 0x3f, 0xb0,
    0x0, 0x0, 0x1f, 0xd4, 0xfa, 0x0, 0x0, 0x0,
    0xfe, 0x3f, 0xb0, 0x0, 0x0, 0x1f, 0xd0, 0xfe,
    0x0, 0x0, 0x5, 0xf9, 0xa, 0xf8, 0x0, 0x1,
    0xdf, 0x30, 0x1d, 0xfc, 0x88, 0xef, 0x80, 0x0,
    0x18, 0xdf, 0xeb, 0x40, 0x0, 0x0, 0x0, 0xf4,
    0x0, 0x0, 0x0, 0x0, 0x1f, 0x30, 0x0, 0x0,
    0x0, 0x0, 0xfd, 0x68, 0x40, 0x0, 0x0, 0x5,
    0xef, 0xb2, 0x0,

    /* U+01EC "Ǭ" */
    0x0, 0x0, 0x8, 0x88, 0x88, 0x82, 0x0, 0x0,
    0x0, 0x0, 0x1f, 0xff, 0xff, 0xf4, 0x0, 0x0,
    0x0, 0x0, 0x0, 0x0, 0x0, 0x0, 0x0, 0x0,
    0x0, 0x0, 0x0, 0x0, 0x0, 0x0, 0x0, 0x0,
    0x0, 0x0, 0x18, 0xdf, 0xfd, 0xa3, 0x0, 0x0,
    0x0, 0x5, 0xff, 0xeb, 0xbd, 0xff, 0x90, 0x0,
    0x0, 0x5f, 0xf6, 0x0, 0x0, 0x3d, 0xfa, 0x0,
    0x1, 0xff, 0x40, 0x0, 0x0, 0x1, 0xef, 0x50,
    0x7, 0xfa, 0x0, 0x0, 0x0, 0x0, 0x5f, 0xd0,
    0xc, 0xf5, 0x0, 0x0, 0x0, 0x0, 0xf, 0xf1,
    0xe, 0xf2, 0x0, 0x0, 0x0, 0x0, 0xc, 0xf4,
    0xf, 0xf1, 0x0, 0x0, 0x0, 0x0, 0xb, 0xf5,
    0xf, 0xf1, 0x0, 0x0, 0x0, 0x0, 0xc, 0xf4,
    0xc, 0xf4, 0x0, 0x0, 0x0, 0x0, 0xe, 0xf2,
    0x7, 0xf9, 0x0, 0x0, 0x0, 0x0, 0x4f, 0xe0,
    0x1, 0xff, 0x30, 0x0, 0x0, 0x0, 0xdf, 0x70,
    0x0, 0x5f, 0xe4, 0x0, 0x0, 0x2c, 0xfc, 0x0,
    0x0, 0x6, 0xff, 0xd9, 0x9b, 0xff, 0xc1, 0x0,
    0x0, 0x0, 0x18, 0xdf, 0xfe, 0xb6, 0x0, 0x0,
    0x0, 0x0, 0x0, 0xb, 0x80, 0x0, 0x0, 0x0,
    0x0, 0x0, 0x0, 0xd, 0x70, 0x0, 0x0, 0x0,
    0x0, 0x0, 0x0, 0xc, 0xe7, 0x66, 0x0, 0x0,
    0x0, 0x0, 0x0, 0x3, 0xdf, 0xc5, 0x0, 0x0,

    /* U+01ED "ǭ" */
    0x0, 0x9f, 0xff, 0xff, 0xc0, 0x0, 0x5, 0x88,
    0x88, 0x86, 0x0, 0x0, 0x0, 0x0, 0x0, 0x0,
    0x0, 0x0, 0x0, 0x0, 0x0, 0x0, 0x0, 0x18,
    0xdf, 0xfb, 0x40, 0x0, 0x1d, 0xfc, 0x89, 0xef,
    0x80, 0x9, 0xf8, 0x0, 0x1, 0xdf, 0x30, 0xfe,
    0x0, 0x0, 0x6, 0xfa, 0x3f, 0xb0, 0x0, 0x0,
    0x1f, 0xd4, 0xfa, 0x0, 0x0, 0x0, 0xfe, 0x3f,
    0xb0, 0x0, 0x0, 0x1f, 0xd0, 0xfe, 0x0, 0x0,
    0x5, 0xf9, 0xa, 0xf8, 0x0, 0x1, 0xdf, 0x30,
    0x1d, 0xfc, 0x88, 0xef, 0x80, 0x0, 0x18, 0xdf,
    0xeb, 0x40, 0x0, 0x0, 0x0, 0xf4, 0x0, 0x0,
    0x0, 0x0, 0x1f, 0x30, 0x0, 0x0, 0x0, 0x0,
    0xfd, 0x68, 0x40, 0x0, 0x0, 0x5, 0xef, 0xb2,
    0x0,

    /* U+01EE "Ǯ" */
    0x3, 0x84, 0x3, 0x84, 0x0, 0x0, 0xde, 0x2e,
    0xe1, 0x0, 0x0, 0x2f, 0xef, 0x50, 0x0, 0x0,
    0x4, 0x86, 0x0, 0x0, 0x9f, 0xff, 0xff, 0xff,
    0xf0, 0x7c, 0xcc, 0xcc, 0xdf, 0xc0, 0x0, 0x0,
    0x1, 0xee, 0x10, 0x0, 0x0, 0xc, 0xf3, 0x0,
    0x0, 0x0, 0x9f, 0x40, 0x0, 0x0, 0x6, 0xf7,
    0x0, 0x0, 0x0, 0xc, 0xff, 0xc3, 0x0, 0x0,
    0x5, 0x6a, 0xff, 0x40, 0x0, 0x0, 0x0, 0x5f,
    0xe0, 0x0, 0x0, 0x0, 0xb, 0xf3, 0x0, 0x0,
    0x0, 0x9, 0xf5, 0xce, 0x0, 0x0, 0xc, 0xf2,
    0x9f, 0x60, 0x0, 0x6f, 0xc0, 0x1d, 0xfb, 0x8b,
    0xfe, 0x20, 0x1, 0x8d, 0xfe, 0x91, 0x0,

    /* U+01EF "ǯ" */
    0x3, 0xfc, 0x9, 0xf7, 0x0, 0x0, 0x4f, 0xcf,
    0x90, 0x0, 0x0, 0x5, 0x98, 0x0, 0x0, 0x0,
    0x0, 0x0, 0x0, 0x0, 0x9f, 0xff, 0xff, 0xff,
    0xf0, 0x6c, 0xcc, 0xcc, 0xdf, 0xc0, 0x0, 0x0,
    0x1, 0xee, 0x10, 0x0, 0x0, 0xc, 0xf3, 0x0,
    0x0, 0x0, 0x9f, 0x40, 0x0, 0x0, 0x6, 0xf7,
    0x0, 0x0, 0x0, 0xc, 0xff, 0xc3, 0x0, 0x0,
    0x5, 0x6a, 0xff, 0x40, 0x0, 0x0, 0x0, 0x5f,
    0xe0, 0x0, 0x0, 0x0, 0xb, 0xf3, 0x0, 0x0,
    0x0, 0x9, 0xf5, 0xce, 0x0, 0x0, 0xc, 0xf2,
    0x9f, 0x60, 0x0, 0x6f, 0xc0, 0x1d, 0xfa, 0x8b,
    0xfe, 0x20, 0x1, 0x8d, 0xfe, 0x91, 0x0,

    /* U+01F0 "ǰ" */
    0x8f, 0x71, 0xee, 0x20, 0xaf, 0xcf, 0x30, 0x0,
    0x89, 0x40, 0x0, 0x0, 0x0, 0x0, 0x0, 0x9f,
    0x40, 0x0, 0x9, 0xf4, 0x0, 0x0, 0x9f, 0x40,
    0x0, 0x9, 0xf4, 0x0, 0x0, 0x9f, 0x40, 0x0,
    0x9, 0xf4, 0x0, 0x0, 0x9f, 0x40, 0x0, 0x9,
    0xf4, 0x0, 0x0, 0x9f, 0x40, 0x0, 0x9, 0xf4,
    0x0, 0x0, 0x9f, 0x40, 0x0, 0x9, 0xf3, 0x0,
    0x0, 0xbf, 0x20, 0x7, 0xaf, 0xe0, 0x0, 0xbf,
    0xd4, 0x0, 0x0,

    /* U+01F1 "Ǳ" */
    0x5f, 0xff, 0xff, 0xfe, 0xc7, 0x0, 0x0, 0xb,
    0xff, 0xff, 0xff, 0xff, 0xff, 0x15, 0xfe, 0xcc,
    0xcc, 0xdf, 0xfd, 0x10, 0x0, 0x8c, 0xcc, 0xcc,
    0xcc, 0xdf, 0xf0, 0x5f, 0xa0, 0x0, 0x0, 0x2c,
    0xfc, 0x0, 0x0, 0x0, 0x0, 0x0, 0x1e, 0xf7,
    0x5, 0xfa, 0x0, 0x0, 0x0, 0xd, 0xf5, 0x0,
    0x0, 0x0, 0x0, 0xc, 0xfa, 0x0, 0x5f, 0xa0,
    0x0, 0x0, 0x0, 0x6f, 0xb0, 0x0, 0x0, 0x0,
    0x9, 0xfc, 0x0, 0x5, 0xfa, 0x0, 0x0, 0x0,
    0x2, 0xff, 0x0, 0x0, 0x0, 0x6, 0xfe, 0x10,
    0x0, 0x5f, 0xa0, 0x0, 0x0, 0x0, 0xf, 0xf0,
    0x0, 0x0, 0x3, 0xff, 0x30, 0x0, 0x5, 0xfa,
    0x0, 0x0, 0x0, 0x0, 0xff, 0x10, 0x0, 0x1,
    0xef, 0x60, 0x0, 0x0, 0x5f, 0xa0, 0x0, 0x0,
    0x0, 0xf, 0xf0, 0x0, 0x0, 0xcf, 0x90, 0x0,
    0x0, 0x5, 0xfa, 0x0, 0x0, 0x0, 0x2, 0xfe,
    0x0, 0x0, 0xaf, 0xc0, 0x0, 0x0, 0x0, 0x5f,
    0xa0, 0x0, 0x0, 0x0, 0x6f, 0xa0, 0x0, 0x6f,
    0xe1, 0x0, 0x0, 0x0, 0x5, 0xfa, 0x0, 0x0,
    0x0, 0xe, 0xf4, 0x0, 0x4f, 0xf3, 0x0, 0x0,
    0x0, 0x0, 0x5f, 0xa0, 0x0, 0x0, 0x2c, 0xfb,
    0x0, 0x1e, 0xf5, 0x0, 0x0, 0x0, 0x0, 0x5,
    0xfe, 0xcc, 0xcc, 0xef, 0xfc, 0x10, 0x8, 0xff,
    0xcc, 0xcc, 0xcc, 0xcc, 0xc3, 0x5f, 0xff, 0xff,
    0xfe, 0xb6, 0x0, 0x0, 0x9f, 0xff, 0xff, 0xff,
    0xff, 0xff, 0x50,

    /* U+01F2 "ǲ" */
    0x5f, 0xff, 0xff, 0xfe, 0xc7, 0x0, 0x0, 0x0,
    0x0, 0x0, 0x0, 0x0, 0x5, 0xfe, 0xcc, 0xcc,
    0xdf, 0xfd, 0x10, 0x0, 0x0, 0x0, 0x0, 0x0,
    0x0, 0x5f, 0xa0, 0x0, 0x0, 0x2c, 0xfc, 0x0,
    0x0, 0x0, 0x0, 0x0, 0x0, 0x5, 0xfa, 0x0,
    0x0, 0x0, 0xd, 0xf5, 0x0, 0x0, 0x0, 0x0,
    0x0, 0x0, 0x5f, 0xa0, 0x0, 0x0, 0x0, 0x6f,
    0xb0, 0xf, 0xff, 0xff, 0xff, 0xfd, 0x5, 0xfa,
    0x0, 0x0, 0x0, 0x2, 0xff, 0x0, 0x77, 0x77,
    0x77, 0xdf, 0x90, 0x5f, 0xa0, 0x0, 0x0, 0x0,
    0xf, 0xf0, 0x0, 0x0, 0x0, 0x6f, 0xb0, 0x5,
    0xfa, 0x0, 0x0, 0x0, 0x0, 0xff, 0x10, 0x0,
    0x0, 0x4f, 0xd0, 0x0, 0x5f, 0xa0, 0x0, 0x0,
    0x0, 0xf, 0xf0, 0x0, 0x0, 0x2f, 0xe1, 0x0,
    0x5, 0xfa, 0x0, 0x0, 0x0, 0x2, 0xfe, 0x0,
    0x0, 0x1e, 0xf3, 0x0, 0x0, 0x5f, 0xa0, 0x0,
    0x0, 0x0, 0x6f, 0xa0, 0x0, 0xc, 0xf5, 0x0,
    0x0, 0x5, 0xfa, 0x0, 0x0, 0x0, 0xe, 0xf4,
    0x0, 0xa, 0xf7, 0x0, 0x0, 0x0, 0x5f, 0xa0,
    0x0, 0x0, 0x2c, 0xfb, 0x0, 0x8, 0xf9, 0x0,
    0x0, 0x0, 0x5, 0xfe, 0xcc, 0xcc, 0xef, 0xfc,
    0x10, 0x5, 0xff, 0xcc, 0xcc, 0xcc, 0xc2, 0x5f,
    0xff, 0xff, 0xfe, 0xb6, 0x0, 0x0, 0x7f, 0xff,
    0xff, 0xff, 0xff, 0x30,

    /* U+01F3 "ǳ" */
    0x0, 0x0, 0x0, 0x0, 0xaf, 0x30, 0x0, 0x0,
    0x0, 0x0, 0x0, 0x0, 0x0, 0x0, 0x0, 0xaf,
    0x30, 0x0, 0x0, 0x0, 0x0, 0x0, 0x0, 0x0,
    0x0, 0x0, 0xaf, 0x30, 0x0, 0x0, 0x0, 0x0,
    0x0, 0x0, 0x0, 0x0, 0x0, 0xaf, 0x30, 0x0,
    0x0, 0x0, 0x0, 0x0, 0x0, 0x19, 0xef, 0xd5,
    0xaf, 0x30, 0x8f, 0xff, 0xff, 0xff, 0xf6, 0x1,
    0xdf, 0xb8, 0xaf, 0xef, 0x30, 0x47, 0x77, 0x77,
    0x9f, 0xf3, 0x9, 0xf7, 0x0, 0x6, 0xff, 0x30,
    0x0, 0x0, 0x0, 0xdf, 0x70, 0xf, 0xf0, 0x0,
    0x0, 0xdf, 0x30, 0x0, 0x0, 0xb, 0xf9, 0x0,
    0x2f, 0xc0, 0x0, 0x0, 0x9f, 0x30, 0x0, 0x0,
    0x9f, 0xb0, 0x0, 0x3f, 0xa0, 0x0, 0x0, 0x8f,
    0x30, 0x0, 0x7, 0xfd, 0x0, 0x0, 0x2f, 0xb0,
    0x0, 0x0, 0x9f, 0x30, 0x0, 0x5f, 0xe1, 0x0,
    0x0, 0xe, 0xf0, 0x0, 0x0, 0xcf, 0x30, 0x4,
    0xff, 0x30, 0x0, 0x0, 0x8, 0xf9, 0x0, 0x6,
    0xff, 0x30, 0x2e, 0xf4, 0x0, 0x0, 0x0, 0x0,
    0xcf, 0xc8, 0xbf, 0xdf, 0x30, 0xdf, 0xd8, 0x88,
    0x88, 0x86, 0x0, 0x8, 0xef, 0xd6, 0x8f, 0x30,
    0xff, 0xff, 0xff, 0xff, 0xfb,

    /* U+01F4 "Ǵ" */
    0x0, 0x0, 0x0, 0xd, 0xf6, 0x0, 0x0, 0x0,
    0x0, 0x0, 0x5f, 0x90, 0x0, 0x0, 0x0, 0x0,
    0x0, 0xab, 0x0, 0x0, 0x0, 0x0, 0x0, 0x0,
    0x0, 0x0, 0x0, 0x0, 0x0, 0x1, 0x6c, 0xef,
    0xfc, 0x81, 0x0, 0x0, 0x4e, 0xff, 0xcb, 0xcf,
    0xff, 0x40, 0x3, 0xff, 0x70, 0x0, 0x0, 0x8f,
    0xe1, 0xd, 0xf6, 0x0, 0x0, 0x0, 0x9, 0xf8,
    0x5f, 0xc0, 0x0, 0x0, 0x0, 0x2, 0x94, 0xaf,
    0x60, 0x0, 0x0, 0x0, 0x0, 0x0, 0xcf, 0x30,
    0x0, 0x0, 0x0, 0x0, 0x0, 0xef, 0x20, 0x0,
    0x4, 0xcc, 0xcc, 0xcc, 0xdf, 0x30, 0x0, 0x5,
    0xff, 0xff, 0xff, 0xaf, 0x60, 0x0, 0x0, 0x0,
    0x0, 0xff, 0x6f, 0xc0, 0x0, 0x0, 0x0, 0x0,
    0xff, 0xe, 0xf7, 0x0, 0x0, 0x0, 0x0, 0xff,
    0x3, 0xff, 0xa2, 0x0, 0x0, 0x6e, 0xfe, 0x0,
    0x3e, 0xff, 0xec, 0xdf, 0xff, 0xb1, 0x0, 0x0,
    0x6b, 0xef, 0xfd, 0x93, 0x0,

    /* U+01F5 "ǵ" */
    0x0, 0x0, 0x9, 0xfa, 0x0, 0x0, 0x0, 0x1,
    0xfc, 0x0, 0x0, 0x0, 0x0, 0x7c, 0x10, 0x0,
    0x0, 0x0, 0x0, 0x0, 0x0, 0x0, 0x0, 0x19,
    0xef, 0xd6, 0x6f, 0x50, 0x1d, 0xfb, 0x8a, 0xfd,
    0xf5, 0x9, 0xf8, 0x0, 0x5, 0xff, 0x50, 0xfe,
    0x0, 0x0, 0xc, 0xf5, 0x3f, 0xb0, 0x0, 0x0,
    0x8f, 0x54, 0xfa, 0x0, 0x0, 0x6, 0xf5, 0x3f,
    0xa0, 0x0, 0x0, 0x7f, 0x50, 0xfe, 0x0, 0x0,
    0xb, 0xf5, 0x9, 0xf8, 0x0, 0x5, 0xff, 0x50,
    0x1d, 0xfc, 0x8b, 0xfe, 0xf4, 0x0, 0x19, 0xef,
    0xd6, 0x9f, 0x40, 0x20, 0x0, 0x0, 0xb, 0xf2,
    0xd, 0xf1, 0x0, 0x2, 0xfd, 0x0, 0x6f, 0xe9,
    0x8a, 0xff, 0x40, 0x0, 0x4b, 0xef, 0xea, 0x30,
    0x0,

    /* U+01FA "Ǻ" */
    0x0, 0x0, 0x0, 0x3, 0xdc, 0x10, 0x0, 0x0,
    0x0, 0x0, 0x0, 0xb, 0xf5, 0x0, 0x0, 0x0,
    0x0, 0x0, 0x0, 0x2f, 0x80, 0x0, 0x0, 0x0,
    0x0, 0x0, 0x0, 0x0, 0x0, 0x0, 0x0, 0x0,
    0x0, 0x0, 0x0, 0x4b, 0xa1, 0x0, 0x0, 0x0,
    0x0, 0x0, 0x0, 0xc0, 0x39, 0x0, 0x0, 0x0,
    0x0, 0x0, 0x0, 0xc1, 0x59, 0x0, 0x0, 0x0,
    0x0, 0x0, 0x0, 0x8f, 0xf2, 0x0, 0x0, 0x0,
    0x0, 0x0, 0x0, 0xce, 0xf7, 0x0, 0x0, 0x0,
    0x0, 0x0, 0x3, 0xf8, 0xed, 0x0, 0x0, 0x0,
    0x0, 0x0, 0x9, 0xf3, 0xaf, 0x40, 0x0, 0x0,
    0x0, 0x0, 0xe, 0xe0, 0x4f, 0xb0, 0x0, 0x0,
    0x0, 0x0, 0x5f, 0x90, 0xe, 0xf2, 0x0, 0x0,
    0x0, 0x0, 0xbf, 0x30, 0x8, 0xf8, 0x0, 0x0,
    0x0, 0x2, 0xfd, 0x0, 0x2, 0xfe, 0x0, 0x0,
    0x0, 0x8, 0xf7, 0x0, 0x0, 0xcf, 0x50, 0x0,
    0x0, 0xe, 0xff, 0xff, 0xff, 0xff, 0xc0, 0x0,
    0x0, 0x4f, 0xd9, 0x99, 0x99, 0x9f, 0xf2, 0x0,
    0x0, 0xaf, 0x60, 0x0, 0x0, 0x9, 0xf9, 0x0,
    0x1, 0xff, 0x0, 0x0, 0x0, 0x3, 0xff, 0x0,
    0x7, 0xfa, 0x0, 0x0, 0x0, 0x0, 0xdf, 0x60,
    0xd, 0xf4, 0x0, 0x0, 0x0, 0x0, 0x6f, 0xd0,

    /* U+01FB "ǻ" */
    0x0, 0x0, 0x1, 0xdd, 0x20, 0x0, 0x0, 0x0,
    0x9f, 0x60, 0x0, 0x0, 0x0, 0x1f, 0x90, 0x0,
    0x0, 0x0, 0x0, 0x0, 0x0, 0x0, 0x0, 0x0,
    0x4b, 0xa1, 0x0, 0x0, 0x0, 0xc, 0x3, 0x90,
    0x0, 0x0, 0x0, 0xc0, 0x39, 0x0, 0x0, 0x0,
    0x4, 0xba, 0x10, 0x0, 0x0, 0x0, 0x0, 0x0,
    0x0, 0x0, 0x1, 0x8d, 0xff, 0xe9, 0x10, 0x2,
    0xef, 0xa8, 0x8d, 0xfc, 0x0, 0x9f, 0x50, 0x0,
    0xd, 0xf2, 0x4, 0x60, 0x0, 0x0, 0xaf, 0x30,
    0x0, 0x3, 0x58, 0xbf, 0xf3, 0x1, 0xaf, 0xff,
    0xfb, 0xdf, 0x40, 0xbf, 0xa4, 0x10, 0xa, 0xf4,
    0x1f, 0xd0, 0x0, 0x0, 0xdf, 0x41, 0xfe, 0x0,
    0x0, 0x6f, 0xf4, 0xb, 0xfd, 0x78, 0xcf, 0xcf,
    0x50, 0x8, 0xdf, 0xe9, 0x24, 0xf9,

    /* U+01FC "Ǽ" */
    0x0, 0x0, 0x0, 0x0, 0x0, 0x0, 0x2d, 0xc1,
    0x0, 0x0, 0x0, 0x0, 0x0, 0x0, 0x0, 0x0,
    0xaf, 0x50, 0x0, 0x0, 0x0, 0x0, 0x0, 0x0,
    0x0, 0x2, 0xf8, 0x0, 0x0, 0x0, 0x0, 0x0,
    0x0, 0x0, 0x0, 0x0, 0x0, 0x0, 0x0, 0x0,
    0x0, 0x0, 0x0, 0xe, 0xff, 0xff, 0xff, 0xff,
    0xff, 0xf9, 0x0, 0x0, 0x0, 0x7f, 0xdc, 0xff,
    0xcc, 0xcc, 0xcc, 0xc7, 0x0, 0x0, 0x0, 0xef,
    0x20, 0xff, 0x0, 0x0, 0x0, 0x0, 0x0, 0x0,
    0x7, 0xfa, 0x0, 0xff, 0x0, 0x0, 0x0, 0x0,
    0x0, 0x0, 0xe, 0xf3, 0x0, 0xff, 0x0, 0x0,
    0x0, 0x0, 0x0, 0x0, 0x6f, 0xb0, 0x0, 0xff,
    0x0, 0x0, 0x0, 0x0, 0x0, 0x0, 0xdf, 0x40,
    0x0, 0xff, 0xbb, 0xbb, 0xbb, 0xb0, 0x0, 0x6,
    0xfc, 0x0, 0x0, 0xff, 0xff, 0xff, 0xff, 0xf0,
    0x0, 0xd, 0xf4, 0x0, 0x0, 0xff, 0x0, 0x0,
    0x0, 0x0, 0x0, 0x5f, 0xff, 0xff, 0xff, 0xff,
    0x0, 0x0, 0x0, 0x0, 0x0, 0xdf, 0xcc, 0xcc,
    0xcc, 0xff, 0x0, 0x0, 0x0, 0x0, 0x4, 0xfd,
    0x0, 0x0, 0x0, 0xff, 0x0, 0x0, 0x0, 0x0,
    0xc, 0xf5, 0x0, 0x0, 0x0, 0xff, 0x0, 0x0,
    0x0, 0x0, 0x4f, 0xd0, 0x0, 0x0, 0x0, 0xff,
    0xcc, 0xcc, 0xcc, 0xca, 0xcf, 0x60, 0x0, 0x0,
    0x0, 0xff, 0xff, 0xff, 0xff, 0xfd,

    /* U+01FD "ǽ" */
    0x0, 0x0, 0x0, 0x0, 0x1f, 0xf3, 0x0, 0x0,
    0x0, 0x0, 0x0, 0x0, 0x0, 0x8f, 0x60, 0x0,
    0x0, 0x0, 0x0, 0x0, 0x0, 0x0, 0xc9, 0x0,
    0x0, 0x0, 0x0, 0x0, 0x0, 0x0, 0x0, 0x0,
    0x0, 0x0, 0x0, 0x0, 0x0, 0x29, 0xdf, 0xfc,
    0x70, 0x5c, 0xff, 0xc5, 0x0, 0x2, 0xef, 0xa8,
    0x8e, 0xfc, 0xfd, 0x99, 0xdf, 0x70, 0xa, 0xf4,
    0x0, 0x1, 0xff, 0xb0, 0x0, 0xc, 0xf2, 0x5,
    0x60, 0x0, 0x0, 0xef, 0x30, 0x0, 0x4, 0xf8,
    0x0, 0x0, 0x35, 0x8b, 0xff, 0x88, 0x88, 0x88,
    0xfb, 0x1, 0xaf, 0xff, 0xfb, 0xef, 0xff, 0xff,
    0xff, 0xfc, 0xc, 0xfa, 0x41, 0x0, 0xdf, 0x0,
    0x0, 0x0, 0x0, 0x3f, 0xc0, 0x0, 0x0, 0xff,
    0x20, 0x0, 0x2, 0x95, 0x2f, 0xd0, 0x0, 0xa,
    0xff, 0xb0, 0x0, 0xb, 0xf5, 0xc, 0xfd, 0x89,
    0xef, 0x69, 0xfe, 0x99, 0xdf, 0xa0, 0x1, 0x9d,
    0xfe, 0x92, 0x0, 0x5c, 0xff, 0xc6, 0x0,

    /* U+01FE "Ǿ" */
    0x0, 0x0, 0x0, 0x0, 0xad, 0x60, 0x0, 0x0,
    0x0, 0x0, 0x0, 0x4, 0xfb, 0x0, 0x0, 0x0,
    0x0, 0x0, 0x0, 0xb, 0xd1, 0x0, 0x0, 0x0,
    0x0, 0x0, 0x0, 0x0, 0x0, 0x0, 0x0, 0x20,
    0x0, 0x0, 0x18, 0xcf, 0xfd, 0xa3, 0x4, 0xf5,
    0x0, 0x5, 0xff, 0xeb, 0xbd, 0xff, 0xae, 0xa0,
    0x0, 0x5f, 0xf6, 0x0, 0x0, 0x3d, 0xfe, 0x0,
    0x1, 0xff, 0x40, 0x0, 0x0, 0x1d, 0xff, 0x60,
    0x8, 0xfa, 0x0, 0x0, 0x0, 0xcd, 0x6f, 0xd0,
    0xc, 0xf4, 0x0, 0x0, 0xc, 0xe1, 0xf, 0xf2,
    0xf, 0xf1, 0x0, 0x0, 0xbe, 0x20, 0xc, 0xf4,
    0xf, 0xf1, 0x0, 0xa, 0xf3, 0x0, 0xb, 0xf5,
    0xf, 0xf2, 0x0, 0x9f, 0x30, 0x0, 0xc, 0xf4,
    0xc, 0xf5, 0x7, 0xf4, 0x0, 0x0, 0xe, 0xf2,
    0x7, 0xfb, 0x6f, 0x50, 0x0, 0x0, 0x4f, 0xd0,
    0x0, 0xef, 0xf6, 0x0, 0x0, 0x1, 0xdf, 0x60,
    0x0, 0x8f, 0xf6, 0x0, 0x0, 0x3d, 0xfb, 0x0,
    0x3, 0xfb, 0xef, 0xeb, 0xbd, 0xff, 0xa0, 0x0,
    0xd, 0xa0, 0x17, 0xcf, 0xfe, 0xa4, 0x0, 0x0,
    0x1, 0x0, 0x0, 0x0, 0x0, 0x0, 0x0, 0x0,

    /* U+01FF "ǿ" */
    0x0, 0x0, 0x9, 0xfa, 0x0, 0x0, 0x0, 0x1,
    0xfd, 0x0, 0x0, 0x0, 0x0, 0x7d, 0x20, 0x0,
    0x0, 0x0, 0x0, 0x0, 0x0, 0x20, 0x0, 0x2a,
    0xef, 0xd8, 0x5f, 0x20, 0x5f, 0xfa, 0x8b, 0xff,
    0x80, 0x1f, 0xf3, 0x0, 0xd, 0xfd, 0x6, 0xf9,
    0x0, 0xa, 0xdc, 0xf4, 0x9f, 0x50, 0x7, 0xe2,
    0x7f, 0x7a, 0xf3, 0x4, 0xf4, 0x6, 0xf8, 0x9f,
    0x42, 0xe7, 0x0, 0x7f, 0x76, 0xfa, 0xda, 0x0,
    0xb, 0xf4, 0x1e, 0xfd, 0x0, 0x6, 0xfd, 0x0,
    0x9f, 0xfa, 0x8b, 0xff, 0x30, 0x3f, 0x6a, 0xef,
    0xe9, 0x10, 0x0, 0x40, 0x0, 0x0, 0x0, 0x0,

    /* U+0200 "Ȁ" */
    0x0, 0x1, 0xcd, 0x37, 0xd9, 0x0, 0x0, 0x0,
    0x0, 0x0, 0x4f, 0xb0, 0xcf, 0x20, 0x0, 0x0,
    0x0, 0x0, 0x8, 0xf2, 0x1e, 0xa0, 0x0, 0x0,
    0x0, 0x0, 0x0, 0x0, 0x0, 0x0, 0x0, 0x0,
    0x0, 0x0, 0x0, 0x7f, 0xf1, 0x0, 0x0, 0x0,
    0x0, 0x0, 0x0, 0xde, 0xf8, 0x0, 0x0, 0x0,
    0x0, 0x0, 0x3, 0xf8, 0xee, 0x0, 0x0, 0x0,
    0x0, 0x0, 0x9, 0xf3, 0xaf, 0x50, 0x0, 0x0,
    0x0, 0x0, 0xf, 0xe0, 0x4f, 0xb0, 0x0, 0x0,
    0x0, 0x0, 0x5f, 0x90, 0xe, 0xf2, 0x0, 0x0,
    0x0, 0x0, 0xcf, 0x30, 0x8, 0xf8, 0x0, 0x0,
    0x0, 0x2, 0xfd, 0x0, 0x2, 0xfe, 0x0, 0x0,
    0x0, 0x8, 0xf7, 0x0, 0x0, 0xcf, 0x50, 0x0,
    0x0, 0xe, 0xff, 0xff, 0xff, 0xff, 0xc0, 0x0,
    0x0, 0x4f, 0xd9, 0x99, 0x99, 0x9f, 0xf3, 0x0,
    0x0, 0xaf, 0x60, 0x0, 0x0, 0x9, 0xf9, 0x0,
    0x1, 0xff, 0x0, 0x0, 0x0, 0x3, 0xff, 0x0,
    0x7, 0xfa, 0x0, 0x0, 0x0, 0x0, 0xdf, 0x60,
    0xd, 0xf4, 0x0, 0x0, 0x0, 0x0, 0x6f, 0xd0,

    /* U+0201 "ȁ" */
    0x0, 0xcf, 0x75, 0xfe, 0x0, 0x0, 0x1, 0xee,
    0x8, 0xf6, 0x0, 0x0, 0x3, 0xd5, 0xa, 0xb0,
    0x0, 0x0, 0x0, 0x0, 0x0, 0x0, 0x0, 0x18,
    0xdf, 0xfe, 0x91, 0x0, 0x2e, 0xfa, 0x88, 0xdf,
    0xc0, 0x9, 0xf5, 0x0, 0x0, 0xdf, 0x20, 0x46,
    0x0, 0x0, 0xa, 0xf3, 0x0, 0x0, 0x35, 0x8b,
    0xff, 0x30, 0x1a, 0xff, 0xff, 0xbd, 0xf4, 0xb,
    0xfa, 0x41, 0x0, 0xaf, 0x41, 0xfd, 0x0, 0x0,
    0xd, 0xf4, 0x1f, 0xe0, 0x0, 0x6, 0xff, 0x40,
    0xbf, 0xd7, 0x8c, 0xfc, 0xf5, 0x0, 0x8d, 0xfe,
    0x92, 0x4f, 0x90,

    /* U+0202 "Ȃ" */
    0x0, 0x0, 0x0, 0x0, 0x0, 0x0, 0x0, 0x0,
    0x0, 0x0, 0x3, 0xcf, 0xfa, 0x0, 0x0, 0x0,
    0x0, 0x0, 0xe, 0xa4, 0x5d, 0xa0, 0x0, 0x0,
    0x0, 0x0, 0x4, 0x0, 0x1, 0x30, 0x0, 0x0,
    0x0, 0x0, 0x0, 0x7f, 0xf1, 0x0, 0x0, 0x0,
    0x0, 0x0, 0x0, 0xde, 0xf8, 0x0, 0x0, 0x0,
    0x0, 0x0, 0x3, 0xf8, 0xee, 0x0, 0x0, 0x0,
    0x0, 0x0, 0x9, 0xf3, 0xaf, 0x50, 0x0, 0x0,
    0x0, 0x0, 0xf, 0xe0, 0x4f, 0xb0, 0x0, 0x0,
    0x0, 0x0, 0x5f, 0x90, 0xe, 0xf2, 0x0, 0x0,
    0x0, 0x0, 0xcf, 0x30, 0x8, 0xf8, 0x0, 0x0,
    0x0, 0x2, 0xfd, 0x0, 0x2, 0xfe, 0x0, 0x0,
    0x0, 0x8, 0xf7, 0x0, 0x0, 0xcf, 0x50, 0x0,
    0x0, 0xe, 0xff, 0xff, 0xff, 0xff, 0xc0, 0x0,
    0x0, 0x4f, 0xd9, 0x99, 0x99, 0x9f, 0xf3, 0x0,
    0x0, 0xaf, 0x60, 0x0, 0x0, 0x9, 0xf9, 0x0,
    0x1, 0xff, 0x0, 0x0, 0x0, 0x3, 0xff, 0x0,
    0x7, 0xfa, 0x0, 0x0, 0x0, 0x0, 0xdf, 0x60,
    0xd, 0xf4, 0x0, 0x0, 0x0, 0x0, 0x6f, 0xd0,

    /* U+0203 "ȃ" */
    0x0, 0x0, 0x9e, 0xea, 0x10, 0x0, 0x0, 0x9d,
    0x55, 0xdb, 0x0, 0x0, 0x9, 0x30, 0x3, 0x90,
    0x0, 0x0, 0x0, 0x0, 0x0, 0x0, 0x0, 0x18,
    0xdf, 0xfe, 0x91, 0x0, 0x2e, 0xfa, 0x88, 0xdf,
    0xc0, 0x9, 0xf5, 0x0, 0x0, 0xdf, 0x20, 0x46,
    0x0, 0x0, 0xa, 0xf3, 0x0, 0x0, 0x35, 0x8b,
    0xff, 0x30, 0x1a, 0xff, 0xff, 0xbd, 0xf4, 0xb,
    0xfa, 0x41, 0x0, 0xaf, 0x41, 0xfd, 0x0, 0x0,
    0xd, 0xf4, 0x1f, 0xe0, 0x0, 0x6, 0xff, 0x40,
    0xbf, 0xd7, 0x8c, 0xfc, 0xf5, 0x0, 0x8d, 0xfe,
    0x92, 0x4f, 0x90,

    /* U+0204 "Ȅ" */
    0x0, 0x9d, 0x73, 0xdd, 0x10, 0x0, 0x0, 0x1e,
    0xf1, 0x8f, 0x70, 0x0, 0x0, 0x3, 0xf7, 0xb,
    0xe0, 0x0, 0x0, 0x0, 0x0, 0x0, 0x0, 0x0,
    0x5f, 0xff, 0xff, 0xff, 0xff, 0xf8, 0x5f, 0xec,
    0xcc, 0xcc, 0xcc, 0xc6, 0x5f, 0xa0, 0x0, 0x0,
    0x0, 0x0, 0x5f, 0xa0, 0x0, 0x0, 0x0, 0x0,
    0x5f, 0xa0, 0x0, 0x0, 0x0, 0x0, 0x5f, 0xa0,
    0x0, 0x0, 0x0, 0x0, 0x5f, 0xec, 0xcc, 0xcc,
    0xcc, 0xb0, 0x5f, 0xff, 0xff, 0xff, 0xff, 0xf0,
    0x5f, 0xa0, 0x0, 0x0, 0x0, 0x0, 0x5f, 0xa0,
    0x0, 0x0, 0x0, 0x0, 0x5f, 0xa0, 0x0, 0x0,
    0x0, 0x0, 0x5f, 0xa0, 0x0, 0x0, 0x0, 0x0,
    0x5f, 0xa0, 0x0, 0x0, 0x0, 0x0, 0x5f, 0xec,
    0xcc, 0xcc, 0xcc, 0xca, 0x5f, 0xff, 0xff, 0xff,
    0xff, 0xfe,

    /* U+0205 "ȅ" */
    0x0, 0xcf, 0x75, 0xfe, 0x0, 0x0, 0x1, 0xee,
    0x8, 0xf6, 0x0, 0x0, 0x3, 0xd5, 0xa, 0xb0,
    0x0, 0x0, 0x0, 0x0, 0x0, 0x0, 0x0, 0x7,
    0xdf, 0xeb, 0x40, 0x0, 0xb, 0xfd, 0x89, 0xef,
    0x70, 0x7, 0xfa, 0x0, 0x0, 0xcf, 0x30, 0xdf,
    0x10, 0x0, 0x4, 0xf9, 0x1f, 0xf8, 0x88, 0x88,
    0x8f, 0xc2, 0xff, 0xff, 0xff, 0xff, 0xfd, 0x1f,
    0xc0, 0x0, 0x0, 0x0, 0x0, 0xef, 0x10, 0x0,
    0x2, 0x85, 0x8, 0xfb, 0x0, 0x0, 0xbf, 0x60,
    0xc, 0xfd, 0x99, 0xdf, 0xb0, 0x0, 0x7, 0xcf,
    0xfc, 0x60, 0x0,

    /* U+0206 "Ȇ" */
    0x0, 0x0, 0x0, 0x0, 0x0, 0x0, 0x0, 0x0,
    0x7e, 0xfd, 0x50, 0x0, 0x0, 0x6, 0xf6, 0x38,
    0xf2, 0x0, 0x0, 0x2, 0x20, 0x0, 0x31, 0x0,
    0x5f, 0xff, 0xff, 0xff, 0xff, 0xf8, 0x5f, 0xec,
    0xcc, 0xcc, 0xcc, 0xc6, 0x5f, 0xa0, 0x0, 0x0,
    0x0, 0x0, 0x5f, 0xa0, 0x0, 0x0, 0x0, 0x0,
    0x5f, 0xa0, 0x0, 0x0, 0x0, 0x0, 0x5f, 0xa0,
    0x0, 0x0, 0x0, 0x0, 0x5f, 0xec, 0xcc, 0xcc,
    0xcc, 0xb0, 0x5f, 0xff, 0xff, 0xff, 0xff, 0xf0,
    0x5f, 0xa0, 0x0, 0x0, 0x0, 0x0, 0x5f, 0xa0,
    0x0, 0x0, 0x0, 0x0, 0x5f, 0xa0, 0x0, 0x0,
    0x0, 0x0, 0x5f, 0xa0, 0x0, 0x0, 0x0, 0x0,
    0x5f, 0xa0, 0x0, 0x0, 0x0, 0x0, 0x5f, 0xec,
    0xcc, 0xcc, 0xcc, 0xca, 0x5f, 0xff, 0xff, 0xff,
    0xff, 0xfe,

    /* U+0207 "ȇ" */
    0x0, 0x2, 0xbf, 0xe8, 0x0, 0x0, 0x0, 0xdc,
    0x56, 0xe7, 0x0, 0x0, 0x1a, 0x10, 0x5, 0x80,
    0x0, 0x0, 0x0, 0x0, 0x0, 0x0, 0x0, 0x7,
    0xdf, 0xeb, 0x40, 0x0, 0xb, 0xfd, 0x89, 0xef,
    0x70, 0x7, 0xfa, 0x0, 0x0, 0xcf, 0x30, 0xdf,
    0x10, 0x0, 0x4, 0xf9, 0x1f, 0xf8, 0x88, 0x88,
    0x8f, 0xc2, 0xff, 0xff, 0xff, 0xff, 0xfd, 0x1f,
    0xc0, 0x0, 0x0, 0x0, 0x0, 0xef, 0x10, 0x0,
    0x2, 0x85, 0x8, 0xfb, 0x0, 0x0, 0xbf, 0x60,
    0xc, 0xfd, 0x99, 0xdf, 0xb0, 0x0, 0x7, 0xcf,
    0xfc, 0x60, 0x0,

    /* U+0208 "Ȉ" */
    0xa, 0xd6, 0x4d, 0xc0, 0x0, 0x2e, 0xe0, 0x9f,
    0x60, 0x0, 0x4f, 0x60, 0xcd, 0x0, 0x0, 0x0,
    0x0, 0x0, 0x0, 0x1, 0xfe, 0x0, 0x0, 0x0,
    0x1f, 0xe0, 0x0, 0x0, 0x1, 0xfe, 0x0, 0x0,
    0x0, 0x1f, 0xe0, 0x0, 0x0, 0x1, 0xfe, 0x0,
    0x0, 0x0, 0x1f, 0xe0, 0x0, 0x0, 0x1, 0xfe,
    0x0, 0x0, 0x0, 0x1f, 0xe0, 0x0, 0x0, 0x1,
    0xfe, 0x0, 0x0, 0x0, 0x1f, 0xe0, 0x0, 0x0,
    0x1, 0xfe, 0x0, 0x0, 0x0, 0x1f, 0xe0, 0x0,
    0x0, 0x1, 0xfe, 0x0, 0x0, 0x0, 0x1f, 0xe0,
    0x0, 0x0, 0x1, 0xfe, 0x0, 0x0,

    /* U+0209 "ȉ" */
    0xb, 0xf8, 0x4f, 0xf1, 0x0, 0xd, 0xf1, 0x7f,
    0x70, 0x0, 0x2d, 0x60, 0x9c, 0x0, 0x0, 0x0,
    0x0, 0x0, 0x0, 0x0, 0xfd, 0x0, 0x0, 0x0,
    0xf, 0xd0, 0x0, 0x0, 0x0, 0xfd, 0x0, 0x0,
    0x0, 0xf, 0xd0, 0x0, 0x0, 0x0, 0xfd, 0x0,
    0x0, 0x0, 0xf, 0xd0, 0x0, 0x0, 0x0, 0xfd,
    0x0, 0x0, 0x0, 0xf, 0xd0, 0x0, 0x0, 0x0,
    0xfd, 0x0, 0x0, 0x0, 0xf, 0xd0, 0x0, 0x0,
    0x0, 0xfd, 0x0, 0x0,

    /* U+020A "Ȋ" */
    0x0, 0x0, 0x0, 0x0, 0x2b, 0xff, 0xa1, 0xc,
    0xb4, 0x4c, 0xb0, 0x41, 0x0, 0x14, 0x0, 0x1f,
    0xe0, 0x0, 0x1, 0xfe, 0x0, 0x0, 0x1f, 0xe0,
    0x0, 0x1, 0xfe, 0x0, 0x0, 0x1f, 0xe0, 0x0,
    0x1, 0xfe, 0x0, 0x0, 0x1f, 0xe0, 0x0, 0x1,
    0xfe, 0x0, 0x0, 0x1f, 0xe0, 0x0, 0x1, 0xfe,
    0x0, 0x0, 0x1f, 0xe0, 0x0, 0x1, 0xfe, 0x0,
    0x0, 0x1f, 0xe0, 0x0, 0x1, 0xfe, 0x0, 0x0,
    0x1f, 0xe0, 0x0,

    /* U+020B "ȋ" */
    0x1, 0xaf, 0xe9, 0x0, 0xcc, 0x55, 0xe9, 0x8,
    0x20, 0x3, 0x70, 0x0, 0x0, 0x0, 0x0, 0xf,
    0xd0, 0x0, 0x0, 0xfd, 0x0, 0x0, 0xf, 0xd0,
    0x0, 0x0, 0xfd, 0x0, 0x0, 0xf, 0xd0, 0x0,
    0x0, 0xfd, 0x0, 0x0, 0xf, 0xd0, 0x0, 0x0,
    0xfd, 0x0, 0x0, 0xf, 0xd0, 0x0, 0x0, 0xfd,
    0x0, 0x0, 0xf, 0xd0, 0x0,

    /* U+020C "Ȍ" */
    0x0, 0x0, 0xcd, 0x46, 0xda, 0x0, 0x0, 0x0,
    0x0, 0x0, 0x4f, 0xc0, 0xcf, 0x30, 0x0, 0x0,
    0x0, 0x0, 0x7, 0xf3, 0x1e, 0xb0, 0x0, 0x0,
    0x0, 0x0, 0x0, 0x0, 0x0, 0x0, 0x0, 0x0,
    0x0, 0x0, 0x18, 0xdf, 0xfd, 0xa3, 0x0, 0x0,
    0x0, 0x5, 0xff, 0xeb, 0xbd, 0xff, 0xa0, 0x0,
    0x0, 0x5f, 0xf6, 0x0, 0x0, 0x3d, 0xfa, 0x0,
    0x1, 0xff, 0x40, 0x0, 0x0, 0x0, 0xdf, 0x60,
    0x7, 0xfa, 0x0, 0x0, 0x0, 0x0, 0x4f, 0xd0,
    0xc, 0xf4, 0x0, 0x0, 0x0, 0x0, 0xe, 0xf2,
    0xe, 0xf2, 0x0, 0x0, 0x0, 0x0, 0xc, 0xf4,
    0xf, 0xf1, 0x0, 0x0, 0x0, 0x0, 0xb, 0xf5,
    0xf, 0xf1, 0x0, 0x0, 0x0, 0x0, 0xc, 0xf4,
    0xc, 0xf4, 0x0, 0x0, 0x0, 0x0, 0xf, 0xf2,
    0x8, 0xfa, 0x0, 0x0, 0x0, 0x0, 0x4f, 0xd0,
    0x1, 0xff, 0x40, 0x0, 0x0, 0x0, 0xdf, 0x60,
    0x0, 0x5f, 0xf6, 0x0, 0x0, 0x3d, 0xfb, 0x0,
    0x0, 0x5, 0xff, 0xeb, 0xbd, 0xff, 0xa0, 0x0,
    0x0, 0x0, 0x18, 0xdf, 0xfe, 0xa4, 0x0, 0x0,

    /* U+020D "ȍ" */
    0x1, 0xef, 0x39, 0xfa, 0x0, 0x0, 0x4, 0xfb,
    0xc, 0xf2, 0x0, 0x0, 0x6, 0xd1, 0x1c, 0x80,
    0x0, 0x0, 0x0, 0x0, 0x0, 0x0, 0x0, 0x7,
    0xdf, 0xfb, 0x40, 0x0, 0x1d, 0xfc, 0x89, 0xef,
    0x80, 0x9, 0xf9, 0x0, 0x1, 0xdf, 0x40, 0xff,
    0x0, 0x0, 0x5, 0xfa, 0x3f, 0xc0, 0x0, 0x0,
    0x1f, 0xd4, 0xfa, 0x0, 0x0, 0x0, 0xfe, 0x3f,
    0xc0, 0x0, 0x0, 0x1f, 0xd0, 0xff, 0x0, 0x0,
    0x5, 0xfa, 0xa, 0xf9, 0x0, 0x1, 0xdf, 0x40,
    0x1d, 0xfd, 0x99, 0xef, 0x80, 0x0, 0x7, 0xdf,
    0xfb, 0x40, 0x0,

    /* U+020E "Ȏ" */
    0x0, 0x0, 0x0, 0x0, 0x0, 0x0, 0x0, 0x0,
    0x0, 0x0, 0x0, 0x7e, 0xfa, 0x10, 0x0, 0x0,
    0x0, 0x0, 0x6, 0xf6, 0x4d, 0xb0, 0x0, 0x0,
    0x0, 0x0, 0xb, 0x80, 0x3, 0xf1, 0x0, 0x0,
    0x0, 0x0, 0x0, 0x0, 0x0, 0x0, 0x0, 0x0,
    0x0, 0x0, 0x18, 0xdf, 0xfd, 0xa3, 0x0, 0x0,
    0x0, 0x5, 0xff, 0xeb, 0xbd, 0xff, 0xa0, 0x0,
    0x0, 0x5f, 0xf6, 0x0, 0x0, 0x3d, 0xfa, 0x0,
    0x1, 0xff, 0x40, 0x0, 0x0, 0x0, 0xdf, 0x60,
    0x7, 0xfa, 0x0, 0x0, 0x0, 0x0, 0x4f, 0xd0,
    0xc, 0xf4, 0x0, 0x0, 0x0, 0x0, 0xe, 0xf2,
    0xe, 0xf2, 0x0, 0x0, 0x0, 0x0, 0xc, 0xf4,
    0xf, 0xf1, 0x0, 0x0, 0x0, 0x0, 0xb, 0xf5,
    0xf, 0xf1, 0x0, 0x0, 0x0, 0x0, 0xc, 0xf4,
    0xc, 0xf4, 0x0, 0x0, 0x0, 0x0, 0xf, 0xf2,
    0x8, 0xfa, 0x0, 0x0, 0x0, 0x0, 0x4f, 0xd0,
    0x1, 0xff, 0x40, 0x0, 0x0, 0x0, 0xdf, 0x60,
    0x0, 0x5f, 0xf6, 0x0, 0x0, 0x3d, 0xfb, 0x0,
    0x0, 0x5, 0xff, 0xeb, 0xbd, 0xff, 0xa0, 0x0,
    0x0, 0x0, 0x18, 0xdf, 0xfe, 0xa4, 0x0, 0x0,

    /* U+020F "ȏ" */
    0x0, 0x1, 0xaf, 0xe8, 0x0, 0x0, 0x0, 0xcc,
    0x56, 0xe8, 0x0, 0x0, 0xa, 0x20, 0x4, 0x80,
    0x0, 0x0, 0x0, 0x0, 0x0, 0x0, 0x0, 0x7,
    0xdf, 0xfb, 0x40, 0x0, 0x1d, 0xfc, 0x89, 0xef,
    0x80, 0x9, 0xf9, 0x0, 0x1, 0xdf, 0x40, 0xff,
    0x0, 0x0, 0x5, 0xfa, 0x3f, 0xc0, 0x0, 0x0,
    0x1f, 0xd4, 0xfa, 0x0, 0x0, 0x0, 0xfe, 0x3f,
    0xc0, 0x0, 0x0, 0x1f, 0xd0, 0xff, 0x0, 0x0,
    0x5, 0xfa, 0xa, 0xf9, 0x0, 0x1, 0xdf, 0x40,
    0x1d, 0xfd, 0x99, 0xef, 0x80, 0x0, 0x7, 0xdf,
    0xfb, 0x40, 0x0,

    /* U+0210 "Ȑ" */
    0x0, 0xbd, 0x64, 0xdc, 0x0, 0x0, 0x0, 0x0,
    0x2f, 0xd0, 0xaf, 0x50, 0x0, 0x0, 0x0, 0x4,
    0xf5, 0xc, 0xd0, 0x0, 0x0, 0x0, 0x0, 0x0,
    0x0, 0x0, 0x0, 0x0, 0x5f, 0xff, 0xff, 0xff,
    0xfd, 0x70, 0x0, 0x5f, 0xea, 0xaa, 0xaa, 0xcf,
    0xfb, 0x0, 0x5f, 0xa0, 0x0, 0x0, 0x3, 0xff,
    0x50, 0x5f, 0xa0, 0x0, 0x0, 0x0, 0x8f, 0x90,
    0x5f, 0xa0, 0x0, 0x0, 0x0, 0x6f, 0xa0, 0x5f,
    0xa0, 0x0, 0x0, 0x0, 0xaf, 0x80, 0x5f, 0xa0,
    0x0, 0x0, 0x28, 0xff, 0x20, 0x5f, 0xff, 0xff,
    0xff, 0xff, 0xd3, 0x0, 0x5f, 0xec, 0xcc, 0xff,
    0xd4, 0x0, 0x0, 0x5f, 0xa0, 0x0, 0xa, 0xfc,
    0x10, 0x0, 0x5f, 0xa0, 0x0, 0x0, 0xbf, 0xc0,
    0x0, 0x5f, 0xa0, 0x0, 0x0, 0xe, 0xf8, 0x0,
    0x5f, 0xa0, 0x0, 0x0, 0x4, 0xff, 0x30, 0x5f,
    0xa0, 0x0, 0x0, 0x0, 0x9f, 0xd0, 0x5f, 0xa0,
    0x0, 0x0, 0x0, 0xd, 0xf9,

    /* U+0211 "ȑ" */
    0x5f, 0xe1, 0xdf, 0x60, 0x8, 0xf6, 0x2e, 0xd0,
    0x0, 0xab, 0x4, 0xd4, 0x0, 0x0, 0x0, 0x0,
    0xa, 0xf2, 0xcf, 0xc1, 0xa, 0xfd, 0xda, 0xc0,
    0xa, 0xfc, 0x0, 0x0, 0xa, 0xf6, 0x0, 0x0,
    0xa, 0xf3, 0x0, 0x0, 0xa, 0xf3, 0x0, 0x0,
    0xa, 0xf3, 0x0, 0x0, 0xa, 0xf3, 0x0, 0x0,
    0xa, 0xf3, 0x0, 0x0, 0xa, 0xf3, 0x0, 0x0,
    0xa, 0xf3, 0x0, 0x0,

    /* U+0212 "Ȓ" */
    0x0, 0x0, 0x0, 0x0, 0x0, 0x0, 0x0, 0x0,
    0x1, 0xaf, 0xfb, 0x20, 0x0, 0x0, 0x0, 0xb,
    0xc4, 0x4b, 0xd0, 0x0, 0x0, 0x0, 0x3, 0x10,
    0x0, 0x40, 0x0, 0x0, 0x5f, 0xff, 0xff, 0xff,
    0xfd, 0x70, 0x0, 0x5f, 0xea, 0xaa, 0xaa, 0xcf,
    0xfb, 0x0, 0x5f, 0xa0, 0x0, 0x0, 0x3, 0xff,
    0x50, 0x5f, 0xa0, 0x0, 0x0, 0x0, 0x8f, 0x90,
    0x5f, 0xa0, 0x0, 0x0, 0x0, 0x6f, 0xa0, 0x5f,
    0xa0, 0x0, 0x0, 0x0, 0xaf, 0x80, 0x5f, 0xa0,
    0x0, 0x0, 0x28, 0xff, 0x20, 0x5f, 0xff, 0xff,
    0xff, 0xff, 0xd3, 0x0, 0x5f, 0xec, 0xcc, 0xff,
    0xd4, 0x0, 0x0, 0x5f, 0xa0, 0x0, 0xa, 0xfc,
    0x10, 0x0, 0x5f, 0xa0, 0x0, 0x0, 0xbf, 0xc0,
    0x0, 0x5f, 0xa0, 0x0, 0x0, 0xe, 0xf8, 0x0,
    0x5f, 0xa0, 0x0, 0x0, 0x4, 0xff, 0x30, 0x5f,
    0xa0, 0x0, 0x0, 0x0, 0x9f, 0xd0, 0x5f, 0xa0,
    0x0, 0x0, 0x0, 0xd, 0xf9,

    /* U+0213 "ȓ" */
    0x2, 0xbf, 0xe8, 0x0, 0xd, 0xb4, 0x6e, 0x80,
    0x18, 0x10, 0x4, 0x60, 0x0, 0x0, 0x0, 0x0,
    0xa, 0xf2, 0xcf, 0xc1, 0xa, 0xfd, 0xda, 0xc0,
    0xa, 0xfc, 0x0, 0x0, 0xa, 0xf6, 0x0, 0x0,
    0xa, 0xf3, 0x0, 0x0, 0xa, 0xf3, 0x0, 0x0,
    0xa, 0xf3, 0x0, 0x0, 0xa, 0xf3, 0x0, 0x0,
    0xa, 0xf3, 0x0, 0x0, 0xa, 0xf3, 0x0, 0x0,
    0xa, 0xf3, 0x0, 0x0,

    /* U+0214 "Ȕ" */
    0x0, 0x3d, 0xd1, 0xad, 0x70, 0x0, 0x0, 0x0,
    0x7f, 0x81, 0xee, 0x0, 0x0, 0x0, 0x0, 0xae,
    0x3, 0xf7, 0x0, 0x0, 0x0, 0x0, 0x0, 0x0,
    0x0, 0x0, 0x5f, 0xa0, 0x0, 0x0, 0x0, 0x8f,
    0x75, 0xfa, 0x0, 0x0, 0x0, 0x8, 0xf7, 0x5f,
    0xa0, 0x0, 0x0, 0x0, 0x8f, 0x75, 0xfa, 0x0,
    0x0, 0x0, 0x8, 0xf7, 0x5f, 0xa0, 0x0, 0x0,
    0x0, 0x8f, 0x75, 0xfa, 0x0, 0x0, 0x0, 0x8,
    0xf7, 0x5f, 0xa0, 0x0, 0x0, 0x0, 0x8f, 0x75,
    0xfa, 0x0, 0x0, 0x0, 0x8, 0xf7, 0x5f, 0xa0,
    0x0, 0x0, 0x0, 0x8f, 0x74, 0xfb, 0x0, 0x0,
    0x0, 0x9, 0xf6, 0x3f, 0xc0, 0x0, 0x0, 0x0,
    0xaf, 0x50, 0xff, 0x20, 0x0, 0x0, 0xe, 0xf2,
    0x9, 0xfd, 0x20, 0x0, 0x2b, 0xfb, 0x0, 0xc,
    0xff, 0xec, 0xdf, 0xfd, 0x10, 0x0, 0x6, 0xce,
    0xfe, 0xc7, 0x0, 0x0,

    /* U+0215 "ȕ" */
    0xc, 0xf7, 0x5f, 0xe0, 0x0, 0x1, 0xee, 0x8,
    0xf6, 0x0, 0x0, 0x3d, 0x50, 0xab, 0x0, 0x0,
    0x0, 0x0, 0x0, 0x0, 0x9f, 0x30, 0x0, 0xa,
    0xf3, 0x9f, 0x30, 0x0, 0xa, 0xf3, 0x9f, 0x30,
    0x0, 0xa, 0xf3, 0x9f, 0x30, 0x0, 0xa, 0xf3,
    0x9f, 0x30, 0x0, 0xa, 0xf3, 0x9f, 0x30, 0x0,
    0xa, 0xf3, 0x9f, 0x30, 0x0, 0xa, 0xf3, 0x8f,
    0x40, 0x0, 0xd, 0xf3, 0x6f, 0xa0, 0x0, 0x6f,
    0xf3, 0x1e, 0xfc, 0x9c, 0xfa, 0xf3, 0x2, 0xae,
    0xfb, 0x36, 0xf3,

    /* U+0216 "Ȗ" */
    0x0, 0x0, 0x0, 0x0, 0x0, 0x0, 0x0, 0x0,
    0x3, 0xcf, 0xd5, 0x0, 0x0, 0x0, 0x1, 0xe9,
    0x48, 0xf3, 0x0, 0x0, 0x0, 0x4c, 0x0, 0xa,
    0x70, 0x0, 0x0, 0x0, 0x0, 0x0, 0x0, 0x0,
    0x5, 0xfa, 0x0, 0x0, 0x0, 0x8, 0xf7, 0x5f,
    0xa0, 0x0, 0x0, 0x0, 0x8f, 0x75, 0xfa, 0x0,
    0x0, 0x0, 0x8, 0xf7, 0x5f, 0xa0, 0x0, 0x0,
    0x0, 0x8f, 0x75, 0xfa, 0x0, 0x0, 0x0, 0x8,
    0xf7, 0x5f, 0xa0, 0x0, 0x0, 0x0, 0x8f, 0x75,
    0xfa, 0x0, 0x0, 0x0, 0x8, 0xf7, 0x5f, 0xa0,
    0x0, 0x0, 0x0, 0x8f, 0x75, 0xfa, 0x0, 0x0,
    0x0, 0x8, 0xf7, 0x4f, 0xb0, 0x0, 0x0, 0x0,
    0x9f, 0x63, 0xfc, 0x0, 0x0, 0x0, 0xa, 0xf5,
    0xf, 0xf2, 0x0, 0x0, 0x0, 0xef, 0x20, 0x9f,
    0xd2, 0x0, 0x2, 0xbf, 0xb0, 0x0, 0xcf, 0xfe,
    0xcd, 0xff, 0xd1, 0x0, 0x0, 0x6c, 0xef, 0xec,
    0x70, 0x0,

    /* U+0217 "ȗ" */
    0x0, 0x2b, 0xfe, 0x80, 0x0, 0x0, 0xeb, 0x46,
    0xe7, 0x0, 0x1, 0x80, 0x0, 0x46, 0x0, 0x0,
    0x0, 0x0, 0x0, 0x0, 0x9f, 0x30, 0x0, 0xa,
    0xf3, 0x9f, 0x30, 0x0, 0xa, 0xf3, 0x9f, 0x30,
    0x0, 0xa, 0xf3, 0x9f, 0x30, 0x0, 0xa, 0xf3,
    0x9f, 0x30, 0x0, 0xa, 0xf3, 0x9f, 0x30, 0x0,
    0xa, 0xf3, 0x9f, 0x30, 0x0, 0xa, 0xf3, 0x8f,
    0x40, 0x0, 0xd, 0xf3, 0x6f, 0xa0, 0x0, 0x6f,
    0xf3, 0x1e, 0xfc, 0x9c, 0xfa, 0xf3, 0x2, 0xae,
    0xfb, 0x36, 0xf3,

    /* U+0218 "Ș" */
    0x0, 0x3a, 0xef, 0xeb, 0x40, 0x0, 0x6, 0xff,
    0xff, 0xff, 0xf9, 0x0, 0x1f, 0xfd, 0x53, 0x4a,
    0xff, 0x60, 0x6f, 0xf1, 0x0, 0x0, 0xaf, 0xe0,
    0x8f, 0xd0, 0x0, 0x0, 0x2f, 0xf3, 0x6f, 0xf3,
    0x0, 0x0, 0x1, 0x10, 0x1e, 0xff, 0xa5, 0x0,
    0x0, 0x0, 0x2, 0xbf, 0xff, 0xfb, 0x60, 0x0,
    0x0, 0x2, 0x8c, 0xff, 0xfe, 0x30, 0x0, 0x0,
    0x0, 0x17, 0xef, 0xe1, 0x46, 0x30, 0x0, 0x0,
    0x2f, 0xf6, 0xbf, 0xb0, 0x0, 0x0, 0xc, 0xf8,
    0x6f, 0xf3, 0x0, 0x0, 0xe, 0xf7, 0xd, 0xff,
    0x73, 0x35, 0xcf, 0xf1, 0x2, 0xdf, 0xff, 0xff,
    0xff, 0x60, 0x0, 0x7, 0xce, 0xfe, 0xa2, 0x0,
    0x0, 0x0, 0x2, 0x20, 0x0, 0x0, 0x0, 0x0,
    0x2f, 0xf2, 0x0, 0x0, 0x0, 0x0, 0x2f, 0xf2,
    0x0, 0x0, 0x0, 0x0, 0xa, 0xc0, 0x0, 0x0,
    0x0, 0x0, 0x3f, 0x30, 0x0, 0x0,

    /* U+0219 "ș" */
    0x0, 0x19, 0xef, 0xeb, 0x40, 0x0, 0x1e, 0xff,
    0xff, 0xff, 0x60, 0x8, 0xfe, 0x30, 0x19, 0xff,
    0x10, 0xbf, 0xa0, 0x0, 0xd, 0xd4, 0x9, 0xfe,
    0x20, 0x0, 0x0, 0x0, 0x1e, 0xff, 0xda, 0x61,
    0x0, 0x0, 0x17, 0xcf, 0xff, 0xf6, 0x0, 0x0,
    0x0, 0x3, 0xaf, 0xf2, 0xf, 0xf5, 0x0, 0x0,
    0xff, 0x50, 0xbf, 0xe3, 0x0, 0x6f, 0xf3, 0x2,
    0xff, 0xff, 0xff, 0xfb, 0x0, 0x1, 0x9d, 0xfe,
    0xc6, 0x0, 0x0, 0x0, 0x12, 0x20, 0x0, 0x0,
    0x0, 0x6, 0xfe, 0x0, 0x0, 0x0, 0x0, 0x6f,
    0xe0, 0x0, 0x0, 0x0, 0x0, 0xe8, 0x0, 0x0,
    0x0, 0x0, 0x7e, 0x0, 0x0, 0x0,

    /* U+021A "Ț" */
    0xcf, 0xff, 0xff, 0xff, 0xff, 0xfa, 0xcf, 0xff,
    0xff, 0xff, 0xff, 0xfa, 0x23, 0x33, 0x5f, 0xf4,
    0x33, 0x32, 0x0, 0x0, 0x2f, 0xf1, 0x0, 0x0,
    0x0, 0x0, 0x2f, 0xf1, 0x0, 0x0, 0x0, 0x0,
    0x2f, 0xf1, 0x0, 0x0, 0x0, 0x0, 0x2f, 0xf1,
    0x0, 0x0, 0x0, 0x0, 0x2f, 0xf1, 0x0, 0x0,
    0x0, 0x0, 0x2f, 0xf1, 0x0, 0x0, 0x0, 0x0,
    0x2f, 0xf1, 0x0, 0x0, 0x0, 0x0, 0x2f, 0xf1,
    0x0, 0x0, 0x0, 0x0, 0x2f, 0xf1, 0x0, 0x0,
    0x0, 0x0, 0x2f, 0xf1, 0x0, 0x0, 0x0, 0x0,
    0x2f, 0xf1, 0x0, 0x0, 0x0, 0x0, 0x2f, 0xf1,
    0x0, 0x0, 0x0, 0x0, 0x2f, 0xf1, 0x0, 0x0,
    0x0, 0x0, 0x2, 0x20, 0x0, 0x0, 0x0, 0x0,
    0x3f, 0xf2, 0x0, 0x0, 0x0, 0x0, 0x3f, 0xf1,
    0x0, 0x0, 0x0, 0x0, 0xb, 0xb0, 0x0, 0x0,
    0x0, 0x0, 0x4f, 0x20, 0x0, 0x0,

    /* U+021B "ț" */
    0x4, 0xff, 0x0, 0x0, 0x4f, 0xf0, 0x0, 0x4,
    0xff, 0x0, 0xf, 0xff, 0xff, 0xff, 0xef, 0xff,
    0xee, 0xd0, 0x4f, 0xf0, 0x0, 0x4, 0xff, 0x0,
    0x0, 0x4f, 0xf0, 0x0, 0x4, 0xff, 0x0, 0x0,
    0x4f, 0xf0, 0x0, 0x4, 0xff, 0x0, 0x0, 0x3f,
    0xf0, 0x0, 0x2, 0xff, 0x30, 0x0, 0xd, 0xff,
    0xed, 0x0, 0x3c, 0xff, 0xf0, 0x0, 0x22, 0x0,
    0x0, 0xf, 0xf4, 0x0, 0x0, 0xff, 0x40, 0x0,
    0x9, 0xd0, 0x0, 0x2, 0xf4, 0x0,

    /* U+0237 "ȷ" */
    0x0, 0xd, 0xf6, 0x0, 0xd, 0xf6, 0x0, 0xd,
    0xf6, 0x0, 0xd, 0xf6, 0x0, 0xd, 0xf6, 0x0,
    0xd, 0xf6, 0x0, 0xd, 0xf6, 0x0, 0xd, 0xf6,
    0x0, 0xd, 0xf6, 0x0, 0xd, 0xf6, 0x0, 0xd,
    0xf6, 0x0, 0xd, 0xf6, 0x0, 0x1f, 0xf4, 0x1e,
    0xff, 0xf1, 0x1f, 0xfd, 0x50,

    /* U+1E00 "Ḁ" */
    0x0, 0x0, 0x0, 0x7f, 0xf1, 0x0, 0x0, 0x0,
    0x0, 0x0, 0x0, 0xde, 0xf8, 0x0, 0x0, 0x0,
    0x0, 0x0, 0x3, 0xf7, 0xee, 0x0, 0x0, 0x0,
    0x0, 0x0, 0x9, 0xf2, 0x8f, 0x50, 0x0, 0x0,
    0x0, 0x0, 0xf, 0xd0, 0x2f, 0xb0, 0x0, 0x0,
    0x0, 0x0, 0x5f, 0x70, 0xc, 0xf2, 0x0, 0x0,
    0x0, 0x0, 0xcf, 0x10, 0x5, 0xf8, 0x0, 0x0,
    0x0, 0x2, 0xfa, 0x0, 0x0, 0xee, 0x0, 0x0,
    0x0, 0x8, 0xfb, 0x99, 0x99, 0xdf, 0x50, 0x0,
    0x0, 0xe, 0xff, 0xff, 0xff, 0xff, 0xc0, 0x0,
    0x0, 0x4f, 0x90, 0x0, 0x0, 0xc, 0xf3, 0x0,
    0x0, 0xaf, 0x30, 0x0, 0x0, 0x7, 0xf9, 0x0,
    0x1, 0xfe, 0x0, 0x0, 0x0, 0x1, 0xff, 0x0,
    0x7, 0xf9, 0x0, 0x0, 0x0, 0x0, 0xcf, 0x60,
    0xd, 0xf3, 0x0, 0x0, 0x0, 0x0, 0x6f, 0xd0,
    0x0, 0x0, 0x0, 0x4b, 0xa1, 0x0, 0x0, 0x0,
    0x0, 0x0, 0x0, 0xc0, 0x48, 0x0, 0x0, 0x0,
    0x0, 0x0, 0x0, 0xc0, 0x39, 0x0, 0x0, 0x0,
    0x0, 0x0, 0x0, 0x5c, 0xb1, 0x0, 0x0, 0x0,

    /* U+1E01 "ḁ" */
    0x0, 0x18, 0xdf, 0xfe, 0x91, 0x0, 0x2e, 0xfa,
    0x88, 0xdf, 0xc0, 0x9, 0xf5, 0x0, 0x0, 0xdf,
    0x20, 0x46, 0x0, 0x0, 0xa, 0xf3, 0x0, 0x0,
    0x35, 0x8b, 0xff, 0x30, 0x1a, 0xff, 0xff, 0xbd,
    0xf4, 0xb, 0xfa, 0x41, 0x0, 0xaf, 0x41, 0xfd,
    0x0, 0x0, 0xd, 0xf4, 0x1f, 0xe0, 0x0, 0x6,
    0xff, 0x40, 0xbf, 0xd7, 0x8c, 0xfc, 0xf5, 0x0,
    0x8d, 0xfe, 0x92, 0x4f, 0x90, 0x0, 0x9, 0xb6,
    0x0, 0x0, 0x0, 0x5, 0x80, 0xb1, 0x0, 0x0,
    0x0, 0x56, 0xa, 0x20, 0x0, 0x0, 0x0, 0xac,
    0x80, 0x0, 0x0,

    /* U+1E02 "Ḃ" */
    0x0, 0x0, 0x1, 0x0, 0x0, 0x0, 0x0, 0x0,
    0x4f, 0xa0, 0x0, 0x0, 0x0, 0x0, 0x4f, 0xa0,
    0x0, 0x0, 0x0, 0x0, 0x0, 0x0, 0x0, 0x0,
    0x7f, 0xff, 0xff, 0xfe, 0xa3, 0x0, 0x7f, 0xec,
    0xcc, 0xce, 0xff, 0x50, 0x7f, 0x80, 0x0, 0x0,
    0x6f, 0xe0, 0x7f, 0x80, 0x0, 0x0, 0xd, 0xf2,
    0x7f, 0x80, 0x0, 0x0, 0xd, 0xf1, 0x7f, 0x80,
    0x0, 0x0, 0x5f, 0xb0, 0x7f, 0xec, 0xcc, 0xce,
    0xfb, 0x10, 0x7f, 0xff, 0xff, 0xff, 0xfc, 0x40,
    0x7f, 0x80, 0x0, 0x1, 0x6f, 0xf3, 0x7f, 0x80,
    0x0, 0x0, 0x6, 0xfb, 0x7f, 0x80, 0x0, 0x0,
    0x3, 0xfe, 0x7f, 0x80, 0x0, 0x0, 0x5, 0xfc,
    0x7f, 0x80, 0x0, 0x0, 0x2d, 0xf7, 0x7f, 0xec,
    0xcc, 0xcd, 0xff, 0xc0, 0x7f, 0xff, 0xff, 0xfe,
    0xc7, 0x0,

    /* U+1E03 "ḃ" */
    0x0, 0x0, 0xcf, 0x10, 0x0, 0x0, 0x0, 0xcf,
    0x10, 0x0, 0x0, 0x0, 0x1, 0x0, 0x0, 0x0,
    0x0, 0x0, 0x0, 0x0, 0x9f, 0x40, 0x0, 0x0,
    0x0, 0x9f, 0x40, 0x0, 0x0, 0x0, 0x9f, 0x40,
    0x0, 0x0, 0x0, 0x9f, 0x40, 0x0, 0x0, 0x0,
    0x9f, 0x49, 0xef, 0xd6, 0x0, 0x9f, 0xee, 0x98,
    0xef, 0x80, 0x9f, 0xe1, 0x0, 0xd, 0xf3, 0x9f,
    0x70, 0x0, 0x6, 0xf9, 0x9f, 0x30, 0x0, 0x2,
    0xfc, 0x9f, 0x20, 0x0, 0x1, 0xfd, 0x9f, 0x20,
    0x0, 0x2, 0xfc, 0x9f, 0x50, 0x0, 0x6, 0xf8,
    0x9f, 0xd1, 0x0, 0x1e, 0xf2, 0x9f, 0xde, 0x99,
    0xef, 0x70, 0x9f, 0x29, 0xef, 0xc4, 0x0,

    /* U+1E04 "Ḅ" */
    0x7f, 0xff, 0xff, 0xfe, 0xa3, 0x0, 0x7f, 0xec,
    0xcc, 0xce, 0xff, 0x50, 0x7f, 0x80, 0x0, 0x0,
    0x5f, 0xe0, 0x7f, 0x80, 0x0, 0x0, 0xd, 0xf2,
    0x7f, 0x80, 0x0, 0x0, 0xe, 0xf1, 0x7f, 0x80,
    0x0, 0x1, 0x9f, 0xb0, 0x7f, 0xff, 0xff, 0xff,
    0xfb, 0x10, 0x7f, 0xec, 0xcc, 0xce, 0xfc, 0x40,
    0x7f, 0x80, 0x0, 0x0, 0x3e, 0xf3, 0x7f, 0x80,
    0x0, 0x0, 0x5, 0xfb, 0x7f, 0x80, 0x0, 0x0,
    0x2, 0xfe, 0x7f, 0x80, 0x0, 0x0, 0x5, 0xfc,
    0x7f, 0x80, 0x0, 0x0, 0x2d, 0xf7, 0x7f, 0xec,
    0xcc, 0xcd, 0xff, 0xc0, 0x7f, 0xff, 0xff, 0xfe,
    0xc7, 0x0, 0x0, 0x0, 0x0, 0x0, 0x0, 0x0,
    0x0, 0x0, 0x1, 0x0, 0x0, 0x0, 0x0, 0x0,
    0x5f, 0x80, 0x0, 0x0, 0x0, 0x0, 0x5f, 0x80,
    0x0, 0x0,

    /* U+1E05 "ḅ" */
    0x9f, 0x40, 0x0, 0x0, 0x0, 0x9f, 0x40, 0x0,
    0x0, 0x0, 0x9f, 0x40, 0x0, 0x0, 0x0, 0x9f,
    0x40, 0x0, 0x0, 0x0, 0x9f, 0x49, 0xef, 0xd6,
    0x0, 0x9f, 0xee, 0x98, 0xef, 0x80, 0x9f, 0xe1,
    0x0, 0xd, 0xf3, 0x9f, 0x70, 0x0, 0x6, 0xf9,
    0x9f, 0x30, 0x0, 0x2, 0xfc, 0x9f, 0x20, 0x0,
    0x1, 0xfd, 0x9f, 0x20, 0x0, 0x2, 0xfc, 0x9f,
    0x50, 0x0, 0x6, 0xf8, 0x9f, 0xd1, 0x0, 0x1e,
    0xf2, 0x9f, 0xde, 0x99, 0xef, 0x70, 0x9f, 0x29,
    0xef, 0xc4, 0x0, 0x0, 0x0, 0x0, 0x0, 0x0,
    0x0, 0x0, 0x11, 0x0, 0x0, 0x0, 0x1, 0xfd,
    0x0, 0x0, 0x0, 0x1, 0xfd, 0x0, 0x0,

    /* U+1E06 "Ḇ" */
    0x7f, 0xff, 0xff, 0xfe, 0xa3, 0x0, 0x7f, 0xec,
    0xcc, 0xce, 0xff, 0x50, 0x7f, 0x80, 0x0, 0x0,
    0x7f, 0xe0, 0x7f, 0x80, 0x0, 0x0, 0xe, 0xf2,
    0x7f, 0x80, 0x0, 0x0, 0xd, 0xf1, 0x7f, 0x80,
    0x0, 0x0, 0xf, 0xb0, 0x7f, 0x80, 0x0, 0x2,
    0xab, 0x10, 0x7f, 0xff, 0xff, 0xff, 0xfc, 0x40,
    0x7f, 0xec, 0xcc, 0xcd, 0xff, 0xf3, 0x7f, 0x80,
    0x0, 0x0, 0x1c, 0xfb, 0x7f, 0x80, 0x0, 0x0,
    0x4, 0xfe, 0x7f, 0x80, 0x0, 0x0, 0x3, 0xfc,
    0x7f, 0x80, 0x0, 0x0, 0x1c, 0xf7, 0x7f, 0xec,
    0xcc, 0xcd, 0xff, 0xc0, 0x7f, 0xff, 0xff, 0xfe,
    0xc7, 0x0, 0x0, 0x0, 0x0, 0x0, 0x0, 0x0,
    0x0, 0x0, 0x0, 0x0, 0x0, 0x0, 0x0, 0x78,
    0x88, 0x88, 0x40, 0x0, 0x0, 0xef, 0xff, 0xff,
    0x80, 0x0,

    /* U+1E07 "ḇ" */
    0x9f, 0x40, 0x0, 0x0, 0x0, 0x9f, 0x40, 0x0,
    0x0, 0x0, 0x9f, 0x40, 0x0, 0x0, 0x0, 0x9f,
    0x40, 0x0, 0x0, 0x0, 0x9f, 0x49, 0xef, 0xd6,
    0x0, 0x9f, 0xee, 0x98, 0xef, 0x80, 0x9f, 0xe1,
    0x0, 0xd, 0xf3, 0x9f, 0x70, 0x0, 0x6, 0xf9,
    0x9f, 0x30, 0x0, 0x2, 0xfc, 0x9f, 0x20, 0x0,
    0x1, 0xfd, 0x9f, 0x20, 0x0, 0x2, 0xfc, 0x9f,
    0x50, 0x0, 0x6, 0xf8, 0x9f, 0xd1, 0x0, 0x1e,
    0xf2, 0x9f, 0xde, 0x99, 0xef, 0x70, 0x9f, 0x29,
    0xef, 0xc4, 0x0, 0x0, 0x0, 0x0, 0x0, 0x0,
    0x0, 0x0, 0x0, 0x0, 0x0, 0x5, 0x88, 0x88,
    0x86, 0x0, 0x9, 0xff, 0xff, 0xfc, 0x0,

    /* U+1E08 "Ḉ" */
    0x0, 0x0, 0x0, 0xd, 0xf6, 0x0, 0x0, 0x0,
    0x0, 0x0, 0x5f, 0x90, 0x0, 0x0, 0x0, 0x0,
    0x0, 0xaa, 0x0, 0x0, 0x0, 0x0, 0x0, 0x0,
    0x0, 0x0, 0x0, 0x0, 0x0, 0x1, 0x8d, 0xff,
    0xd9, 0x20, 0x0, 0x0, 0x6f, 0xfe, 0xbb, 0xef,
    0xf6, 0x0, 0x6, 0xfe, 0x50, 0x0, 0x6, 0xff,
    0x40, 0x1f, 0xf3, 0x0, 0x0, 0x0, 0x7f, 0xc0,
    0x7f, 0xa0, 0x0, 0x0, 0x0, 0x9, 0x60, 0xbf,
    0x50, 0x0, 0x0, 0x0, 0x0, 0x0, 0xdf, 0x20,
    0x0, 0x0, 0x0, 0x0, 0x0, 0xef, 0x20, 0x0,
    0x0, 0x0, 0x0, 0x0, 0xdf, 0x20, 0x0, 0x0,
    0x0, 0x0, 0x0, 0xbf, 0x50, 0x0, 0x0, 0x0,
    0x2, 0x0, 0x7f, 0x90, 0x0, 0x0, 0x0, 0xe,
    0xf3, 0x1f, 0xf2, 0x0, 0x0, 0x0, 0x6f, 0xd0,
    0x7, 0xfe, 0x40, 0x0, 0x6, 0xff, 0x50, 0x0,
    0x8f, 0xfd, 0xab, 0xef, 0xf7, 0x0, 0x0, 0x3,
    0xae, 0xff, 0xea, 0x30, 0x0, 0x0, 0x0, 0x3,
    0xf8, 0x0, 0x0, 0x0, 0x0, 0x0, 0x3, 0x7f,
    0xb0, 0x0, 0x0, 0x0, 0x0, 0x23, 0x5f, 0xd0,
    0x0, 0x0, 0x0, 0x0, 0xaf, 0xeb, 0x30, 0x0,
    0x0,

    /* U+1E09 "ḉ" */
    0x0, 0x0, 0x3, 0xfe, 0x20, 0x0, 0x0, 0x0,
    0xaf, 0x40, 0x0, 0x0, 0x0, 0x1d, 0x70, 0x0,
    0x0, 0x0, 0x0, 0x0, 0x0, 0x0, 0x0, 0x7,
    0xdf, 0xea, 0x30, 0x0, 0xc, 0xfc, 0x89, 0xff,
    0x30, 0x7, 0xfa, 0x0, 0x3, 0xfc, 0x0, 0xdf,
    0x10, 0x0, 0x8, 0x80, 0x1f, 0xd0, 0x0, 0x0,
    0x0, 0x2, 0xfb, 0x0, 0x0, 0x0, 0x0, 0x1f,
    0xc0, 0x0, 0x0, 0x0, 0x0, 0xfe, 0x0, 0x0,
    0x7, 0xa2, 0xa, 0xf4, 0x0, 0x0, 0xef, 0x0,
    0x3f, 0xe4, 0x2, 0xaf, 0x80, 0x0, 0x5f, 0xff,
    0xff, 0x90, 0x0, 0x0, 0x9, 0xf6, 0x20, 0x0,
    0x0, 0x0, 0x6e, 0xd3, 0x0, 0x0, 0x0, 0x13,
    0x7f, 0x70, 0x0, 0x0, 0x7, 0xfe, 0xa1, 0x0,
    0x0,

    /* U+1E0A "Ḋ" */
    0x0, 0x0, 0x0, 0x10, 0x0, 0x0, 0x0, 0x0,
    0x0, 0xb, 0xf2, 0x0, 0x0, 0x0, 0x0, 0x0,
    0xb, 0xf2, 0x0, 0x0, 0x0, 0x0, 0x0, 0x0,
    0x0, 0x0, 0x0, 0x0, 0x5f, 0xff, 0xff, 0xfe,
    0xc7, 0x0, 0x0, 0x5f, 0xec, 0xcc, 0xcd, 0xff,
    0xd1, 0x0, 0x5f, 0xa0, 0x0, 0x0, 0x2c, 0xfc,
    0x0, 0x5f, 0xa0, 0x0, 0x0, 0x0, 0xdf, 0x50,
    0x5f, 0xa0, 0x0, 0x0, 0x0, 0x6f, 0xb0, 0x5f,
    0xa0, 0x0, 0x0, 0x0, 0x2f, 0xf0, 0x5f, 0xa0,
    0x0, 0x0, 0x0, 0xf, 0xf0, 0x5f, 0xa0, 0x0,
    0x0, 0x0, 0xf, 0xf1, 0x5f, 0xa0, 0x0, 0x0,
    0x0, 0xf, 0xf0, 0x5f, 0xa0, 0x0, 0x0, 0x0,
    0x2f, 0xe0, 0x5f, 0xa0, 0x0, 0x0, 0x0, 0x6f,
    0xa0, 0x5f, 0xa0, 0x0, 0x0, 0x0, 0xef, 0x40,
    0x5f, 0xa0, 0x0, 0x0, 0x2c, 0xfb, 0x0, 0x5f,
    0xec, 0xcc, 0xce, 0xff, 0xc1, 0x0, 0x5f, 0xff,
    0xff, 0xfe, 0xb6, 0x0, 0x0,

    /* U+1E0B "ḋ" */
    0x0, 0x0, 0x4f, 0x90, 0x0, 0x0, 0x0, 0x4,
    0xf9, 0x0, 0x0, 0x0, 0x0, 0x1, 0x0, 0x0,
    0x0, 0x0, 0x0, 0x0, 0x0, 0x0, 0x0, 0x0,
    0x0, 0x0, 0xaf, 0x30, 0x0, 0x0, 0x0, 0xa,
    0xf3, 0x0, 0x0, 0x0, 0x0, 0xaf, 0x30, 0x0,
    0x0, 0x0, 0xa, 0xf3, 0x0, 0x19, 0xef, 0xd5,
    0xaf, 0x30, 0x1d, 0xfb, 0x8a, 0xfe, 0xf3, 0x9,
    0xf7, 0x0, 0x6, 0xff, 0x30, 0xff, 0x0, 0x0,
    0xd, 0xf3, 0x2f, 0xc0, 0x0, 0x0, 0x9f, 0x33,
    0xfa, 0x0, 0x0, 0x8, 0xf3, 0x2f, 0xb0, 0x0,
    0x0, 0x9f, 0x30, 0xef, 0x0, 0x0, 0xc, 0xf3,
    0x8, 0xf9, 0x0, 0x6, 0xff, 0x30, 0xc, 0xfc,
    0x8b, 0xfd, 0xf3, 0x0, 0x8, 0xef, 0xd5, 0x8f,
    0x30,

    /* U+1E0C "Ḍ" */
    0x5f, 0xff, 0xff, 0xfe, 0xc7, 0x0, 0x0, 0x5f,
    0xec, 0xcc, 0xcd, 0xff, 0xd1, 0x0, 0x5f, 0xa0,
    0x0, 0x0, 0x2c, 0xfc, 0x0, 0x5f, 0xa0, 0x0,
    0x0, 0x0, 0xdf, 0x50, 0x5f, 0xa0, 0x0, 0x0,
    0x0, 0x6f, 0xb0, 0x5f, 0xa0, 0x0, 0x0, 0x0,
    0x2f, 0xf0, 0x5f, 0xa0, 0x0, 0x0, 0x0, 0xf,
    0xf0, 0x5f, 0xa0, 0x0, 0x0, 0x0, 0xf, 0xf1,
    0x5f, 0xa0, 0x0, 0x0, 0x0, 0xf, 0xf0, 0x5f,
    0xa0, 0x0, 0x0, 0x0, 0x2f, 0xe0, 0x5f, 0xa0,
    0x0, 0x0, 0x0, 0x6f, 0xa0, 0x5f, 0xa0, 0x0,
    0x0, 0x0, 0xef, 0x40, 0x5f, 0xa0, 0x0, 0x0,
    0x2c, 0xfb, 0x0, 0x5f, 0xec, 0xcc, 0xce, 0xff,
    0xc1, 0x0, 0x5f, 0xff, 0xff, 0xfe, 0xb6, 0x0,
    0x0, 0x0, 0x0, 0x0, 0x0, 0x0, 0x0, 0x0,
    0x0, 0x0, 0x1, 0x10, 0x0, 0x0, 0x0, 0x0,
    0x0, 0xe, 0xf0, 0x0, 0x0, 0x0, 0x0, 0x0,
    0xe, 0xf0, 0x0, 0x0, 0x0,

    /* U+1E0D "ḍ" */
    0x0, 0x0, 0x0, 0x0, 0xaf, 0x30, 0x0, 0x0,
    0x0, 0xa, 0xf3, 0x0, 0x0, 0x0, 0x0, 0xaf,
    0x30, 0x0, 0x0, 0x0, 0xa, 0xf3, 0x0, 0x19,
    0xef, 0xd5, 0xaf, 0x30, 0x1d, 0xfb, 0x8a, 0xfe,
    0xf3, 0x9, 0xf7, 0x0, 0x6, 0xff, 0x30, 0xff,
    0x0, 0x0, 0xd, 0xf3, 0x2f, 0xc0, 0x0, 0x0,
    0x9f, 0x33, 0xfa, 0x0, 0x0, 0x8, 0xf3, 0x2f,
    0xb0, 0x0, 0x0, 0x9f, 0x30, 0xef, 0x0, 0x0,
    0xc, 0xf3, 0x8, 0xf9, 0x0, 0x6, 0xff, 0x30,
    0xc, 0xfc, 0x8b, 0xfd, 0xf3, 0x0, 0x8, 0xef,
    0xd5, 0x8f, 0x30, 0x0, 0x0, 0x0, 0x0, 0x0,
    0x0, 0x0, 0x1, 0x0, 0x0, 0x0, 0x0, 0x3,
    0xfb, 0x0, 0x0, 0x0, 0x0, 0x3f, 0xb0, 0x0,
    0x0,

    /* U+1E0E "Ḏ" */
    0x5f, 0xff, 0xff, 0xfe, 0xc7, 0x0, 0x0, 0x5f,
    0xec, 0xcc, 0xcd, 0xff, 0xd1, 0x0, 0x5f, 0xa0,
    0x0, 0x0, 0x2c, 0xfc, 0x0, 0x5f, 0xa0, 0x0,
    0x0, 0x0, 0xdf, 0x50, 0x5f, 0xa0, 0x0, 0x0,
    0x0, 0x6f, 0xb0, 0x5f, 0xa0, 0x0, 0x0, 0x0,
    0x2f, 0xf0, 0x5f, 0xa0, 0x0, 0x0, 0x0, 0xf,
    0xf0, 0x5f, 0xa0, 0x0, 0x0, 0x0, 0xf, 0xf1,
    0x5f, 0xa0, 0x0, 0x0, 0x0, 0xf, 0xf0, 0x5f,
    0xa0, 0x0, 0x0, 0x0, 0x2f, 0xe0, 0x5f, 0xa0,
    0x0, 0x0, 0x0, 0x6f, 0xa0, 0x5f, 0xa0, 0x0,
    0x0, 0x0, 0xef, 0x40, 0x5f, 0xa0, 0x0, 0x0,
    0x2c, 0xfb, 0x0, 0x5f, 0xec, 0xcc, 0xce, 0xff,
    0xc1, 0x0, 0x5f, 0xff, 0xff, 0xfe, 0xb6, 0x0,
    0x0, 0x0, 0x0, 0x0, 0x0, 0x0, 0x0, 0x0,
    0x0, 0x0, 0x0, 0x0, 0x0, 0x0, 0x0, 0x0,
    0x28, 0x88, 0x88, 0x81, 0x0, 0x0, 0x0, 0x4f,
    0xff, 0xff, 0xf2, 0x0, 0x0,

    /* U+1E0F "ḏ" */
    0x0, 0x0, 0x0, 0x0, 0xaf, 0x30, 0x0, 0x0,
    0x0, 0xa, 0xf3, 0x0, 0x0, 0x0, 0x0, 0xaf,
    0x30, 0x0, 0x0, 0x0, 0xa, 0xf3, 0x0, 0x19,
    0xef, 0xd5, 0xaf, 0x30, 0x1d, 0xfb, 0x8a, 0xfe,
    0xf3, 0x9, 0xf7, 0x0, 0x6, 0xff, 0x30, 0xff,
    0x0, 0x0, 0xd, 0xf3, 0x2f, 0xc0, 0x0, 0x0,
    0x9f, 0x33, 0xfa, 0x0, 0x0, 0x8, 0xf3, 0x2f,
    0xb0, 0x0, 0x0, 0x9f, 0x30, 0xef, 0x0, 0x0,
    0xc, 0xf3, 0x8, 0xf9, 0x0, 0x6, 0xff, 0x30,
    0xc, 0xfc, 0x8b, 0xfd, 0xf3, 0x0, 0x8, 0xef,
    0xd5, 0x8f, 0x30, 0x0, 0x0, 0x0, 0x0, 0x0,
    0x0, 0x0, 0x0, 0x0, 0x0, 0x0, 0x5, 0x88,
    0x88, 0x86, 0x0, 0x0, 0xaf, 0xff, 0xff, 0xc0,
    0x0,

    /* U+1E10 "Ḑ" */
    0x5f, 0xff, 0xff, 0xfe, 0xc7, 0x0, 0x0, 0x5f,
    0xec, 0xcc, 0xcd, 0xff, 0xd1, 0x0, 0x5f, 0xa0,
    0x0, 0x0, 0x2c, 0xfc, 0x0, 0x5f, 0xa0, 0x0,
    0x0, 0x0, 0xdf, 0x50, 0x5f, 0xa0, 0x0, 0x0,
    0x0, 0x6f, 0xb0, 0x5f, 0xa0, 0x0, 0x0, 0x0,
    0x2f, 0xe0, 0x5f, 0xa0, 0x0, 0x0, 0x0, 0xf,
    0xf0, 0x5f, 0xa0, 0x0, 0x0, 0x0, 0xf, 0xf1,
    0x5f, 0xa0, 0x0, 0x0, 0x0, 0xf, 0xf0, 0x5f,
    0xa0, 0x0, 0x0, 0x0, 0x2f, 0xe0, 0x5f, 0xa0,
    0x0, 0x0, 0x0, 0x6f, 0xb0, 0x5f, 0xa0, 0x0,
    0x0, 0x0, 0xef, 0x50, 0x5f, 0xa0, 0x0, 0x0,
    0x2c, 0xfc, 0x0, 0x5f, 0xeb, 0xbb, 0xcd, 0xff,
    0xd1, 0x0, 0x5f, 0xff, 0xff, 0xfe, 0xc7, 0x0,
    0x0, 0x0, 0x0, 0xe, 0x80, 0x0, 0x0, 0x0,
    0x0, 0x0, 0x18, 0xec, 0x0, 0x0, 0x0, 0x0,
    0x1, 0x45, 0xdf, 0x0, 0x0, 0x0, 0x0, 0x4,
    0xff, 0xc4, 0x0, 0x0, 0x0,

    /* U+1E11 "ḑ" */
    0x0, 0x0, 0x0, 0x0, 0xaf, 0x30, 0x0, 0x0,
    0x0, 0xa, 0xf3, 0x0, 0x0, 0x0, 0x0, 0xaf,
    0x30, 0x0, 0x0, 0x0, 0xa, 0xf3, 0x0, 0x19,
    0xef, 0xd5, 0xaf, 0x30, 0x1d, 0xfb, 0x8a, 0xfe,
    0xf3, 0x9, 0xf7, 0x0, 0x5, 0xff, 0x30, 0xfe,
    0x0, 0x0, 0xd, 0xf3, 0x2f, 0xb0, 0x0, 0x0,
    0x9f, 0x33, 0xfa, 0x0, 0x0, 0x8, 0xf3, 0x2f,
    0xc0, 0x0, 0x0, 0x9f, 0x30, 0xff, 0x10, 0x0,
    0xe, 0xf3, 0x9, 0xfc, 0x10, 0x9, 0xff, 0x30,
    0x1e, 0xff, 0xdf, 0xfb, 0xf3, 0x0, 0x1b, 0xff,
    0xb3, 0x8f, 0x30, 0x0, 0x6, 0xf5, 0x0, 0x0,
    0x0, 0x0, 0x3, 0xf8, 0x0, 0x0, 0x0, 0x24,
    0x7f, 0x90, 0x0, 0x0, 0x9, 0xfe, 0xa1, 0x0,
    0x0,

    /* U+1E12 "Ḓ" */
    0x5f, 0xff, 0xff, 0xfe, 0xc7, 0x0, 0x0, 0x5f,
    0xec, 0xcc, 0xcd, 0xff, 0xd1, 0x0, 0x5f, 0xa0,
    0x0, 0x0, 0x2c, 0xfc, 0x0, 0x5f, 0xa0, 0x0,
    0x0, 0x0, 0xdf, 0x50, 0x5f, 0xa0, 0x0, 0x0,
    0x0, 0x6f, 0xb0, 0x5f, 0xa0, 0x0, 0x0, 0x0,
    0x2f, 0xf0, 0x5f, 0xa0, 0x0, 0x0, 0x0, 0xf,
    0xf0, 0x5f, 0xa0, 0x0, 0x0, 0x0, 0xf, 0xf1,
    0x5f, 0xa0, 0x0, 0x0, 0x0, 0xf, 0xf0, 0x5f,
    0xa0, 0x0, 0x0, 0x0, 0x2f, 0xe0, 0x5f, 0xa0,
    0x0, 0x0, 0x0, 0x6f, 0xa0, 0x5f, 0xa0, 0x0,
    0x0, 0x0, 0xef, 0x40, 0x5f, 0xa0, 0x0, 0x0,
    0x2c, 0xfb, 0x0, 0x5f, 0xec, 0xcc, 0xce, 0xff,
    0xc1, 0x0, 0x5f, 0xff, 0xff, 0xfe, 0xb6, 0x0,
    0x0, 0x0, 0x0, 0x0, 0x0, 0x0, 0x0, 0x0,
    0x0, 0x0, 0x49, 0x90, 0x0, 0x0, 0x0, 0x0,
    0x2, 0xed, 0xeb, 0x0, 0x0, 0x0, 0x0, 0x1d,
    0xf2, 0x5f, 0xa0, 0x0, 0x0,

    /* U+1E13 "ḓ" */
    0x0, 0x0, 0x0, 0x0, 0xaf, 0x30, 0x0, 0x0,
    0x0, 0xa, 0xf3, 0x0, 0x0, 0x0, 0x0, 0xaf,
    0x30, 0x0, 0x0, 0x0, 0xa, 0xf3, 0x0, 0x19,
    0xef, 0xd5, 0xaf, 0x30, 0x1d, 0xfb, 0x8a, 0xfe,
    0xf3, 0x9, 0xf7, 0x0, 0x6, 0xff, 0x30, 0xff,
    0x0, 0x0, 0xd, 0xf3, 0x2f, 0xc0, 0x0, 0x0,
    0x9f, 0x33, 0xfa, 0x0, 0x0, 0x8, 0xf3, 0x2f,
    0xb0, 0x0, 0x0, 0x9f, 0x30, 0xef, 0x0, 0x0,
    0xc, 0xf3, 0x8, 0xf9, 0x0, 0x6, 0xff, 0x30,
    0xc, 0xfc, 0x8b, 0xfd, 0xf3, 0x0, 0x8, 0xef,
    0xd5, 0x8f, 0x30, 0x0, 0x0, 0x0, 0x0, 0x0,
    0x0, 0x0, 0x6c, 0xb1, 0x0, 0x0, 0x0, 0x3f,
    0xce, 0xc0, 0x0, 0x0, 0x1e, 0xe1, 0x5f, 0xa0,
    0x0,

    /* U+1E14 "Ḕ" */
    0x0, 0x1, 0xcd, 0x30, 0x0, 0x0, 0x0, 0x0,
    0x5f, 0xa0, 0x0, 0x0, 0x0, 0x0, 0x8, 0xf2,
    0x0, 0x0, 0x0, 0x0, 0x0, 0x0, 0x0, 0x0,
    0x0, 0x2f, 0xff, 0xff, 0xf3, 0x0, 0x0, 0x18,
    0x88, 0x88, 0x81, 0x0, 0x0, 0x0, 0x0, 0x0,
    0x0, 0x0, 0x5f, 0xff, 0xff, 0xff, 0xff, 0xf8,
    0x5f, 0xec, 0xcc, 0xcc, 0xcc, 0xc6, 0x5f, 0xa0,
    0x0, 0x0, 0x0, 0x0, 0x5f, 0xa0, 0x0, 0x0,
    0x0, 0x0, 0x5f, 0xa0, 0x0, 0x0, 0x0, 0x0,
    0x5f, 0xa0, 0x0, 0x0, 0x0, 0x0, 0x5f, 0xec,
    0xcc, 0xcc, 0xcc, 0xb0, 0x5f, 0xff, 0xff, 0xff,
    0xff, 0xf0, 0x5f, 0xa0, 0x0, 0x0, 0x0, 0x0,
    0x5f, 0xa0, 0x0, 0x0, 0x0, 0x0, 0x5f, 0xa0,
    0x0, 0x0, 0x0, 0x0, 0x5f, 0xa0, 0x0, 0x0,
    0x0, 0x0, 0x5f, 0xa0, 0x0, 0x0, 0x0, 0x0,
    0x5f, 0xec, 0xcc, 0xcc, 0xcc, 0xca, 0x5f, 0xff,
    0xff, 0xff, 0xff, 0xfe,

    /* U+1E15 "ḕ" */
    0x0, 0x6, 0xdb, 0x0, 0x0, 0x0, 0x0, 0xb,
    0xf4, 0x0, 0x0, 0x0, 0x0, 0xd, 0xc0, 0x0,
    0x0, 0x0, 0x0, 0x0, 0x0, 0x0, 0x0, 0x3f,
    0xff, 0xff, 0xf3, 0x0, 0x1, 0x88, 0x88, 0x88,
    0x10, 0x0, 0x0, 0x0, 0x0, 0x0, 0x0, 0x0,
    0x0, 0x0, 0x0, 0x0, 0x0, 0x7, 0xdf, 0xeb,
    0x40, 0x0, 0xb, 0xfd, 0x89, 0xef, 0x70, 0x7,
    0xfa, 0x0, 0x0, 0xcf, 0x30, 0xdf, 0x10, 0x0,
    0x4, 0xf9, 0x1f, 0xf8, 0x88, 0x88, 0x8f, 0xc2,
    0xff, 0xff, 0xff, 0xff, 0xfd, 0x1f, 0xc0, 0x0,
    0x0, 0x0, 0x0, 0xef, 0x10, 0x0, 0x2, 0x85,
    0x8, 0xfb, 0x0, 0x0, 0xbf, 0x60, 0xc, 0xfd,
    0x99, 0xdf, 0xb0, 0x0, 0x7, 0xcf, 0xfc, 0x60,
    0x0,

    /* U+1E16 "Ḗ" */
    0x0, 0x0, 0x0, 0xcd, 0x40, 0x0, 0x0, 0x0,
    0x6, 0xf8, 0x0, 0x0, 0x0, 0x0, 0xe, 0xc0,
    0x0, 0x0, 0x0, 0x0, 0x0, 0x0, 0x0, 0x0,
    0x0, 0x2f, 0xff, 0xff, 0xf4, 0x0, 0x0, 0x18,
    0x88, 0x88, 0x82, 0x0, 0x0, 0x0, 0x0, 0x0,
    0x0, 0x0, 0x5f, 0xff, 0xff, 0xff, 0xff, 0xf8,
    0x5f, 0xec, 0xcc, 0xcc, 0xcc, 0xc6, 0x5f, 0xa0,
    0x0, 0x0, 0x0, 0x0, 0x5f, 0xa0, 0x0, 0x0,
    0x0, 0x0, 0x5f, 0xa0, 0x0, 0x0, 0x0, 0x0,
    0x5f, 0xa0, 0x0, 0x0, 0x0, 0x0, 0x5f, 0xec,
    0xcc, 0xcc, 0xcc, 0xb0, 0x5f, 0xff, 0xff, 0xff,
    0xff, 0xf0, 0x5f, 0xa0, 0x0, 0x0, 0x0, 0x0,
    0x5f, 0xa0, 0x0, 0x0, 0x0, 0x0, 0x5f, 0xa0,
    0x0, 0x0, 0x0, 0x0, 0x5f, 0xa0, 0x0, 0x0,
    0x0, 0x0, 0x5f, 0xa0, 0x0, 0x0, 0x0, 0x0,
    0x5f, 0xec, 0xcc, 0xcc, 0xcc, 0xca, 0x5f, 0xff,
    0xff, 0xff, 0xff, 0xfe,

    /* U+1E17 "ḗ" */
    0x0, 0x0, 0x1, 0xdd, 0x20, 0x0, 0x0, 0x0,
    0x9f, 0x60, 0x0, 0x0, 0x0, 0x1f, 0x90, 0x0,
    0x0, 0x0, 0x0, 0x0, 0x0, 0x0, 0x0, 0x3f,
    0xff, 0xff, 0xf3, 0x0, 0x1, 0x88, 0x88, 0x88,
    0x10, 0x0, 0x0, 0x0, 0x0, 0x0, 0x0, 0x0,
    0x0, 0x0, 0x0, 0x0, 0x0, 0x7, 0xdf, 0xeb,
    0x40, 0x0, 0xb, 0xfd, 0x89, 0xef, 0x70, 0x7,
    0xfa, 0x0, 0x0, 0xcf, 0x30, 0xdf, 0x10, 0x0,
    0x4, 0xf9, 0x1f, 0xf8, 0x88, 0x88, 0x8f, 0xc2,
    0xff, 0xff, 0xff, 0xff, 0xfd, 0x1f, 0xc0, 0x0,
    0x0, 0x0, 0x0, 0xef, 0x10, 0x0, 0x2, 0x85,
    0x8, 0xfb, 0x0, 0x0, 0xbf, 0x60, 0xc, 0xfd,
    0x99, 0xdf, 0xb0, 0x0, 0x7, 0xcf, 0xfc, 0x60,
    0x0,

    /* U+1E18 "Ḙ" */
    0x5f, 0xff, 0xff, 0xff, 0xff, 0xf8, 0x5f, 0xec,
    0xcc, 0xcc, 0xcc, 0xc6, 0x5f, 0xa0, 0x0, 0x0,
    0x0, 0x0, 0x5f, 0xa0, 0x0, 0x0, 0x0, 0x0,
    0x5f, 0xa0, 0x0, 0x0, 0x0, 0x0, 0x5f, 0xa0,
    0x0, 0x0, 0x0, 0x0, 0x5f, 0xff, 0xff, 0xff,
    0xff, 0xf0, 0x5f, 0xec, 0xcc, 0xcc, 0xcc, 0xb0,
    0x5f, 0xa0, 0x0, 0x0, 0x0, 0x0, 0x5f, 0xa0,
    0x0, 0x0, 0x0, 0x0, 0x5f, 0xa0, 0x0, 0x0,
    0x0, 0x0, 0x5f, 0xa0, 0x0, 0x0, 0x0, 0x0,
    0x5f, 0xa0, 0x0, 0x0, 0x0, 0x0, 0x5f, 0xec,
    0xcc, 0xcc, 0xcc, 0xca, 0x5f, 0xff, 0xff, 0xff,
    0xff, 0xfe, 0x0, 0x0, 0x0, 0x0, 0x0, 0x0,
    0x0, 0x0, 0x19, 0x93, 0x0, 0x0, 0x0, 0x0,
    0xcf, 0xce, 0x20, 0x0, 0x0, 0xa, 0xf5, 0x1f,
    0xd1, 0x0,

    /* U+1E19 "ḙ" */
    0x0, 0x7, 0xdf, 0xfc, 0x50, 0x0, 0xb, 0xfc,
    0x89, 0xdf, 0x90, 0x7, 0xf8, 0x0, 0x0, 0xaf,
    0x40, 0xdf, 0x0, 0x0, 0x2, 0xfa, 0x1f, 0xff,
    0xff, 0xff, 0xff, 0xc2, 0xfd, 0x88, 0x88, 0x88,
    0x86, 0x1f, 0xe0, 0x0, 0x0, 0x0, 0x0, 0xef,
    0x30, 0x0, 0x4, 0xd7, 0x8, 0xfc, 0x0, 0x0,
    0xdf, 0x40, 0xc, 0xfe, 0x99, 0xef, 0x90, 0x0,
    0x7, 0xcf, 0xec, 0x60, 0x0, 0x0, 0x0, 0x0,
    0x0, 0x0, 0x0, 0x0, 0x2c, 0xc4, 0x0, 0x0,
    0x0, 0x1d, 0xec, 0xf2, 0x0, 0x0, 0xb, 0xf5,
    0x1f, 0xd1, 0x0,

    /* U+1E1A "Ḛ" */
    0x5f, 0xff, 0xff, 0xff, 0xff, 0xf8, 0x5f, 0xec,
    0xcc, 0xcc, 0xcc, 0xc6, 0x5f, 0xa0, 0x0, 0x0,
    0x0, 0x0, 0x5f, 0xa0, 0x0, 0x0, 0x0, 0x0,
    0x5f, 0xa0, 0x0, 0x0, 0x0, 0x0, 0x5f, 0xa0,
    0x0, 0x0, 0x0, 0x0, 0x5f, 0xec, 0xcc, 0xcc,
    0xcc, 0xb0, 0x5f, 0xff, 0xff, 0xff, 0xff, 0xf0,
    0x5f, 0xa0, 0x0, 0x0, 0x0, 0x0, 0x5f, 0xa0,
    0x0, 0x0, 0x0, 0x0, 0x5f, 0xa0, 0x0, 0x0,
    0x0, 0x0, 0x5f, 0xa0, 0x0, 0x0, 0x0, 0x0,
    0x5f, 0xa0, 0x0, 0x0, 0x0, 0x0, 0x5f, 0xec,
    0xcc, 0xcc, 0xcc, 0xca, 0x5f, 0xff, 0xff, 0xff,
    0xff, 0xfe, 0x0, 0x0, 0x0, 0x0, 0x0, 0x0,
    0x0, 0x0, 0x0, 0x0, 0x0, 0x0, 0x0, 0x8,
    0xff, 0xb8, 0xe9, 0x0, 0x0, 0x1f, 0x86, 0xbf,
    0xc2, 0x0,

    /* U+1E1B "ḛ" */
    0x0, 0x7, 0xdf, 0xeb, 0x30, 0x0, 0xb, 0xfe,
    0x99, 0xef, 0x50, 0x7, 0xfc, 0x0, 0x1, 0xdf,
    0x20, 0xdf, 0x30, 0x0, 0x5, 0xf8, 0x1f, 0xe0,
    0x0, 0x0, 0x1f, 0xb2, 0xff, 0xff, 0xff, 0xff,
    0xfd, 0x1f, 0xe8, 0x88, 0x88, 0x88, 0x60, 0xee,
    0x0, 0x0, 0x0, 0x42, 0x8, 0xf9, 0x0, 0x0,
    0xaf, 0x70, 0xc, 0xfd, 0x98, 0xdf, 0xc0, 0x0,
    0x7, 0xcf, 0xfd, 0x70, 0x0, 0x0, 0x0, 0x0,
    0x0, 0x0, 0x0, 0x0, 0x0, 0x0, 0x10, 0x0,
    0x0, 0xbf, 0xea, 0x8f, 0x50, 0x0, 0x4f, 0x67,
    0xcf, 0xa0, 0x0,

    /* U+1E1C "Ḝ" */
    0x0, 0x7, 0xd2, 0x4, 0xf3, 0x0, 0x0, 0x0,
    0xbf, 0xff, 0x80, 0x0, 0x0, 0x0, 0x1, 0x30,
    0x0, 0x0, 0x0, 0x0, 0x0, 0x0, 0x0, 0x0,
    0x5f, 0xff, 0xff, 0xff, 0xff, 0xf8, 0x5f, 0xec,
    0xcc, 0xcc, 0xcc, 0xc6, 0x5f, 0xa0, 0x0, 0x0,
    0x0, 0x0, 0x5f, 0xa0, 0x0, 0x0, 0x0, 0x0,
    0x5f, 0xa0, 0x0, 0x0, 0x0, 0x0, 0x5f, 0xa0,
    0x0, 0x0, 0x0, 0x0, 0x5f, 0xec, 0xcc, 0xcc,
    0xcc, 0xb0, 0x5f, 0xff, 0xff, 0xff, 0xff, 0xf0,
    0x5f, 0xa0, 0x0, 0x0, 0x0, 0x0, 0x5f, 0xa0,
    0x0, 0x0, 0x0, 0x0, 0x5f, 0xa0, 0x0, 0x0,
    0x0, 0x0, 0x5f, 0xa0, 0x0, 0x0, 0x0, 0x0,
    0x5f, 0xa0, 0x0, 0x0, 0x0, 0x0, 0x5f, 0xec,
    0xcc, 0xcc, 0xcc, 0xca, 0x5f, 0xff, 0xff, 0xff,
    0xff, 0xfe, 0x0, 0x0, 0x8, 0xe0, 0x0, 0x0,
    0x0, 0x0, 0x5, 0xbf, 0x30, 0x0, 0x0, 0x0,
    0x34, 0x9f, 0x60, 0x0, 0x0, 0x0, 0xdf, 0xe8,
    0x0, 0x0,

    /* U+1E1D "ḝ" */
    0x0, 0xd, 0x91, 0x19, 0xe0, 0x0, 0x0, 0x3e,
    0xff, 0xe4, 0x0, 0x0, 0x0, 0x2, 0x20, 0x0,
    0x0, 0x0, 0x0, 0x0, 0x0, 0x0, 0x0, 0x7,
    0xdf, 0xeb, 0x40, 0x0, 0xc, 0xfd, 0x89, 0xef,
    0x70, 0x8, 0xfa, 0x0, 0x0, 0xcf, 0x30, 0xef,
    0x10, 0x0, 0x4, 0xf9, 0x1f, 0xf8, 0x88, 0x88,
    0x8f, 0xc2, 0xff, 0xff, 0xff, 0xff, 0xfd, 0x1f,
    0xd0, 0x0, 0x0, 0x0, 0x0, 0xdf, 0x20, 0x0,
    0x3, 0xa6, 0x5, 0xfd, 0x20, 0x2, 0xdf, 0x50,
    0x8, 0xff, 0xed, 0xff, 0x80, 0x0, 0x2, 0x7f,
    0xd8, 0x30, 0x0, 0x0, 0x1, 0xfb, 0x30, 0x0,
    0x0, 0x0, 0x1, 0xce, 0x0, 0x0, 0x0, 0x14,
    0x5e, 0xe0, 0x0, 0x0, 0x5, 0xff, 0xc3, 0x0,
    0x0,

    /* U+1E1E "Ḟ" */
    0x0, 0x0, 0x1, 0x0, 0x0, 0x0, 0x0, 0x4,
    0xfa, 0x0, 0x0, 0x0, 0x0, 0x4f, 0xa0, 0x0,
    0x0, 0x0, 0x0, 0x0, 0x0, 0x0, 0x5f, 0xff,
    0xff, 0xff, 0xff, 0xd5, 0xfe, 0xcc, 0xcc, 0xcc,
    0xca, 0x5f, 0xa0, 0x0, 0x0, 0x0, 0x5, 0xfa,
    0x0, 0x0, 0x0, 0x0, 0x5f, 0xa0, 0x0, 0x0,
    0x0, 0x5, 0xfa, 0x0, 0x0, 0x0, 0x0, 0x5f,
    0xec, 0xcc, 0xcc, 0xc8, 0x5, 0xff, 0xff, 0xff,
    0xff, 0xb0, 0x5f, 0xa0, 0x0, 0x0, 0x0, 0x5,
    0xfa, 0x0, 0x0, 0x0, 0x0, 0x5f, 0xa0, 0x0,
    0x0, 0x0, 0x5, 0xfa, 0x0, 0x0, 0x0, 0x0,
    0x5f, 0xa0, 0x0, 0x0, 0x0, 0x5, 0xfa, 0x0,
    0x0, 0x0, 0x0, 0x5f, 0xa0, 0x0, 0x0, 0x0,
    0x0,

    /* U+1E1F "ḟ" */
    0x0, 0x1, 0x10, 0x0, 0x0, 0xfe, 0x0, 0x0,
    0xf, 0xe0, 0x0, 0x0, 0x0, 0x0, 0x0, 0x4c,
    0xfe, 0x60, 0xf, 0xfd, 0xb3, 0x2, 0xfc, 0x0,
    0x0, 0x3f, 0xa0, 0x0, 0xdf, 0xff, 0xfc, 0x5,
    0x8f, 0xc6, 0x40, 0x3, 0xfa, 0x0, 0x0, 0x3f,
    0xa0, 0x0, 0x3, 0xfa, 0x0, 0x0, 0x3f, 0xa0,
    0x0, 0x3, 0xfa, 0x0, 0x0, 0x3f, 0xa0, 0x0,
    0x3, 0xfa, 0x0, 0x0, 0x3f, 0xa0, 0x0, 0x3,
    0xfa, 0x0, 0x0,

    /* U+1E20 "Ḡ" */
    0x0, 0x0, 0x2e, 0xee, 0xee, 0x90, 0x0, 0x0,
    0x0, 0x2f, 0xff, 0xff, 0xb0, 0x0, 0x0, 0x0,
    0x0, 0x0, 0x0, 0x0, 0x0, 0x0, 0x0, 0x0,
    0x0, 0x0, 0x0, 0x0, 0x0, 0x0, 0x3a, 0xef,
    0xec, 0x60, 0x0, 0x0, 0x6, 0xff, 0xff, 0xff,
    0xfc, 0x10, 0x0, 0x6f, 0xfd, 0x63, 0x48, 0xff,
    0xc0, 0x1, 0xef, 0xb0, 0x0, 0x0, 0x4f, 0xf4,
    0x7, 0xff, 0x10, 0x0, 0x0, 0xb, 0xfa, 0xc,
    0xfa, 0x0, 0x0, 0x0, 0x2, 0x54, 0xf, 0xf6,
    0x0, 0x0, 0x0, 0x0, 0x0, 0xf, 0xf5, 0x0,
    0x0, 0x0, 0x0, 0x0, 0xf, 0xf5, 0x0, 0x3,
    0xff, 0xff, 0xff, 0xf, 0xf6, 0x0, 0x3, 0xff,
    0xff, 0xff, 0xc, 0xf9, 0x0, 0x0, 0x0, 0x4,
    0xff, 0x7, 0xff, 0x10, 0x0, 0x0, 0x9, 0xff,
    0x1, 0xff, 0xa0, 0x0, 0x0, 0x3f, 0xff, 0x0,
    0x7f, 0xfc, 0x63, 0x48, 0xff, 0xdf, 0x0, 0x7,
    0xff, 0xff, 0xff, 0xf6, 0xaf, 0x0, 0x0, 0x3a,
    0xef, 0xea, 0x30, 0xaf,

    /* U+1E21 "ḡ" */
    0x0, 0xc, 0xff, 0xff, 0xf0, 0x0, 0x0, 0xa,
    0xee, 0xee, 0xe0, 0x0, 0x0, 0x0, 0x0, 0x0,
    0x0, 0x0, 0x0, 0x0, 0x0, 0x0, 0x0, 0x0,
    0x0, 0x7, 0xdf, 0xd7, 0xf, 0xf2, 0x0, 0xbf,
    0xff, 0xff, 0xaf, 0xf2, 0x6, 0xff, 0x81, 0x6,
    0xff, 0xf2, 0xd, 0xfa, 0x0, 0x0, 0x7f, 0xf2,
    0xf, 0xf5, 0x0, 0x0, 0x2f, 0xf2, 0x1f, 0xf3,
    0x0, 0x0, 0x1f, 0xf2, 0xf, 0xf5, 0x0, 0x0,
    0x3f, 0xf2, 0xc, 0xfa, 0x0, 0x0, 0x9f, 0xf2,
    0x6, 0xff, 0x81, 0x17, 0xff, 0xf2, 0x0, 0xaf,
    0xff, 0xff, 0xaf, 0xf2, 0x0, 0x6, 0xcf, 0xd7,
    0x1f, 0xf2, 0x4, 0x53, 0x0, 0x0, 0x3f, 0xf0,
    0x7, 0xfe, 0x40, 0x3, 0xdf, 0xc0, 0x0, 0xcf,
    0xff, 0xff, 0xfe, 0x20, 0x0, 0x7, 0xcf, 0xfd,
    0x91, 0x0,

    /* U+1E22 "Ḣ" */
    0x0, 0x0, 0x0, 0x10, 0x0, 0x0, 0x0, 0x0,
    0x0, 0x3f, 0xb0, 0x0, 0x0, 0x0, 0x0, 0x3,
    0xfb, 0x0, 0x0, 0x0, 0x0, 0x0, 0x0, 0x0,
    0x0, 0x0, 0x5f, 0xa0, 0x0, 0x0, 0x0, 0x8f,
    0x75, 0xfa, 0x0, 0x0, 0x0, 0x8, 0xf7, 0x5f,
    0xa0, 0x0, 0x0, 0x0, 0x8f, 0x75, 0xfa, 0x0,
    0x0, 0x0, 0x8, 0xf7, 0x5f, 0xa0, 0x0, 0x0,
    0x0, 0x8f, 0x75, 0xfa, 0x0, 0x0, 0x0, 0x8,
    0xf7, 0x5f, 0xec, 0xcc, 0xcc, 0xcc, 0xef, 0x75,
    0xff, 0xff, 0xff, 0xff, 0xff, 0xf7, 0x5f, 0xa0,
    0x0, 0x0, 0x0, 0x8f, 0x75, 0xfa, 0x0, 0x0,
    0x0, 0x8, 0xf7, 0x5f, 0xa0, 0x0, 0x0, 0x0,
    0x8f, 0x75, 0xfa, 0x0, 0x0, 0x0, 0x8, 0xf7,
    0x5f, 0xa0, 0x0, 0x0, 0x0, 0x8f, 0x75, 0xfa,
    0x0, 0x0, 0x0, 0x8, 0xf7, 0x5f, 0xa0, 0x0,
    0x0, 0x0, 0x8f, 0x70,

    /* U+1E23 "ḣ" */
    0x1, 0x0, 0x0, 0x0, 0x0, 0x9f, 0x50, 0x0,
    0x0, 0x0, 0x9f, 0x50, 0x0, 0x0, 0x0, 0x0,
    0x0, 0x0, 0x0, 0x0, 0x9f, 0x40, 0x0, 0x0,
    0x0, 0x9f, 0x40, 0x0, 0x0, 0x0, 0x9f, 0x40,
    0x0, 0x0, 0x0, 0x9f, 0x40, 0x0, 0x0, 0x0,
    0x9f, 0x47, 0xdf, 0xe8, 0x0, 0x9f, 0xef, 0xba,
    0xef, 0xb0, 0x9f, 0xe2, 0x0, 0x1e, 0xf1, 0x9f,
    0x70, 0x0, 0xa, 0xf3, 0x9f, 0x40, 0x0, 0x9,
    0xf4, 0x9f, 0x40, 0x0, 0x9, 0xf4, 0x9f, 0x40,
    0x0, 0x9, 0xf4, 0x9f, 0x40, 0x0, 0x9, 0xf4,
    0x9f, 0x40, 0x0, 0x9, 0xf4, 0x9f, 0x40, 0x0,
    0x9, 0xf4, 0x9f, 0x40, 0x0, 0x9, 0xf4,

    /* U+1E24 "Ḥ" */
    0x5f, 0xa0, 0x0, 0x0, 0x0, 0x8f, 0x75, 0xfa,
    0x0, 0x0, 0x0, 0x8, 0xf7, 0x5f, 0xa0, 0x0,
    0x0, 0x0, 0x8f, 0x75, 0xfa, 0x0, 0x0, 0x0,
    0x8, 0xf7, 0x5f, 0xa0, 0x0, 0x0, 0x0, 0x8f,
    0x75, 0xfa, 0x0, 0x0, 0x0, 0x8, 0xf7, 0x5f,
    0xff, 0xff, 0xff, 0xff, 0xff, 0x75, 0xfe, 0xcc,
    0xcc, 0xcc, 0xce, 0xf7, 0x5f, 0xa0, 0x0, 0x0,
    0x0, 0x8f, 0x75, 0xfa, 0x0, 0x0, 0x0, 0x8,
    0xf7, 0x5f, 0xa0, 0x0, 0x0, 0x0, 0x8f, 0x75,
    0xfa, 0x0, 0x0, 0x0, 0x8, 0xf7, 0x5f, 0xa0,
    0x0, 0x0, 0x0, 0x8f, 0x75, 0xfa, 0x0, 0x0,
    0x0, 0x8, 0xf7, 0x5f, 0xa0, 0x0, 0x0, 0x0,
    0x8f, 0x70, 0x0, 0x0, 0x0, 0x0, 0x0, 0x0,
    0x0, 0x0, 0x0, 0x10, 0x0, 0x0, 0x0, 0x0,
    0x0, 0x3f, 0xb0, 0x0, 0x0, 0x0, 0x0, 0x3,
    0xfb, 0x0, 0x0, 0x0,

    /* U+1E25 "ḥ" */
    0x9f, 0x40, 0x0, 0x0, 0x0, 0x9f, 0x40, 0x0,
    0x0, 0x0, 0x9f, 0x40, 0x0, 0x0, 0x0, 0x9f,
    0x40, 0x0, 0x0, 0x0, 0x9f, 0x47, 0xdf, 0xe8,
    0x0, 0x9f, 0xef, 0xba, 0xef, 0xb0, 0x9f, 0xe2,
    0x0, 0x1e, 0xf1, 0x9f, 0x70, 0x0, 0xa, 0xf3,
    0x9f, 0x40, 0x0, 0x9, 0xf4, 0x9f, 0x40, 0x0,
    0x9, 0xf4, 0x9f, 0x40, 0x0, 0x9, 0xf4, 0x9f,
    0x40, 0x0, 0x9, 0xf4, 0x9f, 0x40, 0x0, 0x9,
    0xf4, 0x9f, 0x40, 0x0, 0x9, 0xf4, 0x9f, 0x40,
    0x0, 0x9, 0xf4, 0x0, 0x0, 0x0, 0x0, 0x0,
    0x0, 0x0, 0x11, 0x0, 0x0, 0x0, 0x0, 0xfe,
    0x0, 0x0, 0x0, 0x0, 0xfe, 0x0, 0x0,

    /* U+1E26 "Ḧ" */
    0x0, 0x0, 0x10, 0x0, 0x10, 0x0, 0x0, 0x0,
    0x4f, 0xa0, 0x7f, 0x70, 0x0, 0x0, 0x4, 0xfa,
    0x7, 0xf7, 0x0, 0x0, 0x0, 0x0, 0x0, 0x0,
    0x0, 0x0, 0x5f, 0xa0, 0x0, 0x0, 0x0, 0x8f,
    0x75, 0xfa, 0x0, 0x0, 0x0, 0x8, 0xf7, 0x5f,
    0xa0, 0x0, 0x0, 0x0, 0x8f, 0x75, 0xfa, 0x0,
    0x0, 0x0, 0x8, 0xf7, 0x5f, 0xa0, 0x0, 0x0,
    0x0, 0x8f, 0x75, 0xfa, 0x0, 0x0, 0x0, 0x8,
    0xf7, 0x5f, 0xec, 0xcc, 0xcc, 0xcc, 0xef, 0x75,
    0xff, 0xff, 0xff, 0xff, 0xff, 0xf7, 0x5f, 0xa0,
    0x0, 0x0, 0x0, 0x8f, 0x75, 0xfa, 0x0, 0x0,
    0x0, 0x8, 0xf7, 0x5f, 0xa0, 0x0, 0x0, 0x0,
    0x8f, 0x75, 0xfa, 0x0, 0x0, 0x0, 0x8, 0xf7,
    0x5f, 0xa0, 0x0, 0x0, 0x0, 0x8f, 0x75, 0xfa,
    0x0, 0x0, 0x0, 0x8, 0xf7, 0x5f, 0xa0, 0x0,
    0x0, 0x0, 0x8f, 0x70,

    /* U+1E27 "ḧ" */
    0x0, 0x11, 0x0, 0x10, 0x0, 0x0, 0xff, 0x2,
    0xfc, 0x0, 0x0, 0xff, 0x2, 0xfc, 0x0, 0x0,
    0x0, 0x0, 0x0, 0x0, 0x9f, 0x40, 0x0, 0x0,
    0x0, 0x9f, 0x40, 0x0, 0x0, 0x0, 0x9f, 0x40,
    0x0, 0x0, 0x0, 0x9f, 0x40, 0x0, 0x0, 0x0,
    0x9f, 0x47, 0xdf, 0xe8, 0x0, 0x9f, 0xef, 0xba,
    0xef, 0xb0, 0x9f, 0xe2, 0x0, 0x1e, 0xf1, 0x9f,
    0x70, 0x0, 0xa, 0xf3, 0x9f, 0x40, 0x0, 0x9,
    0xf4, 0x9f, 0x40, 0x0, 0x9, 0xf4, 0x9f, 0x40,
    0x0, 0x9, 0xf4, 0x9f, 0x40, 0x0, 0x9, 0xf4,
    0x9f, 0x40, 0x0, 0x9, 0xf4, 0x9f, 0x40, 0x0,
    0x9, 0xf4, 0x9f, 0x40, 0x0, 0x9, 0xf4,

    /* U+1E28 "Ḩ" */
    0x5, 0xfa, 0x0, 0x0, 0x0, 0x8, 0xf7, 0x5,
    0xfa, 0x0, 0x0, 0x0, 0x8, 0xf7, 0x5, 0xfa,
    0x0, 0x0, 0x0, 0x8, 0xf7, 0x5, 0xfa, 0x0,
    0x0, 0x0, 0x8, 0xf7, 0x5, 0xfa, 0x0, 0x0,
    0x0, 0x8, 0xf7, 0x5, 0xfa, 0x0, 0x0, 0x0,
    0x8, 0xf7, 0x5, 0xff, 0xff, 0xff, 0xff, 0xff,
    0xf7, 0x5, 0xfe, 0xcc, 0xcc, 0xcc, 0xce, 0xf7,
    0x5, 0xfa, 0x0, 0x0, 0x0, 0x8, 0xf7, 0x5,
    0xfa, 0x0, 0x0, 0x0, 0x8, 0xf7, 0x5, 0xfa,
    0x0, 0x0, 0x0, 0x8, 0xf7, 0x5, 0xfa, 0x0,
    0x0, 0x0, 0x8, 0xf7, 0x5, 0xfa, 0x0, 0x0,
    0x0, 0x8, 0xf7, 0x5, 0xfa, 0x0, 0x0, 0x0,
    0x8, 0xf7, 0x5, 0xfa, 0x0, 0x0, 0x0, 0x8,
    0xf7, 0x0, 0xf7, 0x0, 0x0, 0x0, 0x0, 0x0,
    0x1, 0x8e, 0xa0, 0x0, 0x0, 0x0, 0x0, 0x14,
    0x5e, 0xe0, 0x0, 0x0, 0x0, 0x0, 0x5f, 0xfc,
    0x30, 0x0, 0x0, 0x0, 0x0,

    /* U+1E29 "ḩ" */
    0x9, 0xf4, 0x0, 0x0, 0x0, 0x0, 0x9f, 0x40,
    0x0, 0x0, 0x0, 0x9, 0xf4, 0x0, 0x0, 0x0,
    0x0, 0x9f, 0x40, 0x0, 0x0, 0x0, 0x9, 0xf4,
    0x7d, 0xfe, 0x80, 0x0, 0x9f, 0xef, 0xba, 0xef,
    0xb0, 0x9, 0xfe, 0x20, 0x1, 0xef, 0x10, 0x9f,
    0x70, 0x0, 0xa, 0xf3, 0x9, 0xf4, 0x0, 0x0,
    0x9f, 0x40, 0x9f, 0x40, 0x0, 0x9, 0xf4, 0x9,
    0xf4, 0x0, 0x0, 0x9f, 0x40, 0x9f, 0x40, 0x0,
    0x9, 0xf4, 0x9, 0xf4, 0x0, 0x0, 0x9f, 0x40,
    0x9f, 0x40, 0x0, 0x9, 0xf4, 0x9, 0xf4, 0x0,
    0x0, 0x9f, 0x40, 0x8e, 0x0, 0x0, 0x0, 0x0,
    0x5, 0xbf, 0x30, 0x0, 0x0, 0x3, 0x49, 0xf5,
    0x0, 0x0, 0x0, 0xdf, 0xe8, 0x0, 0x0, 0x0,
    0x0,

    /* U+1E2A "Ḫ" */
    0x5f, 0xa0, 0x0, 0x0, 0x0, 0x8f, 0x75, 0xfa,
    0x0, 0x0, 0x0, 0x8, 0xf7, 0x5f, 0xa0, 0x0,
    0x0, 0x0, 0x8f, 0x75, 0xfa, 0x0, 0x0, 0x0,
    0x8, 0xf7, 0x5f, 0xa0, 0x0, 0x0, 0x0, 0x8f,
    0x75, 0xfa, 0x0, 0x0, 0x0, 0x8, 0xf7, 0x5f,
    0xff, 0xff, 0xff, 0xff, 0xff, 0x75, 0xfe, 0xcc,
    0xcc, 0xcc, 0xce, 0xf7, 0x5f, 0xa0, 0x0, 0x0,
    0x0, 0x8f, 0x75, 0xfa, 0x0, 0x0, 0x0, 0x8,
    0xf7, 0x5f, 0xa0, 0x0, 0x0, 0x0, 0x8f, 0x75,
    0xfa, 0x0, 0x0, 0x0, 0x8, 0xf7, 0x5f, 0xa0,
    0x0, 0x0, 0x0, 0x8f, 0x75, 0xfa, 0x0, 0x0,
    0x0, 0x8, 0xf7, 0x5f, 0xa0, 0x0, 0x0, 0x0,
    0x8f, 0x70, 0x0, 0x0, 0x0, 0x0, 0x0, 0x0,
    0x0, 0x3, 0x80, 0x0, 0x65, 0x0, 0x0, 0x0,
    0x1f, 0x94, 0x7f, 0x40, 0x0, 0x0, 0x0, 0x4c,
    0xfd, 0x60, 0x0, 0x0,

    /* U+1E2B "ḫ" */
    0x9f, 0x40, 0x0, 0x0, 0x0, 0x9f, 0x40, 0x0,
    0x0, 0x0, 0x9f, 0x40, 0x0, 0x0, 0x0, 0x9f,
    0x40, 0x0, 0x0, 0x0, 0x9f, 0x47, 0xdf, 0xe8,
    0x0, 0x9f, 0xef, 0xba, 0xef, 0xb0, 0x9f, 0xe2,
    0x0, 0x1e, 0xf1, 0x9f, 0x70, 0x0, 0xa, 0xf3,
    0x9f, 0x40, 0x0, 0x9, 0xf4, 0x9f, 0x40, 0x0,
    0x9, 0xf4, 0x9f, 0x40, 0x0, 0x9, 0xf4, 0x9f,
    0x40, 0x0, 0x9, 0xf4, 0x9f, 0x40, 0x0, 0x9,
    0xf4, 0x9f, 0x40, 0x0, 0x9, 0xf4, 0x9f, 0x40,
    0x0, 0x9, 0xf4, 0x0, 0x0, 0x0, 0x0, 0x0,
    0x1, 0x91, 0x0, 0x46, 0x0, 0x0, 0xeb, 0x46,
    0xe7, 0x0, 0x0, 0x2b, 0xfe, 0x80, 0x0,

    /* U+1E2C "Ḭ" */
    0x0, 0x1f, 0xe0, 0x0, 0x0, 0x1f, 0xe0, 0x0,
    0x0, 0x1f, 0xe0, 0x0, 0x0, 0x1f, 0xe0, 0x0,
    0x0, 0x1f, 0xe0, 0x0, 0x0, 0x1f, 0xe0, 0x0,
    0x0, 0x1f, 0xe0, 0x0, 0x0, 0x1f, 0xe0, 0x0,
    0x0, 0x1f, 0xe0, 0x0, 0x0, 0x1f, 0xe0, 0x0,
    0x0, 0x1f, 0xe0, 0x0, 0x0, 0x1f, 0xe0, 0x0,
    0x0, 0x1f, 0xe0, 0x0, 0x0, 0x1f, 0xe0, 0x0,
    0x0, 0x1f, 0xe0, 0x0, 0x0, 0x0, 0x0, 0x0,
    0x0, 0x0, 0x0, 0x10, 0x1c, 0xfe, 0x99, 0xf2,
    0x8e, 0x58, 0xdf, 0x80,

    /* U+1E2D "ḭ" */
    0x0, 0x9, 0xf4, 0x0, 0x0, 0x9, 0xf4, 0x0,
    0x0, 0x0, 0x10, 0x0, 0x0, 0x0, 0x0, 0x0,
    0x0, 0x9, 0xf4, 0x0, 0x0, 0x9, 0xf4, 0x0,
    0x0, 0x9, 0xf4, 0x0, 0x0, 0x9, 0xf4, 0x0,
    0x0, 0x9, 0xf4, 0x0, 0x0, 0x9, 0xf4, 0x0,
    0x0, 0x9, 0xf4, 0x0, 0x0, 0x9, 0xf4, 0x0,
    0x0, 0x9, 0xf4, 0x0, 0x0, 0x9, 0xf4, 0x0,
    0x0, 0x9, 0xf4, 0x0, 0x0, 0x0, 0x0, 0x0,
    0x0, 0x0, 0x0, 0x0, 0x8, 0xff, 0xb8, 0xe8,
    0x1f, 0x86, 0xbf, 0xc1,

    /* U+1E2E "Ḯ" */
    0x0, 0x2f, 0xf2, 0x0, 0x9f, 0x50, 0x1, 0xd8,
    0x0, 0x11, 0x0, 0x10, 0xef, 0x2, 0xfc, 0xef,
    0x2, 0xfc, 0x0, 0x0, 0x0, 0x1, 0xfe, 0x0,
    0x1, 0xfe, 0x0, 0x1, 0xfe, 0x0, 0x1, 0xfe,
    0x0, 0x1, 0xfe, 0x0, 0x1, 0xfe, 0x0, 0x1,
    0xfe, 0x0, 0x1, 0xfe, 0x0, 0x1, 0xfe, 0x0,
    0x1, 0xfe, 0x0, 0x1, 0xfe, 0x0, 0x1, 0xfe,
    0x0, 0x1, 0xfe, 0x0, 0x1, 0xfe, 0x0, 0x1,
    0xfe, 0x0,

    /* U+1E2F "ḯ" */
    0x0, 0x1d, 0xd2, 0x0, 0x8f, 0x70, 0x1, 0xfa,
    0x0, 0x0, 0x0, 0x0, 0xef, 0x1, 0xfc, 0xef,
    0x1, 0xfc, 0x11, 0x0, 0x10, 0x0, 0x0, 0x0,
    0x0, 0xfd, 0x0, 0x0, 0xfd, 0x0, 0x0, 0xfd,
    0x0, 0x0, 0xfd, 0x0, 0x0, 0xfd, 0x0, 0x0,
    0xfd, 0x0, 0x0, 0xfd, 0x0, 0x0, 0xfd, 0x0,
    0x0, 0xfd, 0x0, 0x0, 0xfd, 0x0, 0x0, 0xfd,
    0x0,

    /* U+1E30 "Ḱ" */
    0x0, 0x0, 0x5, 0xdb, 0x0, 0x0, 0x0, 0x0,
    0x0, 0xdf, 0x20, 0x0, 0x0, 0x0, 0x0, 0x5f,
    0x50, 0x0, 0x0, 0x0, 0x0, 0x0, 0x0, 0x0,
    0x0, 0x0, 0x7f, 0x80, 0x0, 0x0, 0x8, 0xff,
    0x37, 0xf8, 0x0, 0x0, 0x8, 0xfe, 0x30, 0x7f,
    0x80, 0x0, 0x8, 0xfe, 0x20, 0x7, 0xf8, 0x0,
    0x8, 0xfe, 0x20, 0x0, 0x7f, 0x80, 0x8, 0xfe,
    0x20, 0x0, 0x7, 0xf8, 0x8, 0xfd, 0x10, 0x0,
    0x0, 0x7f, 0x88, 0xff, 0xb0, 0x0, 0x0, 0x7,
    0xfe, 0xfd, 0xdf, 0x70, 0x0, 0x0, 0x7f, 0xfc,
    0x13, 0xff, 0x30, 0x0, 0x7, 0xfc, 0x10, 0x8,
    0xfd, 0x0, 0x0, 0x7f, 0x80, 0x0, 0xc, 0xfa,
    0x0, 0x7, 0xf8, 0x0, 0x0, 0x2f, 0xf6, 0x0,
    0x7f, 0x80, 0x0, 0x0, 0x6f, 0xf2, 0x7, 0xf8,
    0x0, 0x0, 0x0, 0xbf, 0xd0, 0x7f, 0x80, 0x0,
    0x0, 0x1, 0xef, 0x90,

    /* U+1E31 "ḱ" */
    0x0, 0x1d, 0xd2, 0x0, 0x0, 0x0, 0x9f, 0x60,
    0x0, 0x0, 0x1, 0xf9, 0x0, 0x0, 0x0, 0x0,
    0x0, 0x0, 0x0, 0x0, 0x9f, 0x30, 0x0, 0x0,
    0x0, 0x9f, 0x30, 0x0, 0x0, 0x0, 0x9f, 0x30,
    0x0, 0x0, 0x0, 0x9f, 0x30, 0x0, 0x0, 0x0,
    0x9f, 0x30, 0x1, 0xdf, 0x70, 0x9f, 0x30, 0x1c,
    0xf7, 0x0, 0x9f, 0x30, 0xcf, 0x70, 0x0, 0x9f,
    0x4c, 0xf6, 0x0, 0x0, 0x9f, 0xef, 0xf2, 0x0,
    0x0, 0x9f, 0xfa, 0xfc, 0x0, 0x0, 0x9f, 0x60,
    0xbf, 0x60, 0x0, 0x9f, 0x30, 0x2f, 0xf2, 0x0,
    0x9f, 0x30, 0x7, 0xfc, 0x0, 0x9f, 0x30, 0x0,
    0xcf, 0x60, 0x9f, 0x30, 0x0, 0x2f, 0xf2,

    /* U+1E32 "Ḳ" */
    0x7f, 0x80, 0x0, 0x0, 0x8, 0xff, 0x37, 0xf8,
    0x0, 0x0, 0x8, 0xfe, 0x30, 0x7f, 0x80, 0x0,
    0x8, 0xfe, 0x20, 0x7, 0xf8, 0x0, 0x8, 0xfe,
    0x20, 0x0, 0x7f, 0x80, 0x8, 0xfe, 0x20, 0x0,
    0x7, 0xf8, 0x8, 0xfd, 0x10, 0x0, 0x0, 0x7f,
    0x88, 0xff, 0xb0, 0x0, 0x0, 0x7, 0xfe, 0xfd,
    0xdf, 0x70, 0x0, 0x0, 0x7f, 0xfc, 0x13, 0xff,
    0x30, 0x0, 0x7, 0xfc, 0x10, 0x8, 0xfd, 0x0,
    0x0, 0x7f, 0x80, 0x0, 0xc, 0xfa, 0x0, 0x7,
    0xf8, 0x0, 0x0, 0x2f, 0xf6, 0x0, 0x7f, 0x80,
    0x0, 0x0, 0x6f, 0xf2, 0x7, 0xf8, 0x0, 0x0,
    0x0, 0xbf, 0xd0, 0x7f, 0x80, 0x0, 0x0, 0x1,
    0xef, 0x90, 0x0, 0x0, 0x0, 0x0, 0x0, 0x0,
    0x0, 0x0, 0x1, 0x0, 0x0, 0x0, 0x0, 0x0,
    0x2, 0xfc, 0x0, 0x0, 0x0, 0x0, 0x0, 0x2f,
    0xc0, 0x0, 0x0, 0x0,

    /* U+1E33 "ḳ" */
    0x9f, 0x30, 0x0, 0x0, 0x0, 0x9f, 0x30, 0x0,
    0x0, 0x0, 0x9f, 0x30, 0x0, 0x0, 0x0, 0x9f,
    0x30, 0x0, 0x0, 0x0, 0x9f, 0x30, 0x1, 0xdf,
    0x70, 0x9f, 0x30, 0x1c, 0xf7, 0x0, 0x9f, 0x30,
    0xcf, 0x70, 0x0, 0x9f, 0x4c, 0xf6, 0x0, 0x0,
    0x9f, 0xef, 0xf2, 0x0, 0x0, 0x9f, 0xfa, 0xfc,
    0x0, 0x0, 0x9f, 0x60, 0xbf, 0x60, 0x0, 0x9f,
    0x30, 0x2f, 0xf2, 0x0, 0x9f, 0x30, 0x7, 0xfc,
    0x0, 0x9f, 0x30, 0x0, 0xcf, 0x60, 0x9f, 0x30,
    0x0, 0x2f, 0xf2, 0x0, 0x0, 0x0, 0x0, 0x0,
    0x0, 0x0, 0x10, 0x0, 0x0, 0x0, 0x9, 0xf4,
    0x0, 0x0, 0x0, 0x9, 0xf4, 0x0, 0x0,

    /* U+1E34 "Ḵ" */
    0x7f, 0x80, 0x0, 0x0, 0x8, 0xff, 0x37, 0xf8,
    0x0, 0x0, 0x8, 0xfe, 0x30, 0x7f, 0x80, 0x0,
    0x8, 0xfe, 0x20, 0x7, 0xf8, 0x0, 0x8, 0xfe,
    0x20, 0x0, 0x7f, 0x80, 0x8, 0xfe, 0x20, 0x0,
    0x7, 0xf8, 0x8, 0xfd, 0x10, 0x0, 0x0, 0x7f,
    0x88, 0xff, 0xb0, 0x0, 0x0, 0x7, 0xfe, 0xfd,
    0xdf, 0x70, 0x0, 0x0, 0x7f, 0xfc, 0x13, 0xff,
    0x30, 0x0, 0x7, 0xfc, 0x10, 0x8, 0xfd, 0x0,
    0x0, 0x7f, 0x80, 0x0, 0xc, 0xfa, 0x0, 0x7,
    0xf8, 0x0, 0x0, 0x2f, 0xf6, 0x0, 0x7f, 0x80,
    0x0, 0x0, 0x6f, 0xf2, 0x7, 0xf8, 0x0, 0x0,
    0x0, 0xbf, 0xd0, 0x7f, 0x80, 0x0, 0x0, 0x1,
    0xef, 0x90, 0x0, 0x0, 0x0, 0x0, 0x0, 0x0,
    0x0, 0x0, 0x0, 0x0, 0x0, 0x0, 0x0, 0x0,
    0x88, 0x88, 0x88, 0x20, 0x0, 0x0, 0xf, 0xff,
    0xff, 0xf5, 0x0, 0x0,

    /* U+1E35 "ḵ" */
    0x9f, 0x30, 0x0, 0x0, 0x0, 0x9f, 0x30, 0x0,
    0x0, 0x0, 0x9f, 0x30, 0x0, 0x0, 0x0, 0x9f,
    0x30, 0x0, 0x0, 0x0, 0x9f, 0x30, 0x1, 0xdf,
    0x70, 0x9f, 0x30, 0x1c, 0xf7, 0x0, 0x9f, 0x30,
    0xcf, 0x70, 0x0, 0x9f, 0x4c, 0xf6, 0x0, 0x0,
    0x9f, 0xef, 0xf2, 0x0, 0x0, 0x9f, 0xfa, 0xfc,
    0x0, 0x0, 0x9f, 0x60, 0xbf, 0x60, 0x0, 0x9f,
    0x30, 0x2f, 0xf2, 0x0, 0x9f, 0x30, 0x7, 0xfc,
    0x0, 0x9f, 0x30, 0x0, 0xcf, 0x60, 0x9f, 0x30,
    0x0, 0x2f, 0xf2, 0x0, 0x0, 0x0, 0x0, 0x0,
    0x0, 0x0, 0x0, 0x0, 0x0, 0x4, 0x88, 0x88,
    0x87, 0x0, 0x8, 0xff, 0xff, 0xfe, 0x0,

    /* U+1E36 "Ḷ" */
    0x6f, 0x90, 0x0, 0x0, 0x0, 0x6f, 0x90, 0x0,
    0x0, 0x0, 0x6f, 0x90, 0x0, 0x0, 0x0, 0x6f,
    0x90, 0x0, 0x0, 0x0, 0x6f, 0x90, 0x0, 0x0,
    0x0, 0x6f, 0x90, 0x0, 0x0, 0x0, 0x6f, 0x90,
    0x0, 0x0, 0x0, 0x6f, 0x90, 0x0, 0x0, 0x0,
    0x6f, 0x90, 0x0, 0x0, 0x0, 0x6f, 0x90, 0x0,
    0x0, 0x0, 0x6f, 0x90, 0x0, 0x0, 0x0, 0x6f,
    0x90, 0x0, 0x0, 0x0, 0x6f, 0x90, 0x0, 0x0,
    0x0, 0x6f, 0xec, 0xcc, 0xcc, 0xcc, 0x6f, 0xff,
    0xff, 0xff, 0xff, 0x0, 0x0, 0x0, 0x0, 0x0,
    0x0, 0x0, 0x1, 0x0, 0x0, 0x0, 0x0, 0xcf,
    0x10, 0x0, 0x0, 0x0, 0xcf, 0x10, 0x0,

    /* U+1E37 "ḷ" */
    0x9f, 0x49, 0xf4, 0x9f, 0x49, 0xf4, 0x9f, 0x49,
    0xf4, 0x9f, 0x49, 0xf4, 0x9f, 0x49, 0xf4, 0x9f,
    0x49, 0xf4, 0x9f, 0x49, 0xf4, 0x9f, 0x40, 0x0,
    0x1, 0x9, 0xf5, 0x9f, 0x50,

    /* U+1E38 "Ḹ" */
    0x0, 0x88, 0x88, 0x88, 0x20, 0x1, 0xff, 0xff,
    0xff, 0x40, 0x0, 0x0, 0x0, 0x0, 0x0, 0x0,
    0x0, 0x0, 0x0, 0x0, 0x6f, 0x90, 0x0, 0x0,
    0x0, 0x6f, 0x90, 0x0, 0x0, 0x0, 0x6f, 0x90,
    0x0, 0x0, 0x0, 0x6f, 0x90, 0x0, 0x0, 0x0,
    0x6f, 0x90, 0x0, 0x0, 0x0, 0x6f, 0x90, 0x0,
    0x0, 0x0, 0x6f, 0x90, 0x0, 0x0, 0x0, 0x6f,
    0x90, 0x0, 0x0, 0x0, 0x6f, 0x90, 0x0, 0x0,
    0x0, 0x6f, 0x90, 0x0, 0x0, 0x0, 0x6f, 0x90,
    0x0, 0x0, 0x0, 0x6f, 0x90, 0x0, 0x0, 0x0,
    0x6f, 0x90, 0x0, 0x0, 0x0, 0x6f, 0xec, 0xcc,
    0xcc, 0xcc, 0x6f, 0xff, 0xff, 0xff, 0xff, 0x0,
    0x0, 0x0, 0x0, 0x0, 0x0, 0x0, 0x1, 0x0,
    0x0, 0x0, 0x0, 0xcf, 0x10, 0x0, 0x0, 0x0,
    0xcf, 0x10, 0x0,

    /* U+1E39 "ḹ" */
    0x68, 0x88, 0x88, 0x4d, 0xff, 0xff, 0xf8, 0x0,
    0x0, 0x0, 0x0, 0x0, 0x0, 0x0, 0x0, 0x9f,
    0x40, 0x0, 0x9, 0xf4, 0x0, 0x0, 0x9f, 0x40,
    0x0, 0x9, 0xf4, 0x0, 0x0, 0x9f, 0x40, 0x0,
    0x9, 0xf4, 0x0, 0x0, 0x9f, 0x40, 0x0, 0x9,
    0xf4, 0x0, 0x0, 0x9f, 0x40, 0x0, 0x9, 0xf4,
    0x0, 0x0, 0x9f, 0x40, 0x0, 0x9, 0xf4, 0x0,
    0x0, 0x9f, 0x40, 0x0, 0x9, 0xf4, 0x0, 0x0,
    0x9f, 0x40, 0x0, 0x0, 0x0, 0x0, 0x0, 0x1,
    0x0, 0x0, 0x9, 0xf5, 0x0, 0x0, 0x9f, 0x50,
    0x0,

    /* U+1E3A "Ḻ" */
    0x6f, 0x90, 0x0, 0x0, 0x0, 0x6f, 0x90, 0x0,
    0x0, 0x0, 0x6f, 0x90, 0x0, 0x0, 0x0, 0x6f,
    0x90, 0x0, 0x0, 0x0, 0x6f, 0x90, 0x0, 0x0,
    0x0, 0x6f, 0x90, 0x0, 0x0, 0x0, 0x6f, 0x90,
    0x0, 0x0, 0x0, 0x6f, 0x90, 0x0, 0x0, 0x0,
    0x6f, 0x90, 0x0, 0x0, 0x0, 0x6f, 0x90, 0x0,
    0x0, 0x0, 0x6f, 0x90, 0x0, 0x0, 0x0, 0x6f,
    0x90, 0x0, 0x0, 0x0, 0x6f, 0x90, 0x0, 0x0,
    0x0, 0x6f, 0xec, 0xcc, 0xcc, 0xcc, 0x6f, 0xff,
    0xff, 0xff, 0xff, 0x0, 0x0, 0x0, 0x0, 0x0,
    0x0, 0x0, 0x0, 0x0, 0x0, 0x0, 0x88, 0x88,
    0x88, 0x30, 0x0, 0xff, 0xff, 0xff, 0x60,

    /* U+1E3B "ḻ" */
    0x0, 0x9f, 0x40, 0x0, 0x9, 0xf4, 0x0, 0x0,
    0x9f, 0x40, 0x0, 0x9, 0xf4, 0x0, 0x0, 0x9f,
    0x40, 0x0, 0x9, 0xf4, 0x0, 0x0, 0x9f, 0x40,
    0x0, 0x9, 0xf4, 0x0, 0x0, 0x9f, 0x40, 0x0,
    0x9, 0xf4, 0x0, 0x0, 0x9f, 0x40, 0x0, 0x9,
    0xf4, 0x0, 0x0, 0x9f, 0x40, 0x0, 0x9, 0xf4,
    0x0, 0x0, 0x9f, 0x40, 0x0, 0x0, 0x0, 0x0,
    0x0, 0x0, 0x0, 0x7, 0x88, 0x88, 0x84, 0xef,
    0xff, 0xff, 0x80,

    /* U+1E3C "Ḽ" */
    0x6f, 0x90, 0x0, 0x0, 0x0, 0x6f, 0x90, 0x0,
    0x0, 0x0, 0x6f, 0x90, 0x0, 0x0, 0x0, 0x6f,
    0x90, 0x0, 0x0, 0x0, 0x6f, 0x90, 0x0, 0x0,
    0x0, 0x6f, 0x90, 0x0, 0x0, 0x0, 0x6f, 0x90,
    0x0, 0x0, 0x0, 0x6f, 0x90, 0x0, 0x0, 0x0,
    0x6f, 0x90, 0x0, 0x0, 0x0, 0x6f, 0x90, 0x0,
    0x0, 0x0, 0x6f, 0x90, 0x0, 0x0, 0x0, 0x6f,
    0x90, 0x0, 0x0, 0x0, 0x6f, 0x90, 0x0, 0x0,
    0x0, 0x6f, 0xec, 0xcc, 0xcc, 0xcc, 0x6f, 0xff,
    0xff, 0xff, 0xff, 0x0, 0x0, 0x0, 0x0, 0x0,
    0x0, 0x0, 0x89, 0x50, 0x0, 0x0, 0xa, 0xfc,
    0xf4, 0x0, 0x0, 0x7f, 0x80, 0xdf, 0x20,

    /* U+1E3D "ḽ" */
    0x0, 0x9f, 0x40, 0x0, 0x9, 0xf4, 0x0, 0x0,
    0x9f, 0x40, 0x0, 0x9, 0xf4, 0x0, 0x0, 0x9f,
    0x40, 0x0, 0x9, 0xf4, 0x0, 0x0, 0x9f, 0x40,
    0x0, 0x9, 0xf4, 0x0, 0x0, 0x9f, 0x40, 0x0,
    0x9, 0xf4, 0x0, 0x0, 0x9f, 0x40, 0x0, 0x9,
    0xf4, 0x0, 0x0, 0x9f, 0x40, 0x0, 0x9, 0xf4,
    0x0, 0x0, 0x9f, 0x40, 0x0, 0x0, 0x0, 0x0,
    0x0, 0x89, 0x60, 0x0, 0x8f, 0xcf, 0x50, 0x6f,
    0xa0, 0xcf, 0x40,

    /* U+1E3E "Ḿ" */
    0x0, 0x0, 0x0, 0x1, 0xdd, 0x20, 0x0, 0x0,
    0x0, 0x0, 0x0, 0x8f, 0x70, 0x0, 0x0, 0x0,
    0x0, 0x0, 0x1f, 0xa0, 0x0, 0x0, 0x0, 0x0,
    0x0, 0x0, 0x0, 0x0, 0x0, 0x0, 0x6f, 0xfb,
    0x0, 0x0, 0x0, 0x0, 0xef, 0xe6, 0xff, 0xf1,
    0x0, 0x0, 0x0, 0x4f, 0xfe, 0x6f, 0xdf, 0x60,
    0x0, 0x0, 0x9, 0xef, 0xe6, 0xf8, 0xfb, 0x0,
    0x0, 0x0, 0xe9, 0xfe, 0x6f, 0x7b, 0xf1, 0x0,
    0x0, 0x4f, 0x4f, 0xe6, 0xf7, 0x5f, 0x60, 0x0,
    0xa, 0xe0, 0xfe, 0x6f, 0x70, 0xfb, 0x0, 0x0,
    0xf9, 0xf, 0xe6, 0xf7, 0xa, 0xf1, 0x0, 0x5f,
    0x30, 0xfe, 0x6f, 0x70, 0x5f, 0x60, 0xa, 0xe0,
    0xf, 0xe6, 0xf7, 0x0, 0xfb, 0x0, 0xf8, 0x0,
    0xfe, 0x6f, 0x70, 0xa, 0xf1, 0x5f, 0x30, 0xf,
    0xe6, 0xf7, 0x0, 0x5f, 0x6b, 0xd0, 0x0, 0xfe,
    0x6f, 0x70, 0x0, 0xfc, 0xf8, 0x0, 0xf, 0xe6,
    0xf7, 0x0, 0xa, 0xff, 0x20, 0x0, 0xfe, 0x6f,
    0x70, 0x0, 0x4f, 0xd0, 0x0, 0xf, 0xe0,

    /* U+1E3F "ḿ" */
    0x0, 0x0, 0x0, 0x0, 0xcf, 0x70, 0x0, 0x0,
    0x0, 0x0, 0x0, 0x4, 0xfa, 0x0, 0x0, 0x0,
    0x0, 0x0, 0x0, 0x9, 0xb0, 0x0, 0x0, 0x0,
    0x0, 0x0, 0x0, 0x0, 0x0, 0x0, 0x0, 0x0,
    0xaf, 0x19, 0xef, 0xd6, 0x5, 0xcf, 0xe9, 0x0,
    0xaf, 0xdc, 0x67, 0xef, 0xaf, 0x85, 0xaf, 0xa0,
    0xaf, 0xc0, 0x0, 0x6f, 0xf3, 0x0, 0xe, 0xf0,
    0xaf, 0x60, 0x0, 0x3f, 0xd0, 0x0, 0xb, 0xf2,
    0xaf, 0x30, 0x0, 0x2f, 0xb0, 0x0, 0xb, 0xf2,
    0xaf, 0x30, 0x0, 0x2f, 0xb0, 0x0, 0xb, 0xf2,
    0xaf, 0x30, 0x0, 0x2f, 0xb0, 0x0, 0xb, 0xf2,
    0xaf, 0x30, 0x0, 0x2f, 0xb0, 0x0, 0xb, 0xf2,
    0xaf, 0x30, 0x0, 0x2f, 0xb0, 0x0, 0xb, 0xf2,
    0xaf, 0x30, 0x0, 0x2f, 0xb0, 0x0, 0xb, 0xf2,
    0xaf, 0x30, 0x0, 0x2f, 0xb0, 0x0, 0xb, 0xf2,

    /* U+1E40 "Ṁ" */
    0x0, 0x0, 0x0, 0x1, 0x0, 0x0, 0x0, 0x0,
    0x0, 0x0, 0x2, 0xfb, 0x0, 0x0, 0x0, 0x0,
    0x0, 0x0, 0x2f, 0xb0, 0x0, 0x0, 0x0, 0x0,
    0x0, 0x0, 0x0, 0x0, 0x0, 0x0, 0x6f, 0xfb,
    0x0, 0x0, 0x0, 0x0, 0xef, 0xe6, 0xff, 0xf1,
    0x0, 0x0, 0x0, 0x4f, 0xfe, 0x6f, 0xdf, 0x60,
    0x0, 0x0, 0x9, 0xef, 0xe6, 0xf8, 0xfb, 0x0,
    0x0, 0x0, 0xe9, 0xfe, 0x6f, 0x7b, 0xf1, 0x0,
    0x0, 0x4f, 0x4f, 0xe6, 0xf7, 0x5f, 0x60, 0x0,
    0xa, 0xe0, 0xfe, 0x6f, 0x70, 0xfb, 0x0, 0x0,
    0xf9, 0xf, 0xe6, 0xf7, 0xa, 0xf1, 0x0, 0x5f,
    0x30, 0xfe, 0x6f, 0x70, 0x5f, 0x60, 0xa, 0xe0,
    0xf, 0xe6, 0xf7, 0x0, 0xfb, 0x0, 0xf8, 0x0,
    0xfe, 0x6f, 0x70, 0xa, 0xf1, 0x5f, 0x30, 0xf,
    0xe6, 0xf7, 0x0, 0x5f, 0x6b, 0xd0, 0x0, 0xfe,
    0x6f, 0x70, 0x0, 0xfc, 0xf8, 0x0, 0xf, 0xe6,
    0xf7, 0x0, 0xa, 0xff, 0x20, 0x0, 0xfe, 0x6f,
    0x70, 0x0, 0x4f, 0xd0, 0x0, 0xf, 0xe0,

    /* U+1E41 "ṁ" */
    0x0, 0x0, 0x0, 0xf, 0xe0, 0x0, 0x0, 0x0,
    0x0, 0x0, 0x0, 0xf, 0xe0, 0x0, 0x0, 0x0,
    0x0, 0x0, 0x0, 0x1, 0x10, 0x0, 0x0, 0x0,
    0x0, 0x0, 0x0, 0x0, 0x0, 0x0, 0x0, 0x0,
    0xaf, 0x19, 0xef, 0xd6, 0x5, 0xcf, 0xe9, 0x0,
    0xaf, 0xdc, 0x67, 0xef, 0xaf, 0x85, 0xaf, 0xa0,
    0xaf, 0xc0, 0x0, 0x6f, 0xf3, 0x0, 0xe, 0xf0,
    0xaf, 0x60, 0x0, 0x3f, 0xd0, 0x0, 0xb, 0xf2,
    0xaf, 0x30, 0x0, 0x2f, 0xb0, 0x0, 0xb, 0xf2,
    0xaf, 0x30, 0x0, 0x2f, 0xb0, 0x0, 0xb, 0xf2,
    0xaf, 0x30, 0x0, 0x2f, 0xb0, 0x0, 0xb, 0xf2,
    0xaf, 0x30, 0x0, 0x2f, 0xb0, 0x0, 0xb, 0xf2,
    0xaf, 0x30, 0x0, 0x2f, 0xb0, 0x0, 0xb, 0xf2,
    0xaf, 0x30, 0x0, 0x2f, 0xb0, 0x0, 0xb, 0xf2,
    0xaf, 0x30, 0x0, 0x2f, 0xb0, 0x0, 0xb, 0xf2,

    /* U+1E42 "Ṃ" */
    0x6f, 0xfb, 0x0, 0x0, 0x0, 0x0, 0xef, 0xe6,
    0xff, 0xf1, 0x0, 0x0, 0x0, 0x4f, 0xfe, 0x6f,
    0xdf, 0x60, 0x0, 0x0, 0x9, 0xef, 0xe6, 0xf8,
    0xfb, 0x0, 0x0, 0x0, 0xe9, 0xfe, 0x6f, 0x7b,
    0xf1, 0x0, 0x0, 0x4f, 0x4f, 0xe6, 0xf7, 0x5f,
    0x60, 0x0, 0xa, 0xe0, 0xfe, 0x6f, 0x70, 0xfb,
    0x0, 0x0, 0xf9, 0xf, 0xe6, 0xf7, 0xa, 0xf1,
    0x0, 0x5f, 0x30, 0xfe, 0x6f, 0x70, 0x5f, 0x60,
    0xa, 0xe0, 0xf, 0xe6, 0xf7, 0x0, 0xfb, 0x0,
    0xf8, 0x0, 0xfe, 0x6f, 0x70, 0xa, 0xf1, 0x5f,
    0x30, 0xf, 0xe6, 0xf7, 0x0, 0x5f, 0x6b, 0xd0,
    0x0, 0xfe, 0x6f, 0x70, 0x0, 0xfc, 0xf8, 0x0,
    0xf, 0xe6, 0xf7, 0x0, 0xa, 0xff, 0x20, 0x0,
    0xfe, 0x6f, 0x70, 0x0, 0x4f, 0xd0, 0x0, 0xf,
    0xe0, 0x0, 0x0, 0x0, 0x0, 0x0, 0x0, 0x0,
    0x0, 0x0, 0x0, 0x1, 0x10, 0x0, 0x0, 0x0,
    0x0, 0x0, 0x0, 0xfd, 0x0, 0x0, 0x0, 0x0,
    0x0, 0x0, 0xf, 0xd0, 0x0, 0x0, 0x0,

    /* U+1E43 "ṃ" */
    0xaf, 0x19, 0xef, 0xd6, 0x5, 0xcf, 0xe9, 0x0,
    0xaf, 0xdc, 0x67, 0xef, 0xaf, 0x85, 0xaf, 0xa0,
    0xaf, 0xc0, 0x0, 0x6f, 0xf3, 0x0, 0xe, 0xf0,
    0xaf, 0x60, 0x0, 0x3f, 0xd0, 0x0, 0xb, 0xf2,
    0xaf, 0x30, 0x0, 0x2f, 0xb0, 0x0, 0xb, 0xf2,
    0xaf, 0x30, 0x0, 0x2f, 0xb0, 0x0, 0xb, 0xf2,
    0xaf, 0x30, 0x0, 0x2f, 0xb0, 0x0, 0xb, 0xf2,
    0xaf, 0x30, 0x0, 0x2f, 0xb0, 0x0, 0xb, 0xf2,
    0xaf, 0x30, 0x0, 0x2f, 0xb0, 0x0, 0xb, 0xf2,
    0xaf, 0x30, 0x0, 0x2f, 0xb0, 0x0, 0xb, 0xf2,
    0xaf, 0x30, 0x0, 0x2f, 0xb0, 0x0, 0xb, 0xf2,
    0x0, 0x0, 0x0, 0x0, 0x0, 0x0, 0x0, 0x0,
    0x0, 0x0, 0x0, 0x1, 0x10, 0x0, 0x0, 0x0,
    0x0, 0x0, 0x0, 0xf, 0xd0, 0x0, 0x0, 0x0,
    0x0, 0x0, 0x0, 0xf, 0xd0, 0x0, 0x0, 0x0,

    /* U+1E44 "Ṅ" */
    0x0, 0x0, 0x0, 0x10, 0x0, 0x0, 0x0, 0x0,
    0x0, 0x3f, 0xb0, 0x0, 0x0, 0x0, 0x0, 0x3,
    0xfb, 0x0, 0x0, 0x0, 0x0, 0x0, 0x0, 0x0,
    0x0, 0x0, 0x5f, 0xe1, 0x0, 0x0, 0x0, 0x6f,
    0x75, 0xff, 0xa0, 0x0, 0x0, 0x6, 0xf7, 0x5f,
    0xff, 0x50, 0x0, 0x0, 0x6f, 0x75, 0xfc, 0xfe,
    0x10, 0x0, 0x6, 0xf7, 0x5f, 0x88, 0xfb, 0x0,
    0x0, 0x6f, 0x75, 0xf8, 0xd, 0xf5, 0x0, 0x6,
    0xf7, 0x5f, 0x80, 0x3f, 0xe1, 0x0, 0x6f, 0x75,
    0xf8, 0x0, 0x8f, 0xb0, 0x6, 0xf7, 0x5f, 0x80,
    0x0, 0xdf, 0x50, 0x6f, 0x75, 0xf8, 0x0, 0x3,
    0xfe, 0x16, 0xf7, 0x5f, 0x80, 0x0, 0x8, 0xfb,
    0x6f, 0x75, 0xf8, 0x0, 0x0, 0xd, 0xfc, 0xf7,
    0x5f, 0x80, 0x0, 0x0, 0x3f, 0xff, 0x75, 0xf8,
    0x0, 0x0, 0x0, 0x9f, 0xf7, 0x5f, 0x80, 0x0,
    0x0, 0x0, 0xdf, 0x70,

    /* U+1E45 "ṅ" */
    0x0, 0x0, 0x9f, 0x40, 0x0, 0x0, 0x0, 0x9f,
    0x40, 0x0, 0x0, 0x0, 0x1, 0x0, 0x0, 0x0,
    0x0, 0x0, 0x0, 0x0, 0x9f, 0x28, 0xef, 0xe8,
    0x0, 0x9f, 0xdd, 0x66, 0xbf, 0xb0, 0x9f, 0xc0,
    0x0, 0xd, 0xf2, 0x9f, 0x60, 0x0, 0x9, 0xf4,
    0x9f, 0x40, 0x0, 0x9, 0xf4, 0x9f, 0x40, 0x0,
    0x9, 0xf4, 0x9f, 0x40, 0x0, 0x9, 0xf4, 0x9f,
    0x40, 0x0, 0x9, 0xf4, 0x9f, 0x40, 0x0, 0x9,
    0xf4, 0x9f, 0x40, 0x0, 0x9, 0xf4, 0x9f, 0x40,
    0x0, 0x9, 0xf4,

    /* U+1E46 "Ṇ" */
    0x5f, 0xe1, 0x0, 0x0, 0x0, 0x6f, 0x75, 0xff,
    0xa0, 0x0, 0x0, 0x6, 0xf7, 0x5f, 0xff, 0x50,
    0x0, 0x0, 0x6f, 0x75, 0xfc, 0xfe, 0x10, 0x0,
    0x6, 0xf7, 0x5f, 0x88, 0xfb, 0x0, 0x0, 0x6f,
    0x75, 0xf8, 0xd, 0xf5, 0x0, 0x6, 0xf7, 0x5f,
    0x80, 0x3f, 0xe1, 0x0, 0x6f, 0x75, 0xf8, 0x0,
    0x8f, 0xb0, 0x6, 0xf7, 0x5f, 0x80, 0x0, 0xdf,
    0x50, 0x6f, 0x75, 0xf8, 0x0, 0x3, 0xfe, 0x16,
    0xf7, 0x5f, 0x80, 0x0, 0x8, 0xfb, 0x6f, 0x75,
    0xf8, 0x0, 0x0, 0xd, 0xfc, 0xf7, 0x5f, 0x80,
    0x0, 0x0, 0x3f, 0xff, 0x75, 0xf8, 0x0, 0x0,
    0x0, 0x9f, 0xf7, 0x5f, 0x80, 0x0, 0x0, 0x0,
    0xdf, 0x70, 0x0, 0x0, 0x0, 0x0, 0x0, 0x0,
    0x0, 0x0, 0x0, 0x10, 0x0, 0x0, 0x0, 0x0,
    0x0, 0x3f, 0xb0, 0x0, 0x0, 0x0, 0x0, 0x3,
    0xfb, 0x0, 0x0, 0x0,

    /* U+1E47 "ṇ" */
    0x9f, 0x28, 0xef, 0xe8, 0x0, 0x9f, 0xdd, 0x66,
    0xbf, 0xb0, 0x9f, 0xc0, 0x0, 0xd, 0xf2, 0x9f,
    0x60, 0x0, 0x9, 0xf4, 0x9f, 0x40, 0x0, 0x9,
    0xf4, 0x9f, 0x40, 0x0, 0x9, 0xf4, 0x9f, 0x40,
    0x0, 0x9, 0xf4, 0x9f, 0x40, 0x0, 0x9, 0xf4,
    0x9f, 0x40, 0x0, 0x9, 0xf4, 0x9f, 0x40, 0x0,
    0x9, 0xf4, 0x9f, 0x40, 0x0, 0x9, 0xf4, 0x0,
    0x0, 0x0, 0x0, 0x0, 0x0, 0x0, 0x11, 0x0,
    0x0, 0x0, 0x0, 0xef, 0x0, 0x0, 0x0, 0x0,
    0xef, 0x0, 0x0,

    /* U+1E48 "Ṉ" */
    0x5f, 0xe1, 0x0, 0x0, 0x0, 0x6f, 0x75, 0xff,
    0xa0, 0x0, 0x0, 0x6, 0xf7, 0x5f, 0xff, 0x50,
    0x0, 0x0, 0x6f, 0x75, 0xfc, 0xfe, 0x10, 0x0,
    0x6, 0xf7, 0x5f, 0x88, 0xfb, 0x0, 0x0, 0x6f,
    0x75, 0xf8, 0xd, 0xf5, 0x0, 0x6, 0xf7, 0x5f,
    0x80, 0x3f, 0xe1, 0x0, 0x6f, 0x75, 0xf8, 0x0,
    0x8f, 0xb0, 0x6, 0xf7, 0x5f, 0x80, 0x0, 0xdf,
    0x50, 0x6f, 0x75, 0xf8, 0x0, 0x3, 0xfe, 0x16,
    0xf7, 0x5f, 0x80, 0x0, 0x8, 0xfb, 0x6f, 0x75,
    0xf8, 0x0, 0x0, 0xd, 0xfc, 0xf7, 0x5f, 0x80,
    0x0, 0x0, 0x3f, 0xff, 0x75, 0xf8, 0x0, 0x0,
    0x0, 0x9f, 0xf7, 0x5f, 0x80, 0x0, 0x0, 0x0,
    0xdf, 0x70, 0x0, 0x0, 0x0, 0x0, 0x0, 0x0,
    0x0, 0x0, 0x0, 0x0, 0x0, 0x0, 0x0, 0x0,
    0x48, 0x88, 0x88, 0x60, 0x0, 0x0, 0x9, 0xff,
    0xff, 0xfc, 0x0, 0x0,

    /* U+1E49 "ṉ" */
    0x9f, 0x28, 0xef, 0xe8, 0x0, 0x9f, 0xdd, 0x66,
    0xbf, 0xb0, 0x9f, 0xc0, 0x0, 0xd, 0xf2, 0x9f,
    0x60, 0x0, 0x9, 0xf4, 0x9f, 0x40, 0x0, 0x9,
    0xf4, 0x9f, 0x40, 0x0, 0x9, 0xf4, 0x9f, 0x40,
    0x0, 0x9, 0xf4, 0x9f, 0x40, 0x0, 0x9, 0xf4,
    0x9f, 0x40, 0x0, 0x9, 0xf4, 0x9f, 0x40, 0x0,
    0x9, 0xf4, 0x9f, 0x40, 0x0, 0x9, 0xf4, 0x0,
    0x0, 0x0, 0x0, 0x0, 0x0, 0x0, 0x0, 0x0,
    0x0, 0x2, 0x88, 0x88, 0x88, 0x0, 0x4, 0xff,
    0xff, 0xff, 0x10,

    /* U+1E4A "Ṋ" */
    0x5f, 0xe1, 0x0, 0x0, 0x0, 0x6f, 0x75, 0xff,
    0xa0, 0x0, 0x0, 0x6, 0xf7, 0x5f, 0xff, 0x50,
    0x0, 0x0, 0x6f, 0x75, 0xfc, 0xfe, 0x10, 0x0,
    0x6, 0xf7, 0x5f, 0x88, 0xfb, 0x0, 0x0, 0x6f,
    0x75, 0xf8, 0xd, 0xf5, 0x0, 0x6, 0xf7, 0x5f,
    0x80, 0x3f, 0xe1, 0x0, 0x6f, 0x75, 0xf8, 0x0,
    0x8f, 0xb0, 0x6, 0xf7, 0x5f, 0x80, 0x0, 0xdf,
    0x50, 0x6f, 0x75, 0xf8, 0x0, 0x3, 0xfe, 0x16,
    0xf7, 0x5f, 0x80, 0x0, 0x8, 0xfb, 0x6f, 0x75,
    0xf8, 0x0, 0x0, 0xd, 0xfc, 0xf7, 0x5f, 0x80,
    0x0, 0x0, 0x3f, 0xff, 0x75, 0xf8, 0x0, 0x0,
    0x0, 0x9f, 0xf7, 0x5f, 0x80, 0x0, 0x0, 0x0,
    0xdf, 0x70, 0x0, 0x0, 0x0, 0x0, 0x0, 0x0,
    0x0, 0x0, 0x3, 0x99, 0x10, 0x0, 0x0, 0x0,
    0x2, 0xed, 0xec, 0x0, 0x0, 0x0, 0x1, 0xdf,
    0x25, 0xfa, 0x0, 0x0,

    /* U+1E4B "ṋ" */
    0x9f, 0x28, 0xef, 0xe8, 0x0, 0x9f, 0xdd, 0x66,
    0xbf, 0xb0, 0x9f, 0xc0, 0x0, 0xd, 0xf2, 0x9f,
    0x60, 0x0, 0x9, 0xf4, 0x9f, 0x40, 0x0, 0x9,
    0xf4, 0x9f, 0x40, 0x0, 0x9, 0xf4, 0x9f, 0x40,
    0x0, 0x9, 0xf4, 0x9f, 0x40, 0x0, 0x9, 0xf4,
    0x9f, 0x40, 0x0, 0x9, 0xf4, 0x9f, 0x40, 0x0,
    0x9, 0xf4, 0x9f, 0x40, 0x0, 0x9, 0xf4, 0x0,
    0x0, 0x0, 0x0, 0x0, 0x0, 0x4, 0x99, 0x0,
    0x0, 0x0, 0x2f, 0xdf, 0xb0, 0x0, 0x1, 0xef,
    0x25, 0xfa, 0x0,

    /* U+1E4C "Ṍ" */
    0x0, 0x0, 0x0, 0x0, 0xdf, 0x60, 0x0, 0x0,
    0x0, 0x0, 0x0, 0x5, 0xf9, 0x0, 0x0, 0x0,
    0x0, 0x0, 0x0, 0xa, 0xb0, 0x0, 0x0, 0x0,
    0x0, 0x0, 0x7, 0xfe, 0x72, 0xd9, 0x0, 0x0,
    0x0, 0x0, 0x1f, 0x87, 0xef, 0xf2, 0x0, 0x0,
    0x0, 0x0, 0x4, 0x0, 0x3, 0x10, 0x0, 0x0,
    0x0, 0x0, 0x0, 0x0, 0x0, 0x0, 0x0, 0x0,
    0x0, 0x0, 0x18, 0xdf, 0xfd, 0xa3, 0x0, 0x0,
    0x0, 0x5, 0xff, 0xeb, 0xbd, 0xff, 0xa0, 0x0,
    0x0, 0x5f, 0xf6, 0x0, 0x0, 0x3d, 0xfa, 0x0,
    0x1, 0xff, 0x40, 0x0, 0x0, 0x0, 0xdf, 0x60,
    0x7, 0xfa, 0x0, 0x0, 0x0, 0x0, 0x4f, 0xd0,
    0xc, 0xf4, 0x0, 0x0, 0x0, 0x0, 0xe, 0xf2,
    0xe, 0xf2, 0x0, 0x0, 0x0, 0x0, 0xc, 0xf4,
    0xf, 0xf1, 0x0, 0x0, 0x0, 0x0, 0xb, 0xf5,
    0xf, 0xf1, 0x0, 0x0, 0x0, 0x0, 0xc, 0xf4,
    0xc, 0xf4, 0x0, 0x0, 0x0, 0x0, 0xf, 0xf2,
    0x8, 0xfa, 0x0, 0x0, 0x0, 0x0, 0x4f, 0xd0,
    0x1, 0xff, 0x40, 0x0, 0x0, 0x0, 0xdf, 0x60,
    0x0, 0x5f, 0xf6, 0x0, 0x0, 0x3d, 0xfb, 0x0,
    0x0, 0x5, 0xff, 0xeb, 0xbd, 0xff, 0xa0, 0x0,
    0x0, 0x0, 0x18, 0xdf, 0xfe, 0xa4, 0x0, 0x0,

    /* U+1E4D "ṍ" */
    0x0, 0x0, 0x2, 0xff, 0x20, 0x0, 0x0, 0x0,
    0xaf, 0x40, 0x0, 0x0, 0x0, 0x1d, 0x70, 0x0,
    0x0, 0x0, 0x0, 0x0, 0x0, 0x0, 0x0, 0xb,
    0xfb, 0x44, 0xf3, 0x0, 0x7, 0xe6, 0xaf, 0xfb,
    0x0, 0x0, 0x22, 0x0, 0x23, 0x0, 0x0, 0x0,
    0x0, 0x0, 0x0, 0x0, 0x0, 0x7, 0xdf, 0xfb,
    0x40, 0x0, 0x1d, 0xfc, 0x89, 0xef, 0x80, 0x9,
    0xf9, 0x0, 0x1, 0xdf, 0x40, 0xff, 0x0, 0x0,
    0x5, 0xfa, 0x3f, 0xc0, 0x0, 0x0, 0x1f, 0xd4,
    0xfa, 0x0, 0x0, 0x0, 0xfe, 0x3f, 0xc0, 0x0,
    0x0, 0x1f, 0xd0, 0xff, 0x0, 0x0, 0x5, 0xfa,
    0xa, 0xf9, 0x0, 0x1, 0xdf, 0x40, 0x1d, 0xfd,
    0x99, 0xef, 0x80, 0x0, 0x7, 0xdf, 0xfb, 0x40,
    0x0,

    /* U+1E4E "Ṏ" */
    0x0, 0x0, 0xa, 0xf3, 0xe, 0xf0, 0x0, 0x0,
    0x0, 0x0, 0xa, 0xf3, 0xe, 0xf0, 0x0, 0x0,
    0x0, 0x0, 0x0, 0x10, 0x1, 0x20, 0x0, 0x0,
    0x0, 0x0, 0x7, 0xfe, 0x72, 0xd9, 0x0, 0x0,
    0x0, 0x0, 0x1f, 0x87, 0xef, 0xf2, 0x0, 0x0,
    0x0, 0x0, 0x4, 0x0, 0x3, 0x10, 0x0, 0x0,
    0x0, 0x0, 0x0, 0x0, 0x0, 0x0, 0x0, 0x0,
    0x0, 0x0, 0x18, 0xdf, 0xfd, 0xa3, 0x0, 0x0,
    0x0, 0x5, 0xff, 0xeb, 0xbd, 0xff, 0xa0, 0x0,
    0x0, 0x5f, 0xf6, 0x0, 0x0, 0x3d, 0xfa, 0x0,
    0x1, 0xff, 0x40, 0x0, 0x0, 0x0, 0xdf, 0x60,
    0x7, 0xfa, 0x0, 0x0, 0x0, 0x0, 0x4f, 0xd0,
    0xc, 0xf4, 0x0, 0x0, 0x0, 0x0, 0xe, 0xf2,
    0xe, 0xf2, 0x0, 0x0, 0x0, 0x0, 0xc, 0xf4,
    0xf, 0xf1, 0x0, 0x0, 0x0, 0x0, 0xb, 0xf5,
    0xf, 0xf1, 0x0, 0x0, 0x0, 0x0, 0xc, 0xf4,
    0xc, 0xf4, 0x0, 0x0, 0x0, 0x0, 0xf, 0xf2,
    0x8, 0xfa, 0x0, 0x0, 0x0, 0x0, 0x4f, 0xd0,
    0x1, 0xff, 0x40, 0x0, 0x0, 0x0, 0xdf, 0x60,
    0x0, 0x5f, 0xf6, 0x0, 0x0, 0x3d, 0xfb, 0x0,
    0x0, 0x5, 0xff, 0xeb, 0xbd, 0xff, 0xa0, 0x0,
    0x0, 0x0, 0x18, 0xdf, 0xfe, 0xa4, 0x0, 0x0,

    /* U+1E4F "ṏ" */
    0x0, 0x1, 0x10, 0x1, 0x0, 0x0, 0x0, 0xfe,
    0x2, 0xfb, 0x0, 0x0, 0xf, 0xe0, 0x2f, 0xb0,
    0x0, 0x0, 0x0, 0x0, 0x0, 0x0, 0x0, 0xb,
    0xfb, 0x44, 0xf3, 0x0, 0x7, 0xe6, 0xaf, 0xfb,
    0x0, 0x0, 0x22, 0x0, 0x23, 0x0, 0x0, 0x0,
    0x0, 0x0, 0x0, 0x0, 0x0, 0x7, 0xdf, 0xfb,
    0x40, 0x0, 0x1d, 0xfc, 0x89, 0xef, 0x80, 0x9,
    0xf9, 0x0, 0x1, 0xdf, 0x40, 0xff, 0x0, 0x0,
    0x5, 0xfa, 0x3f, 0xc0, 0x0, 0x0, 0x1f, 0xd4,
    0xfa, 0x0, 0x0, 0x0, 0xfe, 0x3f, 0xc0, 0x0,
    0x0, 0x1f, 0xd0, 0xff, 0x0, 0x0, 0x5, 0xfa,
    0xa, 0xf9, 0x0, 0x1, 0xdf, 0x40, 0x1d, 0xfd,
    0x99, 0xef, 0x80, 0x0, 0x7, 0xdf, 0xfb, 0x40,
    0x0,

    /* U+1E50 "Ṑ" */
    0x0, 0x0, 0x0, 0xbf, 0x80, 0x0, 0x0, 0x0,
    0x0, 0x0, 0x0, 0x1e, 0xe0, 0x0, 0x0, 0x0,
    0x0, 0x0, 0x0, 0x3, 0xd5, 0x0, 0x0, 0x0,
    0x0, 0x0, 0x0, 0x0, 0x0, 0x0, 0x0, 0x0,
    0x0, 0x0, 0xe, 0xff, 0xff, 0xf8, 0x0, 0x0,
    0x0, 0x0, 0x7, 0x88, 0x88, 0x84, 0x0, 0x0,
    0x0, 0x0, 0x0, 0x0, 0x0, 0x0, 0x0, 0x0,
    0x0, 0x0, 0x18, 0xdf, 0xfd, 0xa3, 0x0, 0x0,
    0x0, 0x5, 0xff, 0xeb, 0xbd, 0xff, 0xa0, 0x0,
    0x0, 0x5f, 0xf6, 0x0, 0x0, 0x3d, 0xfa, 0x0,
    0x1, 0xff, 0x40, 0x0, 0x0, 0x0, 0xdf, 0x60,
    0x7, 0xfa, 0x0, 0x0, 0x0, 0x0, 0x4f, 0xd0,
    0xc, 0xf4, 0x0, 0x0, 0x0, 0x0, 0xe, 0xf2,
    0xe, 0xf2, 0x0, 0x0, 0x0, 0x0, 0xc, 0xf4,
    0xf, 0xf1, 0x0, 0x0, 0x0, 0x0, 0xb, 0xf5,
    0xf, 0xf1, 0x0, 0x0, 0x0, 0x0, 0xc, 0xf4,
    0xc, 0xf4, 0x0, 0x0, 0x0, 0x0, 0xf, 0xf2,
    0x8, 0xfa, 0x0, 0x0, 0x0, 0x0, 0x4f, 0xd0,
    0x1, 0xff, 0x40, 0x0, 0x0, 0x0, 0xdf, 0x60,
    0x0, 0x5f, 0xf6, 0x0, 0x0, 0x3d, 0xfb, 0x0,
    0x0, 0x5, 0xff, 0xeb, 0xbd, 0xff, 0xa0, 0x0,
    0x0, 0x0, 0x18, 0xdf, 0xfe, 0xa4, 0x0, 0x0,

    /* U+1E51 "ṑ" */
    0x0, 0x6, 0xdb, 0x0, 0x0, 0x0, 0x0, 0xb,
    0xf4, 0x0, 0x0, 0x0, 0x0, 0xd, 0xc0, 0x0,
    0x0, 0x0, 0x0, 0x0, 0x0, 0x0, 0x0, 0x7f,
    0xff, 0xff, 0xf0, 0x0, 0x3, 0x88, 0x88, 0x87,
    0x0, 0x0, 0x0, 0x0, 0x0, 0x0, 0x0, 0x0,
    0x0, 0x0, 0x0, 0x0, 0x0, 0x7, 0xdf, 0xfb,
    0x40, 0x0, 0x1d, 0xfc, 0x89, 0xef, 0x80, 0x9,
    0xf9, 0x0, 0x1, 0xdf, 0x40, 0xff, 0x0, 0x0,
    0x5, 0xfa, 0x3f, 0xc0, 0x0, 0x0, 0x1f, 0xd4,
    0xfa, 0x0, 0x0, 0x0, 0xfe, 0x3f, 0xc0, 0x0,
    0x0, 0x1f, 0xd0, 0xff, 0x0, 0x0, 0x5, 0xfa,
    0xa, 0xf9, 0x0, 0x1, 0xdf, 0x40, 0x1d, 0xfd,
    0x99, 0xef, 0x80, 0x0, 0x7, 0xdf, 0xfb, 0x40,
    0x0,

    /* U+1E52 "Ṓ" */
    0x0, 0x0, 0x0, 0x0, 0xdf, 0x60, 0x0, 0x0,
    0x0, 0x0, 0x0, 0x5, 0xf9, 0x0, 0x0, 0x0,
    0x0, 0x0, 0x0, 0xa, 0xb0, 0x0, 0x0, 0x0,
    0x0, 0x0, 0x0, 0x0, 0x0, 0x0, 0x0, 0x0,
    0x0, 0x0, 0xe, 0xff, 0xff, 0xf8, 0x0, 0x0,
    0x0, 0x0, 0x7, 0x88, 0x88, 0x84, 0x0, 0x0,
    0x0, 0x0, 0x0, 0x0, 0x0, 0x0, 0x0, 0x0,
    0x0, 0x0, 0x18, 0xdf, 0xfd, 0xa3, 0x0, 0x0,
    0x0, 0x5, 0xff, 0xeb, 0xbd, 0xff, 0xa0, 0x0,
    0x0, 0x5f, 0xf6, 0x0, 0x0, 0x3d, 0xfa, 0x0,
    0x1, 0xff, 0x40, 0x0, 0x0, 0x0, 0xdf, 0x60,
    0x7, 0xfa, 0x0, 0x0, 0x0, 0x0, 0x4f, 0xd0,
    0xc, 0xf4, 0x0, 0x0, 0x0, 0x0, 0xe, 0xf2,
    0xe, 0xf2, 0x0, 0x0, 0x0, 0x0, 0xc, 0xf4,
    0xf, 0xf1, 0x0, 0x0, 0x0, 0x0, 0xb, 0xf5,
    0xf, 0xf1, 0x0, 0x0, 0x0, 0x0, 0xc, 0xf4,
    0xc, 0xf4, 0x0, 0x0, 0x0, 0x0, 0xf, 0xf2,
    0x8, 0xfa, 0x0, 0x0, 0x0, 0x0, 0x4f, 0xd0,
    0x1, 0xff, 0x40, 0x0, 0x0, 0x0, 0xdf, 0x60,
    0x0, 0x5f, 0xf6, 0x0, 0x0, 0x3d, 0xfb, 0x0,
    0x0, 0x5, 0xff, 0xeb, 0xbd, 0xff, 0xa0, 0x0,
    0x0, 0x0, 0x18, 0xdf, 0xfe, 0xa4, 0x0, 0x0,

    /* U+1E53 "ṓ" */
    0x0, 0x0, 0x1, 0xdd, 0x20, 0x0, 0x0, 0x0,
    0x9f, 0x60, 0x0, 0x0, 0x0, 0x1f, 0x90, 0x0,
    0x0, 0x0, 0x0, 0x0, 0x0, 0x0, 0x0, 0x7f,
    0xff, 0xff, 0xf0, 0x0, 0x3, 0x88, 0x88, 0x87,
    0x0, 0x0, 0x0, 0x0, 0x0, 0x0, 0x0, 0x0,
    0x0, 0x0, 0x0, 0x0, 0x0, 0x7, 0xdf, 0xfb,
    0x40, 0x0, 0x1d, 0xfc, 0x89, 0xef, 0x80, 0x9,
    0xf9, 0x0, 0x1, 0xdf, 0x40, 0xff, 0x0, 0x0,
    0x5, 0xfa, 0x3f, 0xc0, 0x0, 0x0, 0x1f, 0xd4,
    0xfa, 0x0, 0x0, 0x0, 0xfe, 0x3f, 0xc0, 0x0,
    0x0, 0x1f, 0xd0, 0xff, 0x0, 0x0, 0x5, 0xfa,
    0xa, 0xf9, 0x0, 0x1, 0xdf, 0x40, 0x1d, 0xfd,
    0x99, 0xef, 0x80, 0x0, 0x7, 0xdf, 0xfb, 0x40,
    0x0,

    /* U+1E54 "Ṕ" */
    0x0, 0x0, 0x3, 0xdc, 0x10, 0x0, 0x0, 0x0,
    0x0, 0xaf, 0x50, 0x0, 0x0, 0x0, 0x0, 0x2f,
    0x80, 0x0, 0x0, 0x0, 0x0, 0x0, 0x0, 0x0,
    0x0, 0x0, 0x6f, 0xff, 0xff, 0xff, 0xd9, 0x20,
    0x6, 0xfe, 0xcc, 0xcc, 0xdf, 0xfe, 0x20, 0x6f,
    0x90, 0x0, 0x0, 0xb, 0xfa, 0x6, 0xf9, 0x0,
    0x0, 0x0, 0x2f, 0xf0, 0x6f, 0x90, 0x0, 0x0,
    0x0, 0xff, 0x6, 0xf9, 0x0, 0x0, 0x0, 0x3f,
    0xf0, 0x6f, 0x90, 0x0, 0x0, 0x2d, 0xf9, 0x6,
    0xfe, 0xcc, 0xcc, 0xef, 0xfd, 0x10, 0x6f, 0xff,
    0xff, 0xff, 0xc7, 0x0, 0x6, 0xf9, 0x0, 0x0,
    0x0, 0x0, 0x0, 0x6f, 0x90, 0x0, 0x0, 0x0,
    0x0, 0x6, 0xf9, 0x0, 0x0, 0x0, 0x0, 0x0,
    0x6f, 0x90, 0x0, 0x0, 0x0, 0x0, 0x6, 0xf9,
    0x0, 0x0, 0x0, 0x0, 0x0, 0x6f, 0x90, 0x0,
    0x0, 0x0, 0x0, 0x0,

    /* U+1E55 "ṕ" */
    0x0, 0x0, 0x2f, 0xf2, 0x0, 0x0, 0x0, 0xaf,
    0x40, 0x0, 0x0, 0x1, 0xd7, 0x0, 0x0, 0x0,
    0x0, 0x0, 0x0, 0x0, 0x9f, 0x29, 0xef, 0xd6,
    0x0, 0x9f, 0xde, 0x87, 0xdf, 0x90, 0x9f, 0xe1,
    0x0, 0xd, 0xf3, 0x9f, 0x70, 0x0, 0x5, 0xf9,
    0x9f, 0x30, 0x0, 0x1, 0xfc, 0x9f, 0x10, 0x0,
    0x0, 0xfd, 0x9f, 0x30, 0x0, 0x1, 0xfc, 0x9f,
    0x60, 0x0, 0x5, 0xf9, 0x9f, 0xe1, 0x0, 0x1d,
    0xf2, 0x9f, 0xee, 0x99, 0xef, 0x70, 0x9f, 0x59,
    0xef, 0xc4, 0x0, 0x9f, 0x40, 0x0, 0x0, 0x0,
    0x9f, 0x40, 0x0, 0x0, 0x0, 0x9f, 0x40, 0x0,
    0x0, 0x0, 0x9f, 0x40, 0x0, 0x0, 0x0,

    /* U+1E56 "Ṗ" */
    0x0, 0x0, 0x1, 0x0, 0x0, 0x0, 0x0, 0x0,
    0x4, 0xfa, 0x0, 0x0, 0x0, 0x0, 0x0, 0x4f,
    0xa0, 0x0, 0x0, 0x0, 0x0, 0x0, 0x0, 0x0,
    0x0, 0x0, 0x6f, 0xff, 0xff, 0xff, 0xd9, 0x20,
    0x6, 0xfe, 0xcc, 0xcc, 0xdf, 0xfe, 0x20, 0x6f,
    0x90, 0x0, 0x0, 0xb, 0xfa, 0x6, 0xf9, 0x0,
    0x0, 0x0, 0x2f, 0xf0, 0x6f, 0x90, 0x0, 0x0,
    0x0, 0xff, 0x6, 0xf9, 0x0, 0x0, 0x0, 0x3f,
    0xf0, 0x6f, 0x90, 0x0, 0x0, 0x2d, 0xf9, 0x6,
    0xfe, 0xcc, 0xcc, 0xef, 0xfd, 0x10, 0x6f, 0xff,
    0xff, 0xff, 0xc7, 0x0, 0x6, 0xf9, 0x0, 0x0,
    0x0, 0x0, 0x0, 0x6f, 0x90, 0x0, 0x0, 0x0,
    0x0, 0x6, 0xf9, 0x0, 0x0, 0x0, 0x0, 0x0,
    0x6f, 0x90, 0x0, 0x0, 0x0, 0x0, 0x6, 0xf9,
    0x0, 0x0, 0x0, 0x0, 0x0, 0x6f, 0x90, 0x0,
    0x0, 0x0, 0x0, 0x0,

    /* U+1E57 "ṗ" */
    0x0, 0x0, 0xef, 0x0, 0x0, 0x0, 0x0, 0xef,
    0x0, 0x0, 0x0, 0x0, 0x11, 0x0, 0x0, 0x0,
    0x0, 0x0, 0x0, 0x0, 0x9f, 0x29, 0xef, 0xd6,
    0x0, 0x9f, 0xde, 0x87, 0xdf, 0x90, 0x9f, 0xe1,
    0x0, 0xd, 0xf3, 0x9f, 0x70, 0x0, 0x5, 0xf9,
    0x9f, 0x30, 0x0, 0x1, 0xfc, 0x9f, 0x10, 0x0,
    0x0, 0xfd, 0x9f, 0x30, 0x0, 0x1, 0xfc, 0x9f,
    0x60, 0x0, 0x5, 0xf9, 0x9f, 0xe1, 0x0, 0x1d,
    0xf2, 0x9f, 0xee, 0x99, 0xef, 0x70, 0x9f, 0x59,
    0xef, 0xc4, 0x0, 0x9f, 0x40, 0x0, 0x0, 0x0,
    0x9f, 0x40, 0x0, 0x0, 0x0, 0x9f, 0x40, 0x0,
    0x0, 0x0, 0x9f, 0x40, 0x0, 0x0, 0x0,

    /* U+1E58 "Ṙ" */
    0x0, 0x0, 0x0, 0x10, 0x0, 0x0, 0x0, 0x0,
    0x0, 0x9, 0xf4, 0x0, 0x0, 0x0, 0x0, 0x0,
    0x9, 0xf4, 0x0, 0x0, 0x0, 0x0, 0x0, 0x0,
    0x0, 0x0, 0x0, 0x0, 0x5f, 0xff, 0xff, 0xff,
    0xfd, 0x70, 0x0, 0x5f, 0xea, 0xaa, 0xaa, 0xcf,
    0xfb, 0x0, 0x5f, 0xa0, 0x0, 0x0, 0x3, 0xff,
    0x50, 0x5f, 0xa0, 0x0, 0x0, 0x0, 0x8f, 0x90,
    0x5f, 0xa0, 0x0, 0x0, 0x0, 0x6f, 0xa0, 0x5f,
    0xa0, 0x0, 0x0, 0x0, 0xaf, 0x80, 0x5f, 0xa0,
    0x0, 0x0, 0x28, 0xff, 0x20, 0x5f, 0xff, 0xff,
    0xff, 0xff, 0xd3, 0x0, 0x5f, 0xec, 0xcc, 0xff,
    0xd4, 0x0, 0x0, 0x5f, 0xa0, 0x0, 0xa, 0xfc,
    0x10, 0x0, 0x5f, 0xa0, 0x0, 0x0, 0xbf, 0xc0,
    0x0, 0x5f, 0xa0, 0x0, 0x0, 0xe, 0xf8, 0x0,
    0x5f, 0xa0, 0x0, 0x0, 0x4, 0xff, 0x30, 0x5f,
    0xa0, 0x0, 0x0, 0x0, 0x9f, 0xd0, 0x5f, 0xa0,
    0x0, 0x0, 0x0, 0xd, 0xf9,

    /* U+1E59 "ṙ" */
    0x7, 0xf7, 0x0, 0x0, 0x7f, 0x70, 0x0, 0x0,
    0x10, 0x0, 0x0, 0x0, 0x0, 0x0, 0xaf, 0x2c,
    0xfc, 0x1a, 0xfd, 0xda, 0xc0, 0xaf, 0xc0, 0x0,
    0xa, 0xf6, 0x0, 0x0, 0xaf, 0x30, 0x0, 0xa,
    0xf3, 0x0, 0x0, 0xaf, 0x30, 0x0, 0xa, 0xf3,
    0x0, 0x0, 0xaf, 0x30, 0x0, 0xa, 0xf3, 0x0,
    0x0, 0xaf, 0x30, 0x0, 0x0,

    /* U+1E5A "Ṛ" */
    0x5f, 0xff, 0xff, 0xff, 0xfd, 0x80, 0x0, 0x5f,
    0xea, 0xaa, 0xaa, 0xcf, 0xfc, 0x0, 0x5f, 0xa0,
    0x0, 0x0, 0x2, 0xef, 0x60, 0x5f, 0xa0, 0x0,
    0x0, 0x0, 0x7f, 0xa0, 0x5f, 0xa0, 0x0, 0x0,
    0x0, 0x7f, 0x90, 0x5f, 0xa0, 0x0, 0x0, 0x3,
    0xef, 0x50, 0x5f, 0xec, 0xcc, 0xcc, 0xef, 0xf8,
    0x0, 0x5f, 0xff, 0xff, 0xff, 0xd8, 0x30, 0x0,
    0x5f, 0xa0, 0x0, 0x4d, 0xf7, 0x0, 0x0, 0x5f,
    0xa0, 0x0, 0x2, 0xef, 0x70, 0x0, 0x5f, 0xa0,
    0x0, 0x0, 0x5f, 0xf3, 0x0, 0x5f, 0xa0, 0x0,
    0x0, 0xa, 0xfc, 0x0, 0x5f, 0xa0, 0x0, 0x0,
    0x1, 0xff, 0x60, 0x5f, 0xa0, 0x0, 0x0, 0x0,
    0x7f, 0xe1, 0x5f, 0xa0, 0x0, 0x0, 0x0, 0xd,
    0xfa, 0x0, 0x0, 0x0, 0x0, 0x0, 0x0, 0x0,
    0x0, 0x0, 0x0, 0x10, 0x0, 0x0, 0x0, 0x0,
    0x0, 0x8, 0xf6, 0x0, 0x0, 0x0, 0x0, 0x0,
    0x8, 0xf6, 0x0, 0x0, 0x0,

    /* U+1E5B "ṛ" */
    0xaf, 0x2c, 0xfc, 0x1a, 0xfd, 0xda, 0xc0, 0xaf,
    0xc0, 0x0, 0xa, 0xf6, 0x0, 0x0, 0xaf, 0x30,
    0x0, 0xa, 0xf3, 0x0, 0x0, 0xaf, 0x30, 0x0,
    0xa, 0xf3, 0x0, 0x0, 0xaf, 0x30, 0x0, 0xa,
    0xf3, 0x0, 0x0, 0xaf, 0x30, 0x0, 0x0, 0x0,
    0x0, 0x0, 0x0, 0x10, 0x0, 0x0, 0x6f, 0x70,
    0x0, 0x6, 0xf7, 0x0, 0x0,

    /* U+1E5C "Ṝ" */
    0x0, 0x7, 0x88, 0x88, 0x83, 0x0, 0x0, 0x0,
    0xf, 0xff, 0xff, 0xf6, 0x0, 0x0, 0x0, 0x0,
    0x0, 0x0, 0x0, 0x0, 0x0, 0x0, 0x0, 0x0,
    0x0, 0x0, 0x0, 0x0, 0x5f, 0xff, 0xff, 0xff,
    0xfd, 0x80, 0x0, 0x5f, 0xea, 0xaa, 0xaa, 0xcf,
    0xfc, 0x0, 0x5f, 0xa0, 0x0, 0x0, 0x2, 0xef,
    0x60, 0x5f, 0xa0, 0x0, 0x0, 0x0, 0x7f, 0xa0,
    0x5f, 0xa0, 0x0, 0x0, 0x0, 0x7f, 0x90, 0x5f,
    0xa0, 0x0, 0x0, 0x3, 0xef, 0x50, 0x5f, 0xec,
    0xcc, 0xcc, 0xef, 0xf8, 0x0, 0x5f, 0xff, 0xff,
    0xff, 0xd8, 0x30, 0x0, 0x5f, 0xa0, 0x0, 0x4d,
    0xf7, 0x0, 0x0, 0x5f, 0xa0, 0x0, 0x2, 0xef,
    0x70, 0x0, 0x5f, 0xa0, 0x0, 0x0, 0x5f, 0xf3,
    0x0, 0x5f, 0xa0, 0x0, 0x0, 0xa, 0xfc, 0x0,
    0x5f, 0xa0, 0x0, 0x0, 0x1, 0xff, 0x60, 0x5f,
    0xa0, 0x0, 0x0, 0x0, 0x7f, 0xe1, 0x5f, 0xa0,
    0x0, 0x0, 0x0, 0xd, 0xfa, 0x0, 0x0, 0x0,
    0x0, 0x0, 0x0, 0x0, 0x0, 0x0, 0x0, 0x10,
    0x0, 0x0, 0x0, 0x0, 0x0, 0x8, 0xf6, 0x0,
    0x0, 0x0, 0x0, 0x0, 0x8, 0xf6, 0x0, 0x0,
    0x0,

    /* U+1E5D "ṝ" */
    0xbf, 0xff, 0xff, 0xb0, 0x58, 0x88, 0x88, 0x50,
    0x0, 0x0, 0x0, 0x0, 0x0, 0x0, 0x0, 0x0,
    0xa, 0xf2, 0xcf, 0xc1, 0xa, 0xfd, 0xda, 0xc0,
    0xa, 0xfc, 0x0, 0x0, 0xa, 0xf6, 0x0, 0x0,
    0xa, 0xf3, 0x0, 0x0, 0xa, 0xf3, 0x0, 0x0,
    0xa, 0xf3, 0x0, 0x0, 0xa, 0xf3, 0x0, 0x0,
    0xa, 0xf3, 0x0, 0x0, 0xa, 0xf3, 0x0, 0x0,
    0xa, 0xf3, 0x0, 0x0, 0x0, 0x0, 0x0, 0x0,
    0x0, 0x1, 0x0, 0x0, 0x0, 0x6f, 0x70, 0x0,
    0x0, 0x6f, 0x70, 0x0,

    /* U+1E5E "Ṟ" */
    0x5f, 0xff, 0xff, 0xff, 0xfd, 0x70, 0x0, 0x5f,
    0xea, 0xaa, 0xaa, 0xcf, 0xfb, 0x0, 0x5f, 0xa0,
    0x0, 0x0, 0x3, 0xff, 0x50, 0x5f, 0xa0, 0x0,
    0x0, 0x0, 0x8f, 0x90, 0x5f, 0xa0, 0x0, 0x0,
    0x0, 0x6f, 0xa0, 0x5f, 0xa0, 0x0, 0x0, 0x0,
    0xaf, 0x80, 0x5f, 0xa0, 0x0, 0x0, 0x28, 0xff,
    0x20, 0x5f, 0xff, 0xff, 0xff, 0xff, 0xd3, 0x0,
    0x5f, 0xec, 0xcc, 0xff, 0xd4, 0x0, 0x0, 0x5f,
    0xa0, 0x0, 0xa, 0xfc, 0x10, 0x0, 0x5f, 0xa0,
    0x0, 0x0, 0xbf, 0xc0, 0x0, 0x5f, 0xa0, 0x0,
    0x0, 0xe, 0xf8, 0x0, 0x5f, 0xa0, 0x0, 0x0,
    0x4, 0xff, 0x30, 0x5f, 0xa0, 0x0, 0x0, 0x0,
    0x9f, 0xd0, 0x5f, 0xa0, 0x0, 0x0, 0x0, 0xd,
    0xf9, 0x0, 0x0, 0x0, 0x0, 0x0, 0x0, 0x0,
    0x0, 0x0, 0x0, 0x0, 0x0, 0x0, 0x0, 0x0,
    0x3, 0x88, 0x88, 0x88, 0x0, 0x0, 0x0, 0x6,
    0xff, 0xff, 0xff, 0x0, 0x0,

    /* U+1E5F "ṟ" */
    0xa, 0xf2, 0xcf, 0xc1, 0xa, 0xfd, 0xda, 0xc0,
    0xa, 0xfc, 0x0, 0x0, 0xa, 0xf6, 0x0, 0x0,
    0xa, 0xf3, 0x0, 0x0, 0xa, 0xf3, 0x0, 0x0,
    0xa, 0xf3, 0x0, 0x0, 0xa, 0xf3, 0x0, 0x0,
    0xa, 0xf3, 0x0, 0x0, 0xa, 0xf3, 0x0, 0x0,
    0xa, 0xf3, 0x0, 0x0, 0x0, 0x0, 0x0, 0x0,
    0x0, 0x0, 0x0, 0x0, 0x68, 0x88, 0x88, 0x40,
    0xdf, 0xff, 0xff, 0x90,

    /* U+1E60 "Ṡ" */
    0x0, 0x0, 0x4, 0xfa, 0x0, 0x0, 0x0, 0x0,
    0x0, 0x4f, 0xa0, 0x0, 0x0, 0x0, 0x0, 0x0,
    0x10, 0x0, 0x0, 0x0, 0x0, 0x0, 0x0, 0x0,
    0x0, 0x0, 0x0, 0x3, 0xae, 0xff, 0xd8, 0x10,
    0x0, 0x6, 0xff, 0xec, 0xdf, 0xff, 0x40, 0x2,
    0xff, 0x50, 0x0, 0x8, 0xfe, 0x0, 0x6f, 0x80,
    0x0, 0x0, 0xc, 0xf5, 0x6, 0xf9, 0x0, 0x0,
    0x0, 0x47, 0x20, 0x2f, 0xf8, 0x20, 0x0, 0x0,
    0x0, 0x0, 0x5f, 0xff, 0xea, 0x61, 0x0, 0x0,
    0x0, 0x17, 0xcf, 0xff, 0xfb, 0x20, 0x0, 0x0,
    0x0, 0x3, 0x8d, 0xff, 0x30, 0x0, 0x0, 0x0,
    0x0, 0x8, 0xfb, 0xf, 0xe0, 0x0, 0x0, 0x0,
    0xf, 0xe0, 0xcf, 0x50, 0x0, 0x0, 0x2, 0xfc,
    0x5, 0xff, 0x70, 0x0, 0x3, 0xdf, 0x60, 0x7,
    0xff, 0xfd, 0xce, 0xff, 0x90, 0x0, 0x3, 0x9d,
    0xff, 0xeb, 0x40, 0x0,

    /* U+1E61 "ṡ" */
    0x0, 0x0, 0xaf, 0x30, 0x0, 0x0, 0x0, 0xaf,
    0x30, 0x0, 0x0, 0x0, 0x1, 0x0, 0x0, 0x0,
    0x0, 0x0, 0x0, 0x0, 0x0, 0x6c, 0xff, 0xd7,
    0x0, 0x8, 0xfd, 0x88, 0xcf, 0xa0, 0xf, 0xd0,
    0x0, 0xc, 0xf1, 0xf, 0xe2, 0x0, 0x1, 0x0,
    0x8, 0xff, 0xd9, 0x40, 0x0, 0x0, 0x5c, 0xff,
    0xff, 0x80, 0x0, 0x0, 0x14, 0x9f, 0xf6, 0x28,
    0x50, 0x0, 0x4, 0xfa, 0x1f, 0xe1, 0x0, 0x7,
    0xf8, 0x8, 0xfe, 0x98, 0xbf, 0xe1, 0x0, 0x5c,
    0xef, 0xd8, 0x10,

    /* U+1E62 "Ṣ" */
    0x0, 0x3, 0xae, 0xff, 0xd8, 0x10, 0x0, 0x6,
    0xff, 0xec, 0xdf, 0xff, 0x40, 0x2, 0xff, 0x50,
    0x0, 0x8, 0xfe, 0x0, 0x6f, 0x80, 0x0, 0x0,
    0xc, 0xf5, 0x6, 0xf9, 0x0, 0x0, 0x0, 0x47,
    0x20, 0x2f, 0xf8, 0x20, 0x0, 0x0, 0x0, 0x0,
    0x5f, 0xff, 0xea, 0x61, 0x0, 0x0, 0x0, 0x17,
    0xcf, 0xff, 0xfb, 0x20, 0x0, 0x0, 0x0, 0x3,
    0x8d, 0xff, 0x30, 0x0, 0x0, 0x0, 0x0, 0x8,
    0xfb, 0xf, 0xe0, 0x0, 0x0, 0x0, 0xf, 0xe0,
    0xcf, 0x50, 0x0, 0x0, 0x2, 0xfc, 0x5, 0xff,
    0x70, 0x0, 0x3, 0xdf, 0x60, 0x7, 0xff, 0xfd,
    0xce, 0xff, 0x90, 0x0, 0x3, 0x9d, 0xff, 0xeb,
    0x40, 0x0, 0x0, 0x0, 0x0, 0x0, 0x0, 0x0,
    0x0, 0x0, 0x0, 0x11, 0x0, 0x0, 0x0, 0x0,
    0x0, 0xe, 0xf0, 0x0, 0x0, 0x0, 0x0, 0x0,
    0xef, 0x0, 0x0, 0x0,

    /* U+1E63 "ṣ" */
    0x0, 0x6c, 0xff, 0xd7, 0x0, 0x8, 0xfd, 0x88,
    0xcf, 0xa0, 0xf, 0xd0, 0x0, 0xc, 0xf1, 0xf,
    0xe2, 0x0, 0x1, 0x0, 0x8, 0xff, 0xd9, 0x40,
    0x0, 0x0, 0x5c, 0xff, 0xff, 0x80, 0x0, 0x0,
    0x14, 0x9f, 0xf6, 0x28, 0x50, 0x0, 0x4, 0xfa,
    0x1f, 0xe1, 0x0, 0x7, 0xf8, 0x8, 0xfe, 0x98,
    0xbf, 0xe1, 0x0, 0x5c, 0xef, 0xd8, 0x10, 0x0,
    0x0, 0x0, 0x0, 0x0, 0x0, 0x0, 0x1, 0x0,
    0x0, 0x0, 0x0, 0xbf, 0x20, 0x0, 0x0, 0x0,
    0xbf, 0x20, 0x0,

    /* U+1E64 "Ṥ" */
    0x0, 0x0, 0x9f, 0x40, 0x0, 0x0, 0x0, 0x0,
    0x9, 0xf4, 0xc, 0xd3, 0x0, 0x0, 0x0, 0x1,
    0x7, 0xf8, 0x0, 0x0, 0x0, 0x0, 0x0, 0xeb,
    0x0, 0x0, 0x0, 0x0, 0x0, 0x0, 0x0, 0x0,
    0x0, 0x0, 0x3a, 0xef, 0xfd, 0x81, 0x0, 0x0,
    0x6f, 0xfe, 0xcd, 0xff, 0xf4, 0x0, 0x2f, 0xf5,
    0x0, 0x0, 0x8f, 0xe0, 0x6, 0xf8, 0x0, 0x0,
    0x0, 0xcf, 0x50, 0x6f, 0x90, 0x0, 0x0, 0x4,
    0x72, 0x2, 0xff, 0x82, 0x0, 0x0, 0x0, 0x0,
    0x5, 0xff, 0xfe, 0xa6, 0x10, 0x0, 0x0, 0x1,
    0x7c, 0xff, 0xff, 0xb2, 0x0, 0x0, 0x0, 0x0,
    0x38, 0xdf, 0xf3, 0x0, 0x0, 0x0, 0x0, 0x0,
    0x8f, 0xb0, 0xfe, 0x0, 0x0, 0x0, 0x0, 0xfe,
    0xc, 0xf5, 0x0, 0x0, 0x0, 0x2f, 0xc0, 0x5f,
    0xf7, 0x0, 0x0, 0x3d, 0xf6, 0x0, 0x7f, 0xff,
    0xdc, 0xef, 0xf9, 0x0, 0x0, 0x39, 0xdf, 0xfe,
    0xb4, 0x0,

    /* U+1E65 "ṥ" */
    0x0, 0x1, 0x0, 0x0, 0x0, 0x0, 0xaf, 0x30,
    0x0, 0x0, 0x0, 0xaf, 0x32, 0xff, 0x20, 0x0,
    0x0, 0xa, 0xf4, 0x0, 0x0, 0x0, 0x1d, 0x70,
    0x0, 0x0, 0x0, 0x0, 0x0, 0x0, 0x0, 0x6c,
    0xff, 0xd7, 0x0, 0x8, 0xfd, 0x88, 0xcf, 0xa0,
    0xf, 0xd0, 0x0, 0xc, 0xf1, 0xf, 0xe2, 0x0,
    0x1, 0x0, 0x8, 0xff, 0xd9, 0x40, 0x0, 0x0,
    0x5c, 0xff, 0xff, 0x80, 0x0, 0x0, 0x14, 0x9f,
    0xf6, 0x28, 0x50, 0x0, 0x4, 0xfa, 0x1f, 0xe1,
    0x0, 0x7, 0xf8, 0x8, 0xfe, 0x98, 0xbf, 0xe1,
    0x0, 0x5c, 0xef, 0xd8, 0x10,

    /* U+1E66 "Ṧ" */
    0x0, 0x0, 0x0, 0xfe, 0x0, 0x0, 0x0, 0x0,
    0x0, 0xf, 0xe0, 0x0, 0x0, 0x0, 0x0, 0x0,
    0x11, 0x0, 0x0, 0x0, 0x0, 0xb, 0xc1, 0x2d,
    0xb0, 0x0, 0x0, 0x0, 0x4f, 0xab, 0xf4, 0x0,
    0x0, 0x0, 0x0, 0x8f, 0xf8, 0x0, 0x0, 0x0,
    0x0, 0x0, 0x34, 0x0, 0x0, 0x0, 0x0, 0x3a,
    0xef, 0xfd, 0x81, 0x0, 0x0, 0x6f, 0xfe, 0xcd,
    0xff, 0xf4, 0x0, 0x2f, 0xf5, 0x0, 0x0, 0x8f,
    0xe0, 0x6, 0xf8, 0x0, 0x0, 0x0, 0xcf, 0x50,
    0x6f, 0x90, 0x0, 0x0, 0x4, 0x72, 0x2, 0xff,
    0x82, 0x0, 0x0, 0x0, 0x0, 0x5, 0xff, 0xfe,
    0xa6, 0x10, 0x0, 0x0, 0x1, 0x7c, 0xff, 0xff,
    0xb2, 0x0, 0x0, 0x0, 0x0, 0x38, 0xdf, 0xf3,
    0x0, 0x0, 0x0, 0x0, 0x0, 0x8f, 0xb0, 0xfe,
    0x0, 0x0, 0x0, 0x0, 0xfe, 0xc, 0xf5, 0x0,
    0x0, 0x0, 0x2f, 0xc0, 0x5f, 0xf7, 0x0, 0x0,
    0x3d, 0xf6, 0x0, 0x7f, 0xff, 0xdc, 0xef, 0xf9,
    0x0, 0x0, 0x39, 0xdf, 0xfe, 0xb4, 0x0,

    /* U+1E67 "ṧ" */
    0x0, 0x0, 0x1, 0x0, 0x0, 0x0, 0x0, 0xaf,
    0x30, 0x0, 0x0, 0x0, 0xaf, 0x30, 0x0, 0x0,
    0x0, 0x0, 0x0, 0x0, 0x0, 0x9f, 0x70, 0xef,
    0x20, 0x0, 0xb, 0xfb, 0xf4, 0x0, 0x0, 0x0,
    0xbc, 0x70, 0x0, 0x0, 0x0, 0x0, 0x0, 0x0,
    0x0, 0x6c, 0xff, 0xd7, 0x0, 0x8, 0xfd, 0x88,
    0xcf, 0xa0, 0xf, 0xd0, 0x0, 0xc, 0xf1, 0xf,
    0xe2, 0x0, 0x1, 0x0, 0x8, 0xff, 0xd9, 0x40,
    0x0, 0x0, 0x5c, 0xff, 0xff, 0x80, 0x0, 0x0,
    0x14, 0x9f, 0xf6, 0x28, 0x50, 0x0, 0x4, 0xfa,
    0x1f, 0xe1, 0x0, 0x7, 0xf8, 0x8, 0xfe, 0x98,
    0xbf, 0xe1, 0x0, 0x5c, 0xef, 0xd8, 0x10,

    /* U+1E68 "Ṩ" */
    0x0, 0x0, 0x0, 0xef, 0x0, 0x0, 0x0, 0x0,
    0x0, 0xe, 0xf0, 0x0, 0x0, 0x0, 0x0, 0x0,
    0x11, 0x0, 0x0, 0x0, 0x0, 0x0, 0x0, 0x0,
    0x0, 0x0, 0x0, 0x3, 0xae, 0xff, 0xd8, 0x10,
    0x0, 0x6, 0xff, 0xec, 0xdf, 0xff, 0x40, 0x2,
    0xff, 0x50, 0x0, 0x8, 0xfe, 0x0, 0x6f, 0x80,
    0x0, 0x0, 0xc, 0xf5, 0x6, 0xf9, 0x0, 0x0,
    0x0, 0x47, 0x20, 0x2f, 0xf8, 0x20, 0x0, 0x0,
    0x0, 0x0, 0x5f, 0xff, 0xea, 0x61, 0x0, 0x0,
    0x0, 0x17, 0xcf, 0xff, 0xfb, 0x20, 0x0, 0x0,
    0x0, 0x3, 0x8d, 0xff, 0x30, 0x0, 0x0, 0x0,
    0x0, 0x8, 0xfb, 0xf, 0xe0, 0x0, 0x0, 0x0,
    0xf, 0xe0, 0xcf, 0x50, 0x0, 0x0, 0x2, 0xfc,
    0x5, 0xff, 0x70, 0x0, 0x3, 0xdf, 0x60, 0x7,
    0xff, 0xfd, 0xce, 0xff, 0x90, 0x0, 0x3, 0x9d,
    0xff, 0xeb, 0x40, 0x0, 0x0, 0x0, 0x0, 0x0,
    0x0, 0x0, 0x0, 0x0, 0x0, 0x11, 0x0, 0x0,
    0x0, 0x0, 0x0, 0xe, 0xf0, 0x0, 0x0, 0x0,
    0x0, 0x0, 0xef, 0x0, 0x0, 0x0,

    /* U+1E69 "ṩ" */
    0x0, 0x0, 0xaf, 0x30, 0x0, 0x0, 0x0, 0xaf,
    0x30, 0x0, 0x0, 0x0, 0x1, 0x0, 0x0, 0x0,
    0x0, 0x0, 0x0, 0x0, 0x0, 0x6c, 0xff, 0xd7,
    0x0, 0x8, 0xfd, 0x88, 0xcf, 0xa0, 0xf, 0xd0,
    0x0, 0xc, 0xf1, 0xf, 0xe2, 0x0, 0x1, 0x0,
    0x8, 0xff, 0xd9, 0x40, 0x0, 0x0, 0x5c, 0xff,
    0xff, 0x80, 0x0, 0x0, 0x14, 0x9f, 0xf6, 0x28,
    0x50, 0x0, 0x4, 0xfa, 0x1f, 0xe1, 0x0, 0x7,
    0xf8, 0x8, 0xfe, 0x98, 0xbf, 0xe1, 0x0, 0x5c,
    0xef, 0xd8, 0x10, 0x0, 0x0, 0x0, 0x0, 0x0,
    0x0, 0x0, 0x1, 0x0, 0x0, 0x0, 0x0, 0xaf,
    0x30, 0x0, 0x0, 0x0, 0xaf, 0x30, 0x0,

    /* U+1E6A "Ṫ" */
    0x0, 0x0, 0x0, 0x10, 0x0, 0x0, 0x0, 0x0,
    0x0, 0x7f, 0x60, 0x0, 0x0, 0x0, 0x0, 0x7,
    0xf6, 0x0, 0x0, 0x0, 0x0, 0x0, 0x0, 0x0,
    0x0, 0x0, 0x8f, 0xff, 0xff, 0xff, 0xff, 0xff,
    0x56, 0xcc, 0xcc, 0xef, 0xdc, 0xcc, 0xc4, 0x0,
    0x0, 0x9, 0xf6, 0x0, 0x0, 0x0, 0x0, 0x0,
    0x9f, 0x60, 0x0, 0x0, 0x0, 0x0, 0x9, 0xf6,
    0x0, 0x0, 0x0, 0x0, 0x0, 0x9f, 0x60, 0x0,
    0x0, 0x0, 0x0, 0x9, 0xf6, 0x0, 0x0, 0x0,
    0x0, 0x0, 0x9f, 0x60, 0x0, 0x0, 0x0, 0x0,
    0x9, 0xf6, 0x0, 0x0, 0x0, 0x0, 0x0, 0x9f,
    0x60, 0x0, 0x0, 0x0, 0x0, 0x9, 0xf6, 0x0,
    0x0, 0x0, 0x0, 0x0, 0x9f, 0x60, 0x0, 0x0,
    0x0, 0x0, 0x9, 0xf6, 0x0, 0x0, 0x0, 0x0,
    0x0, 0x9f, 0x60, 0x0, 0x0, 0x0, 0x0, 0x9,
    0xf6, 0x0, 0x0, 0x0,

    /* U+1E6B "ṫ" */
    0x0, 0x10, 0x0, 0x4, 0xf9, 0x0, 0x4, 0xf9,
    0x0, 0x0, 0x0, 0x0, 0x0, 0x2, 0x0, 0x2,
    0xd8, 0x0, 0x4, 0xf8, 0x0, 0x4, 0xf8, 0x0,
    0xaf, 0xff, 0xf6, 0x49, 0xfb, 0x62, 0x4, 0xf8,
    0x0, 0x4, 0xf8, 0x0, 0x4, 0xf8, 0x0, 0x4,
    0xf8, 0x0, 0x4, 0xf8, 0x0, 0x4, 0xf8, 0x0,
    0x4, 0xf9, 0x0, 0x2, 0xff, 0xb5, 0x0, 0x7e,
    0xf8,

    /* U+1E6C "Ṭ" */
    0x8f, 0xff, 0xff, 0xff, 0xff, 0xff, 0x56, 0xcc,
    0xcc, 0xef, 0xdc, 0xcc, 0xc4, 0x0, 0x0, 0x9,
    0xf6, 0x0, 0x0, 0x0, 0x0, 0x0, 0x9f, 0x60,
    0x0, 0x0, 0x0, 0x0, 0x9, 0xf6, 0x0, 0x0,
    0x0, 0x0, 0x0, 0x9f, 0x60, 0x0, 0x0, 0x0,
    0x0, 0x9, 0xf6, 0x0, 0x0, 0x0, 0x0, 0x0,
    0x9f, 0x60, 0x0, 0x0, 0x0, 0x0, 0x9, 0xf6,
    0x0, 0x0, 0x0, 0x0, 0x0, 0x9f, 0x60, 0x0,
    0x0, 0x0, 0x0, 0x9, 0xf6, 0x0, 0x0, 0x0,
    0x0, 0x0, 0x9f, 0x60, 0x0, 0x0, 0x0, 0x0,
    0x9, 0xf6, 0x0, 0x0, 0x0, 0x0, 0x0, 0x9f,
    0x60, 0x0, 0x0, 0x0, 0x0, 0x9, 0xf6, 0x0,
    0x0, 0x0, 0x0, 0x0, 0x0, 0x0, 0x0, 0x0,
    0x0, 0x0, 0x0, 0x10, 0x0, 0x0, 0x0, 0x0,
    0x0, 0x9f, 0x40, 0x0, 0x0, 0x0, 0x0, 0x9,
    0xf4, 0x0, 0x0, 0x0,

    /* U+1E6D "ṭ" */
    0x0, 0x25, 0x0, 0x3, 0xf8, 0x0, 0x4, 0xf8,
    0x0, 0x4, 0xf8, 0x0, 0xaf, 0xff, 0xf6, 0x49,
    0xfb, 0x62, 0x4, 0xf8, 0x0, 0x4, 0xf8, 0x0,
    0x4, 0xf8, 0x0, 0x4, 0xf8, 0x0, 0x4, 0xf8,
    0x0, 0x4, 0xf8, 0x0, 0x4, 0xf9, 0x0, 0x2,
    0xff, 0xb5, 0x0, 0x7e, 0xf8, 0x0, 0x0, 0x0,
    0x0, 0x1, 0x0, 0x0, 0x7f, 0x70, 0x0, 0x7f,
    0x70,

    /* U+1E6E "Ṯ" */
    0x8f, 0xff, 0xff, 0xff, 0xff, 0xff, 0x56, 0xcc,
    0xcc, 0xef, 0xdc, 0xcc, 0xc4, 0x0, 0x0, 0x9,
    0xf6, 0x0, 0x0, 0x0, 0x0, 0x0, 0x9f, 0x60,
    0x0, 0x0, 0x0, 0x0, 0x9, 0xf6, 0x0, 0x0,
    0x0, 0x0, 0x0, 0x9f, 0x60, 0x0, 0x0, 0x0,
    0x0, 0x9, 0xf6, 0x0, 0x0, 0x0, 0x0, 0x0,
    0x9f, 0x60, 0x0, 0x0, 0x0, 0x0, 0x9, 0xf6,
    0x0, 0x0, 0x0, 0x0, 0x0, 0x9f, 0x60, 0x0,
    0x0, 0x0, 0x0, 0x9, 0xf6, 0x0, 0x0, 0x0,
    0x0, 0x0, 0x9f, 0x60, 0x0, 0x0, 0x0, 0x0,
    0x9, 0xf6, 0x0, 0x0, 0x0, 0x0, 0x0, 0x9f,
    0x60, 0x0, 0x0, 0x0, 0x0, 0x9, 0xf6, 0x0,
    0x0, 0x0, 0x0, 0x0, 0x0, 0x0, 0x0, 0x0,
    0x0, 0x0, 0x0, 0x0, 0x0, 0x0, 0x0, 0x0,
    0x78, 0x88, 0x88, 0x40, 0x0, 0x0, 0xe, 0xff,
    0xff, 0xf8, 0x0, 0x0,

    /* U+1E6F "ṯ" */
    0x0, 0x2, 0x50, 0x0, 0x0, 0x3f, 0x80, 0x0,
    0x0, 0x4f, 0x80, 0x0, 0x0, 0x4f, 0x80, 0x0,
    0xa, 0xff, 0xff, 0x60, 0x4, 0x9f, 0xb6, 0x20,
    0x0, 0x4f, 0x80, 0x0, 0x0, 0x4f, 0x80, 0x0,
    0x0, 0x4f, 0x80, 0x0, 0x0, 0x4f, 0x80, 0x0,
    0x0, 0x4f, 0x80, 0x0, 0x0, 0x4f, 0x80, 0x0,
    0x0, 0x4f, 0x90, 0x0, 0x0, 0x2f, 0xfb, 0x50,
    0x0, 0x7, 0xef, 0x80, 0x0, 0x0, 0x0, 0x0,
    0x0, 0x0, 0x0, 0x0, 0x18, 0x88, 0x88, 0x81,
    0x3f, 0xff, 0xff, 0xf2,

    /* U+1E70 "Ṱ" */
    0x8f, 0xff, 0xff, 0xff, 0xff, 0xff, 0x56, 0xcc,
    0xcc, 0xef, 0xdc, 0xcc, 0xc4, 0x0, 0x0, 0x9,
    0xf6, 0x0, 0x0, 0x0, 0x0, 0x0, 0x9f, 0x60,
    0x0, 0x0, 0x0, 0x0, 0x9, 0xf6, 0x0, 0x0,
    0x0, 0x0, 0x0, 0x9f, 0x60, 0x0, 0x0, 0x0,
    0x0, 0x9, 0xf6, 0x0, 0x0, 0x0, 0x0, 0x0,
    0x9f, 0x60, 0x0, 0x0, 0x0, 0x0, 0x9, 0xf6,
    0x0, 0x0, 0x0, 0x0, 0x0, 0x9f, 0x60, 0x0,
    0x0, 0x0, 0x0, 0x9, 0xf6, 0x0, 0x0, 0x0,
    0x0, 0x0, 0x9f, 0x60, 0x0, 0x0, 0x0, 0x0,
    0x9, 0xf6, 0x0, 0x0, 0x0, 0x0, 0x0, 0x9f,
    0x60, 0x0, 0x0, 0x0, 0x0, 0x9, 0xf6, 0x0,
    0x0, 0x0, 0x0, 0x0, 0x0, 0x0, 0x0, 0x0,
    0x0, 0x0, 0x8, 0x95, 0x0, 0x0, 0x0, 0x0,
    0x8, 0xfc, 0xf5, 0x0, 0x0, 0x0, 0x6, 0xfa,
    0xc, 0xf3, 0x0, 0x0,

    /* U+1E71 "ṱ" */
    0x0, 0x25, 0x0, 0x0, 0x3f, 0x80, 0x0, 0x4,
    0xf8, 0x0, 0x0, 0x4f, 0x80, 0x0, 0xaf, 0xff,
    0xf6, 0x4, 0x9f, 0xb6, 0x20, 0x4, 0xf8, 0x0,
    0x0, 0x4f, 0x80, 0x0, 0x4, 0xf8, 0x0, 0x0,
    0x4f, 0x80, 0x0, 0x4, 0xf8, 0x0, 0x0, 0x4f,
    0x80, 0x0, 0x4, 0xf9, 0x0, 0x0, 0x2f, 0xfb,
    0x50, 0x0, 0x7e, 0xf8, 0x0, 0x0, 0x0, 0x0,
    0x0, 0x9b, 0x60, 0x0, 0xaf, 0xbf, 0x50, 0x7f,
    0x90, 0xcf, 0x30,

    /* U+1E72 "Ṳ" */
    0x5f, 0xa0, 0x0, 0x0, 0x0, 0x8f, 0x75, 0xfa,
    0x0, 0x0, 0x0, 0x8, 0xf7, 0x5f, 0xa0, 0x0,
    0x0, 0x0, 0x8f, 0x75, 0xfa, 0x0, 0x0, 0x0,
    0x8, 0xf7, 0x5f, 0xa0, 0x0, 0x0, 0x0, 0x8f,
    0x75, 0xfa, 0x0, 0x0, 0x0, 0x8, 0xf7, 0x5f,
    0xa0, 0x0, 0x0, 0x0, 0x8f, 0x75, 0xfa, 0x0,
    0x0, 0x0, 0x8, 0xf7, 0x5f, 0xa0, 0x0, 0x0,
    0x0, 0x8f, 0x74, 0xfb, 0x0, 0x0, 0x0, 0x9,
    0xf6, 0x3f, 0xc0, 0x0, 0x0, 0x0, 0xaf, 0x50,
    0xff, 0x20, 0x0, 0x0, 0xe, 0xf2, 0x9, 0xfd,
    0x20, 0x0, 0x2b, 0xfb, 0x0, 0xc, 0xff, 0xec,
    0xdf, 0xfd, 0x10, 0x0, 0x6, 0xce, 0xfe, 0xc7,
    0x0, 0x0, 0x0, 0x0, 0x0, 0x0, 0x0, 0x0,
    0x0, 0x0, 0x10, 0x0, 0x10, 0x0, 0x0, 0x0,
    0x6f, 0x80, 0x9f, 0x50, 0x0, 0x0, 0x6, 0xf8,
    0x9, 0xf5, 0x0, 0x0,

    /* U+1E73 "ṳ" */
    0x9f, 0x30, 0x0, 0xa, 0xf3, 0x9f, 0x30, 0x0,
    0xa, 0xf3, 0x9f, 0x30, 0x0, 0xa, 0xf3, 0x9f,
    0x30, 0x0, 0xa, 0xf3, 0x9f, 0x30, 0x0, 0xa,
    0xf3, 0x9f, 0x30, 0x0, 0xa, 0xf3, 0x9f, 0x30,
    0x0, 0xa, 0xf3, 0x8f, 0x40, 0x0, 0xd, 0xf3,
    0x6f, 0xa0, 0x0, 0x6f, 0xf3, 0x1e, 0xfc, 0x9c,
    0xfa, 0xf3, 0x2, 0xae, 0xfb, 0x36, 0xf3, 0x0,
    0x0, 0x0, 0x0, 0x0, 0x0, 0x10, 0x0, 0x10,
    0x0, 0x2, 0xfc, 0x5, 0xf8, 0x0, 0x2, 0xfc,
    0x5, 0xf8, 0x0,

    /* U+1E74 "Ṵ" */
    0x5f, 0xa0, 0x0, 0x0, 0x0, 0x8f, 0x75, 0xfa,
    0x0, 0x0, 0x0, 0x8, 0xf7, 0x5f, 0xa0, 0x0,
    0x0, 0x0, 0x8f, 0x75, 0xfa, 0x0, 0x0, 0x0,
    0x8, 0xf7, 0x5f, 0xa0, 0x0, 0x0, 0x0, 0x8f,
    0x75, 0xfa, 0x0, 0x0, 0x0, 0x8, 0xf7, 0x5f,
    0xa0, 0x0, 0x0, 0x0, 0x8f, 0x75, 0xfa, 0x0,
    0x0, 0x0, 0x8, 0xf7, 0x5f, 0xa0, 0x0, 0x0,
    0x0, 0x8f, 0x74, 0xfb, 0x0, 0x0, 0x0, 0x9,
    0xf6, 0x3f, 0xc0, 0x0, 0x0, 0x0, 0xaf, 0x50,
    0xff, 0x20, 0x0, 0x0, 0xe, 0xf2, 0x9, 0xfd,
    0x20, 0x0, 0x2b, 0xfb, 0x0, 0xc, 0xff, 0xec,
    0xdf, 0xfd, 0x10, 0x0, 0x6, 0xce, 0xfe, 0xc7,
    0x0, 0x0, 0x0, 0x0, 0x0, 0x0, 0x0, 0x0,
    0x0, 0x0, 0x0, 0x0, 0x1, 0x0, 0x0, 0x0,
    0x3e, 0xfd, 0x9b, 0xf0, 0x0, 0x0, 0xa, 0xd5,
    0x9e, 0xe6, 0x0, 0x0,

    /* U+1E75 "ṵ" */
    0x9f, 0x30, 0x0, 0xa, 0xf3, 0x9f, 0x30, 0x0,
    0xa, 0xf3, 0x9f, 0x30, 0x0, 0xa, 0xf3, 0x9f,
    0x30, 0x0, 0xa, 0xf3, 0x9f, 0x30, 0x0, 0xa,
    0xf3, 0x9f, 0x30, 0x0, 0xa, 0xf3, 0x9f, 0x30,
    0x0, 0xa, 0xf3, 0x8f, 0x40, 0x0, 0xd, 0xf3,
    0x6f, 0xa0, 0x0, 0x6f, 0xf3, 0x1e, 0xfc, 0x9c,
    0xfa, 0xf3, 0x2, 0xae, 0xfb, 0x36, 0xf3, 0x0,
    0x0, 0x0, 0x0, 0x0, 0x0, 0x0, 0x0, 0x1,
    0x0, 0x1, 0xdf, 0xe9, 0xaf, 0x10, 0x8, 0xe5,
    0x8d, 0xf7, 0x0,

    /* U+1E76 "Ṷ" */
    0x5f, 0xa0, 0x0, 0x0, 0x0, 0x8f, 0x75, 0xfa,
    0x0, 0x0, 0x0, 0x8, 0xf7, 0x5f, 0xa0, 0x0,
    0x0, 0x0, 0x8f, 0x75, 0xfa, 0x0, 0x0, 0x0,
    0x8, 0xf7, 0x5f, 0xa0, 0x0, 0x0, 0x0, 0x8f,
    0x75, 0xfa, 0x0, 0x0, 0x0, 0x8, 0xf7, 0x5f,
    0xa0, 0x0, 0x0, 0x0, 0x8f, 0x75, 0xfa, 0x0,
    0x0, 0x0, 0x8, 0xf7, 0x5f, 0xa0, 0x0, 0x0,
    0x0, 0x8f, 0x74, 0xfb, 0x0, 0x0, 0x0, 0x9,
    0xf6, 0x3f, 0xc0, 0x0, 0x0, 0x0, 0xaf, 0x50,
    0xff, 0x20, 0x0, 0x0, 0xe, 0xf2, 0x9, 0xfd,
    0x20, 0x0, 0x2b, 0xfb, 0x0, 0xc, 0xff, 0xec,
    0xdf, 0xfd, 0x10, 0x0, 0x6, 0xce, 0xfe, 0xc7,
    0x0, 0x0, 0x0, 0x0, 0x0, 0x0, 0x0, 0x0,
    0x0, 0x0, 0x8, 0xca, 0x0, 0x0, 0x0, 0x0,
    0x6, 0xfb, 0xfa, 0x0, 0x0, 0x0, 0x3, 0xfd,
    0x8, 0xf7, 0x0, 0x0,

    /* U+1E77 "ṷ" */
    0x9f, 0x30, 0x0, 0xa, 0xf3, 0x9f, 0x30, 0x0,
    0xa, 0xf3, 0x9f, 0x30, 0x0, 0xa, 0xf3, 0x9f,
    0x30, 0x0, 0xa, 0xf3, 0x9f, 0x30, 0x0, 0xa,
    0xf3, 0x9f, 0x30, 0x0, 0xa, 0xf3, 0x9f, 0x30,
    0x0, 0xa, 0xf3, 0x8f, 0x40, 0x0, 0xd, 0xf3,
    0x6f, 0xa0, 0x0, 0x6f, 0xf3, 0x1e, 0xfc, 0x9c,
    0xfa, 0xf3, 0x2, 0xae, 0xfb, 0x36, 0xf3, 0x0,
    0x0, 0x0, 0x0, 0x0, 0x0, 0x6, 0xcb, 0x10,
    0x0, 0x0, 0x4f, 0xbf, 0xc0, 0x0, 0x2, 0xee,
    0x16, 0xf9, 0x0,

    /* U+1E78 "Ṹ" */
    0x0, 0x0, 0x0, 0x5d, 0xb0, 0x0, 0x0, 0x0,
    0x0, 0xd, 0xf2, 0x0, 0x0, 0x0, 0x0, 0x5,
    0xf5, 0x0, 0x0, 0x0, 0x0, 0x0, 0x0, 0x0,
    0x10, 0x0, 0x0, 0x1, 0xcf, 0xc4, 0x5f, 0x20,
    0x0, 0x0, 0x7e, 0x5a, 0xff, 0xb0, 0x0, 0x0,
    0x2, 0x20, 0x2, 0x30, 0x0, 0x0, 0x0, 0x0,
    0x0, 0x0, 0x0, 0x0, 0x5f, 0xa0, 0x0, 0x0,
    0x0, 0x8f, 0x75, 0xfa, 0x0, 0x0, 0x0, 0x8,
    0xf7, 0x5f, 0xa0, 0x0, 0x0, 0x0, 0x8f, 0x75,
    0xfa, 0x0, 0x0, 0x0, 0x8, 0xf7, 0x5f, 0xa0,
    0x0, 0x0, 0x0, 0x8f, 0x75, 0xfa, 0x0, 0x0,
    0x0, 0x8, 0xf7, 0x5f, 0xa0, 0x0, 0x0, 0x0,
    0x8f, 0x75, 0xfa, 0x0, 0x0, 0x0, 0x8, 0xf7,
    0x5f, 0xa0, 0x0, 0x0, 0x0, 0x8f, 0x74, 0xfb,
    0x0, 0x0, 0x0, 0x9, 0xf6, 0x3f, 0xc0, 0x0,
    0x0, 0x0, 0xaf, 0x50, 0xff, 0x20, 0x0, 0x0,
    0xe, 0xf2, 0x9, 0xfd, 0x20, 0x0, 0x2b, 0xfb,
    0x0, 0xc, 0xff, 0xec, 0xdf, 0xfd, 0x10, 0x0,
    0x6, 0xce, 0xfe, 0xc7, 0x0, 0x0,

    /* U+1E79 "ṹ" */
    0x0, 0x0, 0x2f, 0xf2, 0x0, 0x0, 0x0, 0xaf,
    0x40, 0x0, 0x0, 0x1, 0xd7, 0x0, 0x0, 0x0,
    0x0, 0x0, 0x0, 0x0, 0x0, 0xbf, 0xb4, 0x4f,
    0x30, 0x7, 0xe6, 0xaf, 0xfb, 0x0, 0x2, 0x20,
    0x2, 0x30, 0x0, 0x0, 0x0, 0x0, 0x0, 0x0,
    0x9f, 0x30, 0x0, 0xa, 0xf3, 0x9f, 0x30, 0x0,
    0xa, 0xf3, 0x9f, 0x30, 0x0, 0xa, 0xf3, 0x9f,
    0x30, 0x0, 0xa, 0xf3, 0x9f, 0x30, 0x0, 0xa,
    0xf3, 0x9f, 0x30, 0x0, 0xa, 0xf3, 0x9f, 0x30,
    0x0, 0xa, 0xf3, 0x8f, 0x40, 0x0, 0xd, 0xf3,
    0x6f, 0xa0, 0x0, 0x6f, 0xf3, 0x1e, 0xfc, 0x9c,
    0xfa, 0xf3, 0x2, 0xae, 0xfb, 0x36, 0xf3,

    /* U+1E7A "Ṻ" */
    0x0, 0x0, 0x10, 0x0, 0x10, 0x0, 0x0, 0x0,
    0x4f, 0xa0, 0x7f, 0x70, 0x0, 0x0, 0x4, 0xfa,
    0x7, 0xf7, 0x0, 0x0, 0x0, 0x0, 0x0, 0x0,
    0x0, 0x0, 0x0, 0x9, 0xff, 0xff, 0xfc, 0x0,
    0x0, 0x0, 0x48, 0x88, 0x88, 0x60, 0x0, 0x0,
    0x0, 0x0, 0x0, 0x0, 0x0, 0x5, 0xfa, 0x0,
    0x0, 0x0, 0x8, 0xf7, 0x5f, 0xa0, 0x0, 0x0,
    0x0, 0x8f, 0x75, 0xfa, 0x0, 0x0, 0x0, 0x8,
    0xf7, 0x5f, 0xa0, 0x0, 0x0, 0x0, 0x8f, 0x75,
    0xfa, 0x0, 0x0, 0x0, 0x8, 0xf7, 0x5f, 0xa0,
    0x0, 0x0, 0x0, 0x8f, 0x75, 0xfa, 0x0, 0x0,
    0x0, 0x8, 0xf7, 0x5f, 0xa0, 0x0, 0x0, 0x0,
    0x8f, 0x75, 0xfa, 0x0, 0x0, 0x0, 0x8, 0xf7,
    0x4f, 0xb0, 0x0, 0x0, 0x0, 0x9f, 0x63, 0xfc,
    0x0, 0x0, 0x0, 0xa, 0xf5, 0xf, 0xf2, 0x0,
    0x0, 0x0, 0xef, 0x20, 0x9f, 0xd2, 0x0, 0x2,
    0xbf, 0xb0, 0x0, 0xcf, 0xfe, 0xcd, 0xff, 0xd1,
    0x0, 0x0, 0x6c, 0xef, 0xec, 0x70, 0x0,

    /* U+1E7B "ṻ" */
    0x0, 0xfe, 0x2, 0xfb, 0x0, 0x0, 0xfe, 0x2,
    0xfb, 0x0, 0x0, 0x11, 0x0, 0x10, 0x0, 0x5,
    0xff, 0xff, 0xff, 0x0, 0x2, 0x88, 0x88, 0x88,
    0x0, 0x0, 0x0, 0x0, 0x0, 0x0, 0x0, 0x0,
    0x0, 0x0, 0x0, 0x9f, 0x30, 0x0, 0xa, 0xf3,
    0x9f, 0x30, 0x0, 0xa, 0xf3, 0x9f, 0x30, 0x0,
    0xa, 0xf3, 0x9f, 0x30, 0x0, 0xa, 0xf3, 0x9f,
    0x30, 0x0, 0xa, 0xf3, 0x9f, 0x30, 0x0, 0xa,
    0xf3, 0x9f, 0x30, 0x0, 0xa, 0xf3, 0x8f, 0x40,
    0x0, 0xd, 0xf3, 0x6f, 0xa0, 0x0, 0x6f, 0xf3,
    0x1e, 0xfc, 0x9c, 0xfa, 0xf3, 0x2, 0xae, 0xfb,
    0x36, 0xf3,

    /* U+1E7C "Ṽ" */
    0x0, 0x0, 0x0, 0x0, 0x1, 0x0, 0x0, 0x0,
    0x0, 0xbf, 0xd5, 0x3f, 0x40, 0x0, 0x0, 0x5,
    0xf5, 0x9f, 0xfc, 0x0, 0x0, 0x0, 0x2, 0x30,
    0x1, 0x30, 0x0, 0x0, 0xaf, 0x70, 0x0, 0x0,
    0x0, 0x5, 0xfa, 0x4f, 0xc0, 0x0, 0x0, 0x0,
    0xb, 0xf4, 0xe, 0xf2, 0x0, 0x0, 0x0, 0x1f,
    0xd0, 0x8, 0xf8, 0x0, 0x0, 0x0, 0x7f, 0x70,
    0x2, 0xfd, 0x0, 0x0, 0x0, 0xdf, 0x10, 0x0,
    0xbf, 0x30, 0x0, 0x3, 0xfb, 0x0, 0x0, 0x5f,
    0x90, 0x0, 0x9, 0xf5, 0x0, 0x0, 0xe, 0xe0,
    0x0, 0xe, 0xe0, 0x0, 0x0, 0x9, 0xf4, 0x0,
    0x5f, 0x80, 0x0, 0x0, 0x2, 0xfa, 0x0, 0xbf,
    0x20, 0x0, 0x0, 0x0, 0xcf, 0x1, 0xfb, 0x0,
    0x0, 0x0, 0x0, 0x6f, 0x66, 0xf5, 0x0, 0x0,
    0x0, 0x0, 0xf, 0xbb, 0xe0, 0x0, 0x0, 0x0,
    0x0, 0xa, 0xff, 0x90, 0x0, 0x0, 0x0, 0x0,
    0x3, 0xff, 0x20, 0x0, 0x0,

    /* U+1E7D "ṽ" */
    0x0, 0x4e, 0xe8, 0x2a, 0xc0, 0x0, 0xe, 0xb7,
    0xdf, 0xf5, 0x0, 0x0, 0x41, 0x0, 0x31, 0x0,
    0x0, 0x0, 0x0, 0x0, 0x0, 0x0, 0x8f, 0x60,
    0x0, 0x0, 0xdf, 0x12, 0xfb, 0x0, 0x0, 0x2f,
    0xa0, 0xc, 0xf1, 0x0, 0x8, 0xf4, 0x0, 0x6f,
    0x70, 0x0, 0xee, 0x0, 0x1, 0xfc, 0x0, 0x4f,
    0x80, 0x0, 0xa, 0xf2, 0xa, 0xf2, 0x0, 0x0,
    0x4f, 0x80, 0xfc, 0x0, 0x0, 0x0, 0xed, 0x5f,
    0x60, 0x0, 0x0, 0x8, 0xfc, 0xf1, 0x0, 0x0,
    0x0, 0x2f, 0xfa, 0x0, 0x0, 0x0, 0x0, 0xcf,
    0x40, 0x0, 0x0,

    /* U+1E7E "Ṿ" */
    0xaf, 0x70, 0x0, 0x0, 0x0, 0x5, 0xfa, 0x4f,
    0xc0, 0x0, 0x0, 0x0, 0xb, 0xf4, 0xe, 0xf2,
    0x0, 0x0, 0x0, 0x1f, 0xd0, 0x8, 0xf8, 0x0,
    0x0, 0x0, 0x7f, 0x70, 0x2, 0xfd, 0x0, 0x0,
    0x0, 0xdf, 0x10, 0x0, 0xbf, 0x30, 0x0, 0x3,
    0xfb, 0x0, 0x0, 0x5f, 0x90, 0x0, 0x9, 0xf5,
    0x0, 0x0, 0xe, 0xe0, 0x0, 0xe, 0xe0, 0x0,
    0x0, 0x9, 0xf4, 0x0, 0x5f, 0x80, 0x0, 0x0,
    0x2, 0xfa, 0x0, 0xbf, 0x20, 0x0, 0x0, 0x0,
    0xcf, 0x1, 0xfb, 0x0, 0x0, 0x0, 0x0, 0x6f,
    0x66, 0xf5, 0x0, 0x0, 0x0, 0x0, 0xf, 0xbb,
    0xe0, 0x0, 0x0, 0x0, 0x0, 0xa, 0xff, 0x90,
    0x0, 0x0, 0x0, 0x0, 0x3, 0xff, 0x20, 0x0,
    0x0, 0x0, 0x0, 0x0, 0x0, 0x0, 0x0, 0x0,
    0x0, 0x0, 0x0, 0x11, 0x0, 0x0, 0x0, 0x0,
    0x0, 0x0, 0xef, 0x0, 0x0, 0x0, 0x0, 0x0,
    0x0, 0xef, 0x0, 0x0, 0x0,

    /* U+1E7F "ṿ" */
    0x8f, 0x60, 0x0, 0x0, 0xdf, 0x12, 0xfb, 0x0,
    0x0, 0x2f, 0xa0, 0xc, 0xf1, 0x0, 0x8, 0xf4,
    0x0, 0x6f, 0x70, 0x0, 0xee, 0x0, 0x1, 0xfc,
    0x0, 0x4f, 0x80, 0x0, 0xa, 0xf2, 0xa, 0xf2,
    0x0, 0x0, 0x4f, 0x80, 0xfc, 0x0, 0x0, 0x0,
    0xed, 0x5f, 0x60, 0x0, 0x0, 0x8, 0xfc, 0xf1,
    0x0, 0x0, 0x0, 0x2f, 0xfa, 0x0, 0x0, 0x0,
    0x0, 0xcf, 0x40, 0x0, 0x0, 0x0, 0x0, 0x0,
    0x0, 0x0, 0x0, 0x0, 0x1, 0x0, 0x0, 0x0,
    0x0, 0x9, 0xf5, 0x0, 0x0, 0x0, 0x0, 0x9f,
    0x50, 0x0, 0x0,

    /* U+1E80 "Ẁ" */
    0x0, 0x0, 0x0, 0x2, 0xff, 0x10, 0x0, 0x0,
    0x0, 0x0, 0x0, 0x0, 0x0, 0x0, 0x8f, 0x80,
    0x0, 0x0, 0x0, 0x0, 0x0, 0x0, 0x0, 0x0,
    0xd, 0xe0, 0x0, 0x0, 0x0, 0x0, 0x0, 0x0,
    0x0, 0x0, 0x0, 0x0, 0x0, 0x0, 0x0, 0x0,
    0x1f, 0xf5, 0x0, 0x0, 0x1f, 0xf6, 0x0, 0x0,
    0xf, 0xf6, 0xd, 0xf8, 0x0, 0x0, 0x5f, 0xfa,
    0x0, 0x0, 0x4f, 0xf2, 0x9, 0xfc, 0x0, 0x0,
    0x8f, 0xfe, 0x0, 0x0, 0x7f, 0xe0, 0x5, 0xff,
    0x0, 0x0, 0xcf, 0xff, 0x10, 0x0, 0xbf, 0xa0,
    0x1, 0xff, 0x30, 0x0, 0xff, 0xef, 0x50, 0x0,
    0xef, 0x60, 0x0, 0xdf, 0x70, 0x4, 0xfe, 0x9f,
    0x90, 0x2, 0xff, 0x20, 0x0, 0x9f, 0xb0, 0x7,
    0xfa, 0x5f, 0xc0, 0x6, 0xfe, 0x0, 0x0, 0x5f,
    0xe0, 0xb, 0xf6, 0x1f, 0xf0, 0x9, 0xfa, 0x0,
    0x0, 0x1f, 0xf2, 0xe, 0xf2, 0xd, 0xf4, 0xd,
    0xf6, 0x0, 0x0, 0xd, 0xf6, 0x2f, 0xe0, 0x9,
    0xf7, 0x1f, 0xf3, 0x0, 0x0, 0x9, 0xf9, 0x6f,
    0xb0, 0x6, 0xfb, 0x4f, 0xe0, 0x0, 0x0, 0x5,
    0xfd, 0xaf, 0x70, 0x2, 0xff, 0x8f, 0xb0, 0x0,
    0x0, 0x1, 0xff, 0xef, 0x30, 0x0, 0xef, 0xef,
    0x70, 0x0, 0x0, 0x0, 0xdf, 0xff, 0x0, 0x0,
    0xaf, 0xff, 0x30, 0x0, 0x0, 0x0, 0x9f, 0xfb,
    0x0, 0x0, 0x6f, 0xff, 0x0, 0x0, 0x0, 0x0,
    0x6f, 0xf8, 0x0, 0x0, 0x2f, 0xfb, 0x0, 0x0,

    /* U+1E81 "ẁ" */
    0x0, 0x0, 0x0, 0x9f, 0xa0, 0x0, 0x0, 0x0,
    0x0, 0x0, 0x0, 0x1, 0xef, 0x10, 0x0, 0x0,
    0x0, 0x0, 0x0, 0x0, 0x5, 0xf7, 0x0, 0x0,
    0x0, 0x0, 0x0, 0x0, 0x0, 0x0, 0x0, 0x0,
    0x0, 0x0, 0x6f, 0xe0, 0x0, 0x7, 0xfe, 0x0,
    0x0, 0x8f, 0xc1, 0xff, 0x20, 0x0, 0xcf, 0xf2,
    0x0, 0xc, 0xf8, 0xd, 0xf6, 0x0, 0xf, 0xff,
    0x60, 0x0, 0xff, 0x30, 0x8f, 0xa0, 0x4, 0xfe,
    0xfa, 0x0, 0x4f, 0xf0, 0x4, 0xfe, 0x0, 0x8f,
    0x6f, 0xe0, 0x8, 0xfa, 0x0, 0xf, 0xf3, 0xc,
    0xf1, 0xbf, 0x20, 0xcf, 0x60, 0x0, 0xbf, 0x71,
    0xfd, 0x7, 0xf7, 0x1f, 0xf1, 0x0, 0x6, 0xfb,
    0x5f, 0x90, 0x3f, 0xb5, 0xfd, 0x0, 0x0, 0x2f,
    0xf9, 0xf4, 0x0, 0xef, 0x9f, 0x80, 0x0, 0x0,
    0xdf, 0xff, 0x0, 0xa, 0xff, 0xf4, 0x0, 0x0,
    0x9, 0xff, 0xc0, 0x0, 0x5f, 0xff, 0x0, 0x0,
    0x0, 0x4f, 0xf7, 0x0, 0x1, 0xff, 0xb0, 0x0,

    /* U+1E82 "Ẃ" */
    0x0, 0x0, 0x0, 0x0, 0x0, 0xbf, 0x80, 0x0,
    0x0, 0x0, 0x0, 0x0, 0x0, 0x0, 0x2, 0xfd,
    0x0, 0x0, 0x0, 0x0, 0x0, 0x0, 0x0, 0x0,
    0x9, 0xf3, 0x0, 0x0, 0x0, 0x0, 0x0, 0x0,
    0x0, 0x0, 0x0, 0x0, 0x0, 0x0, 0x0, 0x0,
    0x1f, 0xf5, 0x0, 0x0, 0x1f, 0xf6, 0x0, 0x0,
    0xf, 0xf6, 0xd, 0xf8, 0x0, 0x0, 0x5f, 0xfa,
    0x0, 0x0, 0x4f, 0xf2, 0x9, 0xfc, 0x0, 0x0,
    0x8f, 0xfe, 0x0, 0x0, 0x7f, 0xe0, 0x5, 0xff,
    0x0, 0x0, 0xcf, 0xff, 0x10, 0x0, 0xbf, 0xa0,
    0x1, 0xff, 0x30, 0x0, 0xff, 0xef, 0x50, 0x0,
    0xef, 0x60, 0x0, 0xdf, 0x70, 0x4, 0xfe, 0x9f,
    0x90, 0x2, 0xff, 0x20, 0x0, 0x9f, 0xb0, 0x7,
    0xfa, 0x5f, 0xc0, 0x6, 0xfe, 0x0, 0x0, 0x5f,
    0xe0, 0xb, 0xf6, 0x1f, 0xf0, 0x9, 0xfa, 0x0,
    0x0, 0x1f, 0xf2, 0xe, 0xf2, 0xd, 0xf4, 0xd,
    0xf6, 0x0, 0x0, 0xd, 0xf6, 0x2f, 0xe0, 0x9,
    0xf7, 0x1f, 0xf3, 0x0, 0x0, 0x9, 0xf9, 0x6f,
    0xb0, 0x6, 0xfb, 0x4f, 0xe0, 0x0, 0x0, 0x5,
    0xfd, 0xaf, 0x70, 0x2, 0xff, 0x8f, 0xb0, 0x0,
    0x0, 0x1, 0xff, 0xef, 0x30, 0x0, 0xef, 0xef,
    0x70, 0x0, 0x0, 0x0, 0xdf, 0xff, 0x0, 0x0,
    0xaf, 0xff, 0x30, 0x0, 0x0, 0x0, 0x9f, 0xfb,
    0x0, 0x0, 0x6f, 0xff, 0x0, 0x0, 0x0, 0x0,
    0x6f, 0xf8, 0x0, 0x0, 0x2f, 0xfb, 0x0, 0x0,

    /* U+1E83 "ẃ" */
    0x0, 0x0, 0x0, 0x0, 0x2f, 0xf1, 0x0, 0x0,
    0x0, 0x0, 0x0, 0x0, 0x9, 0xf6, 0x0, 0x0,
    0x0, 0x0, 0x0, 0x0, 0x1, 0xeb, 0x0, 0x0,
    0x0, 0x0, 0x0, 0x0, 0x0, 0x0, 0x0, 0x0,
    0x0, 0x0, 0x6f, 0xe0, 0x0, 0x7, 0xfe, 0x0,
    0x0, 0x8f, 0xc1, 0xff, 0x20, 0x0, 0xcf, 0xf2,
    0x0, 0xc, 0xf8, 0xd, 0xf6, 0x0, 0xf, 0xff,
    0x60, 0x0, 0xff, 0x30, 0x8f, 0xa0, 0x4, 0xfe,
    0xfa, 0x0, 0x4f, 0xf0, 0x4, 0xfe, 0x0, 0x8f,
    0x6f, 0xe0, 0x8, 0xfa, 0x0, 0xf, 0xf3, 0xc,
    0xf1, 0xbf, 0x20, 0xcf, 0x60, 0x0, 0xbf, 0x71,
    0xfd, 0x7, 0xf7, 0x1f, 0xf1, 0x0, 0x6, 0xfb,
    0x5f, 0x90, 0x3f, 0xb5, 0xfd, 0x0, 0x0, 0x2f,
    0xf9, 0xf4, 0x0, 0xef, 0x9f, 0x80, 0x0, 0x0,
    0xdf, 0xff, 0x0, 0xa, 0xff, 0xf4, 0x0, 0x0,
    0x9, 0xff, 0xc0, 0x0, 0x5f, 0xff, 0x0, 0x0,
    0x0, 0x4f, 0xf7, 0x0, 0x1, 0xff, 0xb0, 0x0,

    /* U+1E84 "Ẅ" */
    0x0, 0x0, 0x0, 0xe, 0xf4, 0xf, 0xf4, 0x0,
    0x0, 0x0, 0x0, 0x0, 0x0, 0xe, 0xf4, 0xf,
    0xf4, 0x0, 0x0, 0x0, 0x0, 0x0, 0x0, 0x5,
    0x51, 0x5, 0x51, 0x0, 0x0, 0x0, 0x0, 0x0,
    0x0, 0x0, 0x0, 0x0, 0x0, 0x0, 0x0, 0x0,
    0x1f, 0xf5, 0x0, 0x0, 0x1f, 0xf6, 0x0, 0x0,
    0xf, 0xf6, 0xd, 0xf8, 0x0, 0x0, 0x5f, 0xfa,
    0x0, 0x0, 0x4f, 0xf2, 0x9, 0xfc, 0x0, 0x0,
    0x8f, 0xfe, 0x0, 0x0, 0x7f, 0xe0, 0x5, 0xff,
    0x0, 0x0, 0xcf, 0xff, 0x10, 0x0, 0xbf, 0xa0,
    0x1, 0xff, 0x30, 0x0, 0xff, 0xef, 0x50, 0x0,
    0xef, 0x60, 0x0, 0xdf, 0x70, 0x4, 0xfe, 0x9f,
    0x90, 0x2, 0xff, 0x20, 0x0, 0x9f, 0xb0, 0x7,
    0xfa, 0x5f, 0xc0, 0x6, 0xfe, 0x0, 0x0, 0x5f,
    0xe0, 0xb, 0xf6, 0x1f, 0xf0, 0x9, 0xfa, 0x0,
    0x0, 0x1f, 0xf2, 0xe, 0xf2, 0xd, 0xf4, 0xd,
    0xf6, 0x0, 0x0, 0xd, 0xf6, 0x2f, 0xe0, 0x9,
    0xf7, 0x1f, 0xf3, 0x0, 0x0, 0x9, 0xf9, 0x6f,
    0xb0, 0x6, 0xfb, 0x4f, 0xe0, 0x0, 0x0, 0x5,
    0xfd, 0xaf, 0x70, 0x2, 0xff, 0x8f, 0xb0, 0x0,
    0x0, 0x1, 0xff, 0xef, 0x30, 0x0, 0xef, 0xef,
    0x70, 0x0, 0x0, 0x0, 0xdf, 0xff, 0x0, 0x0,
    0xaf, 0xff, 0x30, 0x0, 0x0, 0x0, 0x9f, 0xfb,
    0x0, 0x0, 0x6f, 0xff, 0x0, 0x0, 0x0, 0x0,
    0x6f, 0xf8, 0x0, 0x0, 0x2f, 0xfb, 0x0, 0x0,

    /* U+1E85 "ẅ" */
    0x0, 0x0, 0x6, 0xfd, 0x7, 0xfc, 0x0, 0x0,
    0x0, 0x0, 0x0, 0x6f, 0xd0, 0x7f, 0xc0, 0x0,
    0x0, 0x0, 0x0, 0x2, 0x54, 0x2, 0x54, 0x0,
    0x0, 0x0, 0x0, 0x0, 0x0, 0x0, 0x0, 0x0,
    0x0, 0x0, 0x6f, 0xe0, 0x0, 0x7, 0xfe, 0x0,
    0x0, 0x8f, 0xc1, 0xff, 0x20, 0x0, 0xcf, 0xf2,
    0x0, 0xc, 0xf8, 0xd, 0xf6, 0x0, 0xf, 0xff,
    0x60, 0x0, 0xff, 0x30, 0x8f, 0xa0, 0x4, 0xfe,
    0xfa, 0x0, 0x4f, 0xf0, 0x4, 0xfe, 0x0, 0x8f,
    0x6f, 0xe0, 0x8, 0xfa, 0x0, 0xf, 0xf3, 0xc,
    0xf1, 0xbf, 0x20, 0xcf, 0x60, 0x0, 0xbf, 0x71,
    0xfd, 0x7, 0xf7, 0x1f, 0xf1, 0x0, 0x6, 0xfb,
    0x5f, 0x90, 0x3f, 0xb5, 0xfd, 0x0, 0x0, 0x2f,
    0xf9, 0xf4, 0x0, 0xef, 0x9f, 0x80, 0x0, 0x0,
    0xdf, 0xff, 0x0, 0xa, 0xff, 0xf4, 0x0, 0x0,
    0x9, 0xff, 0xc0, 0x0, 0x5f, 0xff, 0x0, 0x0,
    0x0, 0x4f, 0xf7, 0x0, 0x1, 0xff, 0xb0, 0x0,

    /* U+1E86 "Ẇ" */
    0x0, 0x0, 0x0, 0x0, 0x1, 0x10, 0x0, 0x0,
    0x0, 0x0, 0x0, 0x0, 0x0, 0x0, 0xf, 0xe0,
    0x0, 0x0, 0x0, 0x0, 0x0, 0x0, 0x0, 0x0,
    0xf, 0xe0, 0x0, 0x0, 0x0, 0x0, 0x0, 0x0,
    0x0, 0x0, 0x0, 0x0, 0x0, 0x0, 0x0, 0x0,
    0x9f, 0x60, 0x0, 0x0, 0x6f, 0xf4, 0x0, 0x0,
    0x8, 0xf7, 0x5f, 0xa0, 0x0, 0x0, 0xaf, 0xf9,
    0x0, 0x0, 0xc, 0xf2, 0x1f, 0xe0, 0x0, 0x0,
    0xfb, 0xed, 0x0, 0x0, 0xf, 0xe0, 0xd, 0xf1,
    0x0, 0x4, 0xf7, 0xaf, 0x20, 0x0, 0x4f, 0xa0,
    0x8, 0xf5, 0x0, 0x8, 0xf3, 0x5f, 0x70, 0x0,
    0x8f, 0x50, 0x4, 0xf9, 0x0, 0xd, 0xe0, 0x1f,
    0xb0, 0x0, 0xcf, 0x10, 0x0, 0xfd, 0x0, 0x1f,
    0xa0, 0xd, 0xf0, 0x0, 0xfc, 0x0, 0x0, 0xbf,
    0x10, 0x6f, 0x50, 0x8, 0xf4, 0x3, 0xf8, 0x0,
    0x0, 0x7f, 0x40, 0xaf, 0x10, 0x4, 0xf8, 0x7,
    0xf3, 0x0, 0x0, 0x3f, 0x80, 0xfd, 0x0, 0x0,
    0xfc, 0xb, 0xf0, 0x0, 0x0, 0xe, 0xc3, 0xf8,
    0x0, 0x0, 0xbf, 0xf, 0xb0, 0x0, 0x0, 0xa,
    0xf7, 0xf4, 0x0, 0x0, 0x6f, 0x6f, 0x60, 0x0,
    0x0, 0x6, 0xfd, 0xf0, 0x0, 0x0, 0x2f, 0xcf,
    0x20, 0x0, 0x0, 0x2, 0xff, 0xb0, 0x0, 0x0,
    0xd, 0xfd, 0x0, 0x0, 0x0, 0x0, 0xdf, 0x60,
    0x0, 0x0, 0x9, 0xf9, 0x0, 0x0,

    /* U+1E87 "ẇ" */
    0x0, 0x0, 0x0, 0x3f, 0xa0, 0x0, 0x0, 0x0,
    0x0, 0x0, 0x0, 0x3f, 0xa0, 0x0, 0x0, 0x0,
    0x0, 0x0, 0x0, 0x1, 0x0, 0x0, 0x0, 0x0,
    0x0, 0x0, 0x0, 0x0, 0x0, 0x0, 0x0, 0x0,
    0xbf, 0x20, 0x0, 0x6f, 0xb0, 0x0, 0xe, 0xe0,
    0x7f, 0x60, 0x0, 0xbf, 0xf0, 0x0, 0x3f, 0x90,
    0x2f, 0xb0, 0x0, 0xff, 0xf3, 0x0, 0x7f, 0x40,
    0xd, 0xf0, 0x3, 0xf9, 0xf7, 0x0, 0xcf, 0x0,
    0x8, 0xf3, 0x8, 0xf1, 0xfb, 0x1, 0xfa, 0x0,
    0x3, 0xf8, 0xc, 0xc0, 0xbf, 0x5, 0xf5, 0x0,
    0x0, 0xec, 0xf, 0x80, 0x7f, 0x4a, 0xf0, 0x0,
    0x0, 0x9f, 0x6f, 0x40, 0x3f, 0x8e, 0xb0, 0x0,
    0x0, 0x4f, 0xdf, 0x0, 0xe, 0xef, 0x60, 0x0,
    0x0, 0xf, 0xfc, 0x0, 0xa, 0xff, 0x10, 0x0,
    0x0, 0xb, 0xf8, 0x0, 0x6, 0xfc, 0x0, 0x0,

    /* U+1E88 "Ẉ" */
    0x9f, 0x60, 0x0, 0x0, 0x6f, 0xf4, 0x0, 0x0,
    0x8, 0xf7, 0x5f, 0xa0, 0x0, 0x0, 0xaf, 0xf9,
    0x0, 0x0, 0xc, 0xf2, 0x1f, 0xe0, 0x0, 0x0,
    0xfb, 0xed, 0x0, 0x0, 0xf, 0xe0, 0xd, 0xf1,
    0x0, 0x4, 0xf7, 0xaf, 0x20, 0x0, 0x4f, 0xa0,
    0x8, 0xf5, 0x0, 0x8, 0xf3, 0x5f, 0x70, 0x0,
    0x8f, 0x50, 0x4, 0xf9, 0x0, 0xd, 0xe0, 0x1f,
    0xb0, 0x0, 0xcf, 0x10, 0x0, 0xfd, 0x0, 0x1f,
    0xa0, 0xd, 0xf0, 0x0, 0xfc, 0x0, 0x0, 0xbf,
    0x10, 0x6f, 0x50, 0x8, 0xf4, 0x3, 0xf8, 0x0,
    0x0, 0x7f, 0x40, 0xaf, 0x10, 0x4, 0xf8, 0x7,
    0xf3, 0x0, 0x0, 0x3f, 0x80, 0xfd, 0x0, 0x0,
    0xfc, 0xb, 0xf0, 0x0, 0x0, 0xe, 0xc3, 0xf8,
    0x0, 0x0, 0xbf, 0xf, 0xb0, 0x0, 0x0, 0xa,
    0xf7, 0xf4, 0x0, 0x0, 0x6f, 0x6f, 0x60, 0x0,
    0x0, 0x6, 0xfd, 0xf0, 0x0, 0x0, 0x2f, 0xcf,
    0x20, 0x0, 0x0, 0x2, 0xff, 0xb0, 0x0, 0x0,
    0xd, 0xfd, 0x0, 0x0, 0x0, 0x0, 0xdf, 0x60,
    0x0, 0x0, 0x9, 0xf9, 0x0, 0x0, 0x0, 0x0,
    0x0, 0x0, 0x0, 0x0, 0x0, 0x0, 0x0, 0x0,
    0x0, 0x0, 0x0, 0x0, 0x1, 0x10, 0x0, 0x0,
    0x0, 0x0, 0x0, 0x0, 0x0, 0x0, 0xf, 0xe0,
    0x0, 0x0, 0x0, 0x0, 0x0, 0x0, 0x0, 0x0,
    0xf, 0xe0, 0x0, 0x0, 0x0, 0x0,

    /* U+1E89 "ẉ" */
    0xbf, 0x20, 0x0, 0x6f, 0xb0, 0x0, 0xe, 0xe0,
    0x7f, 0x60, 0x0, 0xbf, 0xf0, 0x0, 0x3f, 0x90,
    0x2f, 0xb0, 0x0, 0xff, 0xf3, 0x0, 0x7f, 0x40,
    0xd, 0xf0, 0x3, 0xf9, 0xf7, 0x0, 0xcf, 0x0,
    0x8, 0xf3, 0x8, 0xf1, 0xfb, 0x1, 0xfa, 0x0,
    0x3, 0xf8, 0xc, 0xc0, 0xbf, 0x5, 0xf5, 0x0,
    0x0, 0xec, 0xf, 0x80, 0x7f, 0x4a, 0xf0, 0x0,
    0x0, 0x9f, 0x6f, 0x40, 0x3f, 0x8e, 0xb0, 0x0,
    0x0, 0x4f, 0xdf, 0x0, 0xe, 0xef, 0x60, 0x0,
    0x0, 0xf, 0xfc, 0x0, 0xa, 0xff, 0x10, 0x0,
    0x0, 0xb, 0xf8, 0x0, 0x6, 0xfc, 0x0, 0x0,
    0x0, 0x0, 0x0, 0x0, 0x0, 0x0, 0x0, 0x0,
    0x0, 0x0, 0x0, 0x1, 0x0, 0x0, 0x0, 0x0,
    0x0, 0x0, 0x0, 0x3f, 0xa0, 0x0, 0x0, 0x0,
    0x0, 0x0, 0x0, 0x3f, 0xa0, 0x0, 0x0, 0x0,

    /* U+1E8A "Ẋ" */
    0x0, 0x0, 0x0, 0x1, 0x0, 0x0, 0x0, 0x0,
    0x0, 0x0, 0x9f, 0x40, 0x0, 0x0, 0x0, 0x0,
    0x0, 0x9f, 0x40, 0x0, 0x0, 0x0, 0x0, 0x0,
    0x0, 0x0, 0x0, 0x0, 0xd, 0xf7, 0x0, 0x0,
    0x0, 0x2f, 0xf2, 0x2, 0xff, 0x30, 0x0, 0x0,
    0xcf, 0x50, 0x0, 0x6f, 0xd0, 0x0, 0x9, 0xf9,
    0x0, 0x0, 0xb, 0xf9, 0x0, 0x5f, 0xd0, 0x0,
    0x0, 0x1, 0xef, 0x52, 0xff, 0x20, 0x0, 0x0,
    0x0, 0x4f, 0xec, 0xf5, 0x0, 0x0, 0x0, 0x0,
    0x9, 0xff, 0x90, 0x0, 0x0, 0x0, 0x0, 0x5,
    0xff, 0x80, 0x0, 0x0, 0x0, 0x0, 0x1e, 0xff,
    0xf3, 0x0, 0x0, 0x0, 0x0, 0xcf, 0x67, 0xfe,
    0x0, 0x0, 0x0, 0x8, 0xfb, 0x0, 0xcf, 0xa0,
    0x0, 0x0, 0x4f, 0xe1, 0x0, 0x1e, 0xf6, 0x0,
    0x1, 0xef, 0x40, 0x0, 0x5, 0xff, 0x20, 0xc,
    0xf9, 0x0, 0x0, 0x0, 0xaf, 0xc0, 0x8f, 0xd0,
    0x0, 0x0, 0x0, 0xd, 0xf8,

    /* U+1E8B "ẋ" */
    0x0, 0x0, 0x9f, 0x40, 0x0, 0x0, 0x0, 0x9,
    0xf4, 0x0, 0x0, 0x0, 0x0, 0x1, 0x0, 0x0,
    0x0, 0x0, 0x0, 0x0, 0x0, 0x0, 0x3f, 0xf1,
    0x0, 0x7, 0xfb, 0x0, 0x7f, 0xb0, 0x3, 0xfe,
    0x10, 0x0, 0xcf, 0x50, 0xdf, 0x30, 0x0, 0x2,
    0xfe, 0xaf, 0x80, 0x0, 0x0, 0x6, 0xff, 0xc0,
    0x0, 0x0, 0x0, 0x1f, 0xf8, 0x0, 0x0, 0x0,
    0xb, 0xfe, 0xf3, 0x0, 0x0, 0x6, 0xfa, 0x3f,
    0xd0, 0x0, 0x2, 0xfe, 0x10, 0x8f, 0x90, 0x0,
    0xcf, 0x50, 0x0, 0xdf, 0x50, 0x8f, 0xb0, 0x0,
    0x4, 0xfe, 0x10,

    /* U+1E8C "Ẍ" */
    0x0, 0x0, 0x11, 0x0, 0x10, 0x0, 0x0, 0x0,
    0x0, 0xef, 0x1, 0xfc, 0x0, 0x0, 0x0, 0x0,
    0xef, 0x1, 0xfc, 0x0, 0x0, 0x0, 0x0, 0x0,
    0x0, 0x0, 0x0, 0x0, 0xd, 0xf7, 0x0, 0x0,
    0x0, 0x2f, 0xf2, 0x2, 0xff, 0x30, 0x0, 0x0,
    0xcf, 0x50, 0x0, 0x6f, 0xd0, 0x0, 0x9, 0xf9,
    0x0, 0x0, 0xb, 0xf9, 0x0, 0x5f, 0xd0, 0x0,
    0x0, 0x1, 0xef, 0x52, 0xff, 0x20, 0x0, 0x0,
    0x0, 0x4f, 0xec, 0xf5, 0x0, 0x0, 0x0, 0x0,
    0x9, 0xff, 0x90, 0x0, 0x0, 0x0, 0x0, 0x5,
    0xff, 0x80, 0x0, 0x0, 0x0, 0x0, 0x1e, 0xff,
    0xf3, 0x0, 0x0, 0x0, 0x0, 0xcf, 0x67, 0xfe,
    0x0, 0x0, 0x0, 0x8, 0xfb, 0x0, 0xcf, 0xa0,
    0x0, 0x0, 0x4f, 0xe1, 0x0, 0x1e, 0xf6, 0x0,
    0x1, 0xef, 0x40, 0x0, 0x5, 0xff, 0x20, 0xc,
    0xf9, 0x0, 0x0, 0x0, 0xaf, 0xc0, 0x8f, 0xd0,
    0x0, 0x0, 0x0, 0xd, 0xf8,

    /* U+1E8D "ẍ" */
    0x0, 0xbf, 0x30, 0xef, 0x0, 0x0, 0xb, 0xf3,
    0xe, 0xf0, 0x0, 0x0, 0x1, 0x0, 0x11, 0x0,
    0x0, 0x0, 0x0, 0x0, 0x0, 0x0, 0x3f, 0xf1,
    0x0, 0x7, 0xfb, 0x0, 0x7f, 0xb0, 0x3, 0xfe,
    0x10, 0x0, 0xcf, 0x50, 0xdf, 0x30, 0x0, 0x2,
    0xfe, 0xaf, 0x80, 0x0, 0x0, 0x6, 0xff, 0xc0,
    0x0, 0x0, 0x0, 0x1f, 0xf8, 0x0, 0x0, 0x0,
    0xb, 0xfe, 0xf3, 0x0, 0x0, 0x6, 0xfa, 0x3f,
    0xd0, 0x0, 0x2, 0xfe, 0x10, 0x8f, 0x90, 0x0,
    0xcf, 0x50, 0x0, 0xdf, 0x50, 0x8f, 0xb0, 0x0,
    0x4, 0xfe, 0x10,

    /* U+1E8E "Ẏ" */
    0x0, 0x0, 0x0, 0x11, 0x0, 0x0, 0x0, 0x0,
    0x0, 0x0, 0xef, 0x0, 0x0, 0x0, 0x0, 0x0,
    0x0, 0xef, 0x0, 0x0, 0x0, 0x0, 0x0, 0x0,
    0x0, 0x0, 0x0, 0x0, 0x8f, 0xd0, 0x0, 0x0,
    0x0, 0xc, 0xf8, 0xd, 0xf7, 0x0, 0x0, 0x0,
    0x6f, 0xd0, 0x3, 0xff, 0x20, 0x0, 0x2, 0xff,
    0x20, 0x0, 0x8f, 0xc0, 0x0, 0xb, 0xf7, 0x0,
    0x0, 0xd, 0xf7, 0x0, 0x6f, 0xc0, 0x0, 0x0,
    0x3, 0xff, 0x21, 0xef, 0x20, 0x0, 0x0, 0x0,
    0x8f, 0xba, 0xf6, 0x0, 0x0, 0x0, 0x0, 0xd,
    0xff, 0xa0, 0x0, 0x0, 0x0, 0x0, 0x3, 0xff,
    0x10, 0x0, 0x0, 0x0, 0x0, 0x1, 0xfe, 0x0,
    0x0, 0x0, 0x0, 0x0, 0x1, 0xfe, 0x0, 0x0,
    0x0, 0x0, 0x0, 0x1, 0xfe, 0x0, 0x0, 0x0,
    0x0, 0x0, 0x1, 0xfe, 0x0, 0x0, 0x0, 0x0,
    0x0, 0x1, 0xfe, 0x0, 0x0, 0x0, 0x0, 0x0,
    0x1, 0xfe, 0x0, 0x0, 0x0,

    /* U+1E8F "ẏ" */
    0x0, 0x0, 0x7f, 0x60, 0x0, 0x0, 0x0, 0x7,
    0xf6, 0x0, 0x0, 0x0, 0x0, 0x1, 0x0, 0x0,
    0x0, 0x0, 0x0, 0x0, 0x0, 0x0, 0x7f, 0x80,
    0x0, 0x0, 0xbf, 0x21, 0xfd, 0x0, 0x0, 0x1f,
    0xc0, 0xb, 0xf3, 0x0, 0x7, 0xf6, 0x0, 0x4f,
    0x90, 0x0, 0xdf, 0x0, 0x0, 0xef, 0x0, 0x3f,
    0x90, 0x0, 0x8, 0xf5, 0x9, 0xf3, 0x0, 0x0,
    0x2f, 0xb0, 0xed, 0x0, 0x0, 0x0, 0xcf, 0x4f,
    0x70, 0x0, 0x0, 0x6, 0xfd, 0xf1, 0x0, 0x0,
    0x0, 0xf, 0xfb, 0x0, 0x0, 0x0, 0x0, 0xaf,
    0x40, 0x0, 0x0, 0x0, 0xd, 0xe0, 0x0, 0x0,
    0x0, 0x5, 0xf8, 0x0, 0x0, 0x0, 0xbd, 0xfe,
    0x0, 0x0, 0x0, 0xa, 0xfc, 0x30, 0x0, 0x0,
    0x0,

    /* U+1E90 "Ẑ" */
    0x0, 0x0, 0x5, 0x86, 0x0, 0x0, 0x0, 0x0,
    0x4, 0xfc, 0xf7, 0x0, 0x0, 0x0, 0x3, 0xfd,
    0x9, 0xf6, 0x0, 0x0, 0x0, 0x0, 0x0, 0x0,
    0x0, 0x0, 0xc, 0xff, 0xff, 0xff, 0xff, 0xff,
    0x0, 0x9c, 0xcc, 0xcc, 0xcc, 0xef, 0xf0, 0x0,
    0x0, 0x0, 0x0, 0x2e, 0xf6, 0x0, 0x0, 0x0,
    0x0, 0xd, 0xf9, 0x0, 0x0, 0x0, 0x0, 0xa,
    0xfc, 0x0, 0x0, 0x0, 0x0, 0x7, 0xfe, 0x10,
    0x0, 0x0, 0x0, 0x4, 0xff, 0x30, 0x0, 0x0,
    0x0, 0x2, 0xff, 0x50, 0x0, 0x0, 0x0, 0x0,
    0xdf, 0x80, 0x0, 0x0, 0x0, 0x0, 0xbf, 0xb0,
    0x0, 0x0, 0x0, 0x0, 0x7f, 0xd0, 0x0, 0x0,
    0x0, 0x0, 0x4f, 0xf2, 0x0, 0x0, 0x0, 0x0,
    0x2f, 0xf4, 0x0, 0x0, 0x0, 0x0, 0x9, 0xff,
    0xcc, 0xcc, 0xcc, 0xcc, 0xc3, 0xaf, 0xff, 0xff,
    0xff, 0xff, 0xff, 0x40,

    /* U+1E91 "ẑ" */
    0x0, 0x1, 0xef, 0xc0, 0x0, 0x0, 0x0, 0xdf,
    0x6f, 0xa0, 0x0, 0x0, 0x59, 0x40, 0x69, 0x30,
    0x0, 0x0, 0x0, 0x0, 0x0, 0x0, 0x2f, 0xff,
    0xff, 0xff, 0xfb, 0x1, 0x77, 0x77, 0x77, 0xef,
    0x70, 0x0, 0x0, 0x0, 0x8f, 0xa0, 0x0, 0x0,
    0x0, 0x6f, 0xc0, 0x0, 0x0, 0x0, 0x4f, 0xe1,
    0x0, 0x0, 0x0, 0x2f, 0xf2, 0x0, 0x0, 0x0,
    0x1e, 0xf4, 0x0, 0x0, 0x0, 0xc, 0xf7, 0x0,
    0x0, 0x0, 0xa, 0xf9, 0x0, 0x0, 0x0, 0x7,
    0xff, 0x98, 0x88, 0x88, 0x80, 0x9f, 0xff, 0xff,
    0xff, 0xff, 0x10,

    /* U+1E92 "Ẓ" */
    0xc, 0xff, 0xff, 0xff, 0xff, 0xff, 0x0, 0x9c,
    0xcc, 0xcc, 0xcc, 0xef, 0xf0, 0x0, 0x0, 0x0,
    0x0, 0x2e, 0xf6, 0x0, 0x0, 0x0, 0x0, 0xd,
    0xf9, 0x0, 0x0, 0x0, 0x0, 0xa, 0xfc, 0x0,
    0x0, 0x0, 0x0, 0x7, 0xfe, 0x10, 0x0, 0x0,
    0x0, 0x4, 0xff, 0x30, 0x0, 0x0, 0x0, 0x2,
    0xff, 0x50, 0x0, 0x0, 0x0, 0x0, 0xdf, 0x80,
    0x0, 0x0, 0x0, 0x0, 0xbf, 0xb0, 0x0, 0x0,
    0x0, 0x0, 0x7f, 0xd0, 0x0, 0x0, 0x0, 0x0,
    0x4f, 0xf2, 0x0, 0x0, 0x0, 0x0, 0x2f, 0xf4,
    0x0, 0x0, 0x0, 0x0, 0x9, 0xff, 0xcc, 0xcc,
    0xcc, 0xcc, 0xc3, 0xaf, 0xff, 0xff, 0xff, 0xff,
    0xff, 0x40, 0x0, 0x0, 0x0, 0x0, 0x0, 0x0,
    0x0, 0x0, 0x0, 0x10, 0x0, 0x0, 0x0, 0x0,
    0x0, 0xcf, 0x10, 0x0, 0x0, 0x0, 0x0, 0xc,
    0xf1, 0x0, 0x0, 0x0,

    /* U+1E93 "ẓ" */
    0x2f, 0xff, 0xff, 0xff, 0xfb, 0x1, 0x77, 0x77,
    0x77, 0xef, 0x70, 0x0, 0x0, 0x0, 0x8f, 0xa0,
    0x0, 0x0, 0x0, 0x6f, 0xc0, 0x0, 0x0, 0x0,
    0x4f, 0xe1, 0x0, 0x0, 0x0, 0x2f, 0xf2, 0x0,
    0x0, 0x0, 0x1e, 0xf4, 0x0, 0x0, 0x0, 0xc,
    0xf7, 0x0, 0x0, 0x0, 0xa, 0xf9, 0x0, 0x0,
    0x0, 0x7, 0xff, 0x98, 0x88, 0x88, 0x80, 0x9f,
    0xff, 0xff, 0xff, 0xff, 0x10, 0x0, 0x0, 0x0,
    0x0, 0x0, 0x0, 0x0, 0x1, 0x0, 0x0, 0x0,
    0x0, 0xb, 0xf2, 0x0, 0x0, 0x0, 0x0, 0xbf,
    0x20, 0x0, 0x0,

    /* U+1E94 "Ẕ" */
    0xc, 0xff, 0xff, 0xff, 0xff, 0xff, 0x0, 0x9c,
    0xcc, 0xcc, 0xcc, 0xef, 0xf0, 0x0, 0x0, 0x0,
    0x0, 0x2e, 0xf6, 0x0, 0x0, 0x0, 0x0, 0xd,
    0xf9, 0x0, 0x0, 0x0, 0x0, 0xa, 0xfc, 0x0,
    0x0, 0x0, 0x0, 0x7, 0xfe, 0x10, 0x0, 0x0,
    0x0, 0x4, 0xff, 0x30, 0x0, 0x0, 0x0, 0x2,
    0xff, 0x50, 0x0, 0x0, 0x0, 0x0, 0xdf, 0x80,
    0x0, 0x0, 0x0, 0x0, 0xbf, 0xb0, 0x0, 0x0,
    0x0, 0x0, 0x7f, 0xd0, 0x0, 0x0, 0x0, 0x0,
    0x4f, 0xf2, 0x0, 0x0, 0x0, 0x0, 0x2f, 0xf4,
    0x0, 0x0, 0x0, 0x0, 0x9, 0xff, 0xcc, 0xcc,
    0xcc, 0xcc, 0xc3, 0xaf, 0xff, 0xff, 0xff, 0xff,
    0xff, 0x40, 0x0, 0x0, 0x0, 0x0, 0x0, 0x0,
    0x0, 0x0, 0x0, 0x0, 0x0, 0x0, 0x0, 0x0,
    0x78, 0x88, 0x88, 0x40, 0x0, 0x0, 0xe, 0xff,
    0xff, 0xf8, 0x0, 0x0,

    /* U+1E95 "ẕ" */
    0x2f, 0xff, 0xff, 0xff, 0xfb, 0x1, 0x77, 0x77,
    0x77, 0xef, 0x70, 0x0, 0x0, 0x0, 0x8f, 0xa0,
    0x0, 0x0, 0x0, 0x6f, 0xc0, 0x0, 0x0, 0x0,
    0x4f, 0xe1, 0x0, 0x0, 0x0, 0x2f, 0xf2, 0x0,
    0x0, 0x0, 0x1e, 0xf4, 0x0, 0x0, 0x0, 0xc,
    0xf7, 0x0, 0x0, 0x0, 0xa, 0xf9, 0x0, 0x0,
    0x0, 0x7, 0xff, 0x98, 0x88, 0x88, 0x80, 0x9f,
    0xff, 0xff, 0xff, 0xff, 0x10, 0x0, 0x0, 0x0,
    0x0, 0x0, 0x0, 0x0, 0x0, 0x0, 0x0, 0x0,
    0x7, 0x88, 0x88, 0x84, 0x0, 0x0, 0xef, 0xff,
    0xff, 0x80, 0x0,

    /* U+1E96 "ẖ" */
    0x9f, 0x40, 0x0, 0x0, 0x0, 0x9f, 0x40, 0x0,
    0x0, 0x0, 0x9f, 0x40, 0x0, 0x0, 0x0, 0x9f,
    0x40, 0x0, 0x0, 0x0, 0x9f, 0x47, 0xdf, 0xe8,
    0x0, 0x9f, 0xef, 0xba, 0xef, 0xb0, 0x9f, 0xe2,
    0x0, 0x1e, 0xf1, 0x9f, 0x70, 0x0, 0xa, 0xf3,
    0x9f, 0x40, 0x0, 0x9, 0xf4, 0x9f, 0x40, 0x0,
    0x9, 0xf4, 0x9f, 0x40, 0x0, 0x9, 0xf4, 0x9f,
    0x40, 0x0, 0x9, 0xf4, 0x9f, 0x40, 0x0, 0x9,
    0xf4, 0x9f, 0x40, 0x0, 0x9, 0xf4, 0x9f, 0x40,
    0x0, 0x9, 0xf4, 0x0, 0x0, 0x0, 0x0, 0x0,
    0x0, 0x0, 0x0, 0x0, 0x0, 0x2, 0x88, 0x88,
    0x88, 0x0, 0x4, 0xff, 0xff, 0xff, 0x10,

    /* U+1E97 "ẗ" */
    0x11, 0x0, 0x10, 0xfe, 0x2, 0xfb, 0xfe, 0x2,
    0xfb, 0x0, 0x0, 0x0, 0x0, 0x2, 0x0, 0x2,
    0xd8, 0x0, 0x4, 0xf8, 0x0, 0x4, 0xf8, 0x0,
    0xaf, 0xff, 0xf6, 0x49, 0xfb, 0x62, 0x4, 0xf8,
    0x0, 0x4, 0xf8, 0x0, 0x4, 0xf8, 0x0, 0x4,
    0xf8, 0x0, 0x4, 0xf8, 0x0, 0x4, 0xf8, 0x0,
    0x4, 0xf9, 0x0, 0x2, 0xff, 0xb5, 0x0, 0x7e,
    0xf8,

    /* U+1E98 "ẘ" */
    0x0, 0x0, 0x0, 0x5b, 0x90, 0x0, 0x0, 0x0,
    0x0, 0x0, 0x0, 0xc0, 0x57, 0x0, 0x0, 0x0,
    0x0, 0x0, 0x0, 0xc0, 0x57, 0x0, 0x0, 0x0,
    0x0, 0x0, 0x0, 0x5b, 0xa0, 0x0, 0x0, 0x0,
    0x0, 0x0, 0x0, 0x0, 0x0, 0x0, 0x0, 0x0,
    0xbf, 0x20, 0x0, 0x6f, 0xb0, 0x0, 0xe, 0xe0,
    0x7f, 0x60, 0x0, 0xbf, 0xf0, 0x0, 0x3f, 0x90,
    0x2f, 0xb0, 0x0, 0xff, 0xf3, 0x0, 0x7f, 0x40,
    0xd, 0xf0, 0x3, 0xf9, 0xf7, 0x0, 0xcf, 0x0,
    0x8, 0xf3, 0x8, 0xf1, 0xfb, 0x1, 0xfa, 0x0,
    0x3, 0xf8, 0xc, 0xc0, 0xbf, 0x5, 0xf5, 0x0,
    0x0, 0xec, 0xf, 0x80, 0x7f, 0x4a, 0xf0, 0x0,
    0x0, 0x9f, 0x6f, 0x40, 0x3f, 0x8e, 0xb0, 0x0,
    0x0, 0x4f, 0xdf, 0x0, 0xe, 0xef, 0x60, 0x0,
    0x0, 0xf, 0xfc, 0x0, 0xa, 0xff, 0x10, 0x0,
    0x0, 0xb, 0xf8, 0x0, 0x6, 0xfc, 0x0, 0x0,

    /* U+1E99 "ẙ" */
    0x0, 0x0, 0x9b, 0x60, 0x0, 0x0, 0x0, 0x57,
    0xa, 0x10, 0x0, 0x0, 0x5, 0x70, 0xa2, 0x0,
    0x0, 0x0, 0x9, 0xb6, 0x0, 0x0, 0x0, 0x0,
    0x0, 0x0, 0x0, 0x7, 0xf8, 0x0, 0x0, 0xb,
    0xf2, 0x1f, 0xd0, 0x0, 0x1, 0xfc, 0x0, 0xbf,
    0x30, 0x0, 0x7f, 0x60, 0x4, 0xf9, 0x0, 0xd,
    0xf0, 0x0, 0xe, 0xf0, 0x3, 0xf9, 0x0, 0x0,
    0x8f, 0x50, 0x9f, 0x30, 0x0, 0x2, 0xfb, 0xe,
    0xd0, 0x0, 0x0, 0xc, 0xf4, 0xf7, 0x0, 0x0,
    0x0, 0x6f, 0xdf, 0x10, 0x0, 0x0, 0x0, 0xff,
    0xb0, 0x0, 0x0, 0x0, 0xa, 0xf4, 0x0, 0x0,
    0x0, 0x0, 0xde, 0x0, 0x0, 0x0, 0x0, 0x5f,
    0x80, 0x0, 0x0, 0xb, 0xdf, 0xe0, 0x0, 0x0,
    0x0, 0xaf, 0xc3, 0x0, 0x0, 0x0,

    /* U+1E9A "ẚ" */
    0x0, 0x0, 0x0, 0x0, 0x1e, 0x80, 0x0, 0x0,
    0x0, 0x0, 0x1, 0xa7, 0x0, 0x0, 0x0, 0x0,
    0x0, 0x5a, 0x0, 0x0, 0x0, 0x0, 0x0, 0xa7,
    0x0, 0x0, 0x0, 0x0, 0x1e, 0x90, 0x0, 0x18,
    0xdf, 0xfe, 0x91, 0x0, 0x2, 0xef, 0xa8, 0x8d,
    0xfc, 0x0, 0x9, 0xf5, 0x0, 0x0, 0xdf, 0x20,
    0x4, 0x60, 0x0, 0x0, 0xaf, 0x30, 0x0, 0x0,
    0x35, 0x8b, 0xff, 0x30, 0x1, 0xaf, 0xff, 0xfb,
    0xdf, 0x40, 0xb, 0xfa, 0x41, 0x0, 0xaf, 0x40,
    0x1f, 0xd0, 0x0, 0x0, 0xdf, 0x40, 0x1f, 0xe0,
    0x0, 0x6, 0xff, 0x40, 0xb, 0xfd, 0x78, 0xcf,
    0xcf, 0x50, 0x0, 0x8d, 0xfe, 0x92, 0x4f, 0x90,

    /* U+1E9B "ẛ" */
    0x0, 0x1, 0x10, 0x0, 0x0, 0xfe, 0x0, 0x0,
    0xf, 0xe0, 0x0, 0x0, 0x0, 0x0, 0x0, 0x4c,
    0xfe, 0x60, 0xf, 0xfc, 0xb3, 0x2, 0xfc, 0x0,
    0x0, 0x3f, 0xa0, 0x0, 0xdf, 0xfa, 0x0, 0x5,
    0x8f, 0xa0, 0x0, 0x3, 0xfa, 0x0, 0x0, 0x3f,
    0xa0, 0x0, 0x3, 0xfa, 0x0, 0x0, 0x3f, 0xa0,
    0x0, 0x3, 0xfa, 0x0, 0x0, 0x3f, 0xa0, 0x0,
    0x3, 0xfa, 0x0, 0x0, 0x3f, 0xa0, 0x0, 0x3,
    0xfa, 0x0, 0x0,

    /* U+1E9E "ẞ" */
    0x0, 0x2a, 0xef, 0xff, 0xff, 0xfc, 0x0, 0x2f,
    0xff, 0xff, 0xff, 0xff, 0xc0, 0xb, 0xfe, 0x63,
    0x33, 0x6f, 0xf8, 0x0, 0xff, 0x50, 0x0, 0x2e,
    0xfa, 0x0, 0x2f, 0xf2, 0x0, 0x1d, 0xfb, 0x0,
    0x3, 0xff, 0x10, 0xc, 0xfc, 0x0, 0x0, 0x3f,
    0xf1, 0xa, 0xfd, 0x10, 0x0, 0x3, 0xff, 0x12,
    0xff, 0xfd, 0xa3, 0x0, 0x3f, 0xf1, 0x2e, 0xff,
    0xff, 0xf8, 0x3, 0xff, 0x10, 0x0, 0x2, 0xbf,
    0xf3, 0x3f, 0xf1, 0x0, 0x0, 0x0, 0xef, 0x83,
    0xff, 0x10, 0x0, 0x0, 0xc, 0xf9, 0x3f, 0xf1,
    0x0, 0x0, 0x1, 0xff, 0x73, 0xff, 0x11, 0x33,
    0x36, 0xdf, 0xf2, 0x3f, 0xf1, 0x8f, 0xff, 0xff,
    0xf6, 0x3, 0xff, 0x18, 0xff, 0xfe, 0xa3, 0x0,

    /* U+1EA0 "Ạ" */
    0x0, 0x0, 0x6, 0xff, 0xd0, 0x0, 0x0, 0x0,
    0x0, 0x0, 0xbf, 0xff, 0x20, 0x0, 0x0, 0x0,
    0x0, 0x1f, 0xfc, 0xf8, 0x0, 0x0, 0x0, 0x0,
    0x6, 0xfc, 0x5f, 0xd0, 0x0, 0x0, 0x0, 0x0,
    0xbf, 0x60, 0xff, 0x20, 0x0, 0x0, 0x0, 0x1f,
    0xf1, 0xa, 0xf8, 0x0, 0x0, 0x0, 0x6, 0xfb,
    0x0, 0x4f, 0xd0, 0x0, 0x0, 0x0, 0xbf, 0x60,
    0x0, 0xef, 0x30, 0x0, 0x0, 0x1f, 0xf1, 0x0,
    0x9, 0xf8, 0x0, 0x0, 0x6, 0xff, 0xff, 0xff,
    0xff, 0xd0, 0x0, 0x0, 0xbf, 0xff, 0xff, 0xff,
    0xff, 0x30, 0x0, 0x1f, 0xf3, 0x22, 0x22, 0x2a,
    0xf8, 0x0, 0x6, 0xfc, 0x0, 0x0, 0x0, 0x5f,
    0xd0, 0x0, 0xbf, 0x80, 0x0, 0x0, 0x1, 0xff,
    0x30, 0x1f, 0xf3, 0x0, 0x0, 0x0, 0xc, 0xf8,
    0x6, 0xff, 0x0, 0x0, 0x0, 0x0, 0x8f, 0xd0,
    0x0, 0x0, 0x0, 0x12, 0x0, 0x0, 0x0, 0x0,
    0x0, 0x0, 0xd, 0xf4, 0x0, 0x0, 0x0, 0x0,
    0x0, 0x0, 0xdf, 0x40, 0x0, 0x0, 0x0,

    /* U+1EA1 "ạ" */
    0x0, 0x7, 0xdf, 0xfc, 0x50, 0x0, 0x0, 0xbf,
    0xff, 0xff, 0xf8, 0x0, 0x7, 0xff, 0x40, 0x19,
    0xff, 0x10, 0xa, 0xd6, 0x0, 0x0, 0xef, 0x60,
    0x0, 0x0, 0x0, 0x3, 0xdf, 0x70, 0x0, 0x5,
    0xad, 0xff, 0xff, 0x80, 0x3, 0xef, 0xfd, 0xa7,
    0xcf, 0x80, 0xd, 0xfb, 0x10, 0x0, 0xcf, 0x80,
    0xf, 0xf3, 0x0, 0x1, 0xff, 0x80, 0xf, 0xf8,
    0x0, 0x2c, 0xff, 0xa1, 0xa, 0xff, 0xee, 0xfe,
    0x8f, 0xf8, 0x0, 0x7d, 0xfe, 0xa2, 0xb, 0xf7,
    0x0, 0x0, 0x2, 0x10, 0x0, 0x0, 0x0, 0x0,
    0x4f, 0xd0, 0x0, 0x0, 0x0, 0x0, 0x4f, 0xd0,
    0x0, 0x0,

    /* U+1EA2 "Ả" */
    0x0, 0x0, 0x0, 0x10, 0x0, 0x0, 0x0, 0x0,
    0x0, 0x0, 0x6f, 0xf8, 0x0, 0x0, 0x0, 0x0,
    0x0, 0x2, 0x4d, 0xe0, 0x0, 0x0, 0x0, 0x0,
    0x0, 0x0, 0xbc, 0x0, 0x0, 0x0, 0x0, 0x0,
    0x0, 0x3b, 0x20, 0x0, 0x0, 0x0, 0x0, 0x0,
    0x0, 0x0, 0x0, 0x0, 0x0, 0x0, 0x0, 0x6,
    0xff, 0xd0, 0x0, 0x0, 0x0, 0x0, 0x0, 0xbf,
    0xff, 0x20, 0x0, 0x0, 0x0, 0x0, 0x1f, 0xfe,
    0xf8, 0x0, 0x0, 0x0, 0x0, 0x6, 0xfd, 0x6f,
    0xd0, 0x0, 0x0, 0x0, 0x0, 0xbf, 0x81, 0xff,
    0x20, 0x0, 0x0, 0x0, 0x1f, 0xf3, 0xc, 0xf8,
    0x0, 0x0, 0x0, 0x6, 0xfe, 0x0, 0x7f, 0xd0,
    0x0, 0x0, 0x0, 0xbf, 0x90, 0x2, 0xff, 0x30,
    0x0, 0x0, 0x1f, 0xf4, 0x0, 0xd, 0xf8, 0x0,
    0x0, 0x6, 0xff, 0x32, 0x22, 0xaf, 0xd0, 0x0,
    0x0, 0xbf, 0xff, 0xff, 0xff, 0xff, 0x30, 0x0,
    0x1f, 0xff, 0xff, 0xff, 0xff, 0xf8, 0x0, 0x6,
    0xff, 0x0, 0x0, 0x0, 0x9f, 0xd0, 0x0, 0xbf,
    0xa0, 0x0, 0x0, 0x3, 0xff, 0x30, 0x1f, 0xf5,
    0x0, 0x0, 0x0, 0xd, 0xf8, 0x6, 0xff, 0x0,
    0x0, 0x0, 0x0, 0x8f, 0xd0,

    /* U+1EA3 "ả" */
    0x0, 0x0, 0x1, 0x0, 0x0, 0x0, 0x0, 0x0,
    0xaf, 0xf4, 0x0, 0x0, 0x0, 0x0, 0x45, 0xfa,
    0x0, 0x0, 0x0, 0x0, 0x0, 0xe9, 0x0, 0x0,
    0x0, 0x0, 0x6, 0xd1, 0x0, 0x0, 0x0, 0x0,
    0x0, 0x0, 0x0, 0x0, 0x0, 0x7, 0xdf, 0xfc,
    0x50, 0x0, 0x0, 0xbf, 0xff, 0xff, 0xf8, 0x0,
    0x7, 0xff, 0x40, 0x19, 0xff, 0x10, 0xa, 0xd6,
    0x0, 0x0, 0xef, 0x60, 0x0, 0x0, 0x0, 0x3,
    0xdf, 0x70, 0x0, 0x5, 0xad, 0xff, 0xff, 0x80,
    0x3, 0xef, 0xfd, 0xa7, 0xcf, 0x80, 0xd, 0xfb,
    0x10, 0x0, 0xcf, 0x80, 0xf, 0xf3, 0x0, 0x1,
    0xff, 0x80, 0xf, 0xf8, 0x0, 0x2c, 0xff, 0xa1,
    0xa, 0xff, 0xee, 0xfe, 0x8f, 0xf8, 0x0, 0x7d,
    0xfe, 0xa2, 0xb, 0xf7,

    /* U+1EA4 "Ấ" */
    0x0, 0x0, 0x0, 0x0, 0x0, 0xef, 0x30, 0x0,
    0x0, 0x0, 0x0, 0x0, 0x4f, 0xb0, 0x0, 0x0,
    0x0, 0x1, 0x99, 0x59, 0xf2, 0x0, 0x0, 0x0,
    0x0, 0xbf, 0xdf, 0x30, 0x0, 0x0, 0x0, 0x0,
    0x7f, 0x40, 0xcd, 0x10, 0x0, 0x0, 0x0, 0x0,
    0x0, 0x0, 0x0, 0x0, 0x0, 0x0, 0x0, 0x6,
    0xff, 0xd0, 0x0, 0x0, 0x0, 0x0, 0x0, 0xbf,
    0xff, 0x20, 0x0, 0x0, 0x0, 0x0, 0x1f, 0xfe,
    0xf8, 0x0, 0x0, 0x0, 0x0, 0x6, 0xfd, 0x6f,
    0xd0, 0x0, 0x0, 0x0, 0x0, 0xbf, 0x81, 0xff,
    0x20, 0x0, 0x0, 0x0, 0x1f, 0xf3, 0xc, 0xf8,
    0x0, 0x0, 0x0, 0x6, 0xfe, 0x0, 0x7f, 0xd0,
    0x0, 0x0, 0x0, 0xbf, 0x90, 0x2, 0xff, 0x30,
    0x0, 0x0, 0x1f, 0xf4, 0x0, 0xd, 0xf8, 0x0,
    0x0, 0x6, 0xff, 0x32, 0x22, 0xaf, 0xd0, 0x0,
    0x0, 0xbf, 0xff, 0xff, 0xff, 0xff, 0x30, 0x0,
    0x1f, 0xff, 0xff, 0xff, 0xff, 0xf8, 0x0, 0x6,
    0xff, 0x0, 0x0, 0x0, 0x9f, 0xd0, 0x0, 0xbf,
    0xa0, 0x0, 0x0, 0x3, 0xff, 0x30, 0x1f, 0xf5,
    0x0, 0x0, 0x0, 0xd, 0xf8, 0x6, 0xff, 0x0,
    0x0, 0x0, 0x0, 0x8f, 0xd0,

    /* U+1EA5 "ấ" */
    0x0, 0x0, 0x0, 0x0, 0x2f, 0xe0, 0x0, 0x0,
    0x0, 0x0, 0x8f, 0x70, 0x0, 0x0, 0x7f, 0xf6,
    0xdd, 0x0, 0x0, 0x2, 0xff, 0xff, 0x10, 0x0,
    0x0, 0xb, 0xf2, 0x3f, 0xa0, 0x0, 0x0, 0x2,
    0x10, 0x1, 0x10, 0x0, 0x0, 0x7, 0xdf, 0xfc,
    0x50, 0x0, 0x0, 0xbf, 0xff, 0xff, 0xf8, 0x0,
    0x7, 0xff, 0x40, 0x19, 0xff, 0x10, 0xa, 0xd6,
    0x0, 0x0, 0xef, 0x60, 0x0, 0x0, 0x0, 0x3,
    0xdf, 0x70, 0x0, 0x5, 0xad, 0xff, 0xff, 0x80,
    0x3, 0xef, 0xfd, 0xa7, 0xcf, 0x80, 0xd, 0xfb,
    0x10, 0x0, 0xcf, 0x80, 0xf, 0xf3, 0x0, 0x1,
    0xff, 0x80, 0xf, 0xf8, 0x0, 0x2c, 0xff, 0xa1,
    0xa, 0xff, 0xee, 0xfe, 0x8f, 0xf8, 0x0, 0x7d,
    0xfe, 0xa2, 0xb, 0xf7,

    /* U+1EA6 "Ầ" */
    0x0, 0x0, 0x0, 0x0, 0x2f, 0xf0, 0x0, 0x0,
    0x0, 0x0, 0x0, 0x0, 0x9f, 0x50, 0x0, 0x0,
    0x0, 0x1, 0x99, 0x51, 0xfb, 0x0, 0x0, 0x0,
    0x0, 0xbf, 0xdf, 0x30, 0x0, 0x0, 0x0, 0x0,
    0x7f, 0x40, 0xcd, 0x10, 0x0, 0x0, 0x0, 0x0,
    0x0, 0x0, 0x0, 0x0, 0x0, 0x0, 0x0, 0x6,
    0xff, 0xd0, 0x0, 0x0, 0x0, 0x0, 0x0, 0xbf,
    0xff, 0x20, 0x0, 0x0, 0x0, 0x0, 0x1f, 0xfe,
    0xf8, 0x0, 0x0, 0x0, 0x0, 0x6, 0xfd, 0x6f,
    0xd0, 0x0, 0x0, 0x0, 0x0, 0xbf, 0x81, 0xff,
    0x20, 0x0, 0x0, 0x0, 0x1f, 0xf3, 0xc, 0xf8,
    0x0, 0x0, 0x0, 0x6, 0xfe, 0x0, 0x7f, 0xd0,
    0x0, 0x0, 0x0, 0xbf, 0x90, 0x2, 0xff, 0x30,
    0x0, 0x0, 0x1f, 0xf4, 0x0, 0xd, 0xf8, 0x0,
    0x0, 0x6, 0xff, 0x32, 0x22, 0xaf, 0xd0, 0x0,
    0x0, 0xbf, 0xff, 0xff, 0xff, 0xff, 0x30, 0x0,
    0x1f, 0xff, 0xff, 0xff, 0xff, 0xf8, 0x0, 0x6,
    0xff, 0x0, 0x0, 0x0, 0x9f, 0xd0, 0x0, 0xbf,
    0xa0, 0x0, 0x0, 0x3, 0xff, 0x30, 0x1f, 0xf5,
    0x0, 0x0, 0x0, 0xd, 0xf8, 0x6, 0xff, 0x0,
    0x0, 0x0, 0x0, 0x8f, 0xd0,

    /* U+1EA7 "ầ" */
    0x0, 0x0, 0x0, 0x6, 0xfb, 0x0, 0x0, 0x0,
    0x0, 0x0, 0xdf, 0x10, 0x0, 0x0, 0x7f, 0xf6,
    0x5f, 0x60, 0x0, 0x2, 0xff, 0xff, 0x10, 0x0,
    0x0, 0xb, 0xf2, 0x3f, 0xa0, 0x0, 0x0, 0x2,
    0x10, 0x1, 0x10, 0x0, 0x0, 0x7, 0xdf, 0xfc,
    0x50, 0x0, 0x0, 0xbf, 0xff, 0xff, 0xf8, 0x0,
    0x7, 0xff, 0x40, 0x19, 0xff, 0x10, 0xa, 0xd6,
    0x0, 0x0, 0xef, 0x60, 0x0, 0x0, 0x0, 0x3,
    0xdf, 0x70, 0x0, 0x5, 0xad, 0xff, 0xff, 0x80,
    0x3, 0xef, 0xfd, 0xa7, 0xcf, 0x80, 0xd, 0xfb,
    0x10, 0x0, 0xcf, 0x80, 0xf, 0xf3, 0x0, 0x1,
    0xff, 0x80, 0xf, 0xf8, 0x0, 0x2c, 0xff, 0xa1,
    0xa, 0xff, 0xee, 0xfe, 0x8f, 0xf8, 0x0, 0x7d,
    0xfe, 0xa2, 0xb, 0xf7,

    /* U+1EA8 "Ẩ" */
    0x0, 0x0, 0x0, 0x0, 0x0, 0x0, 0x0, 0x0,
    0x0, 0x0, 0x0, 0xa, 0xfd, 0x10, 0x0, 0x0,
    0x0, 0x0, 0x0, 0x35, 0xf5, 0x0, 0x0, 0x0,
    0x0, 0x7, 0x84, 0x6e, 0x10, 0x0, 0x0, 0x0,
    0xa, 0xfe, 0xf4, 0x0, 0x0, 0x0, 0x0, 0x7,
    0xf4, 0xc, 0xd0, 0x0, 0x0, 0x0, 0x0, 0x0,
    0x0, 0x0, 0x0, 0x0, 0x0, 0x0, 0x0, 0x6f,
    0xfd, 0x0, 0x0, 0x0, 0x0, 0x0, 0xb, 0xff,
    0xf2, 0x0, 0x0, 0x0, 0x0, 0x1, 0xff, 0xef,
    0x80, 0x0, 0x0, 0x0, 0x0, 0x6f, 0xd6, 0xfd,
    0x0, 0x0, 0x0, 0x0, 0xb, 0xf8, 0x1f, 0xf2,
    0x0, 0x0, 0x0, 0x1, 0xff, 0x30, 0xcf, 0x80,
    0x0, 0x0, 0x0, 0x6f, 0xe0, 0x7, 0xfd, 0x0,
    0x0, 0x0, 0xb, 0xf9, 0x0, 0x2f, 0xf3, 0x0,
    0x0, 0x1, 0xff, 0x40, 0x0, 0xdf, 0x80, 0x0,
    0x0, 0x6f, 0xf3, 0x22, 0x2a, 0xfd, 0x0, 0x0,
    0xb, 0xff, 0xff, 0xff, 0xff, 0xf3, 0x0, 0x1,
    0xff, 0xff, 0xff, 0xff, 0xff, 0x80, 0x0, 0x6f,
    0xf0, 0x0, 0x0, 0x9, 0xfd, 0x0, 0xb, 0xfa,
    0x0, 0x0, 0x0, 0x3f, 0xf3, 0x1, 0xff, 0x50,
    0x0, 0x0, 0x0, 0xdf, 0x80, 0x6f, 0xf0, 0x0,
    0x0, 0x0, 0x8, 0xfd, 0x0,

    /* U+1EA9 "ẩ" */
    0x0, 0x0, 0x0, 0x0, 0x0, 0x0, 0x0, 0x0,
    0x0, 0xf, 0xfa, 0x0, 0x0, 0x0, 0x0, 0x4,
    0x9f, 0x10, 0x0, 0x0, 0x0, 0x0, 0x7f, 0x0,
    0x0, 0x0, 0x7f, 0xf7, 0xa5, 0x0, 0x0, 0x2,
    0xfc, 0xdf, 0x10, 0x0, 0x0, 0xc, 0xe1, 0x2f,
    0xb0, 0x0, 0x0, 0x0, 0x0, 0x0, 0x0, 0x0,
    0x0, 0x7, 0xdf, 0xfc, 0x50, 0x0, 0x0, 0xbf,
    0xff, 0xff, 0xf8, 0x0, 0x7, 0xff, 0x40, 0x19,
    0xff, 0x10, 0xa, 0xd6, 0x0, 0x0, 0xef, 0x60,
    0x0, 0x0, 0x0, 0x3, 0xdf, 0x70, 0x0, 0x5,
    0xad, 0xff, 0xff, 0x80, 0x3, 0xef, 0xfd, 0xa7,
    0xcf, 0x80, 0xd, 0xfb, 0x10, 0x0, 0xcf, 0x80,
    0xf, 0xf3, 0x0, 0x1, 0xff, 0x80, 0xf, 0xf8,
    0x0, 0x2c, 0xff, 0xa1, 0xa, 0xff, 0xee, 0xfe,
    0x8f, 0xf8, 0x0, 0x7d, 0xfe, 0xa2, 0xb, 0xf7,

    /* U+1EAA "Ẫ" */
    0x0, 0x0, 0x0, 0x0, 0x1, 0x0, 0x0, 0x0,
    0x0, 0x4, 0xff, 0x92, 0xe5, 0x0, 0x0, 0x0,
    0x0, 0xda, 0x7f, 0xfd, 0x0, 0x0, 0x0, 0x0,
    0x4, 0x10, 0x14, 0x0, 0x0, 0x0, 0x0, 0x0,
    0x3, 0xff, 0xb0, 0x0, 0x0, 0x0, 0x0, 0x0,
    0xde, 0x9f, 0x60, 0x0, 0x0, 0x0, 0x0, 0x7d,
    0x30, 0x9c, 0x10, 0x0, 0x0, 0x0, 0x0, 0x0,
    0x0, 0x0, 0x0, 0x0, 0x0, 0x0, 0x6, 0xff,
    0xd0, 0x0, 0x0, 0x0, 0x0, 0x0, 0xbf, 0xff,
    0x20, 0x0, 0x0, 0x0, 0x0, 0x1f, 0xfe, 0xf8,
    0x0, 0x0, 0x0, 0x0, 0x6, 0xfd, 0x6f, 0xd0,
    0x0, 0x0, 0x0, 0x0, 0xbf, 0x81, 0xff, 0x20,
    0x0, 0x0, 0x0, 0x1f, 0xf3, 0xc, 0xf8, 0x0,
    0x0, 0x0, 0x6, 0xfe, 0x0, 0x7f, 0xd0, 0x0,
    0x0, 0x0, 0xbf, 0x90, 0x2, 0xff, 0x30, 0x0,
    0x0, 0x1f, 0xf4, 0x0, 0xd, 0xf8, 0x0, 0x0,
    0x6, 0xff, 0x32, 0x22, 0xaf, 0xd0, 0x0, 0x0,
    0xbf, 0xff, 0xff, 0xff, 0xff, 0x30, 0x0, 0x1f,
    0xff, 0xff, 0xff, 0xff, 0xf8, 0x0, 0x6, 0xff,
    0x0, 0x0, 0x0, 0x9f, 0xd0, 0x0, 0xbf, 0xa0,
    0x0, 0x0, 0x3, 0xff, 0x30, 0x1f, 0xf5, 0x0,
    0x0, 0x0, 0xd, 0xf8, 0x6, 0xff, 0x0, 0x0,
    0x0, 0x0, 0x8f, 0xd0,

    /* U+1EAB "ẫ" */
    0x0, 0x0, 0x0, 0x0, 0x10, 0x0, 0x0, 0x8,
    0xff, 0x75, 0xf1, 0x0, 0x0, 0x1f, 0x79, 0xff,
    0xa0, 0x0, 0x0, 0x14, 0x0, 0x23, 0x0, 0x0,
    0x0, 0x0, 0x7f, 0xf7, 0x0, 0x0, 0x0, 0x2,
    0xfc, 0xcf, 0x20, 0x0, 0x0, 0xc, 0xe1, 0x1e,
    0xb0, 0x0, 0x0, 0x0, 0x0, 0x0, 0x0, 0x0,
    0x0, 0x7, 0xdf, 0xfc, 0x50, 0x0, 0x0, 0xbf,
    0xff, 0xff, 0xf8, 0x0, 0x7, 0xff, 0x40, 0x19,
    0xff, 0x10, 0xa, 0xd6, 0x0, 0x0, 0xef, 0x60,
    0x0, 0x0, 0x0, 0x3, 0xdf, 0x70, 0x0, 0x5,
    0xad, 0xff, 0xff, 0x80, 0x3, 0xef, 0xfd, 0xa7,
    0xcf, 0x80, 0xd, 0xfb, 0x10, 0x0, 0xcf, 0x80,
    0xf, 0xf3, 0x0, 0x1, 0xff, 0x80, 0xf, 0xf8,
    0x0, 0x2c, 0xff, 0xa1, 0xa, 0xff, 0xee, 0xfe,
    0x8f, 0xf8, 0x0, 0x7d, 0xfe, 0xa2, 0xb, 0xf7,

    /* U+1EAC "Ậ" */
    0x0, 0x0, 0x0, 0x78, 0x40, 0x0, 0x0, 0x0,
    0x0, 0x0, 0x9f, 0xfe, 0x10, 0x0, 0x0, 0x0,
    0x0, 0x3f, 0xa3, 0xfa, 0x0, 0x0, 0x0, 0x0,
    0x5, 0x70, 0x4, 0x71, 0x0, 0x0, 0x0, 0x0,
    0x0, 0x0, 0x0, 0x0, 0x0, 0x0, 0x0, 0x0,
    0x6f, 0xfd, 0x0, 0x0, 0x0, 0x0, 0x0, 0xb,
    0xff, 0xf2, 0x0, 0x0, 0x0, 0x0, 0x1, 0xff,
    0xcf, 0x80, 0x0, 0x0, 0x0, 0x0, 0x6f, 0xc5,
    0xfd, 0x0, 0x0, 0x0, 0x0, 0xb, 0xf6, 0xf,
    0xf2, 0x0, 0x0, 0x0, 0x1, 0xff, 0x10, 0xaf,
    0x80, 0x0, 0x0, 0x0, 0x6f, 0xb0, 0x4, 0xfd,
    0x0, 0x0, 0x0, 0xb, 0xf6, 0x0, 0xe, 0xf3,
    0x0, 0x0, 0x1, 0xff, 0x10, 0x0, 0x9f, 0x80,
    0x0, 0x0, 0x6f, 0xff, 0xff, 0xff, 0xfd, 0x0,
    0x0, 0xb, 0xff, 0xff, 0xff, 0xff, 0xf3, 0x0,
    0x1, 0xff, 0x32, 0x22, 0x22, 0xaf, 0x80, 0x0,
    0x6f, 0xc0, 0x0, 0x0, 0x5, 0xfd, 0x0, 0xb,
    0xf8, 0x0, 0x0, 0x0, 0x1f, 0xf3, 0x1, 0xff,
    0x30, 0x0, 0x0, 0x0, 0xcf, 0x80, 0x6f, 0xf0,
    0x0, 0x0, 0x0, 0x8, 0xfd, 0x0, 0x0, 0x0,
    0x1, 0x20, 0x0, 0x0, 0x0, 0x0, 0x0, 0x0,
    0xdf, 0x40, 0x0, 0x0, 0x0, 0x0, 0x0, 0xd,
    0xf4, 0x0, 0x0, 0x0,

    /* U+1EAD "ậ" */
    0x0, 0x0, 0x28, 0x82, 0x0, 0x0, 0x0, 0x0,
    0xce, 0xeb, 0x0, 0x0, 0x0, 0x6, 0xf4, 0x5f,
    0x50, 0x0, 0x0, 0x9, 0x70, 0x8, 0x80, 0x0,
    0x0, 0x0, 0x0, 0x0, 0x0, 0x0, 0x0, 0x7,
    0xdf, 0xfc, 0x50, 0x0, 0x0, 0xbf, 0xff, 0xff,
    0xf8, 0x0, 0x7, 0xff, 0x40, 0x19, 0xff, 0x10,
    0xa, 0xd6, 0x0, 0x0, 0xef, 0x60, 0x0, 0x0,
    0x0, 0x3, 0xdf, 0x70, 0x0, 0x5, 0xad, 0xff,
    0xff, 0x80, 0x3, 0xef, 0xfd, 0xa7, 0xcf, 0x80,
    0xd, 0xfb, 0x10, 0x0, 0xcf, 0x80, 0xf, 0xf3,
    0x0, 0x1, 0xff, 0x80, 0xf, 0xf8, 0x0, 0x2c,
    0xff, 0xa1, 0xa, 0xff, 0xee, 0xfe, 0x8f, 0xf8,
    0x0, 0x7d, 0xfe, 0xa2, 0xb, 0xf7, 0x0, 0x0,
    0x2, 0x10, 0x0, 0x0, 0x0, 0x0, 0x4f, 0xd0,
    0x0, 0x0, 0x0, 0x0, 0x4f, 0xd0, 0x0, 0x0,

    /* U+1EAE "Ắ" */
    0x0, 0x0, 0x0, 0x5, 0x83, 0x0, 0x0, 0x0,
    0x0, 0x0, 0x0, 0xee, 0x10, 0x0, 0x0, 0x0,
    0x0, 0x0, 0x5f, 0x60, 0x0, 0x0, 0x0, 0x0,
    0x9, 0x80, 0x3, 0xc2, 0x0, 0x0, 0x0, 0x0,
    0x7f, 0xa9, 0xed, 0x0, 0x0, 0x0, 0x0, 0x0,
    0x8e, 0xfb, 0x20, 0x0, 0x0, 0x0, 0x0, 0x0,
    0x0, 0x0, 0x0, 0x0, 0x0, 0x0, 0x0, 0x6f,
    0xfd, 0x0, 0x0, 0x0, 0x0, 0x0, 0xb, 0xff,
    0xf2, 0x0, 0x0, 0x0, 0x0, 0x1, 0xff, 0xef,
    0x80, 0x0, 0x0, 0x0, 0x0, 0x6f, 0xd6, 0xfd,
    0x0, 0x0, 0x0, 0x0, 0xb, 0xf8, 0x1f, 0xf2,
    0x0, 0x0, 0x0, 0x1, 0xff, 0x30, 0xcf, 0x80,
    0x0, 0x0, 0x0, 0x6f, 0xe0, 0x7, 0xfd, 0x0,
    0x0, 0x0, 0xb, 0xf9, 0x0, 0x2f, 0xf3, 0x0,
    0x0, 0x1, 0xff, 0x40, 0x0, 0xdf, 0x80, 0x0,
    0x0, 0x6f, 0xf3, 0x22, 0x2a, 0xfd, 0x0, 0x0,
    0xb, 0xff, 0xff, 0xff, 0xff, 0xf3, 0x0, 0x1,
    0xff, 0xff, 0xff, 0xff, 0xff, 0x80, 0x0, 0x6f,
    0xf0, 0x0, 0x0, 0x9, 0xfd, 0x0, 0xb, 0xfa,
    0x0, 0x0, 0x0, 0x3f, 0xf3, 0x1, 0xff, 0x50,
    0x0, 0x0, 0x0, 0xdf, 0x80, 0x6f, 0xf0, 0x0,
    0x0, 0x0, 0x8, 0xfd, 0x0,

    /* U+1EAF "ắ" */
    0x0, 0x0, 0x0, 0xff, 0x10, 0x0, 0x0, 0x0,
    0x6, 0xf7, 0x0, 0x0, 0x0, 0x0, 0x6, 0x80,
    0x0, 0x0, 0x0, 0xf, 0xa1, 0x1b, 0xe0, 0x0,
    0x0, 0x7, 0xff, 0xff, 0x60, 0x0, 0x0, 0x0,
    0x37, 0x73, 0x0, 0x0, 0x0, 0x0, 0x0, 0x0,
    0x0, 0x0, 0x0, 0x7, 0xdf, 0xfc, 0x50, 0x0,
    0x0, 0xbf, 0xff, 0xff, 0xf8, 0x0, 0x7, 0xff,
    0x50, 0x19, 0xff, 0x10, 0xa, 0xd7, 0x0, 0x0,
    0xef, 0x60, 0x0, 0x0, 0x0, 0x3, 0xdf, 0x70,
    0x0, 0x5, 0x9d, 0xff, 0xff, 0x80, 0x3, 0xdf,
    0xfd, 0xa7, 0xcf, 0x80, 0xd, 0xfb, 0x10, 0x0,
    0xcf, 0x80, 0xf, 0xf3, 0x0, 0x1, 0xff, 0x80,
    0xf, 0xf8, 0x0, 0x2c, 0xff, 0xa1, 0xa, 0xff,
    0xee, 0xfe, 0x8f, 0xf8, 0x0, 0x7d, 0xfe, 0xa2,
    0xb, 0xf7,

    /* U+1EB0 "Ằ" */
    0x0, 0x0, 0x7, 0x81, 0x0, 0x0, 0x0, 0x0,
    0x0, 0x0, 0x7f, 0x70, 0x0, 0x0, 0x0, 0x0,
    0x0, 0x0, 0xde, 0x0, 0x0, 0x0, 0x0, 0x0,
    0x9, 0x80, 0x3, 0xc2, 0x0, 0x0, 0x0, 0x0,
    0x7f, 0xa9, 0xed, 0x0, 0x0, 0x0, 0x0, 0x0,
    0x8e, 0xfb, 0x20, 0x0, 0x0, 0x0, 0x0, 0x0,
    0x0, 0x0, 0x0, 0x0, 0x0, 0x0, 0x0, 0x6f,
    0xfd, 0x0, 0x0, 0x0, 0x0, 0x0, 0xb, 0xff,
    0xf2, 0x0, 0x0, 0x0, 0x0, 0x1, 0xff, 0xef,
    0x80, 0x0, 0x0, 0x0, 0x0, 0x6f, 0xd6, 0xfd,
    0x0, 0x0, 0x0, 0x0, 0xb, 0xf8, 0x1f, 0xf2,
    0x0, 0x0, 0x0, 0x1, 0xff, 0x30, 0xcf, 0x80,
    0x0, 0x0, 0x0, 0x6f, 0xe0, 0x7, 0xfd, 0x0,
    0x0, 0x0, 0xb, 0xf9, 0x0, 0x2f, 0xf3, 0x0,
    0x0, 0x1, 0xff, 0x40, 0x0, 0xdf, 0x80, 0x0,
    0x0, 0x6f, 0xf3, 0x22, 0x2a, 0xfd, 0x0, 0x0,
    0xb, 0xff, 0xff, 0xff, 0xff, 0xf3, 0x0, 0x1,
    0xff, 0xff, 0xff, 0xff, 0xff, 0x80, 0x0, 0x6f,
    0xf0, 0x0, 0x0, 0x9, 0xfd, 0x0, 0xb, 0xfa,
    0x0, 0x0, 0x0, 0x3f, 0xf3, 0x1, 0xff, 0x50,
    0x0, 0x0, 0x0, 0xdf, 0x80, 0x6f, 0xf0, 0x0,
    0x0, 0x0, 0x8, 0xfd, 0x0,

    /* U+1EB1 "ằ" */
    0x0, 0x1, 0xef, 0x0, 0x0, 0x0, 0x0, 0x0,
    0x6f, 0x60, 0x0, 0x0, 0x0, 0x0, 0x8, 0x60,
    0x0, 0x0, 0x0, 0xf, 0xa1, 0x1b, 0xe0, 0x0,
    0x0, 0x7, 0xff, 0xff, 0x60, 0x0, 0x0, 0x0,
    0x37, 0x73, 0x0, 0x0, 0x0, 0x0, 0x0, 0x0,
    0x0, 0x0, 0x0, 0x7, 0xdf, 0xfc, 0x50, 0x0,
    0x0, 0xbf, 0xff, 0xff, 0xf8, 0x0, 0x7, 0xff,
    0x50, 0x19, 0xff, 0x10, 0xa, 0xd7, 0x0, 0x0,
    0xef, 0x60, 0x0, 0x0, 0x0, 0x3, 0xdf, 0x70,
    0x0, 0x5, 0x9d, 0xff, 0xff, 0x80, 0x3, 0xdf,
    0xfd, 0xa7, 0xcf, 0x80, 0xd, 0xfb, 0x10, 0x0,
    0xcf, 0x80, 0xf, 0xf3, 0x0, 0x1, 0xff, 0x80,
    0xf, 0xf8, 0x0, 0x2c, 0xff, 0xa1, 0xa, 0xff,
    0xee, 0xfe, 0x8f, 0xf8, 0x0, 0x7d, 0xfe, 0xa2,
    0xb, 0xf7,

    /* U+1EB2 "Ẳ" */
    0x0, 0x0, 0x0, 0x0, 0x0, 0x0, 0x0, 0x0,
    0x0, 0x0, 0x3f, 0xf6, 0x0, 0x0, 0x0, 0x0,
    0x0, 0x1, 0x4c, 0xc0, 0x0, 0x0, 0x0, 0x0,
    0x0, 0x0, 0xd7, 0x0, 0x0, 0x0, 0x0, 0x0,
    0xaa, 0x13, 0x4e, 0x20, 0x0, 0x0, 0x0, 0x6,
    0xfb, 0x9e, 0xd0, 0x0, 0x0, 0x0, 0x0, 0x7,
    0xef, 0xb2, 0x0, 0x0, 0x0, 0x0, 0x0, 0x0,
    0x0, 0x0, 0x0, 0x0, 0x0, 0x0, 0x6, 0xff,
    0xd0, 0x0, 0x0, 0x0, 0x0, 0x0, 0xbf, 0xff,
    0x20, 0x0, 0x0, 0x0, 0x0, 0x1f, 0xfe, 0xf8,
    0x0, 0x0, 0x0, 0x0, 0x6, 0xfd, 0x6f, 0xd0,
    0x0, 0x0, 0x0, 0x0, 0xbf, 0x81, 0xff, 0x20,
    0x0, 0x0, 0x0, 0x1f, 0xf3, 0xc, 0xf8, 0x0,
    0x0, 0x0, 0x6, 0xfe, 0x0, 0x7f, 0xd0, 0x0,
    0x0, 0x0, 0xbf, 0x90, 0x2, 0xff, 0x30, 0x0,
    0x0, 0x1f, 0xf4, 0x0, 0xd, 0xf8, 0x0, 0x0,
    0x6, 0xff, 0x32, 0x22, 0xaf, 0xd0, 0x0, 0x0,
    0xbf, 0xff, 0xff, 0xff, 0xff, 0x30, 0x0, 0x1f,
    0xff, 0xff, 0xff, 0xff, 0xf8, 0x0, 0x6, 0xff,
    0x0, 0x0, 0x0, 0x9f, 0xd0, 0x0, 0xbf, 0xa0,
    0x0, 0x0, 0x3, 0xff, 0x30, 0x1f, 0xf5, 0x0,
    0x0, 0x0, 0xd, 0xf8, 0x6, 0xff, 0x0, 0x0,
    0x0, 0x0, 0x8f, 0xd0,

    /* U+1EB3 "ẳ" */
    0x0, 0x0, 0x0, 0x0, 0x0, 0x0, 0x0, 0x0,
    0x7f, 0xe2, 0x0, 0x0, 0x0, 0x0, 0x25, 0xf8,
    0x0, 0x0, 0x0, 0x0, 0x0, 0xf7, 0x0, 0x0,
    0x0, 0x0, 0x6, 0xe1, 0x0, 0x0, 0x0, 0xf,
    0xa2, 0x1b, 0xe0, 0x0, 0x0, 0x7, 0xff, 0xff,
    0x60, 0x0, 0x0, 0x0, 0x37, 0x72, 0x0, 0x0,
    0x0, 0x0, 0x0, 0x0, 0x0, 0x0, 0x0, 0x7,
    0xdf, 0xfc, 0x50, 0x0, 0x0, 0xbf, 0xff, 0xff,
    0xf8, 0x0, 0x6, 0xff, 0x50, 0x19, 0xff, 0x10,
    0xc, 0xf8, 0x0, 0x0, 0xef, 0x60, 0x0, 0x0,
    0x0, 0x1, 0xcf, 0x70, 0x0, 0x3, 0x7b, 0xef,
    0xff, 0x80, 0x2, 0xcf, 0xff, 0xc9, 0xdf, 0x80,
    0xc, 0xfc, 0x30, 0x0, 0xcf, 0x80, 0xf, 0xf3,
    0x0, 0x1, 0xff, 0x80, 0x1f, 0xf8, 0x0, 0x2c,
    0xff, 0xa1, 0xa, 0xff, 0xee, 0xff, 0x9f, 0xf8,
    0x0, 0x7d, 0xfe, 0xa2, 0xb, 0xf7,

    /* U+1EB4 "Ẵ" */
    0x0, 0x0, 0x0, 0x0, 0x1, 0x0, 0x0, 0x0,
    0x0, 0x5, 0xff, 0x83, 0xe5, 0x0, 0x0, 0x0,
    0x0, 0xda, 0x7f, 0xfd, 0x0, 0x0, 0x0, 0x0,
    0x4, 0x10, 0x13, 0x0, 0x0, 0x0, 0x0, 0x0,
    0x9a, 0x0, 0x3d, 0x20, 0x0, 0x0, 0x0, 0x6,
    0xfb, 0x9e, 0xe0, 0x0, 0x0, 0x0, 0x0, 0x7,
    0xef, 0xb2, 0x0, 0x0, 0x0, 0x0, 0x0, 0x0,
    0x0, 0x0, 0x0, 0x0, 0x0, 0x0, 0x6, 0xff,
    0xd0, 0x0, 0x0, 0x0, 0x0, 0x0, 0xbf, 0xff,
    0x20, 0x0, 0x0, 0x0, 0x0, 0x1f, 0xfe, 0xf8,
    0x0, 0x0, 0x0, 0x0, 0x6, 0xfd, 0x6f, 0xd0,
    0x0, 0x0, 0x0, 0x0, 0xbf, 0x81, 0xff, 0x20,
    0x0, 0x0, 0x0, 0x1f, 0xf3, 0xc, 0xf8, 0x0,
    0x0, 0x0, 0x6, 0xfe, 0x0, 0x7f, 0xd0, 0x0,
    0x0, 0x0, 0xbf, 0x90, 0x2, 0xff, 0x30, 0x0,
    0x0, 0x1f, 0xf4, 0x0, 0xd, 0xf8, 0x0, 0x0,
    0x6, 0xff, 0x32, 0x22, 0xaf, 0xd0, 0x0, 0x0,
    0xbf, 0xff, 0xff, 0xff, 0xff, 0x30, 0x0, 0x1f,
    0xff, 0xff, 0xff, 0xff, 0xf8, 0x0, 0x6, 0xff,
    0x0, 0x0, 0x0, 0x9f, 0xd0, 0x0, 0xbf, 0xa0,
    0x0, 0x0, 0x3, 0xff, 0x30, 0x1f, 0xf5, 0x0,
    0x0, 0x0, 0xd, 0xf8, 0x6, 0xff, 0x0, 0x0,
    0x0, 0x0, 0x8f, 0xd0,

    /* U+1EB5 "ẵ" */
    0x0, 0x0, 0x0, 0x0, 0x10, 0x0, 0x0, 0x6,
    0xfd, 0x1, 0xf1, 0x0, 0x0, 0xe, 0x8c, 0xa6,
    0xe0, 0x0, 0x0, 0x2f, 0x2, 0xff, 0x70, 0x0,
    0x0, 0x14, 0x0, 0x13, 0x0, 0x0, 0x0, 0xf,
    0xa1, 0x1a, 0xe0, 0x0, 0x0, 0x7, 0xff, 0xff,
    0x60, 0x0, 0x0, 0x0, 0x37, 0x73, 0x0, 0x0,
    0x0, 0x0, 0x0, 0x0, 0x0, 0x0, 0x0, 0x7,
    0xdf, 0xfc, 0x50, 0x0, 0x0, 0xbf, 0xff, 0xff,
    0xf8, 0x0, 0x7, 0xff, 0x50, 0x19, 0xff, 0x10,
    0xa, 0xd7, 0x0, 0x0, 0xef, 0x60, 0x0, 0x0,
    0x0, 0x3, 0xdf, 0x70, 0x0, 0x5, 0x9d, 0xff,
    0xff, 0x80, 0x3, 0xdf, 0xfd, 0xa7, 0xcf, 0x80,
    0xd, 0xfb, 0x10, 0x0, 0xcf, 0x80, 0xf, 0xf3,
    0x0, 0x1, 0xff, 0x80, 0xf, 0xf8, 0x0, 0x2c,
    0xff, 0xa1, 0xa, 0xff, 0xee, 0xfe, 0x8f, 0xf8,
    0x0, 0x7d, 0xfe, 0xa2, 0xb, 0xf7,

    /* U+1EB6 "Ặ" */
    0x0, 0x0, 0x65, 0x0, 0x18, 0x10, 0x0, 0x0,
    0x0, 0x9, 0xe2, 0x9, 0xf1, 0x0, 0x0, 0x0,
    0x0, 0x2e, 0xff, 0xf7, 0x0, 0x0, 0x0, 0x0,
    0x0, 0x16, 0x73, 0x0, 0x0, 0x0, 0x0, 0x0,
    0x0, 0x0, 0x0, 0x0, 0x0, 0x0, 0x0, 0x0,
    0x6f, 0xfd, 0x0, 0x0, 0x0, 0x0, 0x0, 0xb,
    0xff, 0xf2, 0x0, 0x0, 0x0, 0x0, 0x1, 0xff,
    0xcf, 0x80, 0x0, 0x0, 0x0, 0x0, 0x6f, 0xc5,
    0xfd, 0x0, 0x0, 0x0, 0x0, 0xb, 0xf6, 0xf,
    0xf2, 0x0, 0x0, 0x0, 0x1, 0xff, 0x10, 0xaf,
    0x80, 0x0, 0x0, 0x0, 0x6f, 0xb0, 0x4, 0xfd,
    0x0, 0x0, 0x0, 0xb, 0xf6, 0x0, 0xe, 0xf3,
    0x0, 0x0, 0x1, 0xff, 0x10, 0x0, 0x9f, 0x80,
    0x0, 0x0, 0x6f, 0xff, 0xff, 0xff, 0xfd, 0x0,
    0x0, 0xb, 0xff, 0xff, 0xff, 0xff, 0xf3, 0x0,
    0x1, 0xff, 0x32, 0x22, 0x22, 0xaf, 0x80, 0x0,
    0x6f, 0xc0, 0x0, 0x0, 0x5, 0xfd, 0x0, 0xb,
    0xf8, 0x0, 0x0, 0x0, 0x1f, 0xf3, 0x1, 0xff,
    0x30, 0x0, 0x0, 0x0, 0xcf, 0x80, 0x6f, 0xf0,
    0x0, 0x0, 0x0, 0x8, 0xfd, 0x0, 0x0, 0x0,
    0x1, 0x20, 0x0, 0x0, 0x0, 0x0, 0x0, 0x0,
    0xdf, 0x40, 0x0, 0x0, 0x0, 0x0, 0x0, 0xd,
    0xf4, 0x0, 0x0, 0x0,

    /* U+1EB7 "ặ" */
    0x0, 0xf, 0x60, 0x8, 0xe0, 0x0, 0x0, 0xc,
    0xd2, 0x2e, 0xb0, 0x0, 0x0, 0x3, 0xff, 0xfe,
    0x20, 0x0, 0x0, 0x0, 0x26, 0x61, 0x0, 0x0,
    0x0, 0x0, 0x0, 0x0, 0x0, 0x0, 0x0, 0x18,
    0xdf, 0xfc, 0x50, 0x0, 0x2, 0xef, 0xff, 0xff,
    0xf8, 0x0, 0xa, 0xfc, 0x20, 0x6, 0xff, 0x10,
    0x0, 0x10, 0x0, 0x0, 0xcf, 0x60, 0x0, 0x0,
    0x37, 0xae, 0xff, 0x70, 0x0, 0x7e, 0xff, 0xff,
    0xff, 0x80, 0x8, 0xff, 0xc7, 0x40, 0xbf, 0x80,
    0xf, 0xf8, 0x0, 0x0, 0xcf, 0x80, 0x1f, 0xf3,
    0x0, 0x2, 0xff, 0x80, 0xf, 0xf9, 0x0, 0x3d,
    0xff, 0xa1, 0x9, 0xff, 0xfe, 0xfe, 0x8f, 0xf8,
    0x0, 0x6d, 0xfe, 0xa2, 0xb, 0xf7, 0x0, 0x0,
    0x2, 0x10, 0x0, 0x0, 0x0, 0x0, 0x4f, 0xd0,
    0x0, 0x0, 0x0, 0x0, 0x4f, 0xd0, 0x0, 0x0,

    /* U+1EB8 "Ẹ" */
    0x3f, 0xff, 0xff, 0xff, 0xff, 0x83, 0xff, 0xff,
    0xff, 0xff, 0xf8, 0x3f, 0xf4, 0x33, 0x33, 0x33,
    0x13, 0xff, 0x10, 0x0, 0x0, 0x0, 0x3f, 0xf1,
    0x0, 0x0, 0x0, 0x3, 0xff, 0x10, 0x0, 0x0,
    0x0, 0x3f, 0xf2, 0x11, 0x11, 0x11, 0x3, 0xff,
    0xff, 0xff, 0xff, 0xf4, 0x3f, 0xff, 0xff, 0xff,
    0xff, 0x43, 0xff, 0x10, 0x0, 0x0, 0x0, 0x3f,
    0xf1, 0x0, 0x0, 0x0, 0x3, 0xff, 0x10, 0x0,
    0x0, 0x0, 0x3f, 0xf1, 0x0, 0x0, 0x0, 0x3,
    0xff, 0x43, 0x33, 0x33, 0x32, 0x3f, 0xff, 0xff,
    0xff, 0xff, 0xa3, 0xff, 0xff, 0xff, 0xff, 0xfa,
    0x0, 0x0, 0x2, 0x10, 0x0, 0x0, 0x0, 0x5,
    0xfc, 0x0, 0x0, 0x0, 0x0, 0x5f, 0xc0, 0x0,
    0x0,

    /* U+1EB9 "ẹ" */
    0x0, 0x4, 0xbe, 0xfc, 0x60, 0x0, 0x0, 0x8f,
    0xff, 0xff, 0xfa, 0x0, 0x4, 0xff, 0x81, 0x6,
    0xff, 0x50, 0xb, 0xfa, 0x0, 0x0, 0x8f, 0xc0,
    0xf, 0xf5, 0x0, 0x0, 0x3f, 0xf0, 0x1f, 0xff,
    0xff, 0xff, 0xff, 0xf2, 0x1f, 0xfd, 0xcc, 0xcc,
    0xcc, 0xc2, 0xf, 0xf5, 0x0, 0x0, 0x0, 0x0,
    0xb, 0xfa, 0x0, 0x0, 0x49, 0x80, 0x4, 0xff,
    0x82, 0x4, 0xef, 0x80, 0x0, 0x8f, 0xff, 0xff,
    0xfc, 0x0, 0x0, 0x4, 0xbe, 0xfc, 0x70, 0x0,
    0x0, 0x0, 0x1, 0x20, 0x0, 0x0, 0x0, 0x0,
    0xe, 0xf4, 0x0, 0x0, 0x0, 0x0, 0xe, 0xf4,
    0x0, 0x0,

    /* U+1EBA "Ẻ" */
    0x0, 0x0, 0x1, 0x0, 0x0, 0x0, 0x0, 0xf,
    0xfd, 0x10, 0x0, 0x0, 0x0, 0x58, 0xf6, 0x0,
    0x0, 0x0, 0x0, 0x4f, 0x30, 0x0, 0x0, 0x0,
    0x9, 0x70, 0x0, 0x0, 0x0, 0x0, 0x0, 0x0,
    0x0, 0x3f, 0xff, 0xff, 0xff, 0xff, 0x83, 0xff,
    0xff, 0xff, 0xff, 0xf8, 0x3f, 0xf4, 0x33, 0x33,
    0x33, 0x13, 0xff, 0x10, 0x0, 0x0, 0x0, 0x3f,
    0xf1, 0x0, 0x0, 0x0, 0x3, 0xff, 0x10, 0x0,
    0x0, 0x0, 0x3f, 0xf1, 0x0, 0x0, 0x0, 0x3,
    0xff, 0xff, 0xff, 0xff, 0xf4, 0x3f, 0xff, 0xff,
    0xff, 0xff, 0x43, 0xff, 0x21, 0x11, 0x11, 0x10,
    0x3f, 0xf1, 0x0, 0x0, 0x0, 0x3, 0xff, 0x10,
    0x0, 0x0, 0x0, 0x3f, 0xf1, 0x0, 0x0, 0x0,
    0x3, 0xff, 0x43, 0x33, 0x33, 0x32, 0x3f, 0xff,
    0xff, 0xff, 0xff, 0xa3, 0xff, 0xff, 0xff, 0xff,
    0xfa,

    /* U+1EBB "ẻ" */
    0x0, 0x0, 0x1, 0x0, 0x0, 0x0, 0x0, 0x0,
    0x7f, 0xf7, 0x0, 0x0, 0x0, 0x0, 0x35, 0xde,
    0x0, 0x0, 0x0, 0x0, 0x0, 0xbc, 0x0, 0x0,
    0x0, 0x0, 0x4, 0xe3, 0x0, 0x0, 0x0, 0x0,
    0x0, 0x0, 0x0, 0x0, 0x0, 0x4, 0xbe, 0xfc,
    0x60, 0x0, 0x0, 0x8f, 0xff, 0xff, 0xfa, 0x0,
    0x4, 0xff, 0x81, 0x6, 0xff, 0x50, 0xb, 0xfa,
    0x0, 0x0, 0x8f, 0xc0, 0xf, 0xf5, 0x0, 0x0,
    0x3f, 0xf0, 0x1f, 0xff, 0xff, 0xff, 0xff, 0xf2,
    0x1f, 0xfd, 0xcc, 0xcc, 0xcc, 0xc2, 0xf, 0xf5,
    0x0, 0x0, 0x0, 0x0, 0xb, 0xfa, 0x0, 0x0,
    0x49, 0x80, 0x4, 0xff, 0x82, 0x4, 0xef, 0x80,
    0x0, 0x8f, 0xff, 0xff, 0xfc, 0x0, 0x0, 0x4,
    0xbe, 0xfc, 0x70, 0x0,

    /* U+1EBC "Ẽ" */
    0x0, 0x0, 0x10, 0x0, 0x20, 0x0, 0x2, 0xef,
    0xd4, 0x7f, 0x0, 0x0, 0x9d, 0x6d, 0xff, 0x80,
    0x0, 0x3, 0x20, 0x4, 0x30, 0x0, 0x0, 0x0,
    0x0, 0x0, 0x0, 0x3, 0xff, 0xff, 0xff, 0xff,
    0xf8, 0x3f, 0xff, 0xff, 0xff, 0xff, 0x83, 0xff,
    0x43, 0x33, 0x33, 0x31, 0x3f, 0xf1, 0x0, 0x0,
    0x0, 0x3, 0xff, 0x10, 0x0, 0x0, 0x0, 0x3f,
    0xf1, 0x0, 0x0, 0x0, 0x3, 0xff, 0x10, 0x0,
    0x0, 0x0, 0x3f, 0xff, 0xff, 0xff, 0xff, 0x43,
    0xff, 0xff, 0xff, 0xff, 0xf4, 0x3f, 0xf2, 0x11,
    0x11, 0x11, 0x3, 0xff, 0x10, 0x0, 0x0, 0x0,
    0x3f, 0xf1, 0x0, 0x0, 0x0, 0x3, 0xff, 0x10,
    0x0, 0x0, 0x0, 0x3f, 0xf4, 0x33, 0x33, 0x33,
    0x23, 0xff, 0xff, 0xff, 0xff, 0xfa, 0x3f, 0xff,
    0xff, 0xff, 0xff, 0xa0,

    /* U+1EBD "ẽ" */
    0x0, 0x6, 0xee, 0x73, 0xd7, 0x0, 0x0, 0x1f,
    0xaa, 0xff, 0xe1, 0x0, 0x0, 0x15, 0x0, 0x24,
    0x10, 0x0, 0x0, 0x0, 0x0, 0x0, 0x0, 0x0,
    0x0, 0x4, 0xbe, 0xfc, 0x60, 0x0, 0x0, 0x8f,
    0xff, 0xff, 0xfa, 0x0, 0x4, 0xff, 0x81, 0x6,
    0xff, 0x50, 0xb, 0xfa, 0x0, 0x0, 0x8f, 0xc0,
    0xf, 0xf5, 0x0, 0x0, 0x3f, 0xf0, 0x1f, 0xff,
    0xff, 0xff, 0xff, 0xf2, 0x1f, 0xfd, 0xcc, 0xcc,
    0xcc, 0xc2, 0xf, 0xf5, 0x0, 0x0, 0x0, 0x0,
    0xb, 0xfa, 0x0, 0x0, 0x49, 0x80, 0x4, 0xff,
    0x82, 0x4, 0xef, 0x80, 0x0, 0x8f, 0xff, 0xff,
    0xfc, 0x0, 0x0, 0x4, 0xbe, 0xfc, 0x70, 0x0,

    /* U+1EBE "Ế" */
    0x0, 0x0, 0x0, 0x0, 0x6f, 0xb0, 0x0, 0x0,
    0x0, 0xc, 0xf2, 0x0, 0x0, 0x69, 0x93, 0xf9,
    0x0, 0x0, 0x4f, 0xdf, 0xa0, 0x0, 0x0, 0x1e,
    0xb0, 0x6f, 0x60, 0x0, 0x0, 0x0, 0x0, 0x0,
    0x0, 0x3f, 0xff, 0xff, 0xff, 0xff, 0x83, 0xff,
    0xff, 0xff, 0xff, 0xf8, 0x3f, 0xf4, 0x33, 0x33,
    0x33, 0x13, 0xff, 0x10, 0x0, 0x0, 0x0, 0x3f,
    0xf1, 0x0, 0x0, 0x0, 0x3, 0xff, 0x10, 0x0,
    0x0, 0x0, 0x3f, 0xf1, 0x0, 0x0, 0x0, 0x3,
    0xff, 0xff, 0xff, 0xff, 0xf4, 0x3f, 0xff, 0xff,
    0xff, 0xff, 0x43, 0xff, 0x21, 0x11, 0x11, 0x10,
    0x3f, 0xf1, 0x0, 0x0, 0x0, 0x3, 0xff, 0x10,
    0x0, 0x0, 0x0, 0x3f, 0xf1, 0x0, 0x0, 0x0,
    0x3, 0xff, 0x43, 0x33, 0x33, 0x32, 0x3f, 0xff,
    0xff, 0xff, 0xff, 0xa3, 0xff, 0xff, 0xff, 0xff,
    0xfa,

    /* U+1EBF "ế" */
    0x0, 0x0, 0x0, 0x0, 0xe, 0xf3, 0x0, 0x0,
    0x0, 0x0, 0x5f, 0xa0, 0x0, 0x0, 0x4f, 0xfa,
    0xaf, 0x20, 0x0, 0x0, 0xdf, 0xef, 0x40, 0x0,
    0x0, 0x7, 0xf5, 0x1e, 0xd0, 0x0, 0x0, 0x2,
    0x20, 0x1, 0x20, 0x0, 0x0, 0x4, 0xbe, 0xfc,
    0x60, 0x0, 0x0, 0x8f, 0xff, 0xff, 0xfa, 0x0,
    0x4, 0xff, 0x81, 0x6, 0xff, 0x50, 0xb, 0xfa,
    0x0, 0x0, 0x8f, 0xc0, 0xf, 0xf5, 0x0, 0x0,
    0x3f, 0xf0, 0x1f, 0xff, 0xff, 0xff, 0xff, 0xf2,
    0x1f, 0xfd, 0xcc, 0xcc, 0xcc, 0xc2, 0xf, 0xf5,
    0x0, 0x0, 0x0, 0x0, 0xb, 0xfa, 0x0, 0x0,
    0x49, 0x80, 0x4, 0xff, 0x82, 0x4, 0xef, 0x80,
    0x0, 0x8f, 0xff, 0xff, 0xfc, 0x0, 0x0, 0x4,
    0xbe, 0xfc, 0x70, 0x0,

    /* U+1EC0 "Ề" */
    0x0, 0x0, 0x0, 0xb, 0xf6, 0x0, 0x0, 0x0,
    0x0, 0x2f, 0xc0, 0x0, 0x0, 0x69, 0x90, 0x9f,
    0x20, 0x0, 0x4f, 0xdf, 0xa0, 0x0, 0x0, 0x1e,
    0xb0, 0x6f, 0x60, 0x0, 0x0, 0x0, 0x0, 0x0,
    0x0, 0x3f, 0xff, 0xff, 0xff, 0xff, 0x83, 0xff,
    0xff, 0xff, 0xff, 0xf8, 0x3f, 0xf4, 0x33, 0x33,
    0x33, 0x13, 0xff, 0x10, 0x0, 0x0, 0x0, 0x3f,
    0xf1, 0x0, 0x0, 0x0, 0x3, 0xff, 0x10, 0x0,
    0x0, 0x0, 0x3f, 0xf1, 0x0, 0x0, 0x0, 0x3,
    0xff, 0xff, 0xff, 0xff, 0xf4, 0x3f, 0xff, 0xff,
    0xff, 0xff, 0x43, 0xff, 0x21, 0x11, 0x11, 0x10,
    0x3f, 0xf1, 0x0, 0x0, 0x0, 0x3, 0xff, 0x10,
    0x0, 0x0, 0x0, 0x3f, 0xf1, 0x0, 0x0, 0x0,
    0x3, 0xff, 0x43, 0x33, 0x33, 0x32, 0x3f, 0xff,
    0xff, 0xff, 0xff, 0xa3, 0xff, 0xff, 0xff, 0xff,
    0xfa,

    /* U+1EC1 "ề" */
    0x0, 0x0, 0x0, 0x3, 0xfe, 0x0, 0x0, 0x0,
    0x0, 0x0, 0xaf, 0x40, 0x0, 0x0, 0x4f, 0xfa,
    0x2f, 0xa0, 0x0, 0x0, 0xdf, 0xef, 0x40, 0x0,
    0x0, 0x7, 0xf5, 0x1e, 0xd0, 0x0, 0x0, 0x2,
    0x20, 0x1, 0x20, 0x0, 0x0, 0x4, 0xbe, 0xfc,
    0x60, 0x0, 0x0, 0x8f, 0xff, 0xff, 0xfa, 0x0,
    0x4, 0xff, 0x81, 0x6, 0xff, 0x50, 0xb, 0xfa,
    0x0, 0x0, 0x8f, 0xc0, 0xf, 0xf5, 0x0, 0x0,
    0x3f, 0xf0, 0x1f, 0xff, 0xff, 0xff, 0xff, 0xf2,
    0x1f, 0xfd, 0xcc, 0xcc, 0xcc, 0xc2, 0xf, 0xf5,
    0x0, 0x0, 0x0, 0x0, 0xb, 0xfa, 0x0, 0x0,
    0x49, 0x80, 0x4, 0xff, 0x82, 0x4, 0xef, 0x80,
    0x0, 0x8f, 0xff, 0xff, 0xfc, 0x0, 0x0, 0x4,
    0xbe, 0xfc, 0x70, 0x0,

    /* U+1EC2 "Ể" */
    0x0, 0x0, 0x0, 0x0, 0x0, 0x0, 0x0, 0x0,
    0x3, 0xff, 0x70, 0x0, 0x0, 0x0, 0x14, 0xcc,
    0x0, 0x0, 0x5, 0x87, 0x1d, 0x60, 0x0, 0x4,
    0xfd, 0xfa, 0x10, 0x0, 0x1, 0xeb, 0x6, 0xf5,
    0x0, 0x0, 0x0, 0x0, 0x0, 0x0, 0x3, 0xff,
    0xff, 0xff, 0xff, 0xf8, 0x3f, 0xff, 0xff, 0xff,
    0xff, 0x83, 0xff, 0x43, 0x33, 0x33, 0x31, 0x3f,
    0xf1, 0x0, 0x0, 0x0, 0x3, 0xff, 0x10, 0x0,
    0x0, 0x0, 0x3f, 0xf1, 0x0, 0x0, 0x0, 0x3,
    0xff, 0x10, 0x0, 0x0, 0x0, 0x3f, 0xff, 0xff,
    0xff, 0xff, 0x43, 0xff, 0xff, 0xff, 0xff, 0xf4,
    0x3f, 0xf2, 0x11, 0x11, 0x11, 0x3, 0xff, 0x10,
    0x0, 0x0, 0x0, 0x3f, 0xf1, 0x0, 0x0, 0x0,
    0x3, 0xff, 0x10, 0x0, 0x0, 0x0, 0x3f, 0xf4,
    0x33, 0x33, 0x33, 0x23, 0xff, 0xff, 0xff, 0xff,
    0xfa, 0x3f, 0xff, 0xff, 0xff, 0xff, 0xa0,

    /* U+1EC3 "ể" */
    0x0, 0x0, 0x0, 0x0, 0x0, 0x0, 0x0, 0x0,
    0x0, 0xb, 0xfd, 0x0, 0x0, 0x0, 0x0, 0x3,
    0x6f, 0x40, 0x0, 0x0, 0x0, 0x0, 0x3f, 0x20,
    0x0, 0x0, 0x4f, 0xfa, 0x88, 0x0, 0x0, 0x0,
    0xde, 0xbf, 0x40, 0x0, 0x0, 0x8, 0xf3, 0xd,
    0xd0, 0x0, 0x0, 0x0, 0x0, 0x0, 0x0, 0x0,
    0x0, 0x4, 0xbe, 0xfc, 0x60, 0x0, 0x0, 0x8f,
    0xff, 0xff, 0xfa, 0x0, 0x4, 0xff, 0x81, 0x6,
    0xff, 0x50, 0xb, 0xfa, 0x0, 0x0, 0x8f, 0xc0,
    0xf, 0xf5, 0x0, 0x0, 0x3f, 0xf0, 0x1f, 0xff,
    0xff, 0xff, 0xff, 0xf2, 0x1f, 0xfd, 0xcc, 0xcc,
    0xcc, 0xc2, 0xf, 0xf5, 0x0, 0x0, 0x0, 0x0,
    0xb, 0xfa, 0x0, 0x0, 0x49, 0x80, 0x4, 0xff,
    0x82, 0x4, 0xef, 0x80, 0x0, 0x8f, 0xff, 0xff,
    0xfc, 0x0, 0x0, 0x4, 0xbe, 0xfc, 0x70, 0x0,

    /* U+1EC4 "Ễ" */
    0x0, 0x0, 0x10, 0x0, 0x10, 0x0, 0x0, 0xcf,
    0xd4, 0x8c, 0x0, 0x0, 0x5e, 0x5c, 0xff, 0x60,
    0x0, 0x2, 0x30, 0x3, 0x20, 0x0, 0x0, 0x0,
    0xbf, 0xf3, 0x0, 0x0, 0x0, 0x7f, 0x9e, 0xd0,
    0x0, 0x0, 0x1d, 0x90, 0x3d, 0x60, 0x0, 0x0,
    0x0, 0x0, 0x0, 0x0, 0x3f, 0xff, 0xff, 0xff,
    0xff, 0x83, 0xff, 0xff, 0xff, 0xff, 0xf8, 0x3f,
    0xf4, 0x33, 0x33, 0x33, 0x13, 0xff, 0x10, 0x0,
    0x0, 0x0, 0x3f, 0xf1, 0x0, 0x0, 0x0, 0x3,
    0xff, 0x10, 0x0, 0x0, 0x0, 0x3f, 0xf1, 0x0,
    0x0, 0x0, 0x3, 0xff, 0xff, 0xff, 0xff, 0xf4,
    0x3f, 0xff, 0xff, 0xff, 0xff, 0x43, 0xff, 0x21,
    0x11, 0x11, 0x10, 0x3f, 0xf1, 0x0, 0x0, 0x0,
    0x3, 0xff, 0x10, 0x0, 0x0, 0x0, 0x3f, 0xf1,
    0x0, 0x0, 0x0, 0x3, 0xff, 0x43, 0x33, 0x33,
    0x32, 0x3f, 0xff, 0xff, 0xff, 0xff, 0xa3, 0xff,
    0xff, 0xff, 0xff, 0xfa,

    /* U+1EC5 "ễ" */
    0x0, 0x0, 0x0, 0x0, 0x10, 0x0, 0x0, 0x5,
    0xff, 0x83, 0xf4, 0x0, 0x0, 0xe, 0x97, 0xff,
    0xd0, 0x0, 0x0, 0x4, 0x10, 0x13, 0x0, 0x0,
    0x0, 0x0, 0x4f, 0xfa, 0x0, 0x0, 0x0, 0x0,
    0xde, 0xbf, 0x40, 0x0, 0x0, 0x8, 0xf4, 0xd,
    0xd0, 0x0, 0x0, 0x1, 0x10, 0x0, 0x10, 0x0,
    0x0, 0x4, 0xbe, 0xfc, 0x60, 0x0, 0x0, 0x8f,
    0xff, 0xff, 0xfa, 0x0, 0x4, 0xff, 0x81, 0x6,
    0xff, 0x50, 0xb, 0xfa, 0x0, 0x0, 0x8f, 0xc0,
    0xf, 0xf5, 0x0, 0x0, 0x3f, 0xf0, 0x1f, 0xff,
    0xff, 0xff, 0xff, 0xf2, 0x1f, 0xfd, 0xcc, 0xcc,
    0xcc, 0xc2, 0xf, 0xf5, 0x0, 0x0, 0x0, 0x0,
    0xb, 0xfa, 0x0, 0x0, 0x49, 0x80, 0x4, 0xff,
    0x82, 0x4, 0xef, 0x80, 0x0, 0x8f, 0xff, 0xff,
    0xfc, 0x0, 0x0, 0x4, 0xbe, 0xfc, 0x70, 0x0,

    /* U+1EC6 "Ệ" */
    0x0, 0x0, 0x48, 0x70, 0x0, 0x0, 0x0, 0x2f,
    0xff, 0x70, 0x0, 0x0, 0xb, 0xf2, 0xbf, 0x20,
    0x0, 0x1, 0x84, 0x1, 0x74, 0x0, 0x0, 0x0,
    0x0, 0x0, 0x0, 0x3, 0xff, 0xff, 0xff, 0xff,
    0xf8, 0x3f, 0xff, 0xff, 0xff, 0xff, 0x83, 0xff,
    0x43, 0x33, 0x33, 0x31, 0x3f, 0xf1, 0x0, 0x0,
    0x0, 0x3, 0xff, 0x10, 0x0, 0x0, 0x0, 0x3f,
    0xf1, 0x0, 0x0, 0x0, 0x3, 0xff, 0x21, 0x11,
    0x11, 0x10, 0x3f, 0xff, 0xff, 0xff, 0xff, 0x43,
    0xff, 0xff, 0xff, 0xff, 0xf4, 0x3f, 0xf1, 0x0,
    0x0, 0x0, 0x3, 0xff, 0x10, 0x0, 0x0, 0x0,
    0x3f, 0xf1, 0x0, 0x0, 0x0, 0x3, 0xff, 0x10,
    0x0, 0x0, 0x0, 0x3f, 0xf4, 0x33, 0x33, 0x33,
    0x23, 0xff, 0xff, 0xff, 0xff, 0xfa, 0x3f, 0xff,
    0xff, 0xff, 0xff, 0xa0, 0x0, 0x0, 0x21, 0x0,
    0x0, 0x0, 0x0, 0x5f, 0xc0, 0x0, 0x0, 0x0,
    0x5, 0xfc, 0x0, 0x0,

    /* U+1EC7 "ệ" */
    0x0, 0x0, 0x17, 0x83, 0x0, 0x0, 0x0, 0x0,
    0x9f, 0xde, 0x0, 0x0, 0x0, 0x3, 0xf7, 0x2f,
    0x80, 0x0, 0x0, 0x7, 0xa0, 0x7, 0xa0, 0x0,
    0x0, 0x0, 0x0, 0x0, 0x0, 0x0, 0x0, 0x4,
    0xbe, 0xfc, 0x60, 0x0, 0x0, 0x8f, 0xff, 0xff,
    0xfa, 0x0, 0x4, 0xff, 0x81, 0x6, 0xff, 0x50,
    0xb, 0xfa, 0x0, 0x0, 0x8f, 0xc0, 0xf, 0xf5,
    0x0, 0x0, 0x3f, 0xf0, 0x1f, 0xff, 0xff, 0xff,
    0xff, 0xf2, 0x1f, 0xfd, 0xcc, 0xcc, 0xcc, 0xc2,
    0xf, 0xf5, 0x0, 0x0, 0x0, 0x0, 0xb, 0xfa,
    0x0, 0x0, 0x49, 0x80, 0x4, 0xff, 0x82, 0x4,
    0xef, 0x80, 0x0, 0x8f, 0xff, 0xff, 0xfc, 0x0,
    0x0, 0x4, 0xbe, 0xfc, 0x70, 0x0, 0x0, 0x0,
    0x1, 0x20, 0x0, 0x0, 0x0, 0x0, 0xe, 0xf4,
    0x0, 0x0, 0x0, 0x0, 0xe, 0xf4, 0x0, 0x0,

    /* U+1EC8 "Ỉ" */
    0x1, 0x0, 0xbf, 0xf4, 0x45, 0xfa, 0x0, 0xf8,
    0x6, 0xa0, 0x0, 0x0, 0x3f, 0xf1, 0x3f, 0xf1,
    0x3f, 0xf1, 0x3f, 0xf1, 0x3f, 0xf1, 0x3f, 0xf1,
    0x3f, 0xf1, 0x3f, 0xf1, 0x3f, 0xf1, 0x3f, 0xf1,
    0x3f, 0xf1, 0x3f, 0xf1, 0x3f, 0xf1, 0x3f, 0xf1,
    0x3f, 0xf1, 0x3f, 0xf1,

    /* U+1EC9 "ỉ" */
    0x1, 0x0, 0xff, 0xd1, 0x58, 0xf6, 0x4, 0xf3,
    0x9, 0x70, 0x0, 0x0, 0x6f, 0xc0, 0x6f, 0xc0,
    0x6f, 0xc0, 0x6f, 0xc0, 0x6f, 0xc0, 0x6f, 0xc0,
    0x6f, 0xc0, 0x6f, 0xc0, 0x6f, 0xc0, 0x6f, 0xc0,
    0x6f, 0xc0, 0x6f, 0xc0,

    /* U+1ECA "Ị" */
    0x3f, 0xf1, 0x3f, 0xf1, 0x3f, 0xf1, 0x3f, 0xf1,
    0x3f, 0xf1, 0x3f, 0xf1, 0x3f, 0xf1, 0x3f, 0xf1,
    0x3f, 0xf1, 0x3f, 0xf1, 0x3f, 0xf1, 0x3f, 0xf1,
    0x3f, 0xf1, 0x3f, 0xf1, 0x3f, 0xf1, 0x3f, 0xf1,
    0x2, 0x20, 0x1f, 0xf0, 0x1f, 0xf0,

    /* U+1ECB "ị" */
    0x7f, 0xd7, 0xfd, 0x25, 0x40, 0x0, 0x6f, 0xc6,
    0xfc, 0x6f, 0xc6, 0xfc, 0x6f, 0xc6, 0xfc, 0x6f,
    0xc6, 0xfc, 0x6f, 0xc6, 0xfc, 0x6f, 0xc6, 0xfc,
    0x2, 0x15, 0xfc, 0x5f, 0xc0,

    /* U+1ECC "Ọ" */
    0x0, 0x0, 0x29, 0xdf, 0xec, 0x81, 0x0, 0x0,
    0x0, 0x7f, 0xff, 0xff, 0xff, 0xf4, 0x0, 0x0,
    0x6f, 0xfd, 0x63, 0x47, 0xef, 0xf3, 0x0, 0x1f,
    0xfb, 0x0, 0x0, 0x1, 0xdf, 0xd0, 0x7, 0xff,
    0x10, 0x0, 0x0, 0x4, 0xff, 0x40, 0xcf, 0xa0,
    0x0, 0x0, 0x0, 0xd, 0xf8, 0xf, 0xf6, 0x0,
    0x0, 0x0, 0x0, 0xaf, 0xb0, 0xff, 0x50, 0x0,
    0x0, 0x0, 0x8, 0xfc, 0xf, 0xf5, 0x0, 0x0,
    0x0, 0x0, 0x8f, 0xc0, 0xff, 0x60, 0x0, 0x0,
    0x0, 0xa, 0xfb, 0xc, 0xfa, 0x0, 0x0, 0x0,
    0x0, 0xdf, 0x90, 0x7f, 0xf1, 0x0, 0x0, 0x0,
    0x4f, 0xf4, 0x2, 0xff, 0xb0, 0x0, 0x0, 0x1d,
    0xfd, 0x0, 0x7, 0xff, 0xd6, 0x34, 0x7e, 0xff,
    0x30, 0x0, 0x7, 0xff, 0xff, 0xff, 0xff, 0x40,
    0x0, 0x0, 0x3, 0x9d, 0xfe, 0xc8, 0x10, 0x0,
    0x0, 0x0, 0x0, 0x2, 0x10, 0x0, 0x0, 0x0,
    0x0, 0x0, 0x2, 0xff, 0x0, 0x0, 0x0, 0x0,
    0x0, 0x0, 0x2f, 0xf0, 0x0, 0x0, 0x0,

    /* U+1ECD "ọ" */
    0x0, 0x4, 0xbe, 0xfd, 0x70, 0x0, 0x0, 0x7f,
    0xff, 0xff, 0xfc, 0x0, 0x4, 0xff, 0x92, 0x15,
    0xff, 0x90, 0xb, 0xfc, 0x0, 0x0, 0x7f, 0xf1,
    0xf, 0xf6, 0x0, 0x0, 0xf, 0xf5, 0x1f, 0xf3,
    0x0, 0x0, 0xe, 0xf6, 0x1f, 0xf3, 0x0, 0x0,
    0xe, 0xf6, 0xf, 0xf6, 0x0, 0x0, 0xf, 0xf5,
    0xb, 0xfc, 0x0, 0x0, 0x6f, 0xf0, 0x4, 0xff,
    0x91, 0x15, 0xff, 0x90, 0x0, 0x7f, 0xff, 0xff,
    0xfc, 0x0, 0x0, 0x4, 0xbe, 0xfd, 0x70, 0x0,
    0x0, 0x0, 0x1, 0x20, 0x0, 0x0, 0x0, 0x0,
    0xe, 0xf4, 0x0, 0x0, 0x0, 0x0, 0xe, 0xf4,
    0x0, 0x0,

    /* U+1ECE "Ỏ" */
    0x0, 0x0, 0x0, 0x1, 0x0, 0x0, 0x0, 0x0,
    0x0, 0x0, 0xc, 0xfe, 0x30, 0x0, 0x0, 0x0,
    0x0, 0x0, 0x46, 0xf9, 0x0, 0x0, 0x0, 0x0,
    0x0, 0x0, 0xf, 0x70, 0x0, 0x0, 0x0, 0x0,
    0x0, 0x8, 0xd1, 0x0, 0x0, 0x0, 0x0, 0x0,
    0x0, 0x0, 0x0, 0x0, 0x0, 0x0, 0x0, 0x29,
    0xdf, 0xec, 0x81, 0x0, 0x0, 0x0, 0x7f, 0xff,
    0xff, 0xff, 0xf4, 0x0, 0x0, 0x6f, 0xfd, 0x63,
    0x47, 0xef, 0xf3, 0x0, 0x1f, 0xfb, 0x0, 0x0,
    0x1, 0xdf, 0xd0, 0x7, 0xff, 0x10, 0x0, 0x0,
    0x4, 0xff, 0x40, 0xcf, 0xa0, 0x0, 0x0, 0x0,
    0xd, 0xf8, 0xf, 0xf6, 0x0, 0x0, 0x0, 0x0,
    0xaf, 0xb0, 0xff, 0x50, 0x0, 0x0, 0x0, 0x8,
    0xfc, 0xf, 0xf5, 0x0, 0x0, 0x0, 0x0, 0x8f,
    0xc0, 0xff, 0x60, 0x0, 0x0, 0x0, 0xa, 0xfb,
    0xc, 0xfa, 0x0, 0x0, 0x0, 0x0, 0xdf, 0x90,
    0x7f, 0xf1, 0x0, 0x0, 0x0, 0x4f, 0xf4, 0x2,
    0xff, 0xb0, 0x0, 0x0, 0x1d, 0xfd, 0x0, 0x7,
    0xff, 0xd6, 0x34, 0x7e, 0xff, 0x30, 0x0, 0x7,
    0xff, 0xff, 0xff, 0xff, 0x40, 0x0, 0x0, 0x3,
    0x9d, 0xfe, 0xc8, 0x10, 0x0,

    /* U+1ECF "ỏ" */
    0x0, 0x0, 0x1, 0x0, 0x0, 0x0, 0x0, 0x0,
    0x7f, 0xf7, 0x0, 0x0, 0x0, 0x0, 0x35, 0xde,
    0x0, 0x0, 0x0, 0x0, 0x0, 0xbc, 0x0, 0x0,
    0x0, 0x0, 0x4, 0xe3, 0x0, 0x0, 0x0, 0x0,
    0x0, 0x0, 0x0, 0x0, 0x0, 0x4, 0xbe, 0xfd,
    0x70, 0x0, 0x0, 0x7f, 0xff, 0xff, 0xfc, 0x0,
    0x4, 0xff, 0x92, 0x15, 0xff, 0x90, 0xb, 0xfc,
    0x0, 0x0, 0x7f, 0xf1, 0xf, 0xf6, 0x0, 0x0,
    0xf, 0xf5, 0x1f, 0xf3, 0x0, 0x0, 0xe, 0xf6,
    0x1f, 0xf3, 0x0, 0x0, 0xe, 0xf6, 0xf, 0xf6,
    0x0, 0x0, 0xf, 0xf5, 0xb, 0xfc, 0x0, 0x0,
    0x6f, 0xf0, 0x4, 0xff, 0x91, 0x15, 0xff, 0x90,
    0x0, 0x7f, 0xff, 0xff, 0xfc, 0x0, 0x0, 0x4,
    0xbe, 0xfd, 0x70, 0x0,

    /* U+1ED0 "Ố" */
    0x0, 0x0, 0x0, 0x0, 0x0, 0x3f, 0xd0, 0x0,
    0x0, 0x0, 0x0, 0x0, 0x9, 0xf5, 0x0, 0x0,
    0x0, 0x0, 0x49, 0x92, 0xec, 0x0, 0x0, 0x0,
    0x0, 0x1e, 0xff, 0xc0, 0x0, 0x0, 0x0, 0x0,
    0xb, 0xe2, 0x5f, 0x70, 0x0, 0x0, 0x0, 0x0,
    0x31, 0x0, 0x22, 0x0, 0x0, 0x0, 0x0, 0x29,
    0xdf, 0xec, 0x81, 0x0, 0x0, 0x0, 0x7f, 0xff,
    0xff, 0xff, 0xf4, 0x0, 0x0, 0x6f, 0xfd, 0x63,
    0x47, 0xef, 0xf3, 0x0, 0x1f, 0xfb, 0x0, 0x0,
    0x1, 0xdf, 0xd0, 0x7, 0xff, 0x10, 0x0, 0x0,
    0x4, 0xff, 0x40, 0xcf, 0xa0, 0x0, 0x0, 0x0,
    0xd, 0xf8, 0xf, 0xf6, 0x0, 0x0, 0x0, 0x0,
    0xaf, 0xb0, 0xff, 0x50, 0x0, 0x0, 0x0, 0x8,
    0xfc, 0xf, 0xf5, 0x0, 0x0, 0x0, 0x0, 0x8f,
    0xc0, 0xff, 0x60, 0x0, 0x0, 0x0, 0xa, 0xfb,
    0xc, 0xfa, 0x0, 0x0, 0x0, 0x0, 0xdf, 0x90,
    0x7f, 0xf1, 0x0, 0x0, 0x0, 0x4f, 0xf4, 0x2,
    0xff, 0xb0, 0x0, 0x0, 0x1d, 0xfd, 0x0, 0x7,
    0xff, 0xd6, 0x34, 0x7e, 0xff, 0x30, 0x0, 0x7,
    0xff, 0xff, 0xff, 0xff, 0x40, 0x0, 0x0, 0x3,
    0x9d, 0xfe, 0xc8, 0x10, 0x0,

    /* U+1ED1 "ố" */
    0x0, 0x0, 0x0, 0x0, 0xe, 0xf3, 0x0, 0x0,
    0x0, 0x0, 0x5f, 0xa0, 0x0, 0x0, 0x4f, 0xfa,
    0xaf, 0x20, 0x0, 0x0, 0xdf, 0xef, 0x40, 0x0,
    0x0, 0x8, 0xf5, 0x1e, 0xd0, 0x0, 0x0, 0x1,
    0x10, 0x1, 0x20, 0x0, 0x0, 0x4, 0xbe, 0xfd,
    0x70, 0x0, 0x0, 0x7f, 0xff, 0xff, 0xfc, 0x0,
    0x4, 0xff, 0x92, 0x15, 0xff, 0x90, 0xb, 0xfc,
    0x0, 0x0, 0x7f, 0xf1, 0xf, 0xf6, 0x0, 0x0,
    0xf, 0xf5, 0x1f, 0xf3, 0x0, 0x0, 0xe, 0xf6,
    0x1f, 0xf3, 0x0, 0x0, 0xe, 0xf6, 0xf, 0xf6,
    0x0, 0x0, 0xf, 0xf5, 0xb, 0xfc, 0x0, 0x0,
    0x6f, 0xf0, 0x4, 0xff, 0x91, 0x15, 0xff, 0x90,
    0x0, 0x7f, 0xff, 0xff, 0xfc, 0x0, 0x0, 0x4,
    0xbe, 0xfd, 0x70, 0x0,

    /* U+1ED2 "Ồ" */
    0x0, 0x0, 0x0, 0x0, 0x8, 0xf9, 0x0, 0x0,
    0x0, 0x0, 0x0, 0x0, 0xe, 0xf0, 0x0, 0x0,
    0x0, 0x0, 0x49, 0x92, 0x6f, 0x50, 0x0, 0x0,
    0x0, 0x1e, 0xff, 0xc0, 0x0, 0x0, 0x0, 0x0,
    0xb, 0xe2, 0x5f, 0x70, 0x0, 0x0, 0x0, 0x0,
    0x31, 0x0, 0x22, 0x0, 0x0, 0x0, 0x0, 0x29,
    0xdf, 0xec, 0x81, 0x0, 0x0, 0x0, 0x7f, 0xff,
    0xff, 0xff, 0xf4, 0x0, 0x0, 0x6f, 0xfd, 0x63,
    0x47, 0xef, 0xf3, 0x0, 0x1f, 0xfb, 0x0, 0x0,
    0x1, 0xdf, 0xd0, 0x7, 0xff, 0x10, 0x0, 0x0,
    0x4, 0xff, 0x40, 0xcf, 0xa0, 0x0, 0x0, 0x0,
    0xd, 0xf8, 0xf, 0xf6, 0x0, 0x0, 0x0, 0x0,
    0xaf, 0xb0, 0xff, 0x50, 0x0, 0x0, 0x0, 0x8,
    0xfc, 0xf, 0xf5, 0x0, 0x0, 0x0, 0x0, 0x8f,
    0xc0, 0xff, 0x60, 0x0, 0x0, 0x0, 0xa, 0xfb,
    0xc, 0xfa, 0x0, 0x0, 0x0, 0x0, 0xdf, 0x90,
    0x7f, 0xf1, 0x0, 0x0, 0x0, 0x4f, 0xf4, 0x2,
    0xff, 0xb0, 0x0, 0x0, 0x1d, 0xfd, 0x0, 0x7,
    0xff, 0xd6, 0x34, 0x7e, 0xff, 0x30, 0x0, 0x7,
    0xff, 0xff, 0xff, 0xff, 0x40, 0x0, 0x0, 0x3,
    0x9d, 0xfe, 0xc8, 0x10, 0x0,

    /* U+1ED3 "ồ" */
    0x0, 0x0, 0x0, 0x3, 0xfe, 0x0, 0x0, 0x0,
    0x0, 0x0, 0xaf, 0x40, 0x0, 0x0, 0x4f, 0xfa,
    0x2f, 0xa0, 0x0, 0x0, 0xdf, 0xef, 0x40, 0x0,
    0x0, 0x8, 0xf5, 0x1e, 0xd0, 0x0, 0x0, 0x1,
    0x10, 0x1, 0x20, 0x0, 0x0, 0x4, 0xbe, 0xfd,
    0x70, 0x0, 0x0, 0x7f, 0xff, 0xff, 0xfc, 0x0,
    0x4, 0xff, 0x92, 0x15, 0xff, 0x90, 0xb, 0xfc,
    0x0, 0x0, 0x7f, 0xf1, 0xf, 0xf6, 0x0, 0x0,
    0xf, 0xf5, 0x1f, 0xf3, 0x0, 0x0, 0xe, 0xf6,
    0x1f, 0xf3, 0x0, 0x0, 0xe, 0xf6, 0xf, 0xf6,
    0x0, 0x0, 0xf, 0xf5, 0xb, 0xfc, 0x0, 0x0,
    0x6f, 0xf0, 0x4, 0xff, 0x91, 0x15, 0xff, 0x90,
    0x0, 0x7f, 0xff, 0xff, 0xfc, 0x0, 0x0, 0x4,
    0xbe, 0xfd, 0x70, 0x0,

    /* U+1ED4 "Ổ" */
    0x0, 0x0, 0x0, 0x0, 0x0, 0x0, 0x0, 0x0,
    0x0, 0x0, 0x0, 0x0, 0xff, 0x90, 0x0, 0x0,
    0x0, 0x0, 0x0, 0x4, 0xaf, 0x0, 0x0, 0x0,
    0x0, 0x0, 0x22, 0x9, 0xd0, 0x0, 0x0, 0x0,
    0x0, 0xaf, 0xf7, 0x93, 0x0, 0x0, 0x0, 0x0,
    0x4f, 0xad, 0xe1, 0x0, 0x0, 0x0, 0x0, 0xd,
    0xd0, 0x2f, 0xa0, 0x0, 0x0, 0x0, 0x0, 0x0,
    0x0, 0x0, 0x0, 0x0, 0x0, 0x0, 0x29, 0xdf,
    0xec, 0x81, 0x0, 0x0, 0x0, 0x7f, 0xff, 0xff,
    0xff, 0xf4, 0x0, 0x0, 0x6f, 0xfd, 0x63, 0x47,
    0xef, 0xf3, 0x0, 0x1f, 0xfb, 0x0, 0x0, 0x1,
    0xdf, 0xd0, 0x7, 0xff, 0x10, 0x0, 0x0, 0x4,
    0xff, 0x40, 0xcf, 0xa0, 0x0, 0x0, 0x0, 0xd,
    0xf8, 0xf, 0xf6, 0x0, 0x0, 0x0, 0x0, 0xaf,
    0xb0, 0xff, 0x50, 0x0, 0x0, 0x0, 0x8, 0xfc,
    0xf, 0xf5, 0x0, 0x0, 0x0, 0x0, 0x8f, 0xc0,
    0xff, 0x60, 0x0, 0x0, 0x0, 0xa, 0xfb, 0xc,
    0xfa, 0x0, 0x0, 0x0, 0x0, 0xdf, 0x90, 0x7f,
    0xf1, 0x0, 0x0, 0x0, 0x4f, 0xf4, 0x2, 0xff,
    0xb0, 0x0, 0x0, 0x1d, 0xfd, 0x0, 0x7, 0xff,
    0xd6, 0x34, 0x7e, 0xff, 0x30, 0x0, 0x7, 0xff,
    0xff, 0xff, 0xff, 0x40, 0x0, 0x0, 0x3, 0x9d,
    0xfe, 0xc8, 0x10, 0x0,

    /* U+1ED5 "ổ" */
    0x0, 0x0, 0x0, 0x0, 0x0, 0x0, 0x0, 0x0,
    0x0, 0xb, 0xfd, 0x0, 0x0, 0x0, 0x0, 0x3,
    0x6f, 0x40, 0x0, 0x0, 0x0, 0x0, 0x3f, 0x20,
    0x0, 0x0, 0x4f, 0xfa, 0x87, 0x0, 0x0, 0x0,
    0xde, 0xbf, 0x40, 0x0, 0x0, 0x8, 0xf3, 0xd,
    0xe0, 0x0, 0x0, 0x0, 0x0, 0x0, 0x0, 0x0,
    0x0, 0x4, 0xbe, 0xfd, 0x70, 0x0, 0x0, 0x7f,
    0xff, 0xff, 0xfc, 0x0, 0x4, 0xff, 0x92, 0x15,
    0xff, 0x90, 0xb, 0xfc, 0x0, 0x0, 0x7f, 0xf1,
    0xf, 0xf6, 0x0, 0x0, 0xf, 0xf5, 0x1f, 0xf3,
    0x0, 0x0, 0xe, 0xf6, 0x1f, 0xf3, 0x0, 0x0,
    0xe, 0xf6, 0xf, 0xf6, 0x0, 0x0, 0xf, 0xf5,
    0xb, 0xfc, 0x0, 0x0, 0x6f, 0xf0, 0x4, 0xff,
    0x91, 0x15, 0xff, 0x90, 0x0, 0x7f, 0xff, 0xff,
    0xfc, 0x0, 0x0, 0x4, 0xbe, 0xfd, 0x70, 0x0,

    /* U+1ED6 "Ỗ" */
    0x0, 0x0, 0x0, 0x0, 0x0, 0x10, 0x0, 0x0,
    0x0, 0x0, 0xaf, 0xe6, 0x6f, 0x0, 0x0, 0x0,
    0x0, 0x2f, 0x6a, 0xff, 0x90, 0x0, 0x0, 0x0,
    0x1, 0x40, 0x2, 0x30, 0x0, 0x0, 0x0, 0x0,
    0x0, 0x7e, 0xe4, 0x0, 0x0, 0x0, 0x0, 0x0,
    0x2f, 0xde, 0xe0, 0x0, 0x0, 0x0, 0x0, 0xc,
    0xe1, 0x3f, 0x90, 0x0, 0x0, 0x0, 0x0, 0x21,
    0x0, 0x12, 0x0, 0x0, 0x0, 0x0, 0x29, 0xdf,
    0xec, 0x81, 0x0, 0x0, 0x0, 0x7f, 0xff, 0xff,
    0xff, 0xf4, 0x0, 0x0, 0x6f, 0xfd, 0x63, 0x47,
    0xef, 0xf3, 0x0, 0x1f, 0xfb, 0x0, 0x0, 0x1,
    0xdf, 0xd0, 0x7, 0xff, 0x10, 0x0, 0x0, 0x4,
    0xff, 0x40, 0xcf, 0xa0, 0x0, 0x0, 0x0, 0xd,
    0xf8, 0xf, 0xf6, 0x0, 0x0, 0x0, 0x0, 0xaf,
    0xb0, 0xff, 0x50, 0x0, 0x0, 0x0, 0x8, 0xfc,
    0xf, 0xf5, 0x0, 0x0, 0x0, 0x0, 0x8f, 0xc0,
    0xff, 0x60, 0x0, 0x0, 0x0, 0xa, 0xfb, 0xc,
    0xfa, 0x0, 0x0, 0x0, 0x0, 0xdf, 0x90, 0x7f,
    0xf1, 0x0, 0x0, 0x0, 0x4f, 0xf4, 0x2, 0xff,
    0xb0, 0x0, 0x0, 0x1d, 0xfd, 0x0, 0x7, 0xff,
    0xd6, 0x34, 0x7e, 0xff, 0x30, 0x0, 0x7, 0xff,
    0xff, 0xff, 0xff, 0x40, 0x0, 0x0, 0x3, 0x9d,
    0xfe, 0xc8, 0x10, 0x0,

    /* U+1ED7 "ỗ" */
    0x0, 0x0, 0x0, 0x0, 0x10, 0x0, 0x0, 0x5,
    0xff, 0x93, 0xf4, 0x0, 0x0, 0xe, 0x97, 0xff,
    0xd0, 0x0, 0x0, 0x4, 0x10, 0x13, 0x0, 0x0,
    0x0, 0x0, 0x4f, 0xfa, 0x0, 0x0, 0x0, 0x0,
    0xde, 0xaf, 0x40, 0x0, 0x0, 0x8, 0xf3, 0xc,
    0xe0, 0x0, 0x0, 0x0, 0x0, 0x0, 0x0, 0x0,
    0x0, 0x4, 0xbe, 0xfd, 0x70, 0x0, 0x0, 0x7f,
    0xff, 0xff, 0xfc, 0x0, 0x4, 0xff, 0x92, 0x15,
    0xff, 0x90, 0xb, 0xfc, 0x0, 0x0, 0x7f, 0xf1,
    0xf, 0xf6, 0x0, 0x0, 0xf, 0xf5, 0x1f, 0xf3,
    0x0, 0x0, 0xe, 0xf6, 0x1f, 0xf3, 0x0, 0x0,
    0xe, 0xf6, 0xf, 0xf6, 0x0, 0x0, 0xf, 0xf5,
    0xb, 0xfc, 0x0, 0x0, 0x6f, 0xf0, 0x4, 0xff,
    0x91, 0x15, 0xff, 0x90, 0x0, 0x7f, 0xff, 0xff,
    0xfc, 0x0, 0x0, 0x4, 0xbe, 0xfd, 0x70, 0x0,

    /* U+1ED8 "Ộ" */
    0x0, 0x0, 0x0, 0x38, 0x81, 0x0, 0x0, 0x0,
    0x0, 0x0, 0xe, 0xff, 0xa0, 0x0, 0x0, 0x0,
    0x0, 0x9, 0xf4, 0x8f, 0x50, 0x0, 0x0, 0x0,
    0x0, 0x75, 0x0, 0x76, 0x0, 0x0, 0x0, 0x0,
    0x0, 0x0, 0x0, 0x0, 0x0, 0x0, 0x0, 0x2,
    0x9d, 0xfe, 0xc8, 0x10, 0x0, 0x0, 0x7, 0xff,
    0xff, 0xff, 0xff, 0x40, 0x0, 0x6, 0xff, 0xd6,
    0x34, 0x7e, 0xff, 0x30, 0x1, 0xff, 0xb0, 0x0,
    0x0, 0x1d, 0xfd, 0x0, 0x7f, 0xf1, 0x0, 0x0,
    0x0, 0x4f, 0xf4, 0xc, 0xfa, 0x0, 0x0, 0x0,
    0x0, 0xdf, 0x80, 0xff, 0x60, 0x0, 0x0, 0x0,
    0xa, 0xfb, 0xf, 0xf5, 0x0, 0x0, 0x0, 0x0,
    0x8f, 0xc0, 0xff, 0x50, 0x0, 0x0, 0x0, 0x8,
    0xfc, 0xf, 0xf6, 0x0, 0x0, 0x0, 0x0, 0xaf,
    0xb0, 0xcf, 0xa0, 0x0, 0x0, 0x0, 0xd, 0xf9,
    0x7, 0xff, 0x10, 0x0, 0x0, 0x4, 0xff, 0x40,
    0x2f, 0xfb, 0x0, 0x0, 0x1, 0xdf, 0xd0, 0x0,
    0x7f, 0xfd, 0x63, 0x47, 0xef, 0xf3, 0x0, 0x0,
    0x7f, 0xff, 0xff, 0xff, 0xf4, 0x0, 0x0, 0x0,
    0x39, 0xdf, 0xec, 0x81, 0x0, 0x0, 0x0, 0x0,
    0x0, 0x21, 0x0, 0x0, 0x0, 0x0, 0x0, 0x0,
    0x2f, 0xf0, 0x0, 0x0, 0x0, 0x0, 0x0, 0x2,
    0xff, 0x0, 0x0, 0x0,

    /* U+1ED9 "ộ" */
    0x0, 0x0, 0x17, 0x83, 0x0, 0x0, 0x0, 0x0,
    0x9f, 0xde, 0x0, 0x0, 0x0, 0x3, 0xf7, 0x2f,
    0x80, 0x0, 0x0, 0x7, 0x90, 0x6, 0xa0, 0x0,
    0x0, 0x0, 0x0, 0x0, 0x0, 0x0, 0x0, 0x4,
    0xbe, 0xfd, 0x70, 0x0, 0x0, 0x7f, 0xff, 0xff,
    0xfc, 0x0, 0x4, 0xff, 0x92, 0x15, 0xff, 0x90,
    0xb, 0xfc, 0x0, 0x0, 0x7f, 0xf1, 0xf, 0xf6,
    0x0, 0x0, 0xf, 0xf5, 0x1f, 0xf3, 0x0, 0x0,
    0xe, 0xf6, 0x1f, 0xf3, 0x0, 0x0, 0xe, 0xf6,
    0xf, 0xf6, 0x0, 0x0, 0xf, 0xf5, 0xb, 0xfc,
    0x0, 0x0, 0x6f, 0xf0, 0x4, 0xff, 0x91, 0x15,
    0xff, 0x90, 0x0, 0x7f, 0xff, 0xff, 0xfc, 0x0,
    0x0, 0x4, 0xbe, 0xfd, 0x70, 0x0, 0x0, 0x0,
    0x1, 0x20, 0x0, 0x0, 0x0, 0x0, 0xe, 0xf4,
    0x0, 0x0, 0x0, 0x0, 0xe, 0xf4, 0x0, 0x0,

    /* U+1EDA "Ớ" */
    0x0, 0x0, 0x0, 0x0, 0xff, 0x30, 0x0, 0x0,
    0x0, 0x0, 0x0, 0x7f, 0x90, 0xc, 0xa0, 0x0,
    0x0, 0x0, 0xd, 0xd0, 0x0, 0xef, 0x0, 0x0,
    0x0, 0x0, 0x0, 0x0, 0x1e, 0xe0, 0x0, 0x0,
    0x29, 0xdf, 0xed, 0xff, 0xf6, 0x0, 0x0, 0x7f,
    0xff, 0xff, 0xff, 0xf5, 0x0, 0x0, 0x6f, 0xfd,
    0x63, 0x47, 0xef, 0xf3, 0x0, 0x1f, 0xfb, 0x0,
    0x0, 0x1, 0xdf, 0xd0, 0x7, 0xff, 0x10, 0x0,
    0x0, 0x4, 0xff, 0x40, 0xcf, 0xa0, 0x0, 0x0,
    0x0, 0xd, 0xf8, 0xf, 0xf6, 0x0, 0x0, 0x0,
    0x0, 0xaf, 0xb0, 0xff, 0x50, 0x0, 0x0, 0x0,
    0x8, 0xfc, 0xf, 0xf5, 0x0, 0x0, 0x0, 0x0,
    0x8f, 0xc0, 0xff, 0x60, 0x0, 0x0, 0x0, 0xa,
    0xfb, 0xc, 0xfa, 0x0, 0x0, 0x0, 0x0, 0xdf,
    0x90, 0x7f, 0xf1, 0x0, 0x0, 0x0, 0x4f, 0xf4,
    0x2, 0xff, 0xb0, 0x0, 0x0, 0x1d, 0xfd, 0x0,
    0x7, 0xff, 0xd6, 0x34, 0x7e, 0xff, 0x30, 0x0,
    0x7, 0xff, 0xff, 0xff, 0xff, 0x40, 0x0, 0x0,
    0x3, 0x9d, 0xfe, 0xc8, 0x10, 0x0,

    /* U+1EDB "ớ" */
    0x0, 0x0, 0x0, 0xef, 0x40, 0x0, 0x0, 0x0,
    0x6, 0xfa, 0x6, 0xd4, 0x0, 0x0, 0xc, 0xe1,
    0x5, 0xf8, 0x0, 0x0, 0x0, 0x0, 0x7, 0xf7,
    0x0, 0x4, 0xbe, 0xff, 0xff, 0xd1, 0x0, 0x7f,
    0xff, 0xff, 0xfe, 0x0, 0x4, 0xff, 0x92, 0x15,
    0xff, 0x90, 0xb, 0xfc, 0x0, 0x0, 0x7f, 0xf1,
    0xf, 0xf6, 0x0, 0x0, 0xf, 0xf5, 0x1f, 0xf3,
    0x0, 0x0, 0xe, 0xf6, 0x1f, 0xf3, 0x0, 0x0,
    0xe, 0xf6, 0xf, 0xf6, 0x0, 0x0, 0xf, 0xf5,
    0xb, 0xfc, 0x0, 0x0, 0x6f, 0xf0, 0x4, 0xff,
    0x91, 0x15, 0xff, 0x90, 0x0, 0x7f, 0xff, 0xff,
    0xfc, 0x0, 0x0, 0x4, 0xbe, 0xfd, 0x70, 0x0,

    /* U+1EDC "Ờ" */
    0x0, 0x0, 0x7, 0xfc, 0x0, 0x0, 0x0, 0x0,
    0x0, 0x0, 0xc, 0xf3, 0x0, 0xc, 0xa0, 0x0,
    0x0, 0x0, 0x2f, 0xa0, 0x0, 0xef, 0x0, 0x0,
    0x0, 0x0, 0x0, 0x0, 0x1e, 0xe0, 0x0, 0x0,
    0x29, 0xdf, 0xed, 0xff, 0xf6, 0x0, 0x0, 0x7f,
    0xff, 0xff, 0xff, 0xf5, 0x0, 0x0, 0x6f, 0xfd,
    0x63, 0x47, 0xef, 0xf3, 0x0, 0x1f, 0xfb, 0x0,
    0x0, 0x1, 0xdf, 0xd0, 0x7, 0xff, 0x10, 0x0,
    0x0, 0x4, 0xff, 0x40, 0xcf, 0xa0, 0x0, 0x0,
    0x0, 0xd, 0xf8, 0xf, 0xf6, 0x0, 0x0, 0x0,
    0x0, 0xaf, 0xb0, 0xff, 0x50, 0x0, 0x0, 0x0,
    0x8, 0xfc, 0xf, 0xf5, 0x0, 0x0, 0x0, 0x0,
    0x8f, 0xc0, 0xff, 0x60, 0x0, 0x0, 0x0, 0xa,
    0xfb, 0xc, 0xfa, 0x0, 0x0, 0x0, 0x0, 0xdf,
    0x90, 0x7f, 0xf1, 0x0, 0x0, 0x0, 0x4f, 0xf4,
    0x2, 0xff, 0xb0, 0x0, 0x0, 0x1d, 0xfd, 0x0,
    0x7, 0xff, 0xd6, 0x34, 0x7e, 0xff, 0x30, 0x0,
    0x7, 0xff, 0xff, 0xff, 0xff, 0x40, 0x0, 0x0,
    0x3, 0x9d, 0xfe, 0xc8, 0x10, 0x0,

    /* U+1EDD "ờ" */
    0x0, 0x6, 0xfd, 0x0, 0x0, 0x0, 0x0, 0x0,
    0xcf, 0x40, 0x6, 0xd4, 0x0, 0x0, 0x2e, 0xb0,
    0x5, 0xf8, 0x0, 0x0, 0x0, 0x0, 0x7, 0xf7,
    0x0, 0x4, 0xbe, 0xff, 0xff, 0xd1, 0x0, 0x7f,
    0xff, 0xff, 0xfe, 0x0, 0x4, 0xff, 0x92, 0x15,
    0xff, 0x90, 0xb, 0xfc, 0x0, 0x0, 0x7f, 0xf1,
    0xf, 0xf6, 0x0, 0x0, 0xf, 0xf5, 0x1f, 0xf3,
    0x0, 0x0, 0xe, 0xf6, 0x1f, 0xf3, 0x0, 0x0,
    0xe, 0xf6, 0xf, 0xf6, 0x0, 0x0, 0xf, 0xf5,
    0xb, 0xfc, 0x0, 0x0, 0x6f, 0xf0, 0x4, 0xff,
    0x91, 0x15, 0xff, 0x90, 0x0, 0x7f, 0xff, 0xff,
    0xfc, 0x0, 0x0, 0x4, 0xbe, 0xfd, 0x70, 0x0,

    /* U+1EDE "Ở" */
    0x0, 0x0, 0x0, 0x1, 0x0, 0x0, 0x0, 0x0,
    0x0, 0x0, 0xc, 0xfe, 0x30, 0x0, 0x0, 0x0,
    0x0, 0x0, 0x46, 0xf9, 0x0, 0x32, 0x0, 0x0,
    0x0, 0x0, 0xf, 0x70, 0xf, 0xd0, 0x0, 0x0,
    0x0, 0x8, 0xd1, 0x0, 0xef, 0x0, 0x0, 0x0,
    0x0, 0x0, 0x0, 0x2f, 0xe0, 0x0, 0x0, 0x29,
    0xdf, 0xed, 0xff, 0xf5, 0x0, 0x0, 0x7f, 0xff,
    0xff, 0xff, 0xf5, 0x0, 0x0, 0x6f, 0xfd, 0x63,
    0x47, 0xef, 0xf3, 0x0, 0x1f, 0xfb, 0x0, 0x0,
    0x1, 0xdf, 0xd0, 0x7, 0xff, 0x10, 0x0, 0x0,
    0x4, 0xff, 0x40, 0xcf, 0xa0, 0x0, 0x0, 0x0,
    0xd, 0xf8, 0xf, 0xf6, 0x0, 0x0, 0x0, 0x0,
    0xaf, 0xb0, 0xff, 0x50, 0x0, 0x0, 0x0, 0x8,
    0xfc, 0xf, 0xf5, 0x0, 0x0, 0x0, 0x0, 0x8f,
    0xc0, 0xff, 0x60, 0x0, 0x0, 0x0, 0xa, 0xfb,
    0xc, 0xfa, 0x0, 0x0, 0x0, 0x0, 0xdf, 0x90,
    0x7f, 0xf1, 0x0, 0x0, 0x0, 0x4f, 0xf4, 0x2,
    0xff, 0xb0, 0x0, 0x0, 0x1d, 0xfd, 0x0, 0x7,
    0xff, 0xd6, 0x34, 0x7e, 0xff, 0x30, 0x0, 0x7,
    0xff, 0xff, 0xff, 0xff, 0x40, 0x0, 0x0, 0x3,
    0x9d, 0xfe, 0xc8, 0x10, 0x0,

    /* U+1EDF "ở" */
    0x0, 0x0, 0x1, 0x0, 0x0, 0x0, 0x0, 0x0,
    0xbf, 0xf4, 0x0, 0x0, 0x0, 0x0, 0x45, 0xfa,
    0x2, 0x31, 0x0, 0x0, 0x0, 0xf8, 0x6, 0xf6,
    0x0, 0x0, 0x7, 0xc1, 0x5, 0xf8, 0x0, 0x0,
    0x0, 0x0, 0x8, 0xf7, 0x0, 0x4, 0xbe, 0xff,
    0xff, 0xc1, 0x0, 0x7f, 0xff, 0xff, 0xfe, 0x0,
    0x4, 0xff, 0x92, 0x15, 0xff, 0x90, 0xb, 0xfc,
    0x0, 0x0, 0x7f, 0xf1, 0xf, 0xf6, 0x0, 0x0,
    0xf, 0xf5, 0x1f, 0xf3, 0x0, 0x0, 0xe, 0xf6,
    0x1f, 0xf3, 0x0, 0x0, 0xe, 0xf6, 0xf, 0xf6,
    0x0, 0x0, 0xf, 0xf5, 0xb, 0xfc, 0x0, 0x0,
    0x6f, 0xf0, 0x4, 0xff, 0x91, 0x15, 0xff, 0x90,
    0x0, 0x7f, 0xff, 0xff, 0xfc, 0x0, 0x0, 0x4,
    0xbe, 0xfd, 0x70, 0x0,

    /* U+1EE0 "Ỡ" */
    0x0, 0x0, 0x0, 0x10, 0x0, 0x20, 0x0, 0x0,
    0x0, 0x0, 0xcf, 0xe4, 0x3f, 0x20, 0x0, 0x0,
    0x0, 0x5f, 0x6c, 0xff, 0xc0, 0xfd, 0x0, 0x0,
    0x4, 0x60, 0x6, 0x71, 0xe, 0xf0, 0x0, 0x0,
    0x0, 0x0, 0x0, 0x2, 0xfe, 0x0, 0x0, 0x2,
    0x9d, 0xfe, 0xdf, 0xff, 0x60, 0x0, 0x7, 0xff,
    0xff, 0xff, 0xff, 0x50, 0x0, 0x6, 0xff, 0xd6,
    0x34, 0x7e, 0xff, 0x30, 0x1, 0xff, 0xb0, 0x0,
    0x0, 0x1d, 0xfd, 0x0, 0x7f, 0xf1, 0x0, 0x0,
    0x0, 0x4f, 0xf4, 0xc, 0xfa, 0x0, 0x0, 0x0,
    0x0, 0xdf, 0x80, 0xff, 0x60, 0x0, 0x0, 0x0,
    0xa, 0xfb, 0xf, 0xf5, 0x0, 0x0, 0x0, 0x0,
    0x8f, 0xc0, 0xff, 0x50, 0x0, 0x0, 0x0, 0x8,
    0xfc, 0xf, 0xf6, 0x0, 0x0, 0x0, 0x0, 0xaf,
    0xb0, 0xcf, 0xa0, 0x0, 0x0, 0x0, 0xd, 0xf9,
    0x7, 0xff, 0x10, 0x0, 0x0, 0x4, 0xff, 0x40,
    0x2f, 0xfb, 0x0, 0x0, 0x1, 0xdf, 0xd0, 0x0,
    0x7f, 0xfd, 0x63, 0x47, 0xef, 0xf3, 0x0, 0x0,
    0x7f, 0xff, 0xff, 0xff, 0xf4, 0x0, 0x0, 0x0,
    0x39, 0xdf, 0xec, 0x81, 0x0, 0x0,

    /* U+1EE1 "ỡ" */
    0x0, 0x9, 0xfc, 0x42, 0xf3, 0x0, 0x0, 0x4f,
    0x8d, 0xff, 0xd7, 0xf6, 0x0, 0x36, 0x0, 0x67,
    0x15, 0xf8, 0x0, 0x0, 0x0, 0x0, 0x7, 0xf7,
    0x0, 0x4, 0xbe, 0xff, 0xff, 0xc1, 0x0, 0x7f,
    0xff, 0xff, 0xfe, 0x0, 0x4, 0xff, 0x92, 0x15,
    0xff, 0x90, 0xb, 0xfc, 0x0, 0x0, 0x7f, 0xf1,
    0xf, 0xf6, 0x0, 0x0, 0xf, 0xf5, 0x1f, 0xf3,
    0x0, 0x0, 0xe, 0xf6, 0x1f, 0xf3, 0x0, 0x0,
    0xe, 0xf6, 0xf, 0xf6, 0x0, 0x0, 0xf, 0xf5,
    0xb, 0xfc, 0x0, 0x0, 0x6f, 0xf0, 0x4, 0xff,
    0x91, 0x15, 0xff, 0x90, 0x0, 0x7f, 0xff, 0xff,
    0xfc, 0x0, 0x0, 0x4, 0xbe, 0xfd, 0x70, 0x0,

    /* U+1EE2 "Ợ" */
    0x0, 0x0, 0x0, 0x0, 0x0, 0x0, 0xfd, 0x0,
    0x0, 0x0, 0x0, 0x0, 0x0, 0xe, 0xf0, 0x0,
    0x0, 0x0, 0x0, 0x0, 0x2, 0xfe, 0x0, 0x0,
    0x2, 0x9d, 0xfe, 0xdf, 0xff, 0x60, 0x0, 0x7,
    0xff, 0xff, 0xff, 0xff, 0x50, 0x0, 0x6, 0xff,
    0xd6, 0x34, 0x7e, 0xff, 0x30, 0x1, 0xff, 0xb0,
    0x0, 0x0, 0x1d, 0xfd, 0x0, 0x7f, 0xf1, 0x0,
    0x0, 0x0, 0x4f, 0xf4, 0xc, 0xfa, 0x0, 0x0,
    0x0, 0x0, 0xdf, 0x80, 0xff, 0x60, 0x0, 0x0,
    0x0, 0xa, 0xfb, 0xf, 0xf5, 0x0, 0x0, 0x0,
    0x0, 0x8f, 0xc0, 0xff, 0x50, 0x0, 0x0, 0x0,
    0x8, 0xfc, 0xf, 0xf6, 0x0, 0x0, 0x0, 0x0,
    0xaf, 0xb0, 0xcf, 0xa0, 0x0, 0x0, 0x0, 0xd,
    0xf9, 0x7, 0xff, 0x10, 0x0, 0x0, 0x4, 0xff,
    0x40, 0x2f, 0xfb, 0x0, 0x0, 0x1, 0xdf, 0xd0,
    0x0, 0x7f, 0xfd, 0x63, 0x47, 0xef, 0xf3, 0x0,
    0x0, 0x7f, 0xff, 0xff, 0xff, 0xf4, 0x0, 0x0,
    0x0, 0x39, 0xdf, 0xec, 0x81, 0x0, 0x0, 0x0,
    0x0, 0x0, 0x21, 0x0, 0x0, 0x0, 0x0, 0x0,
    0x0, 0x2f, 0xf0, 0x0, 0x0, 0x0, 0x0, 0x0,
    0x2, 0xff, 0x0, 0x0, 0x0,

    /* U+1EE3 "ợ" */
    0x0, 0x0, 0x0, 0x0, 0x4, 0x82, 0x0, 0x0,
    0x0, 0x0, 0x6, 0xf7, 0x0, 0x0, 0x0, 0x0,
    0x4, 0xf8, 0x0, 0x0, 0x0, 0x0, 0x8, 0xf6,
    0x0, 0x4, 0xbe, 0xff, 0xff, 0xc0, 0x0, 0x7f,
    0xff, 0xff, 0xfd, 0x0, 0x4, 0xff, 0x92, 0x15,
    0xff, 0x90, 0xb, 0xfc, 0x0, 0x0, 0x7f, 0xf1,
    0xf, 0xf6, 0x0, 0x0, 0xf, 0xf5, 0x1f, 0xf3,
    0x0, 0x0, 0xe, 0xf6, 0x1f, 0xf3, 0x0, 0x0,
    0xe, 0xf6, 0xf, 0xf6, 0x0, 0x0, 0xf, 0xf5,
    0xb, 0xfc, 0x0, 0x0, 0x6f, 0xf0, 0x4, 0xff,
    0x91, 0x15, 0xff, 0x90, 0x0, 0x7f, 0xff, 0xff,
    0xfc, 0x0, 0x0, 0x4, 0xbe, 0xfd, 0x70, 0x0,
    0x0, 0x0, 0x1, 0x20, 0x0, 0x0, 0x0, 0x0,
    0xe, 0xf4, 0x0, 0x0, 0x0, 0x0, 0xe, 0xf4,
    0x0, 0x0,

    /* U+1EE4 "Ụ" */
    0x8f, 0xc0, 0x0, 0x0, 0x3, 0xff, 0x18, 0xfc,
    0x0, 0x0, 0x0, 0x3f, 0xf1, 0x8f, 0xc0, 0x0,
    0x0, 0x3, 0xff, 0x18, 0xfc, 0x0, 0x0, 0x0,
    0x3f, 0xf1, 0x8f, 0xc0, 0x0, 0x0, 0x3, 0xff,
    0x18, 0xfc, 0x0, 0x0, 0x0, 0x3f, 0xf1, 0x8f,
    0xc0, 0x0, 0x0, 0x3, 0xff, 0x18, 0xfc, 0x0,
    0x0, 0x0, 0x3f, 0xf1, 0x8f, 0xc0, 0x0, 0x0,
    0x3, 0xff, 0x18, 0xfc, 0x0, 0x0, 0x0, 0x3f,
    0xf1, 0x7f, 0xd0, 0x0, 0x0, 0x3, 0xff, 0x5,
    0xff, 0x0, 0x0, 0x0, 0x6f, 0xe0, 0x1f, 0xf7,
    0x0, 0x0, 0xd, 0xfa, 0x0, 0x9f, 0xfa, 0x43,
    0x6d, 0xff, 0x30, 0x0, 0xbf, 0xff, 0xff, 0xff,
    0x60, 0x0, 0x0, 0x6c, 0xef, 0xd9, 0x20, 0x0,
    0x0, 0x0, 0x1, 0x20, 0x0, 0x0, 0x0, 0x0,
    0x0, 0xcf, 0x50, 0x0, 0x0, 0x0, 0x0, 0xc,
    0xf5, 0x0, 0x0, 0x0,

    /* U+1EE5 "ụ" */
    0x6f, 0xc0, 0x0, 0x8, 0xfb, 0x6f, 0xc0, 0x0,
    0x8, 0xfb, 0x6f, 0xc0, 0x0, 0x8, 0xfb, 0x6f,
    0xc0, 0x0, 0x8, 0xfb, 0x6f, 0xc0, 0x0, 0x8,
    0xfb, 0x6f, 0xc0, 0x0, 0x8, 0xfb, 0x6f, 0xc0,
    0x0, 0x8, 0xfb, 0x6f, 0xd0, 0x0, 0x9, 0xfb,
    0x4f, 0xf0, 0x0, 0xe, 0xfb, 0x1f, 0xf9, 0x1,
    0x9f, 0xfb, 0x9, 0xff, 0xff, 0xf9, 0xfb, 0x0,
    0x8e, 0xfc, 0x45, 0xfb, 0x0, 0x0, 0x12, 0x0,
    0x0, 0x0, 0x0, 0xff, 0x20, 0x0, 0x0, 0x0,
    0xff, 0x20, 0x0,

    /* U+1EE6 "Ủ" */
    0x0, 0x0, 0x0, 0x0, 0x0, 0x0, 0x0, 0x0,
    0x5, 0xff, 0x90, 0x0, 0x0, 0x0, 0x0, 0x25,
    0xcf, 0x0, 0x0, 0x0, 0x0, 0x0, 0xa, 0xd0,
    0x0, 0x0, 0x0, 0x0, 0x2, 0xb3, 0x0, 0x0,
    0x0, 0x0, 0x0, 0x0, 0x0, 0x0, 0x0, 0x8f,
    0xc0, 0x0, 0x0, 0x3, 0xff, 0x18, 0xfc, 0x0,
    0x0, 0x0, 0x3f, 0xf1, 0x8f, 0xc0, 0x0, 0x0,
    0x3, 0xff, 0x18, 0xfc, 0x0, 0x0, 0x0, 0x3f,
    0xf1, 0x8f, 0xc0, 0x0, 0x0, 0x3, 0xff, 0x18,
    0xfc, 0x0, 0x0, 0x0, 0x3f, 0xf1, 0x8f, 0xc0,
    0x0, 0x0, 0x3, 0xff, 0x18, 0xfc, 0x0, 0x0,
    0x0, 0x3f, 0xf1, 0x8f, 0xc0, 0x0, 0x0, 0x3,
    0xff, 0x18, 0xfc, 0x0, 0x0, 0x0, 0x3f, 0xf1,
    0x7f, 0xd0, 0x0, 0x0, 0x3, 0xff, 0x5, 0xff,
    0x0, 0x0, 0x0, 0x6f, 0xe0, 0x1f, 0xf7, 0x0,
    0x0, 0xd, 0xfa, 0x0, 0x9f, 0xfa, 0x43, 0x6d,
    0xff, 0x30, 0x0, 0xbf, 0xff, 0xff, 0xff, 0x60,
    0x0, 0x0, 0x6c, 0xef, 0xd9, 0x20, 0x0,

    /* U+1EE7 "ủ" */
    0x0, 0x0, 0x10, 0x0, 0x0, 0x0, 0x8, 0xff,
    0x60, 0x0, 0x0, 0x3, 0x5e, 0xc0, 0x0, 0x0,
    0x0, 0xd, 0xa0, 0x0, 0x0, 0x0, 0x4a, 0x10,
    0x0, 0x0, 0x0, 0x0, 0x0, 0x0, 0x6f, 0xc0,
    0x0, 0x8, 0xfb, 0x6f, 0xc0, 0x0, 0x8, 0xfb,
    0x6f, 0xc0, 0x0, 0x8, 0xfb, 0x6f, 0xc0, 0x0,
    0x8, 0xfb, 0x6f, 0xc0, 0x0, 0x8, 0xfb, 0x6f,
    0xc0, 0x0, 0x8, 0xfb, 0x6f, 0xc0, 0x0, 0x8,
    0xfb, 0x6f, 0xd0, 0x0, 0x9, 0xfb, 0x4f, 0xf0,
    0x0, 0xe, 0xfb, 0x1f, 0xf9, 0x1, 0x9f, 0xfb,
    0x9, 0xff, 0xff, 0xf9, 0xfb, 0x0, 0x8e, 0xfc,
    0x45, 0xfb,

    /* U+1EE8 "Ứ" */
    0x0, 0x0, 0x0, 0x9f, 0xa0, 0x0, 0x0, 0x0,
    0x0, 0x0, 0x1f, 0xe1, 0x0, 0xc, 0xa0, 0x0,
    0x0, 0x7, 0xf5, 0x0, 0x0, 0xef, 0x0, 0x0,
    0x0, 0x0, 0x0, 0x0, 0x1e, 0xe0, 0x8f, 0xc0,
    0x0, 0x0, 0x3, 0xff, 0xf6, 0x8, 0xfc, 0x0,
    0x0, 0x0, 0x3f, 0xf2, 0x0, 0x8f, 0xc0, 0x0,
    0x0, 0x3, 0xff, 0x10, 0x8, 0xfc, 0x0, 0x0,
    0x0, 0x3f, 0xf1, 0x0, 0x8f, 0xc0, 0x0, 0x0,
    0x3, 0xff, 0x10, 0x8, 0xfc, 0x0, 0x0, 0x0,
    0x3f, 0xf1, 0x0, 0x8f, 0xc0, 0x0, 0x0, 0x3,
    0xff, 0x10, 0x8, 0xfc, 0x0, 0x0, 0x0, 0x3f,
    0xf1, 0x0, 0x8f, 0xc0, 0x0, 0x0, 0x3, 0xff,
    0x10, 0x8, 0xfc, 0x0, 0x0, 0x0, 0x3f, 0xf1,
    0x0, 0x7f, 0xd0, 0x0, 0x0, 0x3, 0xff, 0x0,
    0x5, 0xff, 0x0, 0x0, 0x0, 0x6f, 0xe0, 0x0,
    0x1f, 0xf7, 0x0, 0x0, 0xd, 0xfa, 0x0, 0x0,
    0x9f, 0xfa, 0x43, 0x6d, 0xff, 0x30, 0x0, 0x0,
    0xbf, 0xff, 0xff, 0xff, 0x60, 0x0, 0x0, 0x0,
    0x6c, 0xef, 0xd9, 0x20, 0x0, 0x0,

    /* U+1EE9 "ứ" */
    0x0, 0x0, 0xd, 0xf6, 0x0, 0x0, 0x0, 0x0,
    0x4f, 0xc0, 0x5, 0xd5, 0x0, 0x0, 0xbe, 0x20,
    0x4, 0xf9, 0x0, 0x0, 0x0, 0x0, 0x6, 0xf8,
    0x6f, 0xc0, 0x0, 0xd, 0xff, 0xd2, 0x6f, 0xc0,
    0x0, 0x8, 0xfd, 0x0, 0x6f, 0xc0, 0x0, 0x8,
    0xfb, 0x0, 0x6f, 0xc0, 0x0, 0x8, 0xfb, 0x0,
    0x6f, 0xc0, 0x0, 0x8, 0xfb, 0x0, 0x6f, 0xc0,
    0x0, 0x8, 0xfb, 0x0, 0x6f, 0xc0, 0x0, 0x8,
    0xfb, 0x0, 0x6f, 0xd0, 0x0, 0x9, 0xfb, 0x0,
    0x4f, 0xf0, 0x0, 0xe, 0xfb, 0x0, 0x1f, 0xf9,
    0x1, 0x9f, 0xfb, 0x0, 0x9, 0xff, 0xff, 0xf9,
    0xfb, 0x0, 0x0, 0x8e, 0xfc, 0x45, 0xfb, 0x0,

    /* U+1EEA "Ừ" */
    0x0, 0x1, 0xff, 0x30, 0x0, 0x0, 0x0, 0x0,
    0x0, 0x6, 0xfa, 0x0, 0x0, 0xc, 0xa0, 0x0,
    0x0, 0xb, 0xe1, 0x0, 0x0, 0xef, 0x0, 0x0,
    0x0, 0x0, 0x0, 0x0, 0x1e, 0xe0, 0x8f, 0xc0,
    0x0, 0x0, 0x3, 0xff, 0xf6, 0x8, 0xfc, 0x0,
    0x0, 0x0, 0x3f, 0xf2, 0x0, 0x8f, 0xc0, 0x0,
    0x0, 0x3, 0xff, 0x10, 0x8, 0xfc, 0x0, 0x0,
    0x0, 0x3f, 0xf1, 0x0, 0x8f, 0xc0, 0x0, 0x0,
    0x3, 0xff, 0x10, 0x8, 0xfc, 0x0, 0x0, 0x0,
    0x3f, 0xf1, 0x0, 0x8f, 0xc0, 0x0, 0x0, 0x3,
    0xff, 0x10, 0x8, 0xfc, 0x0, 0x0, 0x0, 0x3f,
    0xf1, 0x0, 0x8f, 0xc0, 0x0, 0x0, 0x3, 0xff,
    0x10, 0x8, 0xfc, 0x0, 0x0, 0x0, 0x3f, 0xf1,
    0x0, 0x7f, 0xd0, 0x0, 0x0, 0x3, 0xff, 0x0,
    0x5, 0xff, 0x0, 0x0, 0x0, 0x6f, 0xe0, 0x0,
    0x1f, 0xf7, 0x0, 0x0, 0xd, 0xfa, 0x0, 0x0,
    0x9f, 0xfa, 0x43, 0x6d, 0xff, 0x30, 0x0, 0x0,
    0xbf, 0xff, 0xff, 0xff, 0x60, 0x0, 0x0, 0x0,
    0x6c, 0xef, 0xd9, 0x20, 0x0, 0x0,

    /* U+1EEB "ừ" */
    0x0, 0x4f, 0xe0, 0x0, 0x0, 0x0, 0x0, 0xa,
    0xf6, 0x0, 0x5, 0xd5, 0x0, 0x1, 0xec, 0x0,
    0x4, 0xf9, 0x0, 0x0, 0x0, 0x0, 0x6, 0xf8,
    0x6f, 0xc0, 0x0, 0xd, 0xff, 0xd2, 0x6f, 0xc0,
    0x0, 0x8, 0xfd, 0x0, 0x6f, 0xc0, 0x0, 0x8,
    0xfb, 0x0, 0x6f, 0xc0, 0x0, 0x8, 0xfb, 0x0,
    0x6f, 0xc0, 0x0, 0x8, 0xfb, 0x0, 0x6f, 0xc0,
    0x0, 0x8, 0xfb, 0x0, 0x6f, 0xc0, 0x0, 0x8,
    0xfb, 0x0, 0x6f, 0xd0, 0x0, 0x9, 0xfb, 0x0,
    0x4f, 0xf0, 0x0, 0xe, 0xfb, 0x0, 0x1f, 0xf9,
    0x1, 0x9f, 0xfb, 0x0, 0x9, 0xff, 0xff, 0xf9,
    0xfb, 0x0, 0x0, 0x8e, 0xfc, 0x45, 0xfb, 0x0,

    /* U+1EEC "Ử" */
    0x0, 0x0, 0x0, 0x0, 0x0, 0x0, 0x0, 0x0,
    0x0, 0x5, 0xff, 0x90, 0x0, 0x0, 0x0, 0x0,
    0x0, 0x25, 0xcf, 0x0, 0x0, 0x43, 0x0, 0x0,
    0x0, 0xa, 0xd0, 0x0, 0xf, 0xe0, 0x0, 0x0,
    0x2, 0xb3, 0x0, 0x0, 0xdf, 0x0, 0x0, 0x0,
    0x0, 0x0, 0x0, 0x2f, 0xe0, 0x8f, 0xc0, 0x0,
    0x0, 0x3, 0xff, 0xf5, 0x8, 0xfc, 0x0, 0x0,
    0x0, 0x3f, 0xf1, 0x0, 0x8f, 0xc0, 0x0, 0x0,
    0x3, 0xff, 0x10, 0x8, 0xfc, 0x0, 0x0, 0x0,
    0x3f, 0xf1, 0x0, 0x8f, 0xc0, 0x0, 0x0, 0x3,
    0xff, 0x10, 0x8, 0xfc, 0x0, 0x0, 0x0, 0x3f,
    0xf1, 0x0, 0x8f, 0xc0, 0x0, 0x0, 0x3, 0xff,
    0x10, 0x8, 0xfc, 0x0, 0x0, 0x0, 0x3f, 0xf1,
    0x0, 0x8f, 0xc0, 0x0, 0x0, 0x3, 0xff, 0x10,
    0x8, 0xfc, 0x0, 0x0, 0x0, 0x3f, 0xf1, 0x0,
    0x7f, 0xd0, 0x0, 0x0, 0x3, 0xff, 0x0, 0x5,
    0xff, 0x0, 0x0, 0x0, 0x6f, 0xe0, 0x0, 0x1f,
    0xf7, 0x0, 0x0, 0xd, 0xfa, 0x0, 0x0, 0x9f,
    0xfa, 0x43, 0x6d, 0xff, 0x30, 0x0, 0x0, 0xbf,
    0xff, 0xff, 0xff, 0x60, 0x0, 0x0, 0x0, 0x6c,
    0xef, 0xd9, 0x20, 0x0, 0x0,

    /* U+1EED "ử" */
    0x0, 0x0, 0x10, 0x0, 0x0, 0x0, 0x0, 0x9,
    0xff, 0x50, 0x0, 0x0, 0x0, 0x3, 0x5e, 0xc0,
    0x2, 0x41, 0x0, 0x0, 0xe, 0x90, 0x5, 0xf8,
    0x0, 0x0, 0x5a, 0x10, 0x3, 0xf9, 0x0, 0x0,
    0x0, 0x0, 0x7, 0xf8, 0x6f, 0xc0, 0x0, 0xd,
    0xff, 0xd1, 0x6f, 0xc0, 0x0, 0x8, 0xfd, 0x0,
    0x6f, 0xc0, 0x0, 0x8, 0xfb, 0x0, 0x6f, 0xc0,
    0x0, 0x8, 0xfb, 0x0, 0x6f, 0xc0, 0x0, 0x8,
    0xfb, 0x0, 0x6f, 0xc0, 0x0, 0x8, 0xfb, 0x0,
    0x6f, 0xc0, 0x0, 0x8, 0xfb, 0x0, 0x6f, 0xd0,
    0x0, 0x9, 0xfb, 0x0, 0x4f, 0xf0, 0x0, 0xe,
    0xfb, 0x0, 0x1f, 0xf9, 0x1, 0x9f, 0xfb, 0x0,
    0x9, 0xff, 0xff, 0xf9, 0xfb, 0x0, 0x0, 0x8e,
    0xfc, 0x45, 0xfb, 0x0,

    /* U+1EEE "Ữ" */
    0x0, 0x0, 0x0, 0x0, 0x11, 0x0, 0x0, 0x0,
    0x0, 0x6f, 0xf8, 0x1b, 0x90, 0x0, 0x0, 0x0,
    0xe, 0xa8, 0xff, 0xf3, 0x0, 0xfd, 0x0, 0x0,
    0x81, 0x3, 0x73, 0x0, 0xd, 0xf0, 0x0, 0x0,
    0x0, 0x0, 0x0, 0x2, 0xee, 0x8, 0xfc, 0x0,
    0x0, 0x0, 0x3f, 0xff, 0x60, 0x8f, 0xc0, 0x0,
    0x0, 0x3, 0xff, 0x20, 0x8, 0xfc, 0x0, 0x0,
    0x0, 0x3f, 0xf1, 0x0, 0x8f, 0xc0, 0x0, 0x0,
    0x3, 0xff, 0x10, 0x8, 0xfc, 0x0, 0x0, 0x0,
    0x3f, 0xf1, 0x0, 0x8f, 0xc0, 0x0, 0x0, 0x3,
    0xff, 0x10, 0x8, 0xfc, 0x0, 0x0, 0x0, 0x3f,
    0xf1, 0x0, 0x8f, 0xc0, 0x0, 0x0, 0x3, 0xff,
    0x10, 0x8, 0xfc, 0x0, 0x0, 0x0, 0x3f, 0xf1,
    0x0, 0x8f, 0xc0, 0x0, 0x0, 0x3, 0xff, 0x10,
    0x7, 0xfd, 0x0, 0x0, 0x0, 0x3f, 0xf0, 0x0,
    0x5f, 0xf0, 0x0, 0x0, 0x6, 0xfe, 0x0, 0x1,
    0xff, 0x70, 0x0, 0x0, 0xdf, 0xa0, 0x0, 0x9,
    0xff, 0xa4, 0x36, 0xdf, 0xf3, 0x0, 0x0, 0xb,
    0xff, 0xff, 0xff, 0xf6, 0x0, 0x0, 0x0, 0x6,
    0xce, 0xfd, 0x92, 0x0, 0x0, 0x0,

    /* U+1EEF "ữ" */
    0x0, 0x7f, 0xd5, 0x1e, 0x50, 0x0, 0x2, 0xf9,
    0xcf, 0xfe, 0x16, 0xf7, 0x2, 0x70, 0x5, 0x72,
    0x3, 0xf9, 0x0, 0x0, 0x0, 0x0, 0x6, 0xf8,
    0x6f, 0xc0, 0x0, 0xd, 0xff, 0xd1, 0x6f, 0xc0,
    0x0, 0x8, 0xfd, 0x0, 0x6f, 0xc0, 0x0, 0x8,
    0xfb, 0x0, 0x6f, 0xc0, 0x0, 0x8, 0xfb, 0x0,
    0x6f, 0xc0, 0x0, 0x8, 0xfb, 0x0, 0x6f, 0xc0,
    0x0, 0x8, 0xfb, 0x0, 0x6f, 0xc0, 0x0, 0x8,
    0xfb, 0x0, 0x6f, 0xd0, 0x0, 0x9, 0xfb, 0x0,
    0x4f, 0xf0, 0x0, 0xe, 0xfb, 0x0, 0x1f, 0xf9,
    0x1, 0x9f, 0xfb, 0x0, 0x9, 0xff, 0xff, 0xf9,
    0xfb, 0x0, 0x0, 0x8e, 0xfc, 0x45, 0xfb, 0x0,

    /* U+1EF0 "Ự" */
    0x0, 0x0, 0x0, 0x0, 0x0, 0x0, 0xfd, 0x0,
    0x0, 0x0, 0x0, 0x0, 0x0, 0xd, 0xf0, 0x0,
    0x0, 0x0, 0x0, 0x0, 0x2, 0xee, 0x8, 0xfc,
    0x0, 0x0, 0x0, 0x3f, 0xff, 0x60, 0x8f, 0xc0,
    0x0, 0x0, 0x3, 0xff, 0x20, 0x8, 0xfc, 0x0,
    0x0, 0x0, 0x3f, 0xf1, 0x0, 0x8f, 0xc0, 0x0,
    0x0, 0x3, 0xff, 0x10, 0x8, 0xfc, 0x0, 0x0,
    0x0, 0x3f, 0xf1, 0x0, 0x8f, 0xc0, 0x0, 0x0,
    0x3, 0xff, 0x10, 0x8, 0xfc, 0x0, 0x0, 0x0,
    0x3f, 0xf1, 0x0, 0x8f, 0xc0, 0x0, 0x0, 0x3,
    0xff, 0x10, 0x8, 0xfc, 0x0, 0x0, 0x0, 0x3f,
    0xf1, 0x0, 0x8f, 0xc0, 0x0, 0x0, 0x3, 0xff,
    0x10, 0x7, 0xfd, 0x0, 0x0, 0x0, 0x3f, 0xf0,
    0x0, 0x5f, 0xf0, 0x0, 0x0, 0x6, 0xfe, 0x0,
    0x1, 0xff, 0x70, 0x0, 0x0, 0xdf, 0xa0, 0x0,
    0x9, 0xff, 0xa4, 0x36, 0xdf, 0xf3, 0x0, 0x0,
    0xb, 0xff, 0xff, 0xff, 0xf6, 0x0, 0x0, 0x0,
    0x6, 0xce, 0xfd, 0x92, 0x0, 0x0, 0x0, 0x0,
    0x0, 0x12, 0x0, 0x0, 0x0, 0x0, 0x0, 0x0,
    0xc, 0xf5, 0x0, 0x0, 0x0, 0x0, 0x0, 0x0,
    0xcf, 0x50, 0x0, 0x0, 0x0,

    /* U+1EF1 "ự" */
    0x0, 0x0, 0x0, 0x0, 0x3, 0x83, 0x0, 0x0,
    0x0, 0x0, 0x5, 0xf8, 0x0, 0x0, 0x0, 0x0,
    0x3, 0xf9, 0x0, 0x0, 0x0, 0x0, 0x6, 0xf7,
    0x6f, 0xc0, 0x0, 0xd, 0xff, 0xc1, 0x6f, 0xc0,
    0x0, 0x8, 0xfd, 0x0, 0x6f, 0xc0, 0x0, 0x8,
    0xfb, 0x0, 0x6f, 0xc0, 0x0, 0x8, 0xfb, 0x0,
    0x6f, 0xc0, 0x0, 0x8, 0xfb, 0x0, 0x6f, 0xc0,
    0x0, 0x8, 0xfb, 0x0, 0x6f, 0xc0, 0x0, 0x8,
    0xfb, 0x0, 0x6f, 0xd0, 0x0, 0x9, 0xfb, 0x0,
    0x4f, 0xf0, 0x0, 0xe, 0xfb, 0x0, 0x1f, 0xf9,
    0x1, 0x9f, 0xfb, 0x0, 0x9, 0xff, 0xff, 0xf9,
    0xfb, 0x0, 0x0, 0x8e, 0xfc, 0x45, 0xfb, 0x0,
    0x0, 0x0, 0x12, 0x0, 0x0, 0x0, 0x0, 0x0,
    0xff, 0x20, 0x0, 0x0, 0x0, 0x0, 0xff, 0x20,
    0x0, 0x0,

    /* U+1EF2 "Ỳ" */
    0x0, 0x0, 0x2f, 0xf2, 0x0, 0x0, 0x0, 0x0,
    0x0, 0x7, 0xf9, 0x0, 0x0, 0x0, 0x0, 0x0,
    0x0, 0xce, 0x10, 0x0, 0x0, 0x0, 0x0, 0x0,
    0x0, 0x0, 0x0, 0x0, 0xd, 0xfb, 0x0, 0x0,
    0x0, 0x3f, 0xf5, 0x4, 0xff, 0x40, 0x0, 0x0,
    0xcf, 0xc0, 0x0, 0xcf, 0xc0, 0x0, 0x4, 0xff,
    0x40, 0x0, 0x3f, 0xf5, 0x0, 0xd, 0xfb, 0x0,
    0x0, 0xa, 0xfd, 0x0, 0x5f, 0xf2, 0x0, 0x0,
    0x2, 0xff, 0x50, 0xdf, 0x90, 0x0, 0x0, 0x0,
    0x9f, 0xd7, 0xff, 0x10, 0x0, 0x0, 0x0, 0x1f,
    0xff, 0xf8, 0x0, 0x0, 0x0, 0x0, 0x7, 0xff,
    0xe0, 0x0, 0x0, 0x0, 0x0, 0x0, 0xff, 0x70,
    0x0, 0x0, 0x0, 0x0, 0x0, 0xef, 0x60, 0x0,
    0x0, 0x0, 0x0, 0x0, 0xef, 0x60, 0x0, 0x0,
    0x0, 0x0, 0x0, 0xef, 0x60, 0x0, 0x0, 0x0,
    0x0, 0x0, 0xef, 0x60, 0x0, 0x0, 0x0, 0x0,
    0x0, 0xef, 0x60, 0x0, 0x0, 0x0, 0x0, 0x0,
    0xef, 0x60, 0x0, 0x0,

    /* U+1EF3 "ỳ" */
    0x0, 0x8, 0xfb, 0x0, 0x0, 0x0, 0x0, 0x0,
    0xdf, 0x20, 0x0, 0x0, 0x0, 0x0, 0x3f, 0x90,
    0x0, 0x0, 0x0, 0x0, 0x0, 0x0, 0x0, 0x0,
    0x5f, 0xf0, 0x0, 0x0, 0x5f, 0xf0, 0xf, 0xf4,
    0x0, 0x0, 0xaf, 0xa0, 0xb, 0xf9, 0x0, 0x0,
    0xef, 0x50, 0x5, 0xfe, 0x0, 0x4, 0xff, 0x0,
    0x0, 0xff, 0x30, 0x8, 0xfa, 0x0, 0x0, 0xbf,
    0x80, 0xd, 0xf4, 0x0, 0x0, 0x5f, 0xd0, 0x2f,
    0xe0, 0x0, 0x0, 0xf, 0xf2, 0x7f, 0x90, 0x0,
    0x0, 0xa, 0xf7, 0xcf, 0x40, 0x0, 0x0, 0x5,
    0xfd, 0xfe, 0x0, 0x0, 0x0, 0x0, 0xff, 0xf9,
    0x0, 0x0, 0x0, 0x0, 0xaf, 0xf3, 0x0, 0x0,
    0x0, 0x0, 0x2f, 0xe0, 0x0, 0x0, 0x0, 0xbe,
    0xff, 0x80, 0x0, 0x0, 0x0, 0xcf, 0xe9, 0x0,
    0x0, 0x0,

    /* U+1EF4 "Ỵ" */
    0xd, 0xfb, 0x0, 0x0, 0x0, 0x3f, 0xf5, 0x4,
    0xff, 0x40, 0x0, 0x0, 0xcf, 0xc0, 0x0, 0xcf,
    0xc0, 0x0, 0x4, 0xff, 0x40, 0x0, 0x3f, 0xf5,
    0x0, 0xd, 0xfb, 0x0, 0x0, 0xa, 0xfd, 0x0,
    0x5f, 0xf2, 0x0, 0x0, 0x2, 0xff, 0x50, 0xdf,
    0x90, 0x0, 0x0, 0x0, 0x9f, 0xd7, 0xff, 0x10,
    0x0, 0x0, 0x0, 0x1f, 0xff, 0xf8, 0x0, 0x0,
    0x0, 0x0, 0x7, 0xff, 0xe0, 0x0, 0x0, 0x0,
    0x0, 0x0, 0xff, 0x70, 0x0, 0x0, 0x0, 0x0,
    0x0, 0xef, 0x60, 0x0, 0x0, 0x0, 0x0, 0x0,
    0xef, 0x60, 0x0, 0x0, 0x0, 0x0, 0x0, 0xef,
    0x60, 0x0, 0x0, 0x0, 0x0, 0x0, 0xef, 0x60,
    0x0, 0x0, 0x0, 0x0, 0x0, 0xef, 0x60, 0x0,
    0x0, 0x0, 0x0, 0x0, 0xef, 0x60, 0x0, 0x0,
    0x0, 0x0, 0x0, 0x12, 0x0, 0x0, 0x0, 0x0,
    0x0, 0x0, 0xdf, 0x50, 0x0, 0x0, 0x0, 0x0,
    0x0, 0xdf, 0x50, 0x0, 0x0,

    /* U+1EF5 "ỵ" */
    0x5f, 0xf0, 0x0, 0x0, 0x5f, 0xf0, 0xf, 0xf4,
    0x0, 0x0, 0xaf, 0xa0, 0xb, 0xf9, 0x0, 0x0,
    0xef, 0x50, 0x5, 0xfe, 0x0, 0x4, 0xff, 0x0,
    0x0, 0xff, 0x30, 0x8, 0xfa, 0x0, 0x0, 0xbf,
    0x80, 0xd, 0xf4, 0x0, 0x0, 0x5f, 0xd0, 0x2f,
    0xe0, 0x0, 0x0, 0xf, 0xf2, 0x7f, 0x90, 0x0,
    0x0, 0xa, 0xf7, 0xcf, 0x40, 0x0, 0x0, 0x5,
    0xfd, 0xfe, 0x0, 0x0, 0x0, 0x0, 0xff, 0xf9,
    0x0, 0x0, 0x0, 0x0, 0xaf, 0xf3, 0x0, 0x0,
    0x0, 0x0, 0x2f, 0xe0, 0x0, 0x0, 0x0, 0xbe,
    0xff, 0x84, 0xeb, 0x0, 0x0, 0xcf, 0xe9, 0x5,
    0xfc, 0x0,

    /* U+1EF6 "Ỷ" */
    0x0, 0x0, 0x0, 0x10, 0x0, 0x0, 0x0, 0x0,
    0x0, 0x6, 0xff, 0x80, 0x0, 0x0, 0x0, 0x0,
    0x2, 0x4d, 0xf0, 0x0, 0x0, 0x0, 0x0, 0x0,
    0xb, 0xc0, 0x0, 0x0, 0x0, 0x0, 0x0, 0x3b,
    0x20, 0x0, 0x0, 0x0, 0x0, 0x0, 0x0, 0x0,
    0x0, 0x0, 0xd, 0xfb, 0x0, 0x0, 0x0, 0x3f,
    0xf5, 0x4, 0xff, 0x40, 0x0, 0x0, 0xcf, 0xc0,
    0x0, 0xcf, 0xc0, 0x0, 0x4, 0xff, 0x40, 0x0,
    0x3f, 0xf5, 0x0, 0xd, 0xfb, 0x0, 0x0, 0xa,
    0xfd, 0x0, 0x5f, 0xf2, 0x0, 0x0, 0x2, 0xff,
    0x50, 0xdf, 0x90, 0x0, 0x0, 0x0, 0x9f, 0xd7,
    0xff, 0x10, 0x0, 0x0, 0x0, 0x1f, 0xff, 0xf8,
    0x0, 0x0, 0x0, 0x0, 0x7, 0xff, 0xe0, 0x0,
    0x0, 0x0, 0x0, 0x0, 0xff, 0x70, 0x0, 0x0,
    0x0, 0x0, 0x0, 0xef, 0x60, 0x0, 0x0, 0x0,
    0x0, 0x0, 0xef, 0x60, 0x0, 0x0, 0x0, 0x0,
    0x0, 0xef, 0x60, 0x0, 0x0, 0x0, 0x0, 0x0,
    0xef, 0x60, 0x0, 0x0, 0x0, 0x0, 0x0, 0xef,
    0x60, 0x0, 0x0, 0x0, 0x0, 0x0, 0xef, 0x60,
    0x0, 0x0,

    /* U+1EF7 "ỷ" */
    0x0, 0x0, 0x1, 0x0, 0x0, 0x0, 0x0, 0x0,
    0xdf, 0xe3, 0x0, 0x0, 0x0, 0x0, 0x46, 0xf8,
    0x0, 0x0, 0x0, 0x0, 0x2, 0xf5, 0x0, 0x0,
    0x0, 0x0, 0x7, 0x90, 0x0, 0x0, 0x0, 0x0,
    0x0, 0x0, 0x0, 0x0, 0x5f, 0xf0, 0x0, 0x0,
    0x5f, 0xf0, 0xf, 0xf4, 0x0, 0x0, 0xaf, 0xa0,
    0xb, 0xf9, 0x0, 0x0, 0xef, 0x50, 0x5, 0xfe,
    0x0, 0x4, 0xff, 0x0, 0x0, 0xff, 0x30, 0x8,
    0xfa, 0x0, 0x0, 0xbf, 0x80, 0xd, 0xf4, 0x0,
    0x0, 0x5f, 0xd0, 0x2f, 0xe0, 0x0, 0x0, 0xf,
    0xf2, 0x7f, 0x90, 0x0, 0x0, 0xa, 0xf7, 0xcf,
    0x40, 0x0, 0x0, 0x5, 0xfd, 0xfe, 0x0, 0x0,
    0x0, 0x0, 0xff, 0xf9, 0x0, 0x0, 0x0, 0x0,
    0xaf, 0xf3, 0x0, 0x0, 0x0, 0x0, 0x2f, 0xe0,
    0x0, 0x0, 0x0, 0xbe, 0xff, 0x80, 0x0, 0x0,
    0x0, 0xcf, 0xe9, 0x0, 0x0, 0x0,

    /* U+1EF8 "Ỹ" */
    0x0, 0x0, 0x0, 0x0, 0x1, 0x10, 0x0, 0x0,
    0x0, 0x7f, 0xf9, 0x3d, 0x80, 0x0, 0x0, 0x0,
    0xf8, 0x8f, 0xfe, 0x20, 0x0, 0x0, 0x0, 0x50,
    0x1, 0x41, 0x0, 0x0, 0x0, 0x0, 0x0, 0x0,
    0x0, 0x0, 0x0, 0xd, 0xfb, 0x0, 0x0, 0x0,
    0x3f, 0xf5, 0x4, 0xff, 0x40, 0x0, 0x0, 0xcf,
    0xc0, 0x0, 0xcf, 0xc0, 0x0, 0x4, 0xff, 0x40,
    0x0, 0x3f, 0xf5, 0x0, 0xd, 0xfb, 0x0, 0x0,
    0xa, 0xfd, 0x0, 0x5f, 0xf2, 0x0, 0x0, 0x2,
    0xff, 0x50, 0xdf, 0x90, 0x0, 0x0, 0x0, 0x9f,
    0xd7, 0xff, 0x10, 0x0, 0x0, 0x0, 0x1f, 0xff,
    0xf8, 0x0, 0x0, 0x0, 0x0, 0x7, 0xff, 0xe0,
    0x0, 0x0, 0x0, 0x0, 0x0, 0xff, 0x70, 0x0,
    0x0, 0x0, 0x0, 0x0, 0xef, 0x60, 0x0, 0x0,
    0x0, 0x0, 0x0, 0xef, 0x60, 0x0, 0x0, 0x0,
    0x0, 0x0, 0xef, 0x60, 0x0, 0x0, 0x0, 0x0,
    0x0, 0xef, 0x60, 0x0, 0x0, 0x0, 0x0, 0x0,
    0xef, 0x60, 0x0, 0x0, 0x0, 0x0, 0x0, 0xef,
    0x60, 0x0, 0x0,

    /* U+1EF9 "ỹ" */
    0x0, 0xb, 0xfc, 0x55, 0xf1, 0x0, 0x0, 0x6e,
    0x8d, 0xff, 0xa0, 0x0, 0x0, 0x23, 0x0, 0x33,
    0x0, 0x0, 0x0, 0x0, 0x0, 0x0, 0x0, 0x0,
    0x5f, 0xf0, 0x0, 0x0, 0x5f, 0xf0, 0xf, 0xf4,
    0x0, 0x0, 0xaf, 0xa0, 0xb, 0xf9, 0x0, 0x0,
    0xef, 0x50, 0x5, 0xfe, 0x0, 0x4, 0xff, 0x0,
    0x0, 0xff, 0x30, 0x8, 0xfa, 0x0, 0x0, 0xbf,
    0x80, 0xd, 0xf4, 0x0, 0x0, 0x5f, 0xd0, 0x2f,
    0xe0, 0x0, 0x0, 0xf, 0xf2, 0x7f, 0x90, 0x0,
    0x0, 0xa, 0xf7, 0xcf, 0x40, 0x0, 0x0, 0x5,
    0xfd, 0xfe, 0x0, 0x0, 0x0, 0x0, 0xff, 0xf9,
    0x0, 0x0, 0x0, 0x0, 0xaf, 0xf3, 0x0, 0x0,
    0x0, 0x0, 0x2f, 0xe0, 0x0, 0x0, 0x0, 0xbe,
    0xff, 0x80, 0x0, 0x0, 0x0, 0xcf, 0xe9, 0x0,
    0x0, 0x0,

    /* U+2013 "–" */
    0x0, 0x0, 0x0, 0x0, 0x0, 0x0, 0x2f, 0xff,
    0xff, 0xff, 0xff, 0xf9, 0x2f, 0xff, 0xff, 0xff,
    0xff, 0xf9,

    /* U+2014 "—" */
    0x0, 0x0, 0x0, 0x0, 0x0, 0x0, 0x0, 0x0,
    0x0, 0x2, 0xff, 0xff, 0xff, 0xff, 0xff, 0xff,
    0xff, 0xff, 0xf3, 0x2f, 0xff, 0xff, 0xff, 0xff,
    0xff, 0xff, 0xff, 0xff, 0x30,

    /* U+2015 "―" */
    0x12, 0x22, 0x22, 0x22, 0x22, 0x20, 0x7f, 0xff,
    0xff, 0xff, 0xff, 0xf4, 0x25, 0x55, 0x55, 0x55,
    0x55, 0x51,

    /* U+2016 "‖" */
    0x1f, 0x80, 0x8f, 0x11, 0xf8, 0x8, 0xf1, 0x1f,
    0x80, 0x8f, 0x11, 0xf8, 0x8, 0xf1, 0x1f, 0x80,
    0x8f, 0x11, 0xf8, 0x8, 0xf1, 0x1f, 0x80, 0x8f,
    0x11, 0xf8, 0x8, 0xf1, 0x1f, 0x80, 0x8f, 0x11,
    0xf8, 0x8, 0xf1, 0x1f, 0x80, 0x8f, 0x11, 0xf8,
    0x8, 0xf1, 0x1f, 0x80, 0x8f, 0x11, 0xf8, 0x8,
    0xf1, 0x1f, 0x80, 0x8f, 0x11, 0xf8, 0x8, 0xf1,
    0x8, 0x40, 0x48, 0x0,

    /* U+2017 "‗" */
    0x1e, 0xee, 0xee, 0xee, 0xee, 0xe9, 0x1, 0x11,
    0x11, 0x11, 0x11, 0x11, 0x1e, 0xee, 0xee, 0xee,
    0xee, 0xe9, 0x1, 0x11, 0x11, 0x11, 0x11, 0x11,

    /* U+2018 "‘" */
    0x0, 0xe5, 0x4, 0xf1, 0xa, 0xb0, 0xf, 0xe8,
    0x1f, 0xfa, 0x1f, 0xfa,

    /* U+2019 "’" */
    0x1f, 0xfa, 0x1f, 0xfa, 0xc, 0xf9, 0x2, 0xf4,
    0x7, 0xe0, 0xb, 0x90, 0x4, 0x10,

    /* U+201A "‚" */
    0x1c, 0xc7, 0x2f, 0xf9, 0x2f, 0xf9, 0x2, 0xf4,
    0x7, 0xd0, 0xd, 0x70,

    /* U+201B "‛" */
    0xaf, 0x5a, 0xf5, 0x97, 0x5, 0xb0, 0x8, 0x30,

    /* U+201C "“" */
    0x0, 0xe5, 0x2, 0xf2, 0x4, 0xf1, 0x7, 0xd0,
    0xa, 0xb0, 0xd, 0x80, 0xf, 0xe8, 0x3f, 0xd5,
    0x1f, 0xfa, 0x4f, 0xf7, 0x1f, 0xfa, 0x4f, 0xf7,

    /* U+201D "”" */
    0x1f, 0xfa, 0x4f, 0xf7, 0x1f, 0xfa, 0x4f, 0xf7,
    0xc, 0xf9, 0x3c, 0xf6, 0x2, 0xf4, 0x5, 0xf1,
    0x7, 0xe0, 0x9, 0xb0, 0xb, 0x90, 0xe, 0x60,
    0x4, 0x10, 0x4, 0x0,

    /* U+201E "„" */
    0x1c, 0xc7, 0x3c, 0xc5, 0x2f, 0xf9, 0x4f, 0xf6,
    0x2f, 0xf9, 0x4f, 0xf6, 0x2, 0xf4, 0x5, 0xf1,
    0x7, 0xd0, 0xa, 0xa0, 0xd, 0x70, 0xf, 0x40,

    /* U+201F "‟" */
    0x1f, 0xe0, 0xef, 0x11, 0xfe, 0xe, 0xf1, 0xf,
    0x10, 0xd4, 0x0, 0xc5, 0x9, 0x80, 0x2, 0x90,
    0xa, 0x10,

    /* U+2020 "†" */
    0x0, 0x0, 0xef, 0x30, 0x0, 0x0, 0x0, 0xef,
    0x30, 0x0, 0x0, 0x0, 0xef, 0x30, 0x0, 0x0,
    0x0, 0xef, 0x30, 0x0, 0x3f, 0xff, 0xff, 0xff,
    0xf7, 0x2f, 0xff, 0xff, 0xff, 0xf7, 0x0, 0x0,
    0xef, 0x30, 0x0, 0x0, 0x0, 0xef, 0x30, 0x0,
    0x0, 0x0, 0xef, 0x30, 0x0, 0x0, 0x0, 0xef,
    0x30, 0x0, 0x0, 0x0, 0xef, 0x30, 0x0, 0x0,
    0x0, 0xef, 0x30, 0x0, 0x0, 0x0, 0xef, 0x30,
    0x0, 0x0, 0x0, 0xef, 0x30, 0x0, 0x0, 0x0,
    0xef, 0x30, 0x0, 0x0, 0x0, 0xef, 0x30, 0x0,

    /* U+2021 "‡" */
    0x0, 0x0, 0xef, 0x30, 0x0, 0x0, 0x0, 0xef,
    0x30, 0x0, 0x0, 0x0, 0xef, 0x30, 0x0, 0x0,
    0x0, 0xef, 0x30, 0x0, 0x3f, 0xff, 0xff, 0xff,
    0xf7, 0x2f, 0xff, 0xff, 0xff, 0xf7, 0x0, 0x0,
    0xef, 0x30, 0x0, 0x0, 0x0, 0xef, 0x30, 0x0,
    0x0, 0x0, 0xef, 0x30, 0x0, 0x0, 0x0, 0xef,
    0x30, 0x0, 0x2f, 0xff, 0xff, 0xff, 0xf7, 0x3f,
    0xff, 0xff, 0xff, 0xf7, 0x0, 0x0, 0xef, 0x30,
    0x0, 0x0, 0x0, 0xef, 0x30, 0x0, 0x0, 0x0,
    0xef, 0x30, 0x0, 0x0, 0x0, 0xef, 0x30, 0x0,

    /* U+2022 "•" */
    0x0, 0x13, 0x10, 0x0, 0x6f, 0xff, 0x40, 0xf,
    0xff, 0xfd, 0x1, 0xff, 0xff, 0xf0, 0xd, 0xff,
    0xfc, 0x0, 0x2c, 0xfc, 0x20,

    /* U+2023 "‣" */
    0x30, 0x0, 0x0, 0xea, 0x20, 0x0, 0xef, 0xf8,
    0x0, 0xef, 0xff, 0xe4, 0xef, 0xfe, 0x60, 0xef,
    0x91, 0x0, 0x92, 0x0, 0x0,

    /* U+2024 "․" */
    0x1, 0x12, 0xff, 0x2f, 0xf0,

    /* U+2025 "‥" */
    0x1, 0x10, 0x0, 0x1, 0x2, 0xff, 0x0, 0x4,
    0xfc, 0x2f, 0xf0, 0x0, 0x4f, 0xc0,

    /* U+2026 "…" */
    0x1c, 0xc7, 0xb, 0xc9, 0x8, 0xcc, 0x2f, 0xf9,
    0xe, 0xfc, 0xb, 0xff, 0x2f, 0xf9, 0xe, 0xfc,
    0xb, 0xff,

    /* U+203A "›" */
    0xa, 0xda, 0x0, 0x0, 0x2e, 0xf9, 0x0, 0x0,
    0x3f, 0xf6, 0x0, 0x0, 0x6f, 0xf3, 0x0, 0x0,
    0xbf, 0x60, 0x0, 0x4f, 0xf4, 0x0, 0x2f, 0xf8,
    0x0, 0xd, 0xfb, 0x0, 0xb, 0xfd, 0x0, 0x0,

    /* U+2713 "✓" */
    0x0, 0x0, 0x0, 0x0, 0x0, 0x0, 0x6a, 0xb0,
    0x0, 0x0, 0x0, 0x0, 0x0, 0x8, 0xfe, 0x30,
    0x0, 0x0, 0x0, 0x0, 0x0, 0x6f, 0xf3, 0x0,
    0x0, 0x0, 0x0, 0x0, 0x2, 0xff, 0x60, 0x0,
    0x0, 0x0, 0x0, 0x0, 0xd, 0xf9, 0x0, 0x0,
    0x0, 0x0, 0x0, 0x0, 0x8f, 0xd0, 0x0, 0x0,
    0x0, 0x0, 0x0, 0x2, 0xff, 0x40, 0x0, 0x0,
    0x0, 0x0, 0x0, 0xb, 0xfb, 0x0, 0x0, 0x0,
    0x0, 0x0, 0x0, 0x4f, 0xf2, 0x0, 0x0, 0x0,
    0x5, 0x50, 0x0, 0xcf, 0x80, 0x0, 0x0, 0x0,
    0x7f, 0xfa, 0x4, 0xff, 0x10, 0x0, 0x0, 0x0,
    0x3f, 0xff, 0x7c, 0xf9, 0x0, 0x0, 0x0, 0x0,
    0x6, 0xff, 0xff, 0xf2, 0x0, 0x0, 0x0, 0x0,
    0x0, 0x9f, 0xff, 0xa0, 0x0, 0x0, 0x0, 0x0,
    0x0, 0xd, 0xff, 0x30, 0x0, 0x0, 0x0, 0x0,
    0x0, 0x0, 0x31, 0x0, 0x0, 0x0, 0x0, 0x0,

    /* U+2717 "✗" */
    0x0, 0x3, 0x10, 0x0, 0x0, 0x0, 0x0, 0xd,
    0xe2, 0x0, 0x1, 0xc8, 0x0, 0xb, 0xfb, 0x0,
    0xc, 0xf7, 0x0, 0x7, 0xff, 0x30, 0xbf, 0x90,
    0x0, 0x3, 0xff, 0xbc, 0xfd, 0x0, 0x0, 0x0,
    0xff, 0xff, 0xf4, 0x0, 0x0, 0x0, 0xbf, 0xff,
    0xa0, 0x0, 0x0, 0x0, 0x9f, 0xff, 0x10, 0x0,
    0x0, 0x3, 0xff, 0xfc, 0x0, 0x0, 0x0, 0x2e,
    0xff, 0xff, 0x0, 0x0, 0x1, 0xdf, 0xff, 0xff,
    0x50, 0x0, 0xc, 0xff, 0xa2, 0xff, 0xd0, 0x0,
    0x9f, 0xfa, 0x0, 0x7f, 0xf6, 0x0, 0xdf, 0xb0,
    0x0, 0x7, 0xf9, 0x0, 0x2c, 0x0, 0x0, 0x0,
    0x40, 0x0, 0x0, 0x0, 0x0, 0x0, 0x0, 0x0
};


/*---------------------
 *  GLYPH DESCRIPTION
 *--------------------*/

static const lv_font_fmt_txt_glyph_dsc_t glyph_dsc[] = {
    {.bitmap_index = 0, .adv_w = 0, .box_w = 0, .box_h = 0, .ofs_x = 0, .ofs_y = 0} /* id = 0 reserved */,
    {.bitmap_index = 0, .adv_w = 82, .box_w = 0, .box_h = 0, .ofs_x = 0, .ofs_y = 0},
    {.bitmap_index = 0, .adv_w = 77, .box_w = 3, .box_h = 16, .ofs_x = 1, .ofs_y = 0},
    {.bitmap_index = 24, .adv_w = 121, .box_w = 7, .box_h = 6, .ofs_x = 0, .ofs_y = 10},
    {.bitmap_index = 45, .adv_w = 173, .box_w = 12, .box_h = 16, .ofs_x = -1, .ofs_y = 0},
    {.bitmap_index = 141, .adv_w = 216, .box_w = 12, .box_h = 20, .ofs_x = 1, .ofs_y = -2},
    {.bitmap_index = 261, .adv_w = 272, .box_w = 17, .box_h = 16, .ofs_x = 0, .ofs_y = 0},
    {.bitmap_index = 397, .adv_w = 218, .box_w = 14, .box_h = 16, .ofs_x = 0, .ofs_y = 0},
    {.bitmap_index = 509, .adv_w = 62, .box_w = 3, .box_h = 6, .ofs_x = 0, .ofs_y = 10},
    {.bitmap_index = 518, .adv_w = 97, .box_w = 6, .box_h = 19, .ofs_x = 0, .ofs_y = -2},
    {.bitmap_index = 575, .adv_w = 97, .box_w = 6, .box_h = 19, .ofs_x = 0, .ofs_y = -2},
    {.bitmap_index = 632, .adv_w = 143, .box_w = 9, .box_h = 8, .ofs_x = 0, .ofs_y = 8},
    {.bitmap_index = 668, .adv_w = 189, .box_w = 11, .box_h = 11, .ofs_x = 0, .ofs_y = 1},
    {.bitmap_index = 729, .adv_w = 72, .box_w = 4, .box_h = 6, .ofs_x = 0, .ofs_y = -3},
    {.bitmap_index = 741, .adv_w = 140, .box_w = 8, .box_h = 3, .ofs_x = 0, .ofs_y = 5},
    {.bitmap_index = 753, .adv_w = 72, .box_w = 4, .box_h = 3, .ofs_x = 0, .ofs_y = 0},
    {.bitmap_index = 759, .adv_w = 166, .box_w = 10, .box_h = 19, .ofs_x = 0, .ofs_y = -2},
    {.bitmap_index = 854, .adv_w = 226, .box_w = 13, .box_h = 16, .ofs_x = 1, .ofs_y = 0},
    {.bitmap_index = 958, .adv_w = 136, .box_w = 7, .box_h = 16, .ofs_x = 0, .ofs_y = 0},
    {.bitmap_index = 1014, .adv_w = 212, .box_w = 11, .box_h = 16, .ofs_x = 1, .ofs_y = 0},
    {.bitmap_index = 1102, .adv_w = 210, .box_w = 12, .box_h = 16, .ofs_x = 1, .ofs_y = 0},
    {.bitmap_index = 1198, .adv_w = 211, .box_w = 13, .box_h = 16, .ofs_x = 0, .ofs_y = 0},
    {.bitmap_index = 1302, .adv_w = 215, .box_w = 12, .box_h = 16, .ofs_x = 1, .ofs_y = 0},
    {.bitmap_index = 1398, .adv_w = 203, .box_w = 11, .box_h = 16, .ofs_x = 1, .ofs_y = 0},
    {.bitmap_index = 1486, .adv_w = 178, .box_w = 12, .box_h = 16, .ofs_x = 0, .ofs_y = 0},
    {.bitmap_index = 1582, .adv_w = 210, .box_w = 13, .box_h = 16, .ofs_x = 0, .ofs_y = 0},
    {.bitmap_index = 1686, .adv_w = 204, .box_w = 12, .box_h = 16, .ofs_x = 0, .ofs_y = 0},
    {.bitmap_index = 1782, .adv_w = 101, .box_w = 4, .box_h = 11, .ofs_x = 1, .ofs_y = 0},
    {.bitmap_index = 1804, .adv_w = 101, .box_w = 4, .box_h = 15, .ofs_x = 1, .ofs_y = -3},
    {.bitmap_index = 1834, .adv_w = 183, .box_w = 11, .box_h = 13, .ofs_x = 0, .ofs_y = 0},
    {.bitmap_index = 1906, .adv_w = 183, .box_w = 11, .box_h = 7, .ofs_x = 0, .ofs_y = 3},
    {.bitmap_index = 1945, .adv_w = 183, .box_w = 10, .box_h = 13, .ofs_x = 1, .ofs_y = 0},
    {.bitmap_index = 2010, .adv_w = 192, .box_w = 12, .box_h = 16, .ofs_x = 0, .ofs_y = 0},
    {.bitmap_index = 2106, .adv_w = 311, .box_w = 19, .box_h = 18, .ofs_x = 0, .ofs_y = -2},
    {.bitmap_index = 2277, .adv_w = 232, .box_w = 15, .box_h = 16, .ofs_x = 0, .ofs_y = 0},
    {.bitmap_index = 2397, .adv_w = 231, .box_w = 13, .box_h = 16, .ofs_x = 1, .ofs_y = 0},
    {.bitmap_index = 2501, .adv_w = 240, .box_w = 15, .box_h = 16, .ofs_x = 0, .ofs_y = 0},
    {.bitmap_index = 2621, .adv_w = 236, .box_w = 13, .box_h = 16, .ofs_x = 1, .ofs_y = 0},
    {.bitmap_index = 2725, .adv_w = 205, .box_w = 11, .box_h = 16, .ofs_x = 1, .ofs_y = 0},
    {.bitmap_index = 2813, .adv_w = 200, .box_w = 11, .box_h = 16, .ofs_x = 1, .ofs_y = 0},
    {.bitmap_index = 2901, .adv_w = 240, .box_w = 14, .box_h = 16, .ofs_x = 0, .ofs_y = 0},
    {.bitmap_index = 3013, .adv_w = 241, .box_w = 13, .box_h = 16, .ofs_x = 1, .ofs_y = 0},
    {.bitmap_index = 3117, .adv_w = 94, .box_w = 4, .box_h = 16, .ofs_x = 1, .ofs_y = 0},
    {.bitmap_index = 3149, .adv_w = 204, .box_w = 11, .box_h = 16, .ofs_x = 1, .ofs_y = 0},
    {.bitmap_index = 3237, .adv_w = 220, .box_w = 13, .box_h = 16, .ofs_x = 1, .ofs_y = 0},
    {.bitmap_index = 3341, .adv_w = 196, .box_w = 11, .box_h = 16, .ofs_x = 1, .ofs_y = 0},
    {.bitmap_index = 3429, .adv_w = 299, .box_w = 16, .box_h = 16, .ofs_x = 1, .ofs_y = 0},
    {.bitmap_index = 3557, .adv_w = 250, .box_w = 13, .box_h = 16, .ofs_x = 1, .ofs_y = 0},
    {.bitmap_index = 3661, .adv_w = 252, .box_w = 15, .box_h = 16, .ofs_x = 0, .ofs_y = 0},
    {.bitmap_index = 3781, .adv_w = 221, .box_w = 12, .box_h = 16, .ofs_x = 1, .ofs_y = 0},
    {.bitmap_index = 3877, .adv_w = 250, .box_w = 15, .box_h = 17, .ofs_x = 0, .ofs_y = -1},
    {.bitmap_index = 4005, .adv_w = 228, .box_w = 13, .box_h = 16, .ofs_x = 1, .ofs_y = 0},
    {.bitmap_index = 4109, .adv_w = 220, .box_w = 12, .box_h = 16, .ofs_x = 1, .ofs_y = 0},
    {.bitmap_index = 4205, .adv_w = 191, .box_w = 12, .box_h = 16, .ofs_x = 0, .ofs_y = 0},
    {.bitmap_index = 4301, .adv_w = 233, .box_w = 13, .box_h = 16, .ofs_x = 1, .ofs_y = 0},
    {.bitmap_index = 4405, .adv_w = 231, .box_w = 15, .box_h = 16, .ofs_x = 0, .ofs_y = 0},
    {.bitmap_index = 4525, .adv_w = 325, .box_w = 20, .box_h = 16, .ofs_x = 0, .ofs_y = 0},
    {.bitmap_index = 4685, .adv_w = 213, .box_w = 13, .box_h = 16, .ofs_x = 0, .ofs_y = 0},
    {.bitmap_index = 4789, .adv_w = 200, .box_w = 14, .box_h = 16, .ofs_x = -1, .ofs_y = 0},
    {.bitmap_index = 4901, .adv_w = 188, .box_w = 12, .box_h = 16, .ofs_x = 0, .ofs_y = 0},
    {.bitmap_index = 4997, .adv_w = 121, .box_w = 7, .box_h = 19, .ofs_x = 1, .ofs_y = -2},
    {.bitmap_index = 5064, .adv_w = 158, .box_w = 10, .box_h = 19, .ofs_x = 0, .ofs_y = -2},
    {.bitmap_index = 5159, .adv_w = 121, .box_w = 6, .box_h = 19, .ofs_x = 0, .ofs_y = -2},
    {.bitmap_index = 5216, .adv_w = 147, .box_w = 9, .box_h = 7, .ofs_x = 0, .ofs_y = 8},
    {.bitmap_index = 5248, .adv_w = 187, .box_w = 11, .box_h = 3, .ofs_x = 0, .ofs_y = -2},
    {.bitmap_index = 5265, .adv_w = 87, .box_w = 5, .box_h = 3, .ofs_x = 0, .ofs_y = 13},
    {.bitmap_index = 5273, .adv_w = 190, .box_w = 12, .box_h = 12, .ofs_x = 0, .ofs_y = 0},
    {.bitmap_index = 5345, .adv_w = 204, .box_w = 11, .box_h = 16, .ofs_x = 1, .ofs_y = 0},
    {.bitmap_index = 5433, .adv_w = 189, .box_w = 12, .box_h = 12, .ofs_x = 0, .ofs_y = 0},
    {.bitmap_index = 5505, .adv_w = 204, .box_w = 12, .box_h = 16, .ofs_x = 0, .ofs_y = 0},
    {.bitmap_index = 5601, .adv_w = 194, .box_w = 12, .box_h = 12, .ofs_x = 0, .ofs_y = 0},
    {.bitmap_index = 5673, .adv_w = 138, .box_w = 7, .box_h = 16, .ofs_x = 1, .ofs_y = 0},
    {.bitmap_index = 5729, .adv_w = 204, .box_w = 12, .box_h = 15, .ofs_x = 0, .ofs_y = -3},
    {.bitmap_index = 5819, .adv_w = 199, .box_w = 10, .box_h = 16, .ofs_x = 1, .ofs_y = 0},
    {.bitmap_index = 5899, .adv_w = 86, .box_w = 3, .box_h = 16, .ofs_x = 1, .ofs_y = 0},
    {.bitmap_index = 5923, .adv_w = 95, .box_w = 6, .box_h = 19, .ofs_x = -1, .ofs_y = -3},
    {.bitmap_index = 5980, .adv_w = 205, .box_w = 11, .box_h = 16, .ofs_x = 1, .ofs_y = 0},
    {.bitmap_index = 6068, .adv_w = 95, .box_w = 5, .box_h = 16, .ofs_x = 1, .ofs_y = 0},
    {.bitmap_index = 6108, .adv_w = 297, .box_w = 16, .box_h = 12, .ofs_x = 1, .ofs_y = 0},
    {.bitmap_index = 6204, .adv_w = 199, .box_w = 10, .box_h = 12, .ofs_x = 1, .ofs_y = 0},
    {.bitmap_index = 6264, .adv_w = 198, .box_w = 12, .box_h = 12, .ofs_x = 0, .ofs_y = 0},
    {.bitmap_index = 6336, .adv_w = 204, .box_w = 11, .box_h = 15, .ofs_x = 1, .ofs_y = -3},
    {.bitmap_index = 6419, .adv_w = 204, .box_w = 12, .box_h = 15, .ofs_x = 0, .ofs_y = -3},
    {.bitmap_index = 6509, .adv_w = 132, .box_w = 7, .box_h = 12, .ofs_x = 1, .ofs_y = 0},
    {.bitmap_index = 6551, .adv_w = 180, .box_w = 11, .box_h = 12, .ofs_x = 0, .ofs_y = 0},
    {.bitmap_index = 6617, .adv_w = 138, .box_w = 7, .box_h = 15, .ofs_x = 1, .ofs_y = 0},
    {.bitmap_index = 6670, .adv_w = 197, .box_w = 10, .box_h = 12, .ofs_x = 1, .ofs_y = 0},
    {.bitmap_index = 6730, .adv_w = 188, .box_w = 12, .box_h = 12, .ofs_x = 0, .ofs_y = 0},
    {.bitmap_index = 6802, .adv_w = 279, .box_w = 17, .box_h = 12, .ofs_x = 0, .ofs_y = 0},
    {.bitmap_index = 6904, .adv_w = 204, .box_w = 12, .box_h = 12, .ofs_x = 0, .ofs_y = 0},
    {.bitmap_index = 6976, .adv_w = 186, .box_w = 12, .box_h = 15, .ofs_x = 0, .ofs_y = -3},
    {.bitmap_index = 7066, .adv_w = 185, .box_w = 10, .box_h = 12, .ofs_x = 1, .ofs_y = 0},
    {.bitmap_index = 7126, .adv_w = 133, .box_w = 8, .box_h = 20, .ofs_x = 0, .ofs_y = -3},
    {.bitmap_index = 7206, .adv_w = 92, .box_w = 3, .box_h = 19, .ofs_x = 1, .ofs_y = -2},
    {.bitmap_index = 7235, .adv_w = 133, .box_w = 8, .box_h = 20, .ofs_x = 0, .ofs_y = -3},
    {.bitmap_index = 7315, .adv_w = 176, .box_w = 11, .box_h = 4, .ofs_x = 0, .ofs_y = 5},
    {.bitmap_index = 7337, .adv_w = 82, .box_w = 0, .box_h = 0, .ofs_x = 0, .ofs_y = 0},
    {.bitmap_index = 7337, .adv_w = 77, .box_w = 3, .box_h = 15, .ofs_x = 1, .ofs_y = -3},
    {.bitmap_index = 7360, .adv_w = 189, .box_w = 12, .box_h = 16, .ofs_x = 0, .ofs_y = 0},
    {.bitmap_index = 7456, .adv_w = 209, .box_w = 12, .box_h = 16, .ofs_x = 1, .ofs_y = 0},
    {.bitmap_index = 7552, .adv_w = 211, .box_w = 13, .box_h = 13, .ofs_x = 0, .ofs_y = 1},
    {.bitmap_index = 7637, .adv_w = 200, .box_w = 14, .box_h = 16, .ofs_x = -1, .ofs_y = 0},
    {.bitmap_index = 7749, .adv_w = 92, .box_w = 3, .box_h = 19, .ofs_x = 1, .ofs_y = -2},
    {.bitmap_index = 7778, .adv_w = 191, .box_w = 10, .box_h = 17, .ofs_x = 1, .ofs_y = -1},
    {.bitmap_index = 7863, .adv_w = 127, .box_w = 8, .box_h = 3, .ofs_x = 0, .ofs_y = 13},
    {.bitmap_index = 7875, .adv_w = 278, .box_w = 17, .box_h = 16, .ofs_x = 0, .ofs_y = 0},
    {.bitmap_index = 8011, .adv_w = 138, .box_w = 8, .box_h = 8, .ofs_x = 0, .ofs_y = 7},
    {.bitmap_index = 8043, .adv_w = 192, .box_w = 12, .box_h = 9, .ofs_x = 0, .ofs_y = 2},
    {.bitmap_index = 8097, .adv_w = 169, .box_w = 10, .box_h = 6, .ofs_x = 0, .ofs_y = 1},
    {.bitmap_index = 8127, .adv_w = 112, .box_w = 7, .box_h = 2, .ofs_x = 0, .ofs_y = 4},
    {.bitmap_index = 8134, .adv_w = 215, .box_w = 13, .box_h = 14, .ofs_x = 0, .ofs_y = 3},
    {.bitmap_index = 8225, .adv_w = 122, .box_w = 7, .box_h = 2, .ofs_x = 0, .ofs_y = 14},
    {.bitmap_index = 8232, .adv_w = 138, .box_w = 8, .box_h = 7, .ofs_x = 0, .ofs_y = 9},
    {.bitmap_index = 8260, .adv_w = 182, .box_w = 11, .box_h = 13, .ofs_x = 0, .ofs_y = 0},
    {.bitmap_index = 8332, .adv_w = 120, .box_w = 7, .box_h = 8, .ofs_x = 0, .ofs_y = 7},
    {.bitmap_index = 8360, .adv_w = 116, .box_w = 7, .box_h = 8, .ofs_x = 0, .ofs_y = 7},
    {.bitmap_index = 8388, .adv_w = 87, .box_w = 5, .box_h = 3, .ofs_x = 0, .ofs_y = 13},
    {.bitmap_index = 8396, .adv_w = 197, .box_w = 10, .box_h = 15, .ofs_x = 1, .ofs_y = -3},
    {.bitmap_index = 8471, .adv_w = 208, .box_w = 12, .box_h = 16, .ofs_x = 0, .ofs_y = 0},
    {.bitmap_index = 8567, .adv_w = 72, .box_w = 4, .box_h = 3, .ofs_x = 0, .ofs_y = 5},
    {.bitmap_index = 8573, .adv_w = 108, .box_w = 6, .box_h = 6, .ofs_x = 0, .ofs_y = -6},
    {.bitmap_index = 8591, .adv_w = 86, .box_w = 5, .box_h = 8, .ofs_x = 0, .ofs_y = 7},
    {.bitmap_index = 8611, .adv_w = 144, .box_w = 9, .box_h = 8, .ofs_x = 0, .ofs_y = 7},
    {.bitmap_index = 8647, .adv_w = 194, .box_w = 12, .box_h = 9, .ofs_x = 0, .ofs_y = 2},
    {.bitmap_index = 8701, .adv_w = 252, .box_w = 16, .box_h = 16, .ofs_x = 0, .ofs_y = 0},
    {.bitmap_index = 8829, .adv_w = 274, .box_w = 17, .box_h = 17, .ofs_x = 0, .ofs_y = -1},
    {.bitmap_index = 8974, .adv_w = 270, .box_w = 17, .box_h = 17, .ofs_x = 0, .ofs_y = 0},
    {.bitmap_index = 9119, .adv_w = 192, .box_w = 12, .box_h = 16, .ofs_x = 0, .ofs_y = -3},
    {.bitmap_index = 9215, .adv_w = 232, .box_w = 15, .box_h = 20, .ofs_x = 0, .ofs_y = 0},
    {.bitmap_index = 9365, .adv_w = 232, .box_w = 15, .box_h = 20, .ofs_x = 0, .ofs_y = 0},
    {.bitmap_index = 9515, .adv_w = 232, .box_w = 15, .box_h = 20, .ofs_x = 0, .ofs_y = 0},
    {.bitmap_index = 9665, .adv_w = 232, .box_w = 15, .box_h = 21, .ofs_x = 0, .ofs_y = 0},
    {.bitmap_index = 9823, .adv_w = 232, .box_w = 15, .box_h = 20, .ofs_x = 0, .ofs_y = 0},
    {.bitmap_index = 9973, .adv_w = 232, .box_w = 14, .box_h = 22, .ofs_x = 0, .ofs_y = 0},
    {.bitmap_index = 10127, .adv_w = 334, .box_w = 20, .box_h = 16, .ofs_x = 0, .ofs_y = 0},
    {.bitmap_index = 10287, .adv_w = 240, .box_w = 15, .box_h = 21, .ofs_x = 0, .ofs_y = -5},
    {.bitmap_index = 10445, .adv_w = 205, .box_w = 11, .box_h = 20, .ofs_x = 1, .ofs_y = 0},
    {.bitmap_index = 10555, .adv_w = 205, .box_w = 11, .box_h = 20, .ofs_x = 1, .ofs_y = 0},
    {.bitmap_index = 10665, .adv_w = 205, .box_w = 11, .box_h = 20, .ofs_x = 1, .ofs_y = 0},
    {.bitmap_index = 10775, .adv_w = 205, .box_w = 11, .box_h = 20, .ofs_x = 1, .ofs_y = 0},
    {.bitmap_index = 10885, .adv_w = 94, .box_w = 5, .box_h = 20, .ofs_x = 0, .ofs_y = 0},
    {.bitmap_index = 10935, .adv_w = 94, .box_w = 5, .box_h = 20, .ofs_x = 1, .ofs_y = 0},
    {.bitmap_index = 10985, .adv_w = 94, .box_w = 8, .box_h = 20, .ofs_x = -1, .ofs_y = 0},
    {.bitmap_index = 11065, .adv_w = 94, .box_w = 8, .box_h = 20, .ofs_x = -1, .ofs_y = 0},
    {.bitmap_index = 11145, .adv_w = 236, .box_w = 14, .box_h = 16, .ofs_x = 0, .ofs_y = 0},
    {.bitmap_index = 11257, .adv_w = 250, .box_w = 13, .box_h = 21, .ofs_x = 1, .ofs_y = 0},
    {.bitmap_index = 11394, .adv_w = 252, .box_w = 15, .box_h = 20, .ofs_x = 0, .ofs_y = 0},
    {.bitmap_index = 11544, .adv_w = 252, .box_w = 15, .box_h = 20, .ofs_x = 0, .ofs_y = 0},
    {.bitmap_index = 11694, .adv_w = 252, .box_w = 15, .box_h = 21, .ofs_x = 0, .ofs_y = 0},
    {.bitmap_index = 11852, .adv_w = 252, .box_w = 15, .box_h = 21, .ofs_x = 0, .ofs_y = 0},
    {.bitmap_index = 12010, .adv_w = 252, .box_w = 15, .box_h = 20, .ofs_x = 0, .ofs_y = 0},
    {.bitmap_index = 12160, .adv_w = 173, .box_w = 10, .box_h = 11, .ofs_x = 0, .ofs_y = 1},
    {.bitmap_index = 12215, .adv_w = 252, .box_w = 15, .box_h = 16, .ofs_x = 0, .ofs_y = 0},
    {.bitmap_index = 12335, .adv_w = 233, .box_w = 13, .box_h = 20, .ofs_x = 1, .ofs_y = 0},
    {.bitmap_index = 12465, .adv_w = 233, .box_w = 13, .box_h = 20, .ofs_x = 1, .ofs_y = 0},
    {.bitmap_index = 12595, .adv_w = 233, .box_w = 13, .box_h = 21, .ofs_x = 1, .ofs_y = 0},
    {.bitmap_index = 12732, .adv_w = 233, .box_w = 13, .box_h = 20, .ofs_x = 1, .ofs_y = 0},
    {.bitmap_index = 12862, .adv_w = 200, .box_w = 14, .box_h = 20, .ofs_x = -1, .ofs_y = 0},
    {.bitmap_index = 13002, .adv_w = 211, .box_w = 12, .box_h = 16, .ofs_x = 1, .ofs_y = 0},
    {.bitmap_index = 13098, .adv_w = 205, .box_w = 12, .box_h = 16, .ofs_x = 1, .ofs_y = 0},
    {.bitmap_index = 13194, .adv_w = 190, .box_w = 12, .box_h = 16, .ofs_x = 0, .ofs_y = 0},
    {.bitmap_index = 13290, .adv_w = 190, .box_w = 12, .box_h = 16, .ofs_x = 0, .ofs_y = 0},
    {.bitmap_index = 13386, .adv_w = 190, .box_w = 12, .box_h = 17, .ofs_x = 0, .ofs_y = 0},
    {.bitmap_index = 13488, .adv_w = 190, .box_w = 12, .box_h = 16, .ofs_x = 0, .ofs_y = 0},
    {.bitmap_index = 13584, .adv_w = 190, .box_w = 12, .box_h = 16, .ofs_x = 0, .ofs_y = 0},
    {.bitmap_index = 13680, .adv_w = 190, .box_w = 12, .box_h = 18, .ofs_x = 0, .ofs_y = 0},
    {.bitmap_index = 13788, .adv_w = 313, .box_w = 19, .box_h = 12, .ofs_x = 0, .ofs_y = 0},
    {.bitmap_index = 13902, .adv_w = 189, .box_w = 12, .box_h = 17, .ofs_x = 0, .ofs_y = -5},
    {.bitmap_index = 14004, .adv_w = 194, .box_w = 12, .box_h = 16, .ofs_x = 0, .ofs_y = 0},
    {.bitmap_index = 14100, .adv_w = 194, .box_w = 12, .box_h = 16, .ofs_x = 0, .ofs_y = 0},
    {.bitmap_index = 14196, .adv_w = 194, .box_w = 12, .box_h = 17, .ofs_x = 0, .ofs_y = 0},
    {.bitmap_index = 14298, .adv_w = 194, .box_w = 12, .box_h = 16, .ofs_x = 0, .ofs_y = 0},
    {.bitmap_index = 14394, .adv_w = 86, .box_w = 4, .box_h = 16, .ofs_x = 0, .ofs_y = 0},
    {.bitmap_index = 14426, .adv_w = 86, .box_w = 5, .box_h = 16, .ofs_x = 1, .ofs_y = 0},
    {.bitmap_index = 14466, .adv_w = 86, .box_w = 7, .box_h = 16, .ofs_x = -1, .ofs_y = 0},
    {.bitmap_index = 14522, .adv_w = 86, .box_w = 6, .box_h = 16, .ofs_x = 0, .ofs_y = 0},
    {.bitmap_index = 14570, .adv_w = 198, .box_w = 12, .box_h = 17, .ofs_x = 0, .ofs_y = 0},
    {.bitmap_index = 14672, .adv_w = 199, .box_w = 10, .box_h = 16, .ofs_x = 1, .ofs_y = 0},
    {.bitmap_index = 14752, .adv_w = 198, .box_w = 12, .box_h = 16, .ofs_x = 0, .ofs_y = 0},
    {.bitmap_index = 14848, .adv_w = 198, .box_w = 12, .box_h = 16, .ofs_x = 0, .ofs_y = 0},
    {.bitmap_index = 14944, .adv_w = 198, .box_w = 12, .box_h = 17, .ofs_x = 0, .ofs_y = 0},
    {.bitmap_index = 15046, .adv_w = 198, .box_w = 12, .box_h = 16, .ofs_x = 0, .ofs_y = 0},
    {.bitmap_index = 15142, .adv_w = 198, .box_w = 12, .box_h = 16, .ofs_x = 0, .ofs_y = 0},
    {.bitmap_index = 15238, .adv_w = 184, .box_w = 11, .box_h = 11, .ofs_x = 0, .ofs_y = 1},
    {.bitmap_index = 15299, .adv_w = 198, .box_w = 12, .box_h = 12, .ofs_x = 0, .ofs_y = 0},
    {.bitmap_index = 15371, .adv_w = 197, .box_w = 10, .box_h = 16, .ofs_x = 1, .ofs_y = 0},
    {.bitmap_index = 15451, .adv_w = 197, .box_w = 10, .box_h = 16, .ofs_x = 1, .ofs_y = 0},
    {.bitmap_index = 15531, .adv_w = 197, .box_w = 10, .box_h = 17, .ofs_x = 1, .ofs_y = 0},
    {.bitmap_index = 15616, .adv_w = 197, .box_w = 10, .box_h = 16, .ofs_x = 1, .ofs_y = 0},
    {.bitmap_index = 15696, .adv_w = 186, .box_w = 12, .box_h = 19, .ofs_x = 0, .ofs_y = -3},
    {.bitmap_index = 15810, .adv_w = 203, .box_w = 11, .box_h = 19, .ofs_x = 1, .ofs_y = -3},
    {.bitmap_index = 15915, .adv_w = 186, .box_w = 12, .box_h = 19, .ofs_x = 0, .ofs_y = -3},
    {.bitmap_index = 16029, .adv_w = 232, .box_w = 15, .box_h = 20, .ofs_x = 0, .ofs_y = 0},
    {.bitmap_index = 16179, .adv_w = 190, .box_w = 12, .box_h = 16, .ofs_x = 0, .ofs_y = 0},
    {.bitmap_index = 16275, .adv_w = 232, .box_w = 15, .box_h = 20, .ofs_x = 0, .ofs_y = 0},
    {.bitmap_index = 16425, .adv_w = 190, .box_w = 12, .box_h = 17, .ofs_x = 0, .ofs_y = 0},
    {.bitmap_index = 16527, .adv_w = 232, .box_w = 15, .box_h = 21, .ofs_x = 0, .ofs_y = -5},
    {.bitmap_index = 16685, .adv_w = 190, .box_w = 13, .box_h = 17, .ofs_x = 0, .ofs_y = -5},
    {.bitmap_index = 16796, .adv_w = 240, .box_w = 15, .box_h = 20, .ofs_x = 0, .ofs_y = 0},
    {.bitmap_index = 16946, .adv_w = 189, .box_w = 12, .box_h = 16, .ofs_x = 0, .ofs_y = 0},
    {.bitmap_index = 17042, .adv_w = 240, .box_w = 15, .box_h = 21, .ofs_x = 0, .ofs_y = 0},
    {.bitmap_index = 17200, .adv_w = 189, .box_w = 12, .box_h = 17, .ofs_x = 0, .ofs_y = 0},
    {.bitmap_index = 17302, .adv_w = 240, .box_w = 15, .box_h = 20, .ofs_x = 0, .ofs_y = 0},
    {.bitmap_index = 17452, .adv_w = 189, .box_w = 12, .box_h = 16, .ofs_x = 0, .ofs_y = 0},
    {.bitmap_index = 17548, .adv_w = 240, .box_w = 15, .box_h = 21, .ofs_x = 0, .ofs_y = 0},
    {.bitmap_index = 17706, .adv_w = 189, .box_w = 12, .box_h = 17, .ofs_x = 0, .ofs_y = 0},
    {.bitmap_index = 17808, .adv_w = 236, .box_w = 13, .box_h = 20, .ofs_x = 1, .ofs_y = 0},
    {.bitmap_index = 17938, .adv_w = 231, .box_w = 15, .box_h = 16, .ofs_x = 0, .ofs_y = 0},
    {.bitmap_index = 18058, .adv_w = 236, .box_w = 14, .box_h = 16, .ofs_x = 0, .ofs_y = 0},
    {.bitmap_index = 18170, .adv_w = 204, .box_w = 13, .box_h = 16, .ofs_x = 0, .ofs_y = 0},
    {.bitmap_index = 18274, .adv_w = 205, .box_w = 11, .box_h = 20, .ofs_x = 1, .ofs_y = 0},
    {.bitmap_index = 18384, .adv_w = 194, .box_w = 12, .box_h = 16, .ofs_x = 0, .ofs_y = 0},
    {.bitmap_index = 18480, .adv_w = 224, .box_w = 12, .box_h = 19, .ofs_x = 1, .ofs_y = 0},
    {.bitmap_index = 18594, .adv_w = 187, .box_w = 11, .box_h = 15, .ofs_x = 0, .ofs_y = 0},
    {.bitmap_index = 18677, .adv_w = 205, .box_w = 11, .box_h = 20, .ofs_x = 1, .ofs_y = 0},
    {.bitmap_index = 18787, .adv_w = 194, .box_w = 12, .box_h = 16, .ofs_x = 0, .ofs_y = 0},
    {.bitmap_index = 18883, .adv_w = 205, .box_w = 12, .box_h = 21, .ofs_x = 1, .ofs_y = -5},
    {.bitmap_index = 19009, .adv_w = 194, .box_w = 12, .box_h = 17, .ofs_x = 0, .ofs_y = -5},
    {.bitmap_index = 19111, .adv_w = 205, .box_w = 11, .box_h = 20, .ofs_x = 1, .ofs_y = 0},
    {.bitmap_index = 19221, .adv_w = 194, .box_w = 12, .box_h = 17, .ofs_x = 0, .ofs_y = 0},
    {.bitmap_index = 19323, .adv_w = 240, .box_w = 14, .box_h = 21, .ofs_x = 0, .ofs_y = 0},
    {.bitmap_index = 19470, .adv_w = 204, .box_w = 12, .box_h = 20, .ofs_x = 0, .ofs_y = -3},
    {.bitmap_index = 19590, .adv_w = 240, .box_w = 14, .box_h = 21, .ofs_x = 0, .ofs_y = 0},
    {.bitmap_index = 19737, .adv_w = 204, .box_w = 12, .box_h = 20, .ofs_x = 0, .ofs_y = -3},
    {.bitmap_index = 19857, .adv_w = 240, .box_w = 14, .box_h = 20, .ofs_x = 0, .ofs_y = 0},
    {.bitmap_index = 19997, .adv_w = 204, .box_w = 12, .box_h = 19, .ofs_x = 0, .ofs_y = -3},
    {.bitmap_index = 20111, .adv_w = 240, .box_w = 14, .box_h = 21, .ofs_x = 0, .ofs_y = -5},
    {.bitmap_index = 20258, .adv_w = 204, .box_w = 12, .box_h = 21, .ofs_x = 0, .ofs_y = -3},
    {.bitmap_index = 20384, .adv_w = 241, .box_w = 13, .box_h = 20, .ofs_x = 1, .ofs_y = 0},
    {.bitmap_index = 20514, .adv_w = 199, .box_w = 12, .box_h = 20, .ofs_x = -1, .ofs_y = 0},
    {.bitmap_index = 20634, .adv_w = 241, .box_w = 15, .box_h = 16, .ofs_x = 0, .ofs_y = 0},
    {.bitmap_index = 20754, .adv_w = 199, .box_w = 11, .box_h = 16, .ofs_x = 0, .ofs_y = 0},
    {.bitmap_index = 20842, .adv_w = 94, .box_w = 8, .box_h = 21, .ofs_x = -1, .ofs_y = 0},
    {.bitmap_index = 20926, .adv_w = 86, .box_w = 8, .box_h = 16, .ofs_x = -1, .ofs_y = 0},
    {.bitmap_index = 20990, .adv_w = 94, .box_w = 6, .box_h = 20, .ofs_x = 0, .ofs_y = 0},
    {.bitmap_index = 21050, .adv_w = 86, .box_w = 7, .box_h = 16, .ofs_x = -1, .ofs_y = 0},
    {.bitmap_index = 21106, .adv_w = 93, .box_w = 7, .box_h = 19, .ofs_x = -1, .ofs_y = 0},
    {.bitmap_index = 21173, .adv_w = 75, .box_w = 7, .box_h = 15, .ofs_x = -1, .ofs_y = 0},
    {.bitmap_index = 21226, .adv_w = 94, .box_w = 5, .box_h = 21, .ofs_x = 0, .ofs_y = -5},
    {.bitmap_index = 21279, .adv_w = 86, .box_w = 5, .box_h = 21, .ofs_x = 0, .ofs_y = -5},
    {.bitmap_index = 21332, .adv_w = 94, .box_w = 4, .box_h = 20, .ofs_x = 1, .ofs_y = 0},
    {.bitmap_index = 21372, .adv_w = 86, .box_w = 3, .box_h = 12, .ofs_x = 1, .ofs_y = 0},
    {.bitmap_index = 21390, .adv_w = 292, .box_w = 16, .box_h = 16, .ofs_x = 1, .ofs_y = 0},
    {.bitmap_index = 21518, .adv_w = 176, .box_w = 9, .box_h = 19, .ofs_x = 1, .ofs_y = -3},
    {.bitmap_index = 21604, .adv_w = 204, .box_w = 13, .box_h = 21, .ofs_x = 1, .ofs_y = 0},
    {.bitmap_index = 21741, .adv_w = 95, .box_w = 8, .box_h = 20, .ofs_x = -1, .ofs_y = -3},
    {.bitmap_index = 21821, .adv_w = 220, .box_w = 13, .box_h = 21, .ofs_x = 1, .ofs_y = -5},
    {.bitmap_index = 21958, .adv_w = 205, .box_w = 11, .box_h = 21, .ofs_x = 1, .ofs_y = -5},
    {.bitmap_index = 22074, .adv_w = 147, .box_w = 9, .box_h = 11, .ofs_x = 1, .ofs_y = 0},
    {.bitmap_index = 22124, .adv_w = 196, .box_w = 11, .box_h = 20, .ofs_x = 1, .ofs_y = 0},
    {.bitmap_index = 22234, .adv_w = 95, .box_w = 5, .box_h = 19, .ofs_x = 1, .ofs_y = 0},
    {.bitmap_index = 22282, .adv_w = 196, .box_w = 11, .box_h = 21, .ofs_x = 1, .ofs_y = -5},
    {.bitmap_index = 22398, .adv_w = 95, .box_w = 5, .box_h = 21, .ofs_x = 1, .ofs_y = -5},
    {.bitmap_index = 22451, .adv_w = 196, .box_w = 11, .box_h = 16, .ofs_x = 1, .ofs_y = 0},
    {.bitmap_index = 22539, .adv_w = 115, .box_w = 7, .box_h = 16, .ofs_x = 1, .ofs_y = 0},
    {.bitmap_index = 22595, .adv_w = 187, .box_w = 10, .box_h = 15, .ofs_x = 1, .ofs_y = 0},
    {.bitmap_index = 22670, .adv_w = 107, .box_w = 6, .box_h = 15, .ofs_x = 1, .ofs_y = 0},
    {.bitmap_index = 22715, .adv_w = 196, .box_w = 12, .box_h = 16, .ofs_x = 0, .ofs_y = 0},
    {.bitmap_index = 22811, .adv_w = 95, .box_w = 6, .box_h = 16, .ofs_x = 0, .ofs_y = 0},
    {.bitmap_index = 22859, .adv_w = 250, .box_w = 13, .box_h = 20, .ofs_x = 1, .ofs_y = 0},
    {.bitmap_index = 22989, .adv_w = 199, .box_w = 10, .box_h = 16, .ofs_x = 1, .ofs_y = 0},
    {.bitmap_index = 23069, .adv_w = 250, .box_w = 13, .box_h = 21, .ofs_x = 1, .ofs_y = -5},
    {.bitmap_index = 23206, .adv_w = 199, .box_w = 10, .box_h = 17, .ofs_x = 1, .ofs_y = -5},
    {.bitmap_index = 23291, .adv_w = 250, .box_w = 13, .box_h = 20, .ofs_x = 1, .ofs_y = 0},
    {.bitmap_index = 23421, .adv_w = 199, .box_w = 10, .box_h = 17, .ofs_x = 1, .ofs_y = 0},
    {.bitmap_index = 23506, .adv_w = 210, .box_w = 13, .box_h = 15, .ofs_x = -1, .ofs_y = 0},
    {.bitmap_index = 23604, .adv_w = 250, .box_w = 13, .box_h = 19, .ofs_x = 1, .ofs_y = -3},
    {.bitmap_index = 23728, .adv_w = 199, .box_w = 10, .box_h = 15, .ofs_x = 1, .ofs_y = -3},
    {.bitmap_index = 23803, .adv_w = 252, .box_w = 15, .box_h = 20, .ofs_x = 0, .ofs_y = 0},
    {.bitmap_index = 23953, .adv_w = 198, .box_w = 12, .box_h = 16, .ofs_x = 0, .ofs_y = 0},
    {.bitmap_index = 24049, .adv_w = 261, .box_w = 16, .box_h = 19, .ofs_x = 0, .ofs_y = 0},
    {.bitmap_index = 24201, .adv_w = 187, .box_w = 11, .box_h = 15, .ofs_x = 0, .ofs_y = 0},
    {.bitmap_index = 24284, .adv_w = 252, .box_w = 15, .box_h = 20, .ofs_x = 0, .ofs_y = 0},
    {.bitmap_index = 24434, .adv_w = 198, .box_w = 12, .box_h = 16, .ofs_x = 0, .ofs_y = 0},
    {.bitmap_index = 24530, .adv_w = 369, .box_w = 22, .box_h = 16, .ofs_x = 0, .ofs_y = 0},
    {.bitmap_index = 24706, .adv_w = 326, .box_w = 20, .box_h = 12, .ofs_x = 0, .ofs_y = 0},
    {.bitmap_index = 24826, .adv_w = 228, .box_w = 13, .box_h = 20, .ofs_x = 1, .ofs_y = 0},
    {.bitmap_index = 24956, .adv_w = 132, .box_w = 7, .box_h = 16, .ofs_x = 1, .ofs_y = 0},
    {.bitmap_index = 25012, .adv_w = 228, .box_w = 13, .box_h = 21, .ofs_x = 1, .ofs_y = -5},
    {.bitmap_index = 25149, .adv_w = 132, .box_w = 7, .box_h = 17, .ofs_x = 1, .ofs_y = -5},
    {.bitmap_index = 25209, .adv_w = 228, .box_w = 13, .box_h = 20, .ofs_x = 1, .ofs_y = 0},
    {.bitmap_index = 25339, .adv_w = 132, .box_w = 7, .box_h = 16, .ofs_x = 1, .ofs_y = 0},
    {.bitmap_index = 25395, .adv_w = 220, .box_w = 12, .box_h = 20, .ofs_x = 1, .ofs_y = 0},
    {.bitmap_index = 25515, .adv_w = 180, .box_w = 11, .box_h = 16, .ofs_x = 0, .ofs_y = 0},
    {.bitmap_index = 25603, .adv_w = 220, .box_w = 12, .box_h = 21, .ofs_x = 1, .ofs_y = 0},
    {.bitmap_index = 25729, .adv_w = 180, .box_w = 11, .box_h = 17, .ofs_x = 0, .ofs_y = 0},
    {.bitmap_index = 25823, .adv_w = 220, .box_w = 12, .box_h = 21, .ofs_x = 1, .ofs_y = -5},
    {.bitmap_index = 25949, .adv_w = 180, .box_w = 11, .box_h = 17, .ofs_x = 0, .ofs_y = -5},
    {.bitmap_index = 26043, .adv_w = 220, .box_w = 12, .box_h = 21, .ofs_x = 1, .ofs_y = 0},
    {.bitmap_index = 26169, .adv_w = 180, .box_w = 11, .box_h = 17, .ofs_x = 0, .ofs_y = 0},
    {.bitmap_index = 26263, .adv_w = 191, .box_w = 12, .box_h = 22, .ofs_x = 0, .ofs_y = -6},
    {.bitmap_index = 26395, .adv_w = 138, .box_w = 7, .box_h = 21, .ofs_x = 1, .ofs_y = -6},
    {.bitmap_index = 26469, .adv_w = 191, .box_w = 12, .box_h = 20, .ofs_x = 0, .ofs_y = 0},
    {.bitmap_index = 26589, .adv_w = 140, .box_w = 9, .box_h = 17, .ofs_x = 1, .ofs_y = 0},
    {.bitmap_index = 26666, .adv_w = 191, .box_w = 12, .box_h = 16, .ofs_x = 0, .ofs_y = 0},
    {.bitmap_index = 26762, .adv_w = 138, .box_w = 7, .box_h = 15, .ofs_x = 1, .ofs_y = 0},
    {.bitmap_index = 26815, .adv_w = 233, .box_w = 13, .box_h = 21, .ofs_x = 1, .ofs_y = 0},
    {.bitmap_index = 26952, .adv_w = 197, .box_w = 10, .box_h = 16, .ofs_x = 1, .ofs_y = 0},
    {.bitmap_index = 27032, .adv_w = 233, .box_w = 13, .box_h = 20, .ofs_x = 1, .ofs_y = 0},
    {.bitmap_index = 27162, .adv_w = 197, .box_w = 10, .box_h = 16, .ofs_x = 1, .ofs_y = 0},
    {.bitmap_index = 27242, .adv_w = 233, .box_w = 13, .box_h = 21, .ofs_x = 1, .ofs_y = 0},
    {.bitmap_index = 27379, .adv_w = 197, .box_w = 10, .box_h = 17, .ofs_x = 1, .ofs_y = 0},
    {.bitmap_index = 27464, .adv_w = 233, .box_w = 13, .box_h = 22, .ofs_x = 1, .ofs_y = 0},
    {.bitmap_index = 27607, .adv_w = 197, .box_w = 10, .box_h = 18, .ofs_x = 1, .ofs_y = 0},
    {.bitmap_index = 27697, .adv_w = 233, .box_w = 13, .box_h = 20, .ofs_x = 1, .ofs_y = 0},
    {.bitmap_index = 27827, .adv_w = 197, .box_w = 10, .box_h = 16, .ofs_x = 1, .ofs_y = 0},
    {.bitmap_index = 27907, .adv_w = 233, .box_w = 13, .box_h = 20, .ofs_x = 1, .ofs_y = -4},
    {.bitmap_index = 28037, .adv_w = 197, .box_w = 11, .box_h = 17, .ofs_x = 1, .ofs_y = -5},
    {.bitmap_index = 28131, .adv_w = 325, .box_w = 20, .box_h = 20, .ofs_x = 0, .ofs_y = 0},
    {.bitmap_index = 28331, .adv_w = 279, .box_w = 17, .box_h = 16, .ofs_x = 0, .ofs_y = 0},
    {.bitmap_index = 28467, .adv_w = 200, .box_w = 14, .box_h = 21, .ofs_x = -1, .ofs_y = 0},
    {.bitmap_index = 28614, .adv_w = 186, .box_w = 12, .box_h = 19, .ofs_x = 0, .ofs_y = -3},
    {.bitmap_index = 28728, .adv_w = 200, .box_w = 14, .box_h = 20, .ofs_x = -1, .ofs_y = 0},
    {.bitmap_index = 28868, .adv_w = 188, .box_w = 12, .box_h = 20, .ofs_x = 0, .ofs_y = 0},
    {.bitmap_index = 28988, .adv_w = 185, .box_w = 10, .box_h = 16, .ofs_x = 1, .ofs_y = 0},
    {.bitmap_index = 29068, .adv_w = 188, .box_w = 12, .box_h = 20, .ofs_x = 0, .ofs_y = 0},
    {.bitmap_index = 29188, .adv_w = 185, .box_w = 10, .box_h = 16, .ofs_x = 1, .ofs_y = 0},
    {.bitmap_index = 29268, .adv_w = 188, .box_w = 12, .box_h = 20, .ofs_x = 0, .ofs_y = 0},
    {.bitmap_index = 29388, .adv_w = 185, .box_w = 10, .box_h = 16, .ofs_x = 1, .ofs_y = 0},
    {.bitmap_index = 29468, .adv_w = 75, .box_w = 6, .box_h = 15, .ofs_x = 1, .ofs_y = 0},
    {.bitmap_index = 29513, .adv_w = 187, .box_w = 12, .box_h = 15, .ofs_x = -1, .ofs_y = 0},
    {.bitmap_index = 29603, .adv_w = 249, .box_w = 15, .box_h = 15, .ofs_x = 0, .ofs_y = 0},
    {.bitmap_index = 29716, .adv_w = 220, .box_w = 13, .box_h = 15, .ofs_x = 1, .ofs_y = 0},
    {.bitmap_index = 29814, .adv_w = 187, .box_w = 10, .box_h = 15, .ofs_x = 1, .ofs_y = 0},
    {.bitmap_index = 29889, .adv_w = 187, .box_w = 10, .box_h = 15, .ofs_x = 1, .ofs_y = 0},
    {.bitmap_index = 29964, .adv_w = 187, .box_w = 10, .box_h = 15, .ofs_x = 1, .ofs_y = 0},
    {.bitmap_index = 30039, .adv_w = 243, .box_w = 15, .box_h = 15, .ofs_x = 0, .ofs_y = 0},
    {.bitmap_index = 30152, .adv_w = 257, .box_w = 16, .box_h = 15, .ofs_x = 1, .ofs_y = 0},
    {.bitmap_index = 30272, .adv_w = 195, .box_w = 13, .box_h = 13, .ofs_x = 0, .ofs_y = 0},
    {.bitmap_index = 30357, .adv_w = 243, .box_w = 15, .box_h = 15, .ofs_x = 0, .ofs_y = 0},
    {.bitmap_index = 30470, .adv_w = 265, .box_w = 16, .box_h = 15, .ofs_x = 0, .ofs_y = 0},
    {.bitmap_index = 30590, .adv_w = 220, .box_w = 13, .box_h = 15, .ofs_x = 0, .ofs_y = 0},
    {.bitmap_index = 30688, .adv_w = 187, .box_w = 11, .box_h = 15, .ofs_x = 0, .ofs_y = 0},
    {.bitmap_index = 30771, .adv_w = 187, .box_w = 11, .box_h = 15, .ofs_x = 0, .ofs_y = -4},
    {.bitmap_index = 30854, .adv_w = 224, .box_w = 12, .box_h = 15, .ofs_x = 1, .ofs_y = 0},
    {.bitmap_index = 30944, .adv_w = 245, .box_w = 15, .box_h = 16, .ofs_x = 0, .ofs_y = 0},
    {.bitmap_index = 31064, .adv_w = 203, .box_w = 12, .box_h = 15, .ofs_x = 0, .ofs_y = 0},
    {.bitmap_index = 31154, .adv_w = 205, .box_w = 13, .box_h = 18, .ofs_x = -1, .ofs_y = -3},
    {.bitmap_index = 31271, .adv_w = 174, .box_w = 10, .box_h = 16, .ofs_x = 1, .ofs_y = 0},
    {.bitmap_index = 31351, .adv_w = 266, .box_w = 16, .box_h = 15, .ofs_x = 1, .ofs_y = 0},
    {.bitmap_index = 31471, .adv_w = 218, .box_w = 14, .box_h = 19, .ofs_x = 0, .ofs_y = -4},
    {.bitmap_index = 31604, .adv_w = 271, .box_w = 16, .box_h = 15, .ofs_x = 1, .ofs_y = 0},
    {.bitmap_index = 31724, .adv_w = 82, .box_w = 5, .box_h = 15, .ofs_x = 1, .ofs_y = 0},
    {.bitmap_index = 31762, .adv_w = 108, .box_w = 7, .box_h = 15, .ofs_x = 0, .ofs_y = 0},
    {.bitmap_index = 31815, .adv_w = 224, .box_w = 14, .box_h = 15, .ofs_x = 1, .ofs_y = 0},
    {.bitmap_index = 31920, .adv_w = 168, .box_w = 10, .box_h = 15, .ofs_x = 1, .ofs_y = 0},
    {.bitmap_index = 31995, .adv_w = 108, .box_w = 7, .box_h = 15, .ofs_x = 0, .ofs_y = 0},
    {.bitmap_index = 32048, .adv_w = 168, .box_w = 11, .box_h = 15, .ofs_x = 0, .ofs_y = 0},
    {.bitmap_index = 32131, .adv_w = 280, .box_w = 16, .box_h = 15, .ofs_x = 1, .ofs_y = 0},
    {.bitmap_index = 32251, .adv_w = 243, .box_w = 15, .box_h = 18, .ofs_x = -1, .ofs_y = -3},
    {.bitmap_index = 32386, .adv_w = 187, .box_w = 10, .box_h = 15, .ofs_x = 1, .ofs_y = -4},
    {.bitmap_index = 32461, .adv_w = 261, .box_w = 16, .box_h = 15, .ofs_x = 0, .ofs_y = 0},
    {.bitmap_index = 32581, .adv_w = 252, .box_w = 15, .box_h = 19, .ofs_x = 0, .ofs_y = 0},
    {.bitmap_index = 32724, .adv_w = 198, .box_w = 12, .box_h = 15, .ofs_x = 0, .ofs_y = 0},
    {.bitmap_index = 32814, .adv_w = 342, .box_w = 20, .box_h = 15, .ofs_x = 0, .ofs_y = 0},
    {.bitmap_index = 32964, .adv_w = 263, .box_w = 16, .box_h = 15, .ofs_x = 0, .ofs_y = -4},
    {.bitmap_index = 33084, .adv_w = 247, .box_w = 15, .box_h = 15, .ofs_x = 0, .ofs_y = 0},
    {.bitmap_index = 33197, .adv_w = 187, .box_w = 10, .box_h = 18, .ofs_x = 1, .ofs_y = -4},
    {.bitmap_index = 33287, .adv_w = 243, .box_w = 15, .box_h = 18, .ofs_x = 1, .ofs_y = -3},
    {.bitmap_index = 33422, .adv_w = 224, .box_w = 13, .box_h = 15, .ofs_x = 1, .ofs_y = 0},
    {.bitmap_index = 33520, .adv_w = 168, .box_w = 10, .box_h = 11, .ofs_x = 0, .ofs_y = 0},
    {.bitmap_index = 33575, .adv_w = 202, .box_w = 12, .box_h = 15, .ofs_x = 0, .ofs_y = 0},
    {.bitmap_index = 33665, .adv_w = 123, .box_w = 9, .box_h = 19, .ofs_x = 0, .ofs_y = -4},
    {.bitmap_index = 33751, .adv_w = 93, .box_w = 6, .box_h = 18, .ofs_x = 0, .ofs_y = -3},
    {.bitmap_index = 33805, .adv_w = 192, .box_w = 12, .box_h = 15, .ofs_x = 0, .ofs_y = 0},
    {.bitmap_index = 33895, .adv_w = 93, .box_w = 6, .box_h = 15, .ofs_x = 0, .ofs_y = 0},
    {.bitmap_index = 33940, .adv_w = 205, .box_w = 13, .box_h = 19, .ofs_x = 0, .ofs_y = -4},
    {.bitmap_index = 34064, .adv_w = 233, .box_w = 15, .box_h = 19, .ofs_x = 1, .ofs_y = 0},
    {.bitmap_index = 34207, .adv_w = 199, .box_w = 12, .box_h = 15, .ofs_x = 1, .ofs_y = 0},
    {.bitmap_index = 34297, .adv_w = 251, .box_w = 14, .box_h = 15, .ofs_x = 1, .ofs_y = 0},
    {.bitmap_index = 34402, .adv_w = 224, .box_w = 14, .box_h = 15, .ofs_x = 0, .ofs_y = 0},
    {.bitmap_index = 34507, .adv_w = 253, .box_w = 16, .box_h = 15, .ofs_x = 0, .ofs_y = 0},
    {.bitmap_index = 34627, .adv_w = 207, .box_w = 13, .box_h = 15, .ofs_x = 0, .ofs_y = -4},
    {.bitmap_index = 34725, .adv_w = 205, .box_w = 13, .box_h = 15, .ofs_x = 0, .ofs_y = 0},
    {.bitmap_index = 34823, .adv_w = 168, .box_w = 11, .box_h = 11, .ofs_x = 0, .ofs_y = 0},
    {.bitmap_index = 34884, .adv_w = 211, .box_w = 13, .box_h = 15, .ofs_x = 0, .ofs_y = 0},
    {.bitmap_index = 34982, .adv_w = 211, .box_w = 13, .box_h = 15, .ofs_x = 0, .ofs_y = 0},
    {.bitmap_index = 35080, .adv_w = 177, .box_w = 11, .box_h = 15, .ofs_x = 0, .ofs_y = -4},
    {.bitmap_index = 35163, .adv_w = 161, .box_w = 10, .box_h = 15, .ofs_x = 0, .ofs_y = -4},
    {.bitmap_index = 35238, .adv_w = 187, .box_w = 11, .box_h = 15, .ofs_x = 0, .ofs_y = 0},
    {.bitmap_index = 35321, .adv_w = 187, .box_w = 11, .box_h = 15, .ofs_x = 0, .ofs_y = 0},
    {.bitmap_index = 35404, .adv_w = 177, .box_w = 11, .box_h = 11, .ofs_x = 0, .ofs_y = 0},
    {.bitmap_index = 35465, .adv_w = 187, .box_w = 11, .box_h = 15, .ofs_x = 0, .ofs_y = 0},
    {.bitmap_index = 35548, .adv_w = 187, .box_w = 10, .box_h = 15, .ofs_x = 1, .ofs_y = -4},
    {.bitmap_index = 35623, .adv_w = 93, .box_w = 3, .box_h = 15, .ofs_x = 1, .ofs_y = 0},
    {.bitmap_index = 35646, .adv_w = 156, .box_w = 7, .box_h = 15, .ofs_x = 1, .ofs_y = 0},
    {.bitmap_index = 35699, .adv_w = 159, .box_w = 10, .box_h = 15, .ofs_x = 0, .ofs_y = 0},
    {.bitmap_index = 35774, .adv_w = 93, .box_w = 4, .box_h = 15, .ofs_x = 1, .ofs_y = 0},
    {.bitmap_index = 35804, .adv_w = 448, .box_w = 27, .box_h = 19, .ofs_x = 1, .ofs_y = 0},
    {.bitmap_index = 36061, .adv_w = 411, .box_w = 25, .box_h = 15, .ofs_x = 1, .ofs_y = 0},
    {.bitmap_index = 36249, .adv_w = 355, .box_w = 22, .box_h = 15, .ofs_x = 0, .ofs_y = 0},
    {.bitmap_index = 36414, .adv_w = 346, .box_w = 19, .box_h = 15, .ofs_x = 1, .ofs_y = 0},
    {.bitmap_index = 36557, .adv_w = 261, .box_w = 14, .box_h = 19, .ofs_x = 1, .ofs_y = -4},
    {.bitmap_index = 36690, .adv_w = 149, .box_w = 7, .box_h = 19, .ofs_x = 1, .ofs_y = -4},
    {.bitmap_index = 36757, .adv_w = 411, .box_w = 23, .box_h = 15, .ofs_x = 1, .ofs_y = 0},
    {.bitmap_index = 36930, .adv_w = 317, .box_w = 18, .box_h = 19, .ofs_x = 1, .ofs_y = -4},
    {.bitmap_index = 37101, .adv_w = 261, .box_w = 14, .box_h = 19, .ofs_x = 1, .ofs_y = -4},
    {.bitmap_index = 37234, .adv_w = 232, .box_w = 15, .box_h = 20, .ofs_x = 0, .ofs_y = 0},
    {.bitmap_index = 37384, .adv_w = 190, .box_w = 12, .box_h = 17, .ofs_x = 0, .ofs_y = 0},
    {.bitmap_index = 37486, .adv_w = 93, .box_w = 8, .box_h = 19, .ofs_x = -1, .ofs_y = 0},
    {.bitmap_index = 37562, .adv_w = 93, .box_w = 8, .box_h = 15, .ofs_x = -1, .ofs_y = 0},
    {.bitmap_index = 37622, .adv_w = 261, .box_w = 16, .box_h = 19, .ofs_x = 0, .ofs_y = 0},
    {.bitmap_index = 37774, .adv_w = 187, .box_w = 11, .box_h = 15, .ofs_x = 0, .ofs_y = 0},
    {.bitmap_index = 37857, .adv_w = 243, .box_w = 13, .box_h = 19, .ofs_x = 1, .ofs_y = 0},
    {.bitmap_index = 37981, .adv_w = 187, .box_w = 10, .box_h = 15, .ofs_x = 1, .ofs_y = 0},
    {.bitmap_index = 38056, .adv_w = 243, .box_w = 13, .box_h = 21, .ofs_x = 1, .ofs_y = 0},
    {.bitmap_index = 38193, .adv_w = 187, .box_w = 10, .box_h = 18, .ofs_x = 1, .ofs_y = 0},
    {.bitmap_index = 38283, .adv_w = 243, .box_w = 13, .box_h = 22, .ofs_x = 1, .ofs_y = 0},
    {.bitmap_index = 38426, .adv_w = 187, .box_w = 10, .box_h = 19, .ofs_x = 1, .ofs_y = 0},
    {.bitmap_index = 38521, .adv_w = 243, .box_w = 13, .box_h = 23, .ofs_x = 1, .ofs_y = 0},
    {.bitmap_index = 38671, .adv_w = 187, .box_w = 10, .box_h = 19, .ofs_x = 1, .ofs_y = 0},
    {.bitmap_index = 38766, .adv_w = 243, .box_w = 13, .box_h = 22, .ofs_x = 1, .ofs_y = 0},
    {.bitmap_index = 38909, .adv_w = 187, .box_w = 10, .box_h = 19, .ofs_x = 1, .ofs_y = 0},
    {.bitmap_index = 39004, .adv_w = 187, .box_w = 11, .box_h = 11, .ofs_x = 0, .ofs_y = 0},
    {.bitmap_index = 39065, .adv_w = 224, .box_w = 16, .box_h = 21, .ofs_x = -1, .ofs_y = 0},
    {.bitmap_index = 39233, .adv_w = 187, .box_w = 11, .box_h = 18, .ofs_x = 0, .ofs_y = 0},
    {.bitmap_index = 39332, .adv_w = 224, .box_w = 16, .box_h = 21, .ofs_x = -1, .ofs_y = 0},
    {.bitmap_index = 39500, .adv_w = 187, .box_w = 11, .box_h = 18, .ofs_x = 0, .ofs_y = 0},
    {.bitmap_index = 39599, .adv_w = 336, .box_w = 20, .box_h = 18, .ofs_x = 0, .ofs_y = 0},
    {.bitmap_index = 39779, .adv_w = 299, .box_w = 18, .box_h = 15, .ofs_x = 0, .ofs_y = 0},
    {.bitmap_index = 39914, .adv_w = 254, .box_w = 16, .box_h = 16, .ofs_x = 0, .ofs_y = 0},
    {.bitmap_index = 40042, .adv_w = 213, .box_w = 13, .box_h = 15, .ofs_x = 0, .ofs_y = -3},
    {.bitmap_index = 40140, .adv_w = 240, .box_w = 14, .box_h = 21, .ofs_x = 0, .ofs_y = 0},
    {.bitmap_index = 40287, .adv_w = 204, .box_w = 12, .box_h = 20, .ofs_x = 0, .ofs_y = -3},
    {.bitmap_index = 40407, .adv_w = 220, .box_w = 13, .box_h = 20, .ofs_x = 1, .ofs_y = 0},
    {.bitmap_index = 40537, .adv_w = 205, .box_w = 13, .box_h = 20, .ofs_x = -1, .ofs_y = 0},
    {.bitmap_index = 40667, .adv_w = 261, .box_w = 16, .box_h = 19, .ofs_x = 0, .ofs_y = -4},
    {.bitmap_index = 40819, .adv_w = 187, .box_w = 11, .box_h = 15, .ofs_x = 0, .ofs_y = -4},
    {.bitmap_index = 40902, .adv_w = 261, .box_w = 16, .box_h = 23, .ofs_x = 0, .ofs_y = -4},
    {.bitmap_index = 41086, .adv_w = 187, .box_w = 11, .box_h = 19, .ofs_x = 0, .ofs_y = -4},
    {.bitmap_index = 41191, .adv_w = 179, .box_w = 10, .box_h = 19, .ofs_x = 1, .ofs_y = 0},
    {.bitmap_index = 41286, .adv_w = 179, .box_w = 10, .box_h = 19, .ofs_x = 1, .ofs_y = -4},
    {.bitmap_index = 41381, .adv_w = 75, .box_w = 7, .box_h = 19, .ofs_x = -1, .ofs_y = -4},
    {.bitmap_index = 41448, .adv_w = 448, .box_w = 27, .box_h = 15, .ofs_x = 1, .ofs_y = 0},
    {.bitmap_index = 41651, .adv_w = 411, .box_w = 25, .box_h = 15, .ofs_x = 1, .ofs_y = 0},
    {.bitmap_index = 41839, .adv_w = 355, .box_w = 22, .box_h = 15, .ofs_x = 0, .ofs_y = 0},
    {.bitmap_index = 42004, .adv_w = 261, .box_w = 14, .box_h = 19, .ofs_x = 1, .ofs_y = 0},
    {.bitmap_index = 42137, .adv_w = 187, .box_w = 11, .box_h = 19, .ofs_x = 0, .ofs_y = -4},
    {.bitmap_index = 42242, .adv_w = 224, .box_w = 16, .box_h = 22, .ofs_x = -1, .ofs_y = 0},
    {.bitmap_index = 42418, .adv_w = 187, .box_w = 11, .box_h = 20, .ofs_x = 0, .ofs_y = 0},
    {.bitmap_index = 42528, .adv_w = 336, .box_w = 20, .box_h = 19, .ofs_x = 0, .ofs_y = 0},
    {.bitmap_index = 42718, .adv_w = 299, .box_w = 18, .box_h = 15, .ofs_x = 0, .ofs_y = 0},
    {.bitmap_index = 42853, .adv_w = 261, .box_w = 16, .box_h = 20, .ofs_x = 0, .ofs_y = -1},
    {.bitmap_index = 43013, .adv_w = 205, .box_w = 11, .box_h = 16, .ofs_x = 1, .ofs_y = -1},
    {.bitmap_index = 43101, .adv_w = 224, .box_w = 16, .box_h = 19, .ofs_x = -1, .ofs_y = 0},
    {.bitmap_index = 43253, .adv_w = 187, .box_w = 11, .box_h = 15, .ofs_x = 0, .ofs_y = 0},
    {.bitmap_index = 43336, .adv_w = 224, .box_w = 16, .box_h = 19, .ofs_x = -1, .ofs_y = 0},
    {.bitmap_index = 43488, .adv_w = 187, .box_w = 11, .box_h = 15, .ofs_x = 0, .ofs_y = 0},
    {.bitmap_index = 43571, .adv_w = 224, .box_w = 12, .box_h = 19, .ofs_x = 1, .ofs_y = 0},
    {.bitmap_index = 43685, .adv_w = 187, .box_w = 11, .box_h = 15, .ofs_x = 0, .ofs_y = 0},
    {.bitmap_index = 43768, .adv_w = 224, .box_w = 12, .box_h = 19, .ofs_x = 1, .ofs_y = 0},
    {.bitmap_index = 43882, .adv_w = 187, .box_w = 11, .box_h = 15, .ofs_x = 0, .ofs_y = 0},
    {.bitmap_index = 43965, .adv_w = 93, .box_w = 9, .box_h = 19, .ofs_x = -2, .ofs_y = 0},
    {.bitmap_index = 44051, .adv_w = 93, .box_w = 9, .box_h = 15, .ofs_x = -2, .ofs_y = 0},
    {.bitmap_index = 44119, .adv_w = 93, .box_w = 7, .box_h = 19, .ofs_x = -1, .ofs_y = 0},
    {.bitmap_index = 44186, .adv_w = 93, .box_w = 7, .box_h = 15, .ofs_x = -1, .ofs_y = 0},
    {.bitmap_index = 44239, .adv_w = 261, .box_w = 16, .box_h = 19, .ofs_x = 0, .ofs_y = 0},
    {.bitmap_index = 44391, .adv_w = 187, .box_w = 11, .box_h = 15, .ofs_x = 0, .ofs_y = 0},
    {.bitmap_index = 44474, .adv_w = 261, .box_w = 16, .box_h = 20, .ofs_x = 0, .ofs_y = 0},
    {.bitmap_index = 44634, .adv_w = 187, .box_w = 11, .box_h = 15, .ofs_x = 0, .ofs_y = 0},
    {.bitmap_index = 44717, .adv_w = 243, .box_w = 14, .box_h = 19, .ofs_x = 1, .ofs_y = 0},
    {.bitmap_index = 44850, .adv_w = 112, .box_w = 8, .box_h = 15, .ofs_x = 0, .ofs_y = 0},
    {.bitmap_index = 44910, .adv_w = 243, .box_w = 14, .box_h = 19, .ofs_x = 1, .ofs_y = 0},
    {.bitmap_index = 45043, .adv_w = 112, .box_w = 8, .box_h = 15, .ofs_x = 0, .ofs_y = 0},
    {.bitmap_index = 45103, .adv_w = 243, .box_w = 13, .box_h = 19, .ofs_x = 1, .ofs_y = 0},
    {.bitmap_index = 45227, .adv_w = 187, .box_w = 10, .box_h = 15, .ofs_x = 1, .ofs_y = 0},
    {.bitmap_index = 45302, .adv_w = 243, .box_w = 13, .box_h = 20, .ofs_x = 1, .ofs_y = 0},
    {.bitmap_index = 45432, .adv_w = 187, .box_w = 10, .box_h = 15, .ofs_x = 1, .ofs_y = 0},
    {.bitmap_index = 45507, .adv_w = 220, .box_w = 12, .box_h = 21, .ofs_x = 1, .ofs_y = -5},
    {.bitmap_index = 45633, .adv_w = 180, .box_w = 11, .box_h = 17, .ofs_x = 0, .ofs_y = -5},
    {.bitmap_index = 45727, .adv_w = 191, .box_w = 12, .box_h = 21, .ofs_x = 0, .ofs_y = -5},
    {.bitmap_index = 45853, .adv_w = 138, .box_w = 7, .box_h = 20, .ofs_x = 1, .ofs_y = -5},
    {.bitmap_index = 45923, .adv_w = 95, .box_w = 6, .box_h = 15, .ofs_x = -1, .ofs_y = -3},
    {.bitmap_index = 45968, .adv_w = 224, .box_w = 16, .box_h = 19, .ofs_x = -1, .ofs_y = -4},
    {.bitmap_index = 46120, .adv_w = 187, .box_w = 11, .box_h = 15, .ofs_x = 0, .ofs_y = -4},
    {.bitmap_index = 46203, .adv_w = 224, .box_w = 12, .box_h = 19, .ofs_x = 1, .ofs_y = 0},
    {.bitmap_index = 46317, .adv_w = 187, .box_w = 10, .box_h = 19, .ofs_x = 1, .ofs_y = 0},
    {.bitmap_index = 46412, .adv_w = 224, .box_w = 12, .box_h = 19, .ofs_x = 1, .ofs_y = -4},
    {.bitmap_index = 46526, .adv_w = 187, .box_w = 10, .box_h = 19, .ofs_x = 1, .ofs_y = -4},
    {.bitmap_index = 46621, .adv_w = 224, .box_w = 12, .box_h = 19, .ofs_x = 1, .ofs_y = -4},
    {.bitmap_index = 46735, .adv_w = 187, .box_w = 10, .box_h = 19, .ofs_x = 1, .ofs_y = -4},
    {.bitmap_index = 46830, .adv_w = 243, .box_w = 14, .box_h = 23, .ofs_x = 1, .ofs_y = -4},
    {.bitmap_index = 46991, .adv_w = 168, .box_w = 11, .box_h = 19, .ofs_x = 0, .ofs_y = -4},
    {.bitmap_index = 47096, .adv_w = 243, .box_w = 14, .box_h = 19, .ofs_x = 1, .ofs_y = 0},
    {.bitmap_index = 47229, .adv_w = 187, .box_w = 11, .box_h = 19, .ofs_x = 0, .ofs_y = 0},
    {.bitmap_index = 47334, .adv_w = 243, .box_w = 14, .box_h = 19, .ofs_x = 1, .ofs_y = -4},
    {.bitmap_index = 47467, .adv_w = 187, .box_w = 11, .box_h = 19, .ofs_x = 0, .ofs_y = -4},
    {.bitmap_index = 47572, .adv_w = 243, .box_w = 14, .box_h = 19, .ofs_x = 1, .ofs_y = -4},
    {.bitmap_index = 47705, .adv_w = 187, .box_w = 11, .box_h = 19, .ofs_x = 0, .ofs_y = -4},
    {.bitmap_index = 47810, .adv_w = 243, .box_w = 14, .box_h = 19, .ofs_x = 1, .ofs_y = -4},
    {.bitmap_index = 47943, .adv_w = 187, .box_w = 11, .box_h = 19, .ofs_x = 0, .ofs_y = -4},
    {.bitmap_index = 48048, .adv_w = 243, .box_w = 14, .box_h = 19, .ofs_x = 1, .ofs_y = -4},
    {.bitmap_index = 48181, .adv_w = 187, .box_w = 11, .box_h = 19, .ofs_x = 0, .ofs_y = -4},
    {.bitmap_index = 48286, .adv_w = 224, .box_w = 12, .box_h = 22, .ofs_x = 1, .ofs_y = 0},
    {.bitmap_index = 48418, .adv_w = 187, .box_w = 11, .box_h = 19, .ofs_x = 0, .ofs_y = 0},
    {.bitmap_index = 48523, .adv_w = 224, .box_w = 12, .box_h = 22, .ofs_x = 1, .ofs_y = 0},
    {.bitmap_index = 48655, .adv_w = 187, .box_w = 11, .box_h = 19, .ofs_x = 0, .ofs_y = 0},
    {.bitmap_index = 48760, .adv_w = 224, .box_w = 12, .box_h = 19, .ofs_x = 1, .ofs_y = -4},
    {.bitmap_index = 48874, .adv_w = 187, .box_w = 11, .box_h = 15, .ofs_x = 0, .ofs_y = -4},
    {.bitmap_index = 48957, .adv_w = 224, .box_w = 12, .box_h = 19, .ofs_x = 1, .ofs_y = -4},
    {.bitmap_index = 49071, .adv_w = 187, .box_w = 11, .box_h = 15, .ofs_x = 0, .ofs_y = -4},
    {.bitmap_index = 49154, .adv_w = 224, .box_w = 12, .box_h = 23, .ofs_x = 1, .ofs_y = -4},
    {.bitmap_index = 49292, .adv_w = 187, .box_w = 11, .box_h = 19, .ofs_x = 0, .ofs_y = -4},
    {.bitmap_index = 49397, .adv_w = 205, .box_w = 11, .box_h = 19, .ofs_x = 1, .ofs_y = 0},
    {.bitmap_index = 49502, .adv_w = 93, .box_w = 7, .box_h = 19, .ofs_x = 0, .ofs_y = 0},
    {.bitmap_index = 49569, .adv_w = 240, .box_w = 14, .box_h = 20, .ofs_x = 0, .ofs_y = 0},
    {.bitmap_index = 49709, .adv_w = 204, .box_w = 12, .box_h = 19, .ofs_x = 0, .ofs_y = -3},
    {.bitmap_index = 49823, .adv_w = 243, .box_w = 13, .box_h = 19, .ofs_x = 1, .ofs_y = 0},
    {.bitmap_index = 49947, .adv_w = 187, .box_w = 10, .box_h = 19, .ofs_x = 1, .ofs_y = 0},
    {.bitmap_index = 50042, .adv_w = 243, .box_w = 13, .box_h = 19, .ofs_x = 1, .ofs_y = -4},
    {.bitmap_index = 50166, .adv_w = 187, .box_w = 10, .box_h = 19, .ofs_x = 1, .ofs_y = -4},
    {.bitmap_index = 50261, .adv_w = 243, .box_w = 13, .box_h = 19, .ofs_x = 1, .ofs_y = 0},
    {.bitmap_index = 50385, .adv_w = 187, .box_w = 10, .box_h = 19, .ofs_x = 1, .ofs_y = 0},
    {.bitmap_index = 50480, .adv_w = 243, .box_w = 14, .box_h = 19, .ofs_x = 0, .ofs_y = -4},
    {.bitmap_index = 50613, .adv_w = 187, .box_w = 11, .box_h = 19, .ofs_x = 0, .ofs_y = -4},
    {.bitmap_index = 50718, .adv_w = 243, .box_w = 13, .box_h = 19, .ofs_x = 1, .ofs_y = -4},
    {.bitmap_index = 50842, .adv_w = 187, .box_w = 10, .box_h = 19, .ofs_x = 1, .ofs_y = -4},
    {.bitmap_index = 50937, .adv_w = 93, .box_w = 8, .box_h = 19, .ofs_x = -1, .ofs_y = -4},
    {.bitmap_index = 51013, .adv_w = 75, .box_w = 8, .box_h = 19, .ofs_x = -2, .ofs_y = -4},
    {.bitmap_index = 51089, .adv_w = 93, .box_w = 6, .box_h = 22, .ofs_x = 0, .ofs_y = 0},
    {.bitmap_index = 51155, .adv_w = 93, .box_w = 6, .box_h = 19, .ofs_x = 0, .ofs_y = 0},
    {.bitmap_index = 51212, .adv_w = 224, .box_w = 13, .box_h = 19, .ofs_x = 1, .ofs_y = 0},
    {.bitmap_index = 51336, .adv_w = 168, .box_w = 10, .box_h = 19, .ofs_x = 1, .ofs_y = 0},
    {.bitmap_index = 51431, .adv_w = 224, .box_w = 13, .box_h = 19, .ofs_x = 1, .ofs_y = -4},
    {.bitmap_index = 51555, .adv_w = 168, .box_w = 10, .box_h = 19, .ofs_x = 1, .ofs_y = -4},
    {.bitmap_index = 51650, .adv_w = 224, .box_w = 13, .box_h = 19, .ofs_x = 1, .ofs_y = -4},
    {.bitmap_index = 51774, .adv_w = 168, .box_w = 10, .box_h = 19, .ofs_x = 1, .ofs_y = -4},
    {.bitmap_index = 51869, .adv_w = 187, .box_w = 10, .box_h = 19, .ofs_x = 1, .ofs_y = -4},
    {.bitmap_index = 51964, .adv_w = 75, .box_w = 3, .box_h = 19, .ofs_x = 1, .ofs_y = -4},
    {.bitmap_index = 51993, .adv_w = 187, .box_w = 10, .box_h = 23, .ofs_x = 1, .ofs_y = -4},
    {.bitmap_index = 52108, .adv_w = 75, .box_w = 7, .box_h = 23, .ofs_x = -1, .ofs_y = -4},
    {.bitmap_index = 52189, .adv_w = 187, .box_w = 10, .box_h = 19, .ofs_x = 1, .ofs_y = -4},
    {.bitmap_index = 52284, .adv_w = 75, .box_w = 7, .box_h = 19, .ofs_x = -1, .ofs_y = -4},
    {.bitmap_index = 52351, .adv_w = 187, .box_w = 10, .box_h = 19, .ofs_x = 1, .ofs_y = -4},
    {.bitmap_index = 52446, .adv_w = 75, .box_w = 7, .box_h = 19, .ofs_x = -1, .ofs_y = -4},
    {.bitmap_index = 52513, .adv_w = 280, .box_w = 15, .box_h = 19, .ofs_x = 1, .ofs_y = 0},
    {.bitmap_index = 52656, .adv_w = 280, .box_w = 16, .box_h = 15, .ofs_x = 1, .ofs_y = 0},
    {.bitmap_index = 52776, .adv_w = 280, .box_w = 15, .box_h = 19, .ofs_x = 1, .ofs_y = 0},
    {.bitmap_index = 52919, .adv_w = 280, .box_w = 16, .box_h = 15, .ofs_x = 1, .ofs_y = 0},
    {.bitmap_index = 53039, .adv_w = 280, .box_w = 15, .box_h = 19, .ofs_x = 1, .ofs_y = -4},
    {.bitmap_index = 53182, .adv_w = 280, .box_w = 16, .box_h = 15, .ofs_x = 1, .ofs_y = -4},
    {.bitmap_index = 53302, .adv_w = 243, .box_w = 13, .box_h = 19, .ofs_x = 1, .ofs_y = 0},
    {.bitmap_index = 53426, .adv_w = 187, .box_w = 10, .box_h = 15, .ofs_x = 1, .ofs_y = 0},
    {.bitmap_index = 53501, .adv_w = 243, .box_w = 13, .box_h = 19, .ofs_x = 1, .ofs_y = -4},
    {.bitmap_index = 53625, .adv_w = 187, .box_w = 10, .box_h = 15, .ofs_x = 1, .ofs_y = -4},
    {.bitmap_index = 53700, .adv_w = 243, .box_w = 13, .box_h = 19, .ofs_x = 1, .ofs_y = -4},
    {.bitmap_index = 53824, .adv_w = 187, .box_w = 10, .box_h = 15, .ofs_x = 1, .ofs_y = -4},
    {.bitmap_index = 53899, .adv_w = 243, .box_w = 13, .box_h = 19, .ofs_x = 1, .ofs_y = -4},
    {.bitmap_index = 54023, .adv_w = 187, .box_w = 10, .box_h = 15, .ofs_x = 1, .ofs_y = -4},
    {.bitmap_index = 54098, .adv_w = 261, .box_w = 16, .box_h = 22, .ofs_x = 0, .ofs_y = 0},
    {.bitmap_index = 54274, .adv_w = 187, .box_w = 11, .box_h = 19, .ofs_x = 0, .ofs_y = 0},
    {.bitmap_index = 54379, .adv_w = 261, .box_w = 16, .box_h = 22, .ofs_x = 0, .ofs_y = 0},
    {.bitmap_index = 54555, .adv_w = 187, .box_w = 11, .box_h = 19, .ofs_x = 0, .ofs_y = 0},
    {.bitmap_index = 54660, .adv_w = 261, .box_w = 16, .box_h = 22, .ofs_x = 0, .ofs_y = 0},
    {.bitmap_index = 54836, .adv_w = 187, .box_w = 11, .box_h = 19, .ofs_x = 0, .ofs_y = 0},
    {.bitmap_index = 54941, .adv_w = 261, .box_w = 16, .box_h = 22, .ofs_x = 0, .ofs_y = 0},
    {.bitmap_index = 55117, .adv_w = 187, .box_w = 11, .box_h = 19, .ofs_x = 0, .ofs_y = 0},
    {.bitmap_index = 55222, .adv_w = 224, .box_w = 13, .box_h = 19, .ofs_x = 1, .ofs_y = 0},
    {.bitmap_index = 55346, .adv_w = 187, .box_w = 10, .box_h = 19, .ofs_x = 1, .ofs_y = -4},
    {.bitmap_index = 55441, .adv_w = 224, .box_w = 13, .box_h = 19, .ofs_x = 1, .ofs_y = 0},
    {.bitmap_index = 55565, .adv_w = 187, .box_w = 10, .box_h = 19, .ofs_x = 1, .ofs_y = -4},
    {.bitmap_index = 55660, .adv_w = 243, .box_w = 14, .box_h = 19, .ofs_x = 1, .ofs_y = 0},
    {.bitmap_index = 55793, .adv_w = 112, .box_w = 7, .box_h = 15, .ofs_x = 1, .ofs_y = 0},
    {.bitmap_index = 55846, .adv_w = 243, .box_w = 14, .box_h = 19, .ofs_x = 1, .ofs_y = -4},
    {.bitmap_index = 55979, .adv_w = 112, .box_w = 7, .box_h = 15, .ofs_x = 1, .ofs_y = -4},
    {.bitmap_index = 56032, .adv_w = 243, .box_w = 14, .box_h = 23, .ofs_x = 1, .ofs_y = -4},
    {.bitmap_index = 56193, .adv_w = 112, .box_w = 8, .box_h = 19, .ofs_x = 0, .ofs_y = -4},
    {.bitmap_index = 56269, .adv_w = 243, .box_w = 14, .box_h = 19, .ofs_x = 1, .ofs_y = -4},
    {.bitmap_index = 56402, .adv_w = 112, .box_w = 8, .box_h = 15, .ofs_x = 0, .ofs_y = -4},
    {.bitmap_index = 56462, .adv_w = 224, .box_w = 13, .box_h = 19, .ofs_x = 0, .ofs_y = 0},
    {.bitmap_index = 56586, .adv_w = 168, .box_w = 10, .box_h = 15, .ofs_x = 0, .ofs_y = 0},
    {.bitmap_index = 56661, .adv_w = 224, .box_w = 13, .box_h = 19, .ofs_x = 0, .ofs_y = -4},
    {.bitmap_index = 56785, .adv_w = 168, .box_w = 10, .box_h = 15, .ofs_x = 0, .ofs_y = -4},
    {.bitmap_index = 56860, .adv_w = 224, .box_w = 13, .box_h = 20, .ofs_x = 0, .ofs_y = 0},
    {.bitmap_index = 56990, .adv_w = 168, .box_w = 10, .box_h = 17, .ofs_x = 0, .ofs_y = 0},
    {.bitmap_index = 57075, .adv_w = 224, .box_w = 13, .box_h = 22, .ofs_x = 0, .ofs_y = 0},
    {.bitmap_index = 57218, .adv_w = 168, .box_w = 10, .box_h = 19, .ofs_x = 0, .ofs_y = 0},
    {.bitmap_index = 57313, .adv_w = 224, .box_w = 13, .box_h = 23, .ofs_x = 0, .ofs_y = -4},
    {.bitmap_index = 57463, .adv_w = 168, .box_w = 10, .box_h = 19, .ofs_x = 0, .ofs_y = -4},
    {.bitmap_index = 57558, .adv_w = 205, .box_w = 13, .box_h = 19, .ofs_x = 0, .ofs_y = 0},
    {.bitmap_index = 57682, .adv_w = 93, .box_w = 6, .box_h = 19, .ofs_x = 0, .ofs_y = 0},
    {.bitmap_index = 57739, .adv_w = 205, .box_w = 13, .box_h = 19, .ofs_x = 0, .ofs_y = -4},
    {.bitmap_index = 57863, .adv_w = 93, .box_w = 6, .box_h = 19, .ofs_x = 0, .ofs_y = -4},
    {.bitmap_index = 57920, .adv_w = 205, .box_w = 13, .box_h = 19, .ofs_x = 0, .ofs_y = -4},
    {.bitmap_index = 58044, .adv_w = 93, .box_w = 8, .box_h = 19, .ofs_x = -1, .ofs_y = -4},
    {.bitmap_index = 58120, .adv_w = 205, .box_w = 13, .box_h = 19, .ofs_x = 0, .ofs_y = -4},
    {.bitmap_index = 58244, .adv_w = 93, .box_w = 7, .box_h = 19, .ofs_x = 0, .ofs_y = -4},
    {.bitmap_index = 58311, .adv_w = 243, .box_w = 13, .box_h = 19, .ofs_x = 1, .ofs_y = -4},
    {.bitmap_index = 58435, .adv_w = 187, .box_w = 10, .box_h = 15, .ofs_x = 1, .ofs_y = -4},
    {.bitmap_index = 58510, .adv_w = 243, .box_w = 13, .box_h = 19, .ofs_x = 1, .ofs_y = -4},
    {.bitmap_index = 58634, .adv_w = 187, .box_w = 10, .box_h = 15, .ofs_x = 1, .ofs_y = -4},
    {.bitmap_index = 58709, .adv_w = 243, .box_w = 13, .box_h = 19, .ofs_x = 1, .ofs_y = -4},
    {.bitmap_index = 58833, .adv_w = 187, .box_w = 10, .box_h = 15, .ofs_x = 1, .ofs_y = -4},
    {.bitmap_index = 58908, .adv_w = 243, .box_w = 13, .box_h = 23, .ofs_x = 1, .ofs_y = 0},
    {.bitmap_index = 59058, .adv_w = 187, .box_w = 10, .box_h = 19, .ofs_x = 1, .ofs_y = 0},
    {.bitmap_index = 59153, .adv_w = 243, .box_w = 13, .box_h = 22, .ofs_x = 1, .ofs_y = 0},
    {.bitmap_index = 59296, .adv_w = 187, .box_w = 10, .box_h = 18, .ofs_x = 1, .ofs_y = 0},
    {.bitmap_index = 59386, .adv_w = 224, .box_w = 14, .box_h = 19, .ofs_x = 0, .ofs_y = 0},
    {.bitmap_index = 59519, .adv_w = 168, .box_w = 11, .box_h = 15, .ofs_x = 0, .ofs_y = 0},
    {.bitmap_index = 59602, .adv_w = 224, .box_w = 14, .box_h = 19, .ofs_x = 0, .ofs_y = -4},
    {.bitmap_index = 59735, .adv_w = 168, .box_w = 11, .box_h = 15, .ofs_x = 0, .ofs_y = -4},
    {.bitmap_index = 59818, .adv_w = 325, .box_w = 20, .box_h = 20, .ofs_x = 0, .ofs_y = 0},
    {.bitmap_index = 60018, .adv_w = 279, .box_w = 17, .box_h = 16, .ofs_x = 0, .ofs_y = 0},
    {.bitmap_index = 60154, .adv_w = 325, .box_w = 20, .box_h = 20, .ofs_x = 0, .ofs_y = 0},
    {.bitmap_index = 60354, .adv_w = 279, .box_w = 17, .box_h = 16, .ofs_x = 0, .ofs_y = 0},
    {.bitmap_index = 60490, .adv_w = 325, .box_w = 20, .box_h = 20, .ofs_x = 0, .ofs_y = 0},
    {.bitmap_index = 60690, .adv_w = 279, .box_w = 17, .box_h = 16, .ofs_x = 0, .ofs_y = 0},
    {.bitmap_index = 60826, .adv_w = 317, .box_w = 20, .box_h = 19, .ofs_x = 0, .ofs_y = 0},
    {.bitmap_index = 61016, .adv_w = 243, .box_w = 16, .box_h = 15, .ofs_x = 0, .ofs_y = 0},
    {.bitmap_index = 61136, .adv_w = 317, .box_w = 20, .box_h = 19, .ofs_x = 0, .ofs_y = -4},
    {.bitmap_index = 61326, .adv_w = 243, .box_w = 16, .box_h = 15, .ofs_x = 0, .ofs_y = -4},
    {.bitmap_index = 61446, .adv_w = 224, .box_w = 14, .box_h = 19, .ofs_x = 0, .ofs_y = 0},
    {.bitmap_index = 61579, .adv_w = 168, .box_w = 11, .box_h = 15, .ofs_x = 0, .ofs_y = 0},
    {.bitmap_index = 61662, .adv_w = 224, .box_w = 14, .box_h = 19, .ofs_x = 0, .ofs_y = 0},
    {.bitmap_index = 61795, .adv_w = 168, .box_w = 11, .box_h = 15, .ofs_x = 0, .ofs_y = 0},
    {.bitmap_index = 61878, .adv_w = 224, .box_w = 14, .box_h = 19, .ofs_x = 0, .ofs_y = 0},
    {.bitmap_index = 62011, .adv_w = 168, .box_w = 11, .box_h = 19, .ofs_x = 0, .ofs_y = -4},
    {.bitmap_index = 62116, .adv_w = 205, .box_w = 13, .box_h = 19, .ofs_x = 0, .ofs_y = 0},
    {.bitmap_index = 62240, .adv_w = 168, .box_w = 11, .box_h = 15, .ofs_x = 0, .ofs_y = 0},
    {.bitmap_index = 62323, .adv_w = 205, .box_w = 13, .box_h = 19, .ofs_x = 0, .ofs_y = -4},
    {.bitmap_index = 62447, .adv_w = 168, .box_w = 11, .box_h = 15, .ofs_x = 0, .ofs_y = -4},
    {.bitmap_index = 62530, .adv_w = 205, .box_w = 13, .box_h = 19, .ofs_x = 0, .ofs_y = -4},
    {.bitmap_index = 62654, .adv_w = 168, .box_w = 11, .box_h = 15, .ofs_x = 0, .ofs_y = -4},
    {.bitmap_index = 62737, .adv_w = 187, .box_w = 10, .box_h = 19, .ofs_x = 1, .ofs_y = -4},
    {.bitmap_index = 62832, .adv_w = 93, .box_w = 6, .box_h = 19, .ofs_x = 0, .ofs_y = 0},
    {.bitmap_index = 62889, .adv_w = 243, .box_w = 16, .box_h = 16, .ofs_x = 0, .ofs_y = 0},
    {.bitmap_index = 63017, .adv_w = 168, .box_w = 11, .box_h = 20, .ofs_x = 0, .ofs_y = -4},
    {.bitmap_index = 63127, .adv_w = 187, .box_w = 12, .box_h = 16, .ofs_x = 0, .ofs_y = 0},
    {.bitmap_index = 63223, .adv_w = 93, .box_w = 7, .box_h = 19, .ofs_x = 0, .ofs_y = 0},
    {.bitmap_index = 63290, .adv_w = 238, .box_w = 13, .box_h = 16, .ofs_x = 1, .ofs_y = 0},
    {.bitmap_index = 63394, .adv_w = 232, .box_w = 15, .box_h = 19, .ofs_x = 0, .ofs_y = -3},
    {.bitmap_index = 63537, .adv_w = 190, .box_w = 12, .box_h = 15, .ofs_x = 0, .ofs_y = -3},
    {.bitmap_index = 63627, .adv_w = 232, .box_w = 15, .box_h = 22, .ofs_x = 0, .ofs_y = 0},
    {.bitmap_index = 63792, .adv_w = 190, .box_w = 12, .box_h = 18, .ofs_x = 0, .ofs_y = 0},
    {.bitmap_index = 63900, .adv_w = 232, .box_w = 15, .box_h = 22, .ofs_x = 0, .ofs_y = 0},
    {.bitmap_index = 64065, .adv_w = 190, .box_w = 12, .box_h = 18, .ofs_x = 0, .ofs_y = 0},
    {.bitmap_index = 64173, .adv_w = 232, .box_w = 15, .box_h = 22, .ofs_x = 0, .ofs_y = 0},
    {.bitmap_index = 64338, .adv_w = 190, .box_w = 12, .box_h = 18, .ofs_x = 0, .ofs_y = 0},
    {.bitmap_index = 64446, .adv_w = 232, .box_w = 15, .box_h = 23, .ofs_x = 0, .ofs_y = 0},
    {.bitmap_index = 64619, .adv_w = 190, .box_w = 12, .box_h = 20, .ofs_x = 0, .ofs_y = 0},
    {.bitmap_index = 64739, .adv_w = 232, .box_w = 15, .box_h = 24, .ofs_x = 0, .ofs_y = 0},
    {.bitmap_index = 64919, .adv_w = 190, .box_w = 12, .box_h = 20, .ofs_x = 0, .ofs_y = 0},
    {.bitmap_index = 65039, .adv_w = 232, .box_w = 15, .box_h = 24, .ofs_x = 0, .ofs_y = -3},
    {.bitmap_index = 65219, .adv_w = 190, .box_w = 12, .box_h = 20, .ofs_x = 0, .ofs_y = -3},
    {.bitmap_index = 65339, .adv_w = 232, .box_w = 15, .box_h = 23, .ofs_x = 0, .ofs_y = 0},
    {.bitmap_index = 65512, .adv_w = 190, .box_w = 12, .box_h = 19, .ofs_x = 0, .ofs_y = 0},
    {.bitmap_index = 65626, .adv_w = 232, .box_w = 15, .box_h = 23, .ofs_x = 0, .ofs_y = 0},
    {.bitmap_index = 65799, .adv_w = 190, .box_w = 12, .box_h = 19, .ofs_x = 0, .ofs_y = 0},
    {.bitmap_index = 65913, .adv_w = 232, .box_w = 15, .box_h = 24, .ofs_x = 0, .ofs_y = 0},
    {.bitmap_index = 66093, .adv_w = 190, .box_w = 12, .box_h = 21, .ofs_x = 0, .ofs_y = 0},
    {.bitmap_index = 66219, .adv_w = 232, .box_w = 15, .box_h = 24, .ofs_x = 0, .ofs_y = 0},
    {.bitmap_index = 66399, .adv_w = 190, .box_w = 12, .box_h = 21, .ofs_x = 0, .ofs_y = 0},
    {.bitmap_index = 66525, .adv_w = 232, .box_w = 15, .box_h = 24, .ofs_x = 0, .ofs_y = -3},
    {.bitmap_index = 66705, .adv_w = 190, .box_w = 12, .box_h = 20, .ofs_x = 0, .ofs_y = -3},
    {.bitmap_index = 66825, .adv_w = 205, .box_w = 11, .box_h = 19, .ofs_x = 1, .ofs_y = -3},
    {.bitmap_index = 66930, .adv_w = 194, .box_w = 12, .box_h = 15, .ofs_x = 0, .ofs_y = -3},
    {.bitmap_index = 67020, .adv_w = 205, .box_w = 11, .box_h = 22, .ofs_x = 1, .ofs_y = 0},
    {.bitmap_index = 67141, .adv_w = 194, .box_w = 12, .box_h = 18, .ofs_x = 0, .ofs_y = 0},
    {.bitmap_index = 67249, .adv_w = 205, .box_w = 11, .box_h = 21, .ofs_x = 1, .ofs_y = 0},
    {.bitmap_index = 67365, .adv_w = 194, .box_w = 12, .box_h = 16, .ofs_x = 0, .ofs_y = 0},
    {.bitmap_index = 67461, .adv_w = 205, .box_w = 11, .box_h = 22, .ofs_x = 1, .ofs_y = 0},
    {.bitmap_index = 67582, .adv_w = 194, .box_w = 12, .box_h = 18, .ofs_x = 0, .ofs_y = 0},
    {.bitmap_index = 67690, .adv_w = 205, .box_w = 11, .box_h = 22, .ofs_x = 1, .ofs_y = 0},
    {.bitmap_index = 67811, .adv_w = 194, .box_w = 12, .box_h = 18, .ofs_x = 0, .ofs_y = 0},
    {.bitmap_index = 67919, .adv_w = 205, .box_w = 11, .box_h = 23, .ofs_x = 1, .ofs_y = 0},
    {.bitmap_index = 68046, .adv_w = 194, .box_w = 12, .box_h = 20, .ofs_x = 0, .ofs_y = 0},
    {.bitmap_index = 68166, .adv_w = 205, .box_w = 11, .box_h = 24, .ofs_x = 1, .ofs_y = 0},
    {.bitmap_index = 68298, .adv_w = 194, .box_w = 12, .box_h = 20, .ofs_x = 0, .ofs_y = 0},
    {.bitmap_index = 68418, .adv_w = 205, .box_w = 11, .box_h = 24, .ofs_x = 1, .ofs_y = -3},
    {.bitmap_index = 68550, .adv_w = 194, .box_w = 12, .box_h = 20, .ofs_x = 0, .ofs_y = -3},
    {.bitmap_index = 68670, .adv_w = 94, .box_w = 4, .box_h = 22, .ofs_x = 1, .ofs_y = 0},
    {.bitmap_index = 68714, .adv_w = 86, .box_w = 4, .box_h = 18, .ofs_x = 1, .ofs_y = 0},
    {.bitmap_index = 68750, .adv_w = 94, .box_w = 4, .box_h = 19, .ofs_x = 1, .ofs_y = -3},
    {.bitmap_index = 68788, .adv_w = 86, .box_w = 3, .box_h = 19, .ofs_x = 1, .ofs_y = -3},
    {.bitmap_index = 68817, .adv_w = 252, .box_w = 15, .box_h = 19, .ofs_x = 0, .ofs_y = -3},
    {.bitmap_index = 68960, .adv_w = 198, .box_w = 12, .box_h = 15, .ofs_x = 0, .ofs_y = -3},
    {.bitmap_index = 69050, .adv_w = 252, .box_w = 15, .box_h = 22, .ofs_x = 0, .ofs_y = 0},
    {.bitmap_index = 69215, .adv_w = 198, .box_w = 12, .box_h = 18, .ofs_x = 0, .ofs_y = 0},
    {.bitmap_index = 69323, .adv_w = 252, .box_w = 15, .box_h = 22, .ofs_x = 0, .ofs_y = 0},
    {.bitmap_index = 69488, .adv_w = 198, .box_w = 12, .box_h = 18, .ofs_x = 0, .ofs_y = 0},
    {.bitmap_index = 69596, .adv_w = 252, .box_w = 15, .box_h = 22, .ofs_x = 0, .ofs_y = 0},
    {.bitmap_index = 69761, .adv_w = 198, .box_w = 12, .box_h = 18, .ofs_x = 0, .ofs_y = 0},
    {.bitmap_index = 69869, .adv_w = 252, .box_w = 15, .box_h = 24, .ofs_x = 0, .ofs_y = 0},
    {.bitmap_index = 70049, .adv_w = 198, .box_w = 12, .box_h = 20, .ofs_x = 0, .ofs_y = 0},
    {.bitmap_index = 70169, .adv_w = 252, .box_w = 15, .box_h = 24, .ofs_x = 0, .ofs_y = 0},
    {.bitmap_index = 70349, .adv_w = 198, .box_w = 12, .box_h = 20, .ofs_x = 0, .ofs_y = 0},
    {.bitmap_index = 70469, .adv_w = 252, .box_w = 15, .box_h = 24, .ofs_x = 0, .ofs_y = -3},
    {.bitmap_index = 70649, .adv_w = 198, .box_w = 12, .box_h = 20, .ofs_x = 0, .ofs_y = -3},
    {.bitmap_index = 70769, .adv_w = 252, .box_w = 15, .box_h = 20, .ofs_x = 0, .ofs_y = 0},
    {.bitmap_index = 70919, .adv_w = 198, .box_w = 12, .box_h = 16, .ofs_x = 0, .ofs_y = 0},
    {.bitmap_index = 71015, .adv_w = 252, .box_w = 15, .box_h = 20, .ofs_x = 0, .ofs_y = 0},
    {.bitmap_index = 71165, .adv_w = 198, .box_w = 12, .box_h = 16, .ofs_x = 0, .ofs_y = 0},
    {.bitmap_index = 71261, .adv_w = 252, .box_w = 15, .box_h = 22, .ofs_x = 0, .ofs_y = 0},
    {.bitmap_index = 71426, .adv_w = 198, .box_w = 12, .box_h = 18, .ofs_x = 0, .ofs_y = 0},
    {.bitmap_index = 71534, .adv_w = 252, .box_w = 15, .box_h = 21, .ofs_x = 0, .ofs_y = 0},
    {.bitmap_index = 71692, .adv_w = 198, .box_w = 12, .box_h = 16, .ofs_x = 0, .ofs_y = 0},
    {.bitmap_index = 71788, .adv_w = 252, .box_w = 15, .box_h = 22, .ofs_x = 0, .ofs_y = -3},
    {.bitmap_index = 71953, .adv_w = 198, .box_w = 12, .box_h = 19, .ofs_x = 0, .ofs_y = -3},
    {.bitmap_index = 72067, .adv_w = 233, .box_w = 13, .box_h = 19, .ofs_x = 1, .ofs_y = -3},
    {.bitmap_index = 72191, .adv_w = 197, .box_w = 10, .box_h = 15, .ofs_x = 1, .ofs_y = -3},
    {.bitmap_index = 72266, .adv_w = 233, .box_w = 13, .box_h = 22, .ofs_x = 1, .ofs_y = 0},
    {.bitmap_index = 72409, .adv_w = 197, .box_w = 10, .box_h = 18, .ofs_x = 1, .ofs_y = 0},
    {.bitmap_index = 72499, .adv_w = 233, .box_w = 15, .box_h = 20, .ofs_x = 1, .ofs_y = 0},
    {.bitmap_index = 72649, .adv_w = 199, .box_w = 12, .box_h = 16, .ofs_x = 1, .ofs_y = 0},
    {.bitmap_index = 72745, .adv_w = 233, .box_w = 15, .box_h = 20, .ofs_x = 1, .ofs_y = 0},
    {.bitmap_index = 72895, .adv_w = 199, .box_w = 12, .box_h = 16, .ofs_x = 1, .ofs_y = 0},
    {.bitmap_index = 72991, .adv_w = 233, .box_w = 15, .box_h = 22, .ofs_x = 1, .ofs_y = 0},
    {.bitmap_index = 73156, .adv_w = 199, .box_w = 12, .box_h = 18, .ofs_x = 1, .ofs_y = 0},
    {.bitmap_index = 73264, .adv_w = 233, .box_w = 15, .box_h = 21, .ofs_x = 1, .ofs_y = 0},
    {.bitmap_index = 73422, .adv_w = 199, .box_w = 12, .box_h = 16, .ofs_x = 1, .ofs_y = 0},
    {.bitmap_index = 73518, .adv_w = 233, .box_w = 15, .box_h = 22, .ofs_x = 1, .ofs_y = -3},
    {.bitmap_index = 73683, .adv_w = 199, .box_w = 12, .box_h = 19, .ofs_x = 1, .ofs_y = -3},
    {.bitmap_index = 73797, .adv_w = 200, .box_w = 14, .box_h = 20, .ofs_x = -1, .ofs_y = 0},
    {.bitmap_index = 73937, .adv_w = 186, .box_w = 12, .box_h = 19, .ofs_x = 0, .ofs_y = -3},
    {.bitmap_index = 74051, .adv_w = 200, .box_w = 14, .box_h = 19, .ofs_x = -1, .ofs_y = -3},
    {.bitmap_index = 74184, .adv_w = 186, .box_w = 12, .box_h = 15, .ofs_x = 0, .ofs_y = -3},
    {.bitmap_index = 74274, .adv_w = 200, .box_w = 14, .box_h = 22, .ofs_x = -1, .ofs_y = 0},
    {.bitmap_index = 74428, .adv_w = 186, .box_w = 12, .box_h = 21, .ofs_x = 0, .ofs_y = -3},
    {.bitmap_index = 74554, .adv_w = 200, .box_w = 14, .box_h = 21, .ofs_x = -1, .ofs_y = 0},
    {.bitmap_index = 74701, .adv_w = 186, .box_w = 12, .box_h = 19, .ofs_x = 0, .ofs_y = -3},
    {.bitmap_index = 74815, .adv_w = 199, .box_w = 12, .box_h = 3, .ofs_x = 0, .ofs_y = 5},
    {.bitmap_index = 74833, .adv_w = 305, .box_w = 19, .box_h = 3, .ofs_x = 0, .ofs_y = 5},
    {.bitmap_index = 74862, .adv_w = 189, .box_w = 12, .box_h = 3, .ofs_x = 0, .ofs_y = 4},
    {.bitmap_index = 74880, .adv_w = 144, .box_w = 7, .box_h = 17, .ofs_x = 1, .ofs_y = -2},
    {.bitmap_index = 74940, .adv_w = 168, .box_w = 12, .box_h = 4, .ofs_x = -1, .ofs_y = -4},
    {.bitmap_index = 74964, .adv_w = 73, .box_w = 4, .box_h = 6, .ofs_x = 0, .ofs_y = 10},
    {.bitmap_index = 74976, .adv_w = 73, .box_w = 4, .box_h = 7, .ofs_x = 0, .ofs_y = 9},
    {.bitmap_index = 74990, .adv_w = 72, .box_w = 4, .box_h = 6, .ofs_x = 0, .ofs_y = -3},
    {.bitmap_index = 75002, .adv_w = 75, .box_w = 3, .box_h = 5, .ofs_x = 1, .ofs_y = 10},
    {.bitmap_index = 75010, .adv_w = 134, .box_w = 8, .box_h = 6, .ofs_x = 0, .ofs_y = 10},
    {.bitmap_index = 75034, .adv_w = 134, .box_w = 8, .box_h = 7, .ofs_x = 0, .ofs_y = 9},
    {.bitmap_index = 75062, .adv_w = 133, .box_w = 8, .box_h = 6, .ofs_x = 0, .ofs_y = -3},
    {.bitmap_index = 75086, .adv_w = 112, .box_w = 7, .box_h = 5, .ofs_x = 0, .ofs_y = 10},
    {.bitmap_index = 75104, .adv_w = 197, .box_w = 10, .box_h = 16, .ofs_x = 1, .ofs_y = 0},
    {.bitmap_index = 75184, .adv_w = 197, .box_w = 10, .box_h = 16, .ofs_x = 1, .ofs_y = 0},
    {.bitmap_index = 75264, .adv_w = 111, .box_w = 7, .box_h = 6, .ofs_x = 0, .ofs_y = 4},
    {.bitmap_index = 75285, .adv_w = 118, .box_w = 6, .box_h = 7, .ofs_x = 1, .ofs_y = 4},
    {.bitmap_index = 75306, .adv_w = 93, .box_w = 3, .box_h = 3, .ofs_x = 1, .ofs_y = 0},
    {.bitmap_index = 75311, .adv_w = 187, .box_w = 9, .box_h = 3, .ofs_x = 1, .ofs_y = 0},
    {.bitmap_index = 75325, .adv_w = 206, .box_w = 12, .box_h = 3, .ofs_x = 0, .ofs_y = 0},
    {.bitmap_index = 75343, .adv_w = 117, .box_w = 7, .box_h = 9, .ofs_x = 0, .ofs_y = 2},
    {.bitmap_index = 75375, .adv_w = 254, .box_w = 16, .box_h = 16, .ofs_x = 0, .ofs_y = -1},
    {.bitmap_index = 75503, .adv_w = 192, .box_w = 12, .box_h = 16, .ofs_x = 0, .ofs_y = -2}
};

/*---------------------
 *  CHARACTER MAPPING
 *--------------------*/

static const uint16_t unicode_list_9[] = {
    0x0, 0x6d9, 0x6dd
};

/*Collect the unicode lists and glyph_id offsets*/
static const lv_font_fmt_txt_cmap_t cmaps[] =
{
    {
        .range_start = 32, .range_length = 95, .glyph_id_start = 1,
        .unicode_list = NULL, .glyph_id_ofs_list = NULL, .list_length = 0, .type = LV_FONT_FMT_TXT_CMAP_FORMAT0_TINY
    },
    {
        .range_start = 160, .range_length = 86, .glyph_id_start = 96,
        .unicode_list = NULL, .glyph_id_ofs_list = NULL, .list_length = 0, .type = LV_FONT_FMT_TXT_CMAP_FORMAT0_TINY
    },
    {
        .range_start = 246, .range_length = 256, .glyph_id_start = 182,
        .unicode_list = NULL, .glyph_id_ofs_list = NULL, .list_length = 0, .type = LV_FONT_FMT_TXT_CMAP_FORMAT0_TINY
    },
    {
        .range_start = 506, .range_length = 34, .glyph_id_start = 438,
        .unicode_list = NULL, .glyph_id_ofs_list = NULL, .list_length = 0, .type = LV_FONT_FMT_TXT_CMAP_FORMAT0_TINY
    },
    {
        .range_start = 567, .range_length = 1, .glyph_id_start = 472,
        .unicode_list = NULL, .glyph_id_ofs_list = NULL, .list_length = 0, .type = LV_FONT_FMT_TXT_CMAP_FORMAT0_TINY
    },
    {
        .range_start = 7680, .range_length = 156, .glyph_id_start = 473,
        .unicode_list = NULL, .glyph_id_ofs_list = NULL, .list_length = 0, .type = LV_FONT_FMT_TXT_CMAP_FORMAT0_TINY
    },
    {
        .range_start = 7838, .range_length = 1, .glyph_id_start = 629,
        .unicode_list = NULL, .glyph_id_ofs_list = NULL, .list_length = 0, .type = LV_FONT_FMT_TXT_CMAP_FORMAT0_TINY
    },
    {
        .range_start = 7840, .range_length = 90, .glyph_id_start = 630,
        .unicode_list = NULL, .glyph_id_ofs_list = NULL, .list_length = 0, .type = LV_FONT_FMT_TXT_CMAP_FORMAT0_TINY
    },
    {
        .range_start = 8211, .range_length = 20, .glyph_id_start = 720,
        .unicode_list = NULL, .glyph_id_ofs_list = NULL, .list_length = 0, .type = LV_FONT_FMT_TXT_CMAP_FORMAT0_TINY
    },
    {
        .range_start = 8250, .range_length = 1758, .glyph_id_start = 740,
        .unicode_list = unicode_list_9, .glyph_id_ofs_list = NULL, .list_length = 3, .type = LV_FONT_FMT_TXT_CMAP_SPARSE_TINY
    }
};

/*-----------------
 *    KERNING
 *----------------*/


/*Map glyph_ids to kern left classes*/
static const uint8_t kern_left_class_mapping[] =
{
    0, 0, 0, 1, 0, 0, 0, 2,
    1, 3, 0, 4, 5, 6, 7, 6,
    8, 9, 10, 11, 12, 13, 14, 15,
    16, 17, 9, 18, 18, 5, 5, 5,
    0, 0, 19, 20, 21, 22, 23, 24,
    25, 26, 26, 27, 28, 29, 26, 26,
    22, 30, 22, 31, 22, 32, 27, 33,
    33, 28, 34, 35, 36, 37, 0, 5,
    0, 0, 38, 39, 39, 26, 39, 40,
    41, 42, 26, 26, 43, 38, 42, 42,
    39, 39, 41, 44, 39, 45, 41, 46,
    46, 47, 46, 48, 49, 0, 0, 5,
    0, 50, 51, 0, 0, 10, 0, 0,
    0, 52, 53, 54, 5, 0, 0, 0,
    0, 5, 0, 0, 0, 0, 0, 0,
    0, 0, 53, 55, 0, 0, 0, 56,
    19, 19, 19, 19, 19, 19, 23, 21,
    23, 23, 23, 23, 26, 26, 26, 26,
    51, 26, 22, 22, 22, 22, 22, 5,
    22, 27, 27, 27, 27, 34, 22, 0,
    38, 38, 38, 38, 38, 38, 39, 39,
    39, 39, 39, 39, 26, 26, 26, 26,
    39, 42, 39, 39, 39, 39, 39, 5,
    39, 41, 41, 41, 41, 46, 39, 46,
    19, 38, 19, 38, 19, 38, 21, 39,
    21, 39, 21, 39, 21, 39, 51, 57,
    22, 0, 23, 39, 0, 0, 23, 39,
    23, 39, 23, 39, 25, 41, 25, 41,
    25, 41, 25, 41, 26, 42, 26, 42,
    26, 26, 26, 26, 0, 0, 26, 26,
    26, 26, 27, 26, 27, 26, 28, 47,
    0, 29, 38, 29, 38, 58, 57, 0,
    0, 29, 38, 26, 42, 26, 42, 26,
    42, 0, 26, 42, 22, 39, 0, 0,
    22, 39, 23, 39, 31, 44, 31, 44,
    31, 44, 22, 39, 22, 39, 22, 39,
    22, 39, 32, 45, 32, 57, 32, 45,
    27, 41, 27, 41, 27, 41, 27, 41,
    27, 41, 27, 41, 33, 46, 34, 46,
    34, 35, 48, 35, 48, 35, 48, 0,
    0, 0, 0, 0, 0, 0, 0, 0,
    0, 0, 0, 0, 0, 0, 0, 22,
    0, 0, 40, 0, 0, 0, 0, 0,
    0, 0, 0, 0, 0, 0, 0, 0,
    22, 39, 0, 0, 0, 0, 0, 0,
    0, 0, 0, 0, 0, 0, 0, 59,
    41, 0, 0, 0, 0, 0, 0, 0,
    0, 0, 0, 0, 0, 0, 0, 0,
    0, 0, 0, 0, 0, 0, 0, 0,
    0, 0, 0, 0, 0, 19, 38, 0,
    0, 0, 0, 0, 0, 0, 0, 0,
    0, 0, 0, 0, 0, 0, 0, 0,
    0, 0, 0, 0, 25, 41, 25, 41,
    28, 47, 0, 0, 0, 0, 0, 0,
    0, 0, 0, 0, 0, 0, 0, 0,
    0, 0, 0, 0, 0, 0, 0, 0,
    0, 0, 0, 0, 0, 0, 0, 0,
    0, 0, 0, 0, 0, 0, 0, 0,
    0, 0, 0, 0, 22, 39, 32, 45,
    26, 0, 0, 0, 0, 0, 0, 0,
    0, 0, 0, 0, 0, 0, 0, 0,
    0, 0, 0, 0, 0, 0, 0, 0,
    0, 0, 0, 0, 0, 0, 0, 0,
    0, 25, 41, 0, 0, 0, 0, 0,
    0, 0, 0, 0, 0, 0, 0, 0,
    0, 0, 0, 0, 0, 0, 0, 0,
    0, 0, 0, 0, 0, 0, 0, 0,
    0, 0, 0, 0, 0, 0, 0, 0,
    0, 0, 0, 0, 0, 0, 0, 0,
    0, 0, 0, 0, 0, 0, 0, 0,
    0, 0, 0, 0, 0, 0, 0, 0,
    0, 0, 0, 0, 0, 0, 0, 0,
    0, 0, 0, 0, 0, 0, 0, 0,
    0, 0, 0, 0, 0, 0, 0, 0,
    0, 0, 0, 0, 0, 0, 0, 0,
    0, 33, 46, 33, 46, 33, 46, 0,
    0, 0, 0, 0, 0, 0, 0, 0,
    0, 0, 0, 0, 0, 0, 0, 0,
    0, 0, 0, 0, 0, 20, 19, 38,
    19, 38, 19, 38, 19, 38, 19, 38,
    19, 38, 19, 38, 19, 38, 19, 38,
    19, 38, 19, 38, 19, 38, 23, 39,
    23, 39, 23, 39, 23, 39, 23, 39,
    23, 39, 23, 39, 23, 39, 23, 26,
    26, 26, 22, 39, 22, 39, 22, 39,
    22, 39, 22, 39, 22, 39, 22, 39,
    22, 39, 22, 39, 22, 39, 22, 39,
    22, 39, 27, 41, 27, 41, 59, 41,
    59, 41, 59, 41, 59, 41, 59, 41,
    34, 46, 34, 46, 34, 46, 34, 46,
    0, 0, 0, 0, 0, 60, 61, 6,
    0, 60, 61, 6, 0, 0, 0, 0,
    0, 0, 0, 6, 62, 0, 0
};

/*Map glyph_ids to kern right classes*/
static const uint8_t kern_right_class_mapping[] =
{
    0, 0, 1, 2, 0, 0, 3, 4,
    2, 0, 5, 6, 7, 8, 9, 8,
    10, 11, 12, 13, 14, 15, 16, 11,
    17, 18, 19, 20, 20, 7, 7, 7,
    21, 0, 22, 23, 24, 23, 25, 23,
    24, 23, 23, 26, 27, 27, 23, 28,
    24, 23, 24, 23, 24, 29, 30, 31,
    31, 32, 33, 34, 0, 35, 36, 7,
    0, 0, 37, 23, 38, 38, 38, 39,
    38, 23, 23, 40, 23, 41, 42, 42,
    38, 42, 38, 42, 38, 43, 44, 45,
    45, 46, 45, 47, 0, 0, 48, 7,
    0, 0, 0, 0, 0, 49, 0, 0,
    0, 50, 51, 52, 7, 0, 0, 0,
    0, 7, 0, 0, 0, 0, 0, 0,
    0, 0, 51, 53, 0, 0, 0, 54,
    22, 22, 22, 22, 22, 22, 22, 24,
    23, 23, 23, 23, 23, 23, 23, 23,
    24, 23, 24, 24, 24, 24, 24, 7,
    24, 30, 30, 30, 30, 33, 23, 23,
    37, 37, 37, 37, 37, 37, 37, 38,
    38, 38, 38, 38, 23, 23, 23, 23,
    38, 42, 38, 38, 38, 38, 38, 7,
    38, 44, 44, 44, 44, 45, 23, 45,
    22, 37, 22, 37, 22, 37, 24, 38,
    24, 38, 24, 38, 24, 38, 23, 38,
    23, 38, 23, 38, 0, 0, 23, 38,
    23, 38, 23, 38, 24, 38, 24, 38,
    24, 38, 24, 38, 23, 23, 23, 23,
    23, 23, 23, 23, 0, 0, 23, 23,
    23, 23, 23, 23, 26, 40, 27, 23,
    0, 27, 41, 23, 41, 27, 41, 0,
    0, 55, 41, 23, 42, 23, 42, 23,
    42, 0, 23, 42, 24, 38, 0, 0,
    24, 38, 24, 38, 23, 42, 23, 42,
    23, 42, 24, 38, 24, 38, 24, 38,
    24, 38, 29, 56, 29, 56, 29, 56,
    30, 44, 30, 44, 30, 44, 30, 44,
    30, 44, 30, 44, 31, 45, 33, 45,
    33, 34, 47, 34, 47, 34, 47, 0,
    0, 0, 0, 0, 0, 0, 0, 0,
    0, 0, 0, 0, 0, 0, 0, 24,
    0, 0, 39, 0, 0, 0, 0, 0,
    0, 0, 0, 0, 0, 0, 0, 0,
    24, 38, 0, 0, 0, 0, 0, 0,
    0, 0, 0, 0, 0, 0, 0, 30,
    44, 0, 0, 0, 0, 0, 0, 0,
    0, 0, 0, 0, 0, 0, 0, 0,
    0, 0, 0, 0, 0, 0, 0, 0,
    0, 0, 0, 0, 0, 22, 37, 0,
    0, 0, 0, 0, 0, 0, 0, 0,
    0, 0, 0, 0, 0, 0, 0, 0,
    0, 0, 0, 0, 24, 38, 24, 38,
    27, 23, 0, 0, 0, 0, 0, 0,
    0, 0, 0, 0, 0, 0, 0, 0,
    0, 0, 0, 0, 0, 0, 0, 0,
    0, 0, 0, 0, 0, 0, 0, 0,
    0, 0, 0, 0, 0, 0, 0, 0,
    0, 0, 0, 0, 24, 38, 29, 56,
    40, 0, 0, 0, 0, 0, 0, 0,
    0, 0, 0, 0, 0, 0, 0, 0,
    0, 0, 0, 0, 0, 0, 0, 0,
    0, 0, 0, 0, 0, 0, 0, 0,
    0, 24, 38, 0, 0, 0, 0, 0,
    0, 0, 0, 0, 0, 0, 0, 0,
    0, 0, 0, 0, 0, 0, 0, 0,
    0, 0, 0, 0, 0, 0, 0, 0,
    0, 0, 0, 0, 0, 0, 0, 0,
    0, 0, 0, 0, 0, 0, 0, 0,
    0, 0, 0, 0, 0, 0, 0, 0,
    0, 0, 0, 0, 0, 0, 0, 0,
    0, 0, 0, 0, 0, 0, 0, 0,
    0, 0, 0, 0, 0, 0, 0, 0,
    0, 0, 0, 0, 0, 0, 0, 0,
    0, 0, 0, 0, 0, 0, 0, 0,
    0, 31, 45, 31, 45, 31, 45, 0,
    0, 0, 0, 0, 0, 0, 0, 0,
    0, 0, 0, 0, 0, 0, 0, 0,
    0, 0, 0, 0, 0, 23, 22, 37,
    22, 37, 22, 37, 22, 37, 22, 37,
    22, 37, 22, 37, 22, 37, 22, 37,
    22, 37, 22, 37, 22, 37, 23, 38,
    23, 38, 23, 38, 23, 38, 23, 38,
    23, 38, 23, 38, 23, 38, 23, 23,
    23, 23, 24, 38, 24, 38, 24, 38,
    24, 38, 24, 38, 24, 38, 24, 38,
    24, 38, 24, 38, 24, 38, 24, 38,
    24, 38, 30, 44, 30, 44, 30, 44,
    30, 44, 30, 44, 30, 44, 30, 44,
    33, 45, 33, 45, 33, 45, 33, 45,
    0, 0, 0, 0, 0, 57, 58, 8,
    0, 57, 59, 8, 0, 0, 0, 0,
    0, 0, 0, 8, 53, 0, 0
};

/*Kern values between classes*/
static const int8_t kern_class_values[] =
{
    0, 0, 0, 0, 0, 0, 0, 0,
    0, -17, 0, 0, 0, 0, -10, 0,
    3, 0, 0, 0, 0, 0, 0, 0,
    0, 0, 0, 0, 0, 0, 0, 0,
    0, 0, 0, 0, 0, 0, 0, 0,
    0, 0, 0, 0, 0, 0, 0, 0,
    0, 0, 0, 0, 0, -13, 0, 0,
    0, 0, 0, 0, 0, 0, 0, 0,
    0, 0, 0, 0, 0, 0, 0, 0,
    0, 0, 0, -19, 0, 0, 0, 0,
    0, 0, 0, 0, 0, 0, 0, 0,
    0, 0, 0, 0, 0, -14, 0, 0,
    0, 0, 0, 0, 0, 0, 0, 0,
    0, 0, 0, 0, 0, 0, 0, 0,
    0, 0, 0, 0, 0, 0, 0, 0,
    0, 0, 0, 0, 0, 0, 0, 0,
    0, 0, -3, -2, -12, 0, 0, -3,
    0, 0, 0, 0, 0, 0, 0, 0,
    0, 0, 0, 0, 0, 0, 0, 0,
    0, 0, 0, 0, 0, 0, 0, 0,
    0, 0, 0, 0, 0, 0, 0, -5,
    0, 0, 0, 0, 0, 0, 0, 0,
    0, 0, 0, 0, 0, 0, 0, 0,
    -13, 0, -24, 0, 0, 0, 0, 0,
    0, 4, 0, 0, 0, 0, 0, 0,
    0, 0, 0, 0, 0, 0, 0, 0,
    0, 0, 0, 0, 0, 0, 0, 0,
    0, 0, 0, 0, 0, 0, 0, 0,
    0, 0, 0, 0, 0, 0, 0, 0,
    0, 0, 0, 0, 0, 0, 0, 0,
    0, 0, 0, 0, 0, 0, 0, 0,
    0, 0, 0, 0, -7, 0, 0, 0,
    0, 0, 0, 0, 0, 0, 0, 0,
    0, 0, 0, 0, 0, 0, 0, 0,
    0, 0, 0, 0, 0, 0, 0, 0,
    0, 0, 0, 0, 0, 0, 0, 0,
    0, 0, 0, 0, 0, 0, 0, 0,
    0, 0, 0, 0, -13, 0, 0, 0,
    0, 0, -26, 0, 0, 0, 0, -20,
    0, 0, 0, 0, 0, 0, 0, 0,
    0, 0, 0, 0, 0, 0, 0, 0,
    0, -26, 0, 0, 0, 0, 0, 0,
    0, 0, 0, 0, 0, 0, 0, 0,
    -7, 0, 0, 0, 0, 0, 0, 0,
    0, 0, 0, 0, 0, 0, 0, 0,
    0, 0, 0, 0, 0, -7, 0, 0,
    3, 0, -13, 0, 0, 0, 0, 0,
    0, 0, 0, 0, 0, 0, 0, 0,
    0, 0, 0, 0, 0, 0, 0, 0,
    0, 0, 0, 0, 0, 0, 0, 0,
    0, 0, 0, 0, 0, 0, 0, 0,
    0, 0, 0, 0, 0, -11, 0, 0,
    -7, 0, 0, 0, -26, 0, -37, -7,
    -7, -13, -13, -26, -3, 1, -7, -7,
    -11, -11, 0, 0, 0, 0, 0, 0,
    0, 0, 0, 0, 0, 0, 0, -3,
    0, 0, 0, 0, 0, 0, 0, 0,
    0, 0, 0, 0, 0, -5, -12, 0,
    -17, -8, 0, 0, 0, 0, 0, 0,
    0, 0, 0, 0, 0, 0, 0, 0,
    0, 0, 3, -3, 0, 0, -2, 0,
    -13, 0, 0, 0, 0, 0, 0, 0,
    0, 0, 0, 0, 0, 0, 0, 0,
    0, 0, 0, 0, 0, 0, 0, 0,
    0, 0, 0, 0, 0, 0, 0, 0,
    0, 0, 0, 0, 0, 0, 0, 0,
    0, 0, 0, 0, 0, 0, 0, 0,
    0, 0, 0, -3, -7, -4, -13, -3,
    0, -7, 0, -7, -7, 0, 0, 0,
    0, 0, 0, 0, 0, 0, 0, 0,
    0, 0, 0, 0, 0, 0, 0, 0,
    0, 0, 0, 0, 0, 0, 0, 0,
    0, 0, 0, -5, -4, 0, 0, 0,
    0, 0, 0, -7, -7, -7, 0, 0,
    0, 0, 0, 0, 0, 0, -10, -3,
    0, -3, 0, -7, -12, 0, -9, 0,
    0, 0, 0, 0, 0, 0, 0, 0,
    0, 0, 0, 0, 0, 0, 0, 0,
    0, 0, 0, 0, 0, 0, 0, 0,
    0, 0, 0, 0, 0, 0, 0, -4,
    0, 0, 0, 0, 0, 0, 0, 0,
    0, 0, 0, 0, 0, -2, 0, 0,
    0, 0, -11, 0, 0, 0, 0, 0,
    0, -7, 0, 0, 0, 0, 0, 0,
    0, 0, 0, 0, 0, 0, 0, 0,
    0, 0, 0, 0, 0, 0, 0, 0,
    0, 0, 0, 0, 0, 0, 0, 0,
    0, 0, 0, 0, 0, 0, 0, 0,
    0, 0, 0, 0, 0, -3, -7, 0,
    0, 0, 0, 0, -3, 0, -3, -7,
    0, -7, 0, 0, -10, 0, 0, -7,
    0, 0, 0, 0, 0, 0, 0, 0,
    0, 0, 0, 0, 0, 0, 0, 0,
    0, 0, 0, 0, 0, 0, 0, 0,
    0, 0, 0, 0, 0, 0, 0, 0,
    0, 0, 0, 0, 0, 0, 0, 0,
    0, 0, 0, -4, 0, 0, 0, 0,
    -7, -7, 0, -3, 0, 0, 0, -17,
    0, 0, 0, 0, 0, 0, 0, 0,
    0, 0, 0, 0, 0, 0, 0, 0,
    0, 0, 0, 0, 0, 0, 0, 0,
    0, 0, 0, 0, 0, 0, 0, 0,
    0, 0, 0, 0, 0, 0, 0, 0,
    0, 0, 0, 0, 0, 0, 0, 0,
    0, 0, 0, -7, 0, -7, -4, 0,
    0, 0, -13, 0, 0, 0, 0, 0,
    0, 0, 0, 0, 0, 0, 0, 0,
    0, 0, 0, 0, 0, 0, 0, 0,
    0, 0, 0, 0, 0, 0, 0, 0,
    0, 0, 0, 0, 0, 0, 0, 0,
    0, 0, 0, 0, 0, 0, 0, 4,
    0, 0, 0, 0, -32, -12, -19, 0,
    3, -3, 0, -18, 0, 7, -3, 0,
    -7, 0, 0, 0, 0, 0, 0, 0,
    0, 0, 0, 0, 0, 0, 0, 0,
    10, 0, 0, 0, 0, 0, 0, 0,
    0, 0, 0, 0, 10, 0, -3, 0,
    0, 0, 0, 0, 0, 0, 0, 0,
    0, 0, 0, 0, -3, 0, 0, 0,
    0, 0, 0, -6, 0, 0, 0, 0,
    -7, 0, 0, 0, 0, 0, 0, 0,
    0, 0, 0, 0, 0, 0, 0, 0,
    0, 0, 0, 0, 0, 0, 0, 0,
    0, 0, 0, 0, 0, 0, 0, 0,
    0, 0, 0, 0, 0, 0, 0, 0,
    0, 0, 0, 0, 0, 0, 0, 0,
    0, 0, 0, 0, -7, 0, 0, 0,
    0, -7, 0, -19, 0, 0, 0, 0,
    0, 0, 0, 0, 0, 0, 0, 0,
    0, 0, 0, 0, 0, -11, 0, 0,
    0, 0, 0, 0, 0, 0, 0, 0,
    0, 0, 0, 0, -3, 0, 0, 0,
    0, 0, 0, 0, 0, 0, -3, -17,
    0, 0, 0, -24, 0, 0, 0, 0,
    0, 0, 0, -11, 0, 0, -31, 0,
    0, -7, -17, 0, -7, -11, -7, -10,
    -5, -7, -31, -6, -37, 0, -25, -3,
    -37, 0, 0, -7, -14, 0, -7, -7,
    -22, -7, -21, -10, -4, 0, -5, -11,
    -24, 0, 0, 0, 0, -22, 0, 0,
    0, 0, 0, 0, 0, 0, 0, 0,
    0, 0, -7, 0, 0, 0, 0, 0,
    0, -13, 0, 0, -7, -9, -7, -3,
    -3, -5, 0, 0, -3, -13, 0, -11,
    0, -15, 0, -11, 0, -3, -1, -7,
    -5, -4, -3, -7, -4, -11, -15, -7,
    0, 0, -3, 0, 0, 0, 0, 0,
    0, 0, 0, 0, 0, 0, 0, 0,
    0, 0, 0, 0, 0, -9, 0, 0,
    0, 0, 0, 0, -5, 0, 0, 0,
    0, -9, -1, 0, -1, 0, -3, -1,
    -5, 0, -7, -7, -7, 0, -7, 0,
    -2, -3, -7, 0, -4, -3, -3, -4,
    -4, -11, -3, 0, -3, 0, 0, 0,
    0, 0, 0, -3, 0, 0, 0, 0,
    0, 0, 0, -6, -3, 0, -7, 0,
    -12, 0, 0, -4, 0, 0, 0, -13,
    0, 0, -3, -7, -12, 3, 0, 3,
    -4, -4, 3, -13, 0, -12, -11, -14,
    -3, -12, 0, 3, 4, -3, -7, 0,
    0, -8, 0, -6, -8, 0, 0, -4,
    0, -3, 0, 0, 0, -3, -8, 0,
    0, 0, 0, 0, 0, 0, 0, 0,
    0, 0, 0, 0, 0, 0, 0, 0,
    0, 0, 0, 0, 0, -3, -7, 0,
    -3, 0, -3, 0, 0, -3, 0, 0,
    4, 0, -7, 0, 4, 0, -3, -6,
    -11, -4, 0, 0, -13, 0, -7, -10,
    -1, 0, 0, 0, 0, 0, 0, 0,
    0, -13, 0, 0, 0, 0, 0, 0,
    0, 0, 0, 0, -27, 0, -28, 0,
    0, 0, 0, 0, 0, 0, 0, 0,
    -10, -6, -28, -6, 0, -6, -20, -9,
    -6, 0, 0, 0, -7, -6, -6, 0,
    0, -7, -9, -3, -11, -7, -9, -12,
    -10, -13, -16, -10, 0, -9, 0, 0,
    0, 0, 0, 0, -12, 0, 0, 0,
    0, 0, 0, 0, 0, 0, 0, 0,
    0, 0, 0, 0, 0, 0, 0, 0,
    -7, 0, 0, 0, 0, 0, 0, 0,
    0, 0, 0, 0, -7, 0, -11, -4,
    -7, 0, -11, 0, 3, 3, -5, 0,
    0, 0, -4, 0, -2, -5, 1, 0,
    0, 0, 0, 0, 0, 0, 0, -4,
    0, 0, 0, 0, 0, 0, 0, 0,
    0, 0, 0, 0, -3, 0, 0, 0,
    0, 0, 0, -12, 0, 0, 0, -3,
    -3, -6, -5, -6, -6, 0, -6, -12,
    5, -7, -3, -7, -1, -7, 0, -3,
    -3, -15, -5, -3, 2, -12, -6, -3,
    -17, -3, 0, 0, -5, 0, 0, 0,
    0, 0, -12, 0, 0, 0, 0, 0,
    0, 0, 0, 0, 0, 0, 0, -6,
    0, 0, 0, 0, 0, 0, 0, 0,
    0, 0, 0, -6, 5, 0, 5, -9,
    0, 5, 0, 1, 0, -7, -6, 0,
    0, 0, 0, -2, -6, -2, 0, 0,
    -6, 0, -7, -10, -7, 0, 0, 0,
    0, 0, 0, 0, 0, -6, 0, 0,
    0, 0, 0, 0, 0, 0, -4, 0,
    0, 0, 0, 0, 0, 0, 0, 0,
    0, -1, 0, 0, -7, -7, 0, -3,
    -13, -3, -10, -6, -3, -1, -7, -3,
    0, 0, -3, -3, 0, -5, -16, -17,
    -3, 0, -6, -17, -10, -11, -11, 0,
    0, -6, -13, -4, 0, 0, 0, 0,
    -17, 0, 0, 0, -6, -32, 0, 0,
    0, -40, 0, -3, 0, -7, 0, 0,
    0, 0, 0, 0, -46, 0, 0, -6,
    -27, -7, -15, -16, -15, -17, -9, -15,
    -46, -15, -51, 0, -54, -6, -51, 0,
    0, -12, -19, -6, -12, 0, -26, -12,
    -27, -16, -7, 0, -9, -16, -40, 0,
    0, 0, 0, -26, 0, 0, 0, -3,
    0, 0, 0, 0, 0, 0, -36, -9,
    -25, 0, 0, 0, 0, 0, 0, 0,
    0, 0, -7, -6, -25, -7, -4, -7,
    -27, 0, -7, 0, 0, -14, -13, -13,
    -7, -14, 0, -7, -9, 0, 0, 0,
    -3, 0, -9, -7, -13, -10, 0, 0,
    -4, 0, 0, 0, 0, 0, 0, 0,
    0, 0, 0, 0, 0, 0, 0, 0,
    0, 0, 0, -3, 0, 0, 0, 0,
    0, 0, -6, 0, 0, -3, -7, -3,
    0, -5, 0, 0, -5, 0, -6, 0,
    -17, 0, -7, 0, -17, 0, -2, -5,
    -9, -4, 0, 0, -10, -3, -7, -8,
    0, 0, -5, -5, 0, 0, 0, 0,
    0, -10, 0, 0, 0, 0, 3, 0,
    -8, 0, 4, 0, -32, -13, -31, 0,
    0, 0, 0, -10, 0, 3, 0, 0,
    -19, -7, -31, -9, -13, -9, -40, -12,
    -9, 3, 0, -3, -1, 3, 0, -3,
    7, -24, -27, -13, -15, -6, -16, -12,
    -22, -15, -19, -16, 0, -12, -13, 4,
    -19, -20, 0, 0, -12, 0, 2, 2,
    -11, 0, 0, -7, 0, 0, 0, -26,
    0, -37, -7, -7, -13, -13, -26, -3,
    1, -7, -7, -11, -11, -37, -8, -12,
    -8, -27, -5, -8, 1, 0, -3, -3,
    0, -4, -3, 0, -17, -15, -17, -16,
    -9, -11, -13, -17, -14, -22, -13, 0,
    -5, -12, 0, -17, -8, 0, 0, -13,
    0, 0, 0, 0, 0, 0, 0, 0,
    0, -7, 0, 0, -25, 0, 0, 0,
    0, 0, 0, 3, 0, 0, 0, 0,
    -25, -7, -14, -7, -42, 0, -7, 3,
    -6, 0, 0, 7, -3, 0, 0, -22,
    -24, -18, -15, -6, -20, -20, -20, -13,
    -20, -24, 0, 0, -14, 0, 0, 0,
    0, -7, -20, 0, 0, 0, 0, 0,
    0, 0, 0, 0, 0, 0, -6, -7,
    0, 0, 0, 0, 0, 0, 0, 0,
    0, 0, -7, -7, -1, -7, -1, -9,
    0, -1, 0, 0, -4, -3, -3, 0,
    -4, 0, -3, -11, -14, -5, -2, -3,
    -10, -6, -11, -13, -7, 0, 0, -7,
    0, 0, 0, 0, 0, -10, 0, 0,
    0, 0, 0, 0, 0, 0, 0, 0,
    0, 0, 0, 0, 0, 0, 0, 0,
    0, 7, 0, 0, 0, 0, 0, 0,
    0, 0, 0, 0, 0, 7, 0, 0,
    0, 0, 0, 0, 0, 0, 0, 0,
    10, 0, 0, 0, 0, 0, 0, 0,
    0, 0, 0, 0, 0, 0, 0, 0,
    0, 0, 0, 0, -3, -17, 0, 0,
    0, -24, 0, 0, 0, 0, 0, 0,
    0, -11, 0, 0, -31, 0, 0, -7,
    -17, 0, 0, 0, 0, 0, 0, 0,
    0, 0, 0, 0, 0, 0, -37, 0,
    0, 0, 0, 0, 0, 0, 0, 0,
    0, 0, 0, 0, -5, -11, 0, 0,
    0, 0, 0, 0, 0, 0, 0, 0,
    0, 0, 0, 0, -7, 0, 7, 0,
    0, 0, 0, 0, 0, 0, 0, 0,
    0, 0, 0, -7, 0, -3, 0, -3,
    0, 0, -3, 0, 0, 0, 0, 0,
    0, 0, 0, 0, -2, -4, 1, -3,
    -1, -16, -3, -9, -9, -3, 0, 0,
    0, -7, 0, 0, 0, 0, -16, 0,
    0, 0, 0, -3, 0, 0, 0, -7,
    0, 0, 0, -3, 0, 0, 0, 0,
    0, 0, -24, 0, 0, 0, -13, -3,
    -3, 0, -3, 0, 0, -3, -24, 0,
    -17, -7, -17, 0, -17, 0, 0, -3,
    -10, -6, -2, -3, -10, -3, -9, -18,
    -8, 0, 0, 0, -7, 0, 0, 0,
    0, -10, 0, 0, 0, 0, 0, 0,
    0, 0, 4, 0, -20, -9, -14, 0,
    0, 0, 0, 0, 0, 0, 0, 0,
    -9, 0, -14, -12, 0, -12, 0, 0,
    -12, 0, 0, 0, 0, 0, 0, 0,
    5, -10, -14, -17, -15, -6, -9, -12,
    0, -13, -13, -4, 0, 0, 0, 4,
    0, 0, 0, 0, -12, 3, 0, 0,
    0, 0, 0, 0, 0, 0, 0, 0,
    0, 0, 0, 0, 0, 0, 0, 0,
    -17, 0, 0, 0, -7, 0, -4, 0,
    -4, 0, 0, -4, -17, 0, -7, 0,
    -7, 0, -7, 0, 0, -3, -7, -1,
    0, 0, -9, 0, -7, -6, -3, 0,
    0, 0, 0, 0, 0, 0, 0, -9,
    0, 0, 0, 0, 0, 0, 0, 0,
    -6, 0, 0, 0, 0, 0, 0, 0,
    0, 0, 0, -13, 0, 0, 0, -7,
    0, -2, 0, -2, 0, 0, -2, -13,
    0, -7, -3, -13, 0, -7, 0, -4,
    -4, -10, -11, -4, -6, -13, -5, -11,
    -17, -7, 0, 0, 0, -6, 0, 0,
    0, 0, -13, 0, 0, 0, -7, 0,
    0, 0, 0, -6, 0, -7, -22, 0,
    0, 0, 0, 0, 0, 0, -7, 0,
    0, -14, -10, 0, -17, -3, -17, 0,
    0, -17, -7, 0, 0, 0, 0, 0,
    0, 0, -16, -19, -19, -10, -13, -14,
    -17, -7, -24, -14, -11, 0, 0, -3,
    -6, 0, 0, 0, 0, -17, 0, 0,
    0, 0, 0, 0, 0, 0, 0, 0,
    -19, -12, -10, 0, 0, 0, 0, 0,
    0, -12, 0, 0, -15, 0, -10, -9,
    0, -9, 0, 0, -9, -12, 0, 0,
    0, 0, 0, 0, 0, -13, -13, -18,
    -16, -9, -12, -15, -6, -8, -23, -10,
    0, 0, 0, 0, -12, 0, 0, 0,
    -15, 0, 0, 0, 0, 0, 0, 0,
    0, 0, 0, 9, -9, 3, 0, 0,
    0, 0, 0, 0, 0, 0, 0, 0,
    0, 3, -5, 0, -5, 0, 0, -5,
    0, 0, -4, 0, 0, 9, -4, 0,
    -3, -5, -10, -3, 0, 2, -12, -1,
    -4, -11, 1, 0, 0, 0, 0, 0,
    0, 0, 0, -12, 0, 0, 0, 0,
    0, 0, 0, 0, 0, 0, -19, -3,
    -17, 0, 0, 0, 0, 0, 0, -12,
    0, 0, -7, 0, -17, -3, -5, -3,
    -13, 0, -3, -12, 0, 0, -1, 0,
    0, 0, 0, -8, -9, -3, -9, -3,
    -8, -8, -7, 0, -15, -9, 0, 0,
    -5, 0, 0, 0, 0, 0, -8, 0,
    0, 0, -7, 0, 0, 0, 0, -6,
    0, -7, -22, 0, 0, 0, 0, 0,
    0, 0, -7, 0, 0, -14, -10, 0,
    -17, -3, -17, 0, 0, -17, -7, 0,
    0, 0, 0, 0, 0, 0, -16, -18,
    -19, -10, -13, -14, -17, -7, -24, -14,
    -11, 0, 0, -3, -6, 0, 0, 0,
    0, -17, 0, 0, 0, 0, 0, 0,
    0, 0, 0, 0, 0, 0, 0, 0,
    0, 0, 0, 0, 0, 0, 0, 0,
    -7, -3, 0, -3, 0, -3, 0, 0,
    -3, 0, 0, -10, -3, 0, 0, -10,
    0, -5, -10, -7, -7, -9, -7, -9,
    -6, -10, -17, -6, 0, 0, 0, 0,
    0, 0, 0, 0, -9, 0, 0, 0,
    0, 0, 0, 0, 0, 0, 0, 0,
    0, 0, 0, 0, 0, 0, 0, 0,
    4, 0, 0, 0, 0, 0, 0, 0,
    0, 0, 0, 0, 4, 0, 0, 0,
    0, 0, 0, 0, 0, 0, 0, 0,
    0, 0, 0, 0, 0, 0, 0, 0,
    0, 0, 0, 0, 0, 0, 0, 0,
    0, 0, 0, 0, 0, 0, 0, 0,
    0, 0, 0, 0, 0, 0, 0, 0,
    0, 0, 0, 0, 0, 0, 0, 0,
    0, 0, 0, 0, 0, 0, 0, 0,
    0, -13, 0, 0, 0, -13, 0, 0,
    0, -3, 0, 0, 0, -5, 0, 0,
    0, 0, 0, 0, 0, 0, 0, 0,
    0, 0, -5, 0, 0, 0, 0, 0,
    0, 0, 0, 0, 0, 0, 0, 0,
    0, 0, 0, 0, 0, 0, -7, 0,
    0, 0, 0, 0, 0, 0, 0, 0,
    0, 0, -7, 0, 0, 0, 0, 0,
    0, 0, 0, 0, 0, 0, 0, 0,
    0, 0, 0, 0, 0, 0, 0, 0,
    0, 0, 0, 0, 0, 0, 0, 0,
    0, 0, 0, 0, 0, -6, -3, 0,
    -7, 0, -12, 0, 0, -4, 0, 0,
    0, -13, 0, 0, -3, -7, 0, 0,
    0, 0, 0, 0, 0, 0, 0, 0,
    0, 0, 0, -12, 0, 0, 0, 0,
    0, 0, 0, 0, 0, 0, 0, 0,
    0, -4, 0, 0, 0, 0, 0, 0,
    0, 0, 0, 0, 0, 0, 0, 0,
    0, 0, 0, -13, 0, -24, 0, 0,
    0, 0, 0, 0, 4, 0, 0, 0,
    0, -24, 0, 0, 0, 0, 0, 0,
    4, 0, 0, 0, 0, 0, 0, 0,
    0, 0, 0, 0, 0, 0, 0, 0,
    0, 0, 0, 0, 0, 0, 0, 0,
    0, 0, 0, 0, 0, 0, 0, 0,
    0, 0, 0, 0, 0, 0, 0, 0,
    0, 0, 0, 0, 0, 0, 0, -19,
    0, 0, 0, 0, 0, 0, 0, 0,
    0, 0, 0, 0, 0, 0, 0, 0,
    0, -14, 0, 0, 0, 0, 0, 0,
    0, 0, 0, 0, 0, 0, 0, 0,
    0, 0, 0, 0, 0, 0, 0, 0,
    0, 0, 0, 0, 0, 0, 0, 0,
    0, 0, 0, 0, 0, 0, 0, 0,
    0, 0, -20, 0, 0, 0, 0, 0,
    0, 0, 0, -1, 0, 0, -20, 0,
    -17, 0, 0, 0, -17, 0, 0, 0,
    0, 0, 0, 0, 0, 0, 0, 0,
    0, 0, 0, 0, 0, 0, 0, 0,
    0, 0, 0, 0, 0, 0, -13, 0,
    0, 0, 0, 0, 0, 0, 0, 0,
    -20, 0, 0, 0, 0, -28, 0, 0,
    0, 0, 0, 0, 0, 0, 0, 0,
    0, 0, 0, 0, 0, 0, 0, -35,
    0, 0, 0, 0, 0, 0, 0, 0,
    0, 0, 0, 0, 0, 0, -17, 0,
    0, 0, 0, 0, 0, 0, 0, 0,
    0, 0, 0, 0, 0, 8, 0, 0,
    0, 0, 0, 0, 0, 0, 0, 0,
    0, 0, 0, 0, 0, 0, 2, 0,
    2, 0, 0, 2, 0, 0, 0, 0,
    0, 0, 0, 0, -3, -7, -4, -4,
    0, 0, -2, 0, -1, -4, 0, 0,
    0, 0, 8, 0, 0, 0, 0, -2,
    0, 0, 12, 0, 0, 0, 0, 0,
    0, 0, 0, 0, 0, 0, 0, 0,
    0, 0, 0, -9, 0, 0, 0, 0,
    0, 0, 0, 0, 0, 0, 0, -9,
    0, -12, 0, -9, 0, -12, 0, 0,
    0, 0, 0, 0, 0, 0, 0, 0,
    0, 0, 0, 0, 0, 0, 0, 0,
    0, 0, 0, 0, 0, 0, 0, 0,
    0, 0, 17, 0, 0, 0, 0, -6,
    0, 0, 0, 0, 0, 0, 9, 0,
    0, 0, 0, -6, 5, 0, 5, -9,
    0, 5, 9, 1, 4, 5, 12, 3,
    4, 17, 0, -3, -6, -2, 0, -3,
    -5, 0, -3, -10, -5, 14, 0, 0,
    0, 0, 0, 0, 0, -5, 0, 0,
    0, 0, 0, 0, 0, 0, 0, 0,
    0, 0, 0, 0, 0, 0, 0, 0,
    0, 0, 0, 0, 0, 0, 0, 0,
    0, 0, -39, 0, 0, 0, 0, 0,
    0, 0, 0, 0, 0, 0, 0, 0,
    0, 0, 0, 0, 0, 0, 0, 0,
    0, 0, 0, 0, 0, 0, 0, 0,
    0, 0, 0, 0, 0, 0, 0, 0,
    0, 0, 0, 0, 0, 0, 0, 3,
    0, 0, 0, 0, 0, 0, 0, 0,
    0, 0, 0, 0, 0, 0, 0, 0,
    0, 0, 0, 0, 0, 0, 0, 0,
    0, 0, 0, 0, 0, 0, 0, 0,
    0, 0, 0, 0, 0, 0, 0, 0,
    0, 0, 0, 0, 0, 0, 0, 0,
    0, 0, 0, 0, 0, 0, 0, 0,
    0, 0, 0, 0, 0, 0, 0, 0,
    0, 0, 0, 0, 0, 0, 0, 0,
    -1, 0, 0, 0, 0, 0, 0, 0,
    0, 0, 0, 0, 0, 0, 0, 0,
    0, 0, 0, 0, 0, 0, 0, 0,
    0, 0, 0, 0, 0, 0, 0, 0,
    0, 0
};


/*Collect the kern class' data in one place*/
static const lv_font_fmt_txt_kern_classes_t kern_classes =
{
    .class_pair_values   = kern_class_values,
    .left_class_mapping  = kern_left_class_mapping,
    .right_class_mapping = kern_right_class_mapping,
    .left_class_cnt      = 62,
    .right_class_cnt     = 59,
};

/*--------------------
 *  ALL CUSTOM DATA
 *--------------------*/

#if LVGL_VERSION_MAJOR == 8
/*Store all the custom data of the font*/
static  lv_font_fmt_txt_glyph_cache_t cache;
#endif

#if LVGL_VERSION_MAJOR >= 8
static const lv_font_fmt_txt_dsc_t font_dsc = {
#else
static lv_font_fmt_txt_dsc_t font_dsc = {
#endif
    .glyph_bitmap = glyph_bitmap,
    .glyph_dsc = glyph_dsc,
    .cmaps = cmaps,
    .kern_dsc = &kern_classes,
    .kern_scale = 16,
    .cmap_num = 10,
    .bpp = 4,
    .kern_classes = 1,
    .bitmap_format = 0,
#if LVGL_VERSION_MAJOR == 8
    .cache = &cache
#endif
};



/*-----------------
 *  PUBLIC FONT
 *----------------*/

/*Initialize a public general font descriptor*/
#if LVGL_VERSION_MAJOR >= 8
const lv_font_t geist_med_21 = {
#else
lv_font_t geist_med_21 = {
#endif
    .get_glyph_dsc = lv_font_get_glyph_dsc_fmt_txt,    /*Function pointer to get glyph's data*/
    .get_glyph_bitmap = lv_font_get_bitmap_fmt_txt,    /*Function pointer to get glyph's bitmap*/
    .line_height = 30,          /*The maximum line height required by the font*/
    .base_line = 6,             /*Baseline measured from the bottom of the line*/
#if !(LVGL_VERSION_MAJOR == 6 && LVGL_VERSION_MINOR == 0)
    .subpx = LV_FONT_SUBPX_NONE,
#endif
#if LV_VERSION_CHECK(7, 4, 0) || LVGL_VERSION_MAJOR >= 8
    .underline_position = -2,
    .underline_thickness = 1,
#endif
    .dsc = &font_dsc,          /*The custom font data. Will be accessed by `get_glyph_bitmap/dsc` */
#if LV_VERSION_CHECK(8, 2, 0) || LVGL_VERSION_MAJOR >= 9
    .fallback = NULL,
#endif
    .user_data = NULL,
};



#endif /*#if GEIST_MED_21*/

