/*******************************************************************************
 * Size: 13 px
 * Bpp: 4
 * Opts: --bpp 4 --size 13 --format lvgl --no-compress --no-prefilter --font fonts/Geist-Regular.ttf --range 0x20-0x7F,0xA0-0x24F,0x1E00-0x1EFF,0x2013-0x2026,0x203A --font /System/Library/Fonts/Supplemental/Arial Unicode.ttf --range 0x00AD,0x0114-0x0115,0x012C-0x012D,0x0138,0x013F-0x0140,0x0149,0x014E-0x014F,0x017F-0x018E,0x0190-0x0191,0x0193-0x019F,0x01A2-0x01AE,0x01B1-0x01CC,0x01CF-0x01E3,0x01EA-0x01F5,0x01FA-0x0217,0x1E00-0x1E1F,0x1E22-0x1E7F,0x1E86-0x1E9B,0x2015-0x2017,0x201B,0x201F,0x2023-0x2025,0x2713,0x2717 -o main/ui/geist_reg_13.c --lv-include lvgl.h
 ******************************************************************************/

#ifdef LV_LVGL_H_INCLUDE_SIMPLE
#include "lvgl.h"
#else
#include "lvgl.h"
#endif

#ifndef GEIST_REG_13
#define GEIST_REG_13 1
#endif

#if GEIST_REG_13

/*-----------------
 *    BITMAPS
 *----------------*/

/*Store the image of the glyphs*/
static LV_ATTRIBUTE_LARGE_CONST const uint8_t glyph_bitmap[] = {
    /* U+0020 " " */

    /* U+0021 "!" */
    0x2f, 0x2, 0xf0, 0x2f, 0x1, 0xf0, 0x1e, 0x0,
    0xd0, 0x6, 0x2, 0x70, 0x5f, 0x20,

    /* U+0022 "\"" */
    0x6b, 0x3e, 0x5b, 0x3d, 0x4a, 0x2c, 0x14, 0x14,

    /* U+0023 "#" */
    0x0, 0xe, 0x5, 0x90, 0x0, 0x1d, 0x8, 0x60,
    0x7, 0xff, 0xef, 0xf2, 0x0, 0x77, 0xe, 0x0,
    0x0, 0xa4, 0x1d, 0x0, 0xe, 0xff, 0xff, 0x90,
    0x0, 0xe0, 0x77, 0x0, 0x3, 0xb0, 0xa4, 0x0,
    0x7, 0x80, 0xd1, 0x0,

    /* U+0024 "$" */
    0x0, 0x0, 0x10, 0x0, 0x0, 0x4, 0xa0, 0x0,
    0x2, 0xbf, 0xfa, 0x10, 0xd, 0x96, 0xda, 0xc0,
    0x1f, 0x14, 0xa0, 0xc2, 0xc, 0xb8, 0xb0, 0x0,
    0x0, 0x6f, 0xfa, 0x30, 0x0, 0x4, 0xb6, 0xf2,
    0x2f, 0x14, 0xa0, 0xc6, 0xb, 0xb8, 0xc5, 0xf3,
    0x1, 0x9f, 0xfd, 0x50, 0x0, 0x4, 0xa0, 0x0,

    /* U+0025 "%" */
    0xb, 0xcc, 0x10, 0x7, 0x90, 0x59, 0x7, 0x70,
    0x3c, 0x0, 0x5a, 0x8, 0x70, 0xd2, 0x0, 0x9,
    0xda, 0x9, 0x70, 0x0, 0x0, 0x0, 0x4b, 0x4c,
    0xb2, 0x0, 0x1, 0xd2, 0xe1, 0x5a, 0x0, 0xb,
    0x51, 0xc0, 0x1d, 0x0, 0x69, 0x0, 0xe0, 0x4b,
    0x2, 0xd0, 0x0, 0x6d, 0xc2,

    /* U+0026 "&" */
    0x1, 0xbf, 0xd3, 0x0, 0x7, 0xc2, 0x9c, 0x0,
    0x8, 0xa0, 0x7a, 0x0, 0x1, 0xe7, 0xc1, 0x0,
    0x5, 0xef, 0x30, 0x0, 0x2f, 0x36, 0xd1, 0x97,
    0x6b, 0x0, 0x9c, 0xd3, 0x4e, 0x30, 0x3e, 0xd0,
    0x7, 0xef, 0xe9, 0xd6,

    /* U+0027 "'" */
    0x6b, 0x6b, 0x49, 0x13,

    /* U+0028 "(" */
    0x0, 0xd1, 0x7, 0x90, 0xd, 0x30, 0x2f, 0x0,
    0x5c, 0x0, 0x6b, 0x0, 0x5c, 0x0, 0x2f, 0x0,
    0xd, 0x30, 0x7, 0x90, 0x0, 0xd1,

    /* U+0029 ")" */
    0x87, 0x1, 0xe1, 0xa, 0x70, 0x6b, 0x3, 0xe0,
    0x2f, 0x3, 0xe0, 0x6b, 0xa, 0x61, 0xe1, 0x87,
    0x0,

    /* U+002A "*" */
    0x5, 0x15, 0x10, 0x4, 0xbc, 0x0, 0x5d, 0xfe,
    0xd0, 0x4, 0xbc, 0x0, 0x5, 0x15, 0x10,

    /* U+002B "+" */
    0x0, 0xe, 0x20, 0x0, 0x0, 0xe2, 0x0, 0x0,
    0xe, 0x20, 0x7, 0xff, 0xff, 0xfb, 0x0, 0xe,
    0x20, 0x0, 0x0, 0xe2, 0x0,

    /* U+002C "," */
    0x37, 0x6, 0xf0, 0xb, 0x3, 0x70,

    /* U+002D "-" */
    0x6e, 0xee, 0xc0, 0x11, 0x11,

    /* U+002E "." */
    0x37, 0x6, 0xf0,

    /* U+002F "/" */
    0x0, 0x0, 0xd3, 0x0, 0x2, 0xd0, 0x0, 0x8,
    0x80, 0x0, 0xd, 0x20, 0x0, 0x3d, 0x0, 0x0,
    0x97, 0x0, 0x0, 0xe2, 0x0, 0x4, 0xc0, 0x0,
    0x9, 0x60, 0x0, 0xe, 0x10, 0x0, 0x4b, 0x0,
    0x0,

    /* U+0030 "0" */
    0x0, 0x7e, 0xfc, 0x30, 0x8, 0xd3, 0x17, 0xf2,
    0xf, 0x30, 0x0, 0x9a, 0x4e, 0x0, 0x0, 0x4d,
    0x5d, 0x0, 0x0, 0x3f, 0x4e, 0x0, 0x0, 0x5e,
    0xf, 0x30, 0x0, 0x9a, 0x8, 0xd4, 0x27, 0xf2,
    0x0, 0x7e, 0xfc, 0x30,

    /* U+0031 "1" */
    0x0, 0x89, 0x7f, 0xf9, 0x0, 0x99, 0x0, 0x99,
    0x0, 0x99, 0x0, 0x99, 0x0, 0x99, 0x0, 0x99,
    0x0, 0x99,

    /* U+0032 "2" */
    0x0, 0x9e, 0xfc, 0x30, 0xa, 0xc3, 0x28, 0xf1,
    0xe, 0x20, 0x0, 0xf3, 0x0, 0x0, 0x4, 0xf1,
    0x0, 0x1, 0x8e, 0x50, 0x0, 0x5e, 0xa1, 0x0,
    0x6, 0xe4, 0x0, 0x0, 0xe, 0x61, 0x11, 0x10,
    0x2f, 0xff, 0xff, 0xf4,

    /* U+0033 "3" */
    0x3, 0xbf, 0xeb, 0x30, 0xd, 0x71, 0x28, 0xe0,
    0x0, 0x0, 0x6, 0xd0, 0x0, 0xb, 0xfe, 0x10,
    0x0, 0x1, 0x3a, 0xc0, 0x0, 0x0, 0x0, 0xf3,
    0x3b, 0x0, 0x0, 0xe4, 0xe, 0x82, 0x29, 0xe0,
    0x2, 0xbf, 0xfb, 0x20,

    /* U+0034 "4" */
    0x0, 0x0, 0x6f, 0x30, 0x0, 0x2, 0xff, 0x30,
    0x0, 0xd, 0x7e, 0x30, 0x0, 0xaa, 0xe, 0x30,
    0x6, 0xd0, 0xe, 0x30, 0x2e, 0x30, 0xe, 0x30,
    0x9f, 0xff, 0xff, 0xf5, 0x12, 0x22, 0x2e, 0x50,
    0x0, 0x0, 0xe, 0x30,

    /* U+0035 "5" */
    0x8, 0xff, 0xff, 0xb0, 0xa, 0x91, 0x11, 0x10,
    0xc, 0x60, 0x0, 0x0, 0xe, 0x9c, 0xea, 0x20,
    0xf, 0xb3, 0x3a, 0xe0, 0x1, 0x0, 0x0, 0xf4,
    0x17, 0x0, 0x0, 0xe4, 0xe, 0x92, 0x29, 0xe0,
    0x2, 0xbf, 0xfb, 0x20,

    /* U+0036 "6" */
    0x0, 0x8e, 0xfc, 0x20, 0x7, 0xe4, 0x18, 0xd0,
    0xe, 0x40, 0x0, 0x20, 0x2f, 0x6c, 0xea, 0x10,
    0x4f, 0xb3, 0x3b, 0xc0, 0x5f, 0x0, 0x1, 0xf2,
    0x2f, 0x0, 0x1, 0xf1, 0xc, 0xa2, 0x2b, 0xc0,
    0x1, 0xbf, 0xfa, 0x10,

    /* U+0037 "7" */
    0xbf, 0xff, 0xff, 0xd1, 0x11, 0x11, 0xc6, 0x0,
    0x0, 0x79, 0x0, 0x0, 0x2e, 0x0, 0x0, 0xa,
    0x60, 0x0, 0x1, 0xf0, 0x0, 0x0, 0x5b, 0x0,
    0x0, 0x8, 0x80, 0x0, 0x0, 0xa7, 0x0, 0x0,

    /* U+0038 "8" */
    0x3, 0xcf, 0xfb, 0x20, 0xe, 0x81, 0x2a, 0xc0,
    0xe, 0x50, 0x8, 0xc0, 0x3, 0xff, 0xff, 0x20,
    0xe, 0x82, 0x3a, 0xc0, 0x6c, 0x0, 0x0, 0xf3,
    0x6c, 0x0, 0x0, 0xe4, 0x2f, 0x72, 0x29, 0xe0,
    0x4, 0xcf, 0xfb, 0x20,

    /* U+0039 "9" */
    0x3, 0xcf, 0xe8, 0x0, 0x1f, 0x81, 0x3e, 0x70,
    0x6d, 0x0, 0x4, 0xd0, 0x6c, 0x0, 0x3, 0xf0,
    0x2f, 0x50, 0x2d, 0xf0, 0x5, 0xef, 0xf9, 0xe0,
    0x0, 0x1, 0x7, 0xa0, 0x2e, 0x52, 0x5f, 0x40,
    0x5, 0xdf, 0xd5, 0x0,

    /* U+003A ":" */
    0xca, 0x54, 0x0, 0x0, 0x0, 0x54, 0xca,

    /* U+003B ";" */
    0xca, 0x54, 0x0, 0x0, 0x0, 0x54, 0xca, 0x46,
    0x91,

    /* U+003C "<" */
    0x0, 0x0, 0x0, 0x0, 0x0, 0x3, 0xa6, 0x0,
    0x4b, 0xd7, 0x4, 0xdc, 0x50, 0x0, 0x7d, 0x30,
    0x0, 0x0, 0x6d, 0xc5, 0x0, 0x0, 0x4, 0xbe,
    0x30, 0x0, 0x0, 0x23,

    /* U+003D "=" */
    0x7f, 0xff, 0xff, 0x80, 0x0, 0x0, 0x0, 0x0,
    0x0, 0x0, 0x7, 0xff, 0xff, 0xf8,

    /* U+003E ">" */
    0x0, 0x0, 0x0, 0x5, 0xa3, 0x0, 0x0, 0x6,
    0xdc, 0x50, 0x0, 0x0, 0x4b, 0xd4, 0x0, 0x0,
    0x3c, 0x80, 0x5, 0xcd, 0x60, 0x3d, 0xc5, 0x0,
    0x2, 0x30, 0x0, 0x0,

    /* U+003F "?" */
    0x2, 0xbf, 0xe8, 0x0, 0xe8, 0x23, 0xd7, 0x4b,
    0x0, 0x8, 0xa0, 0x0, 0x1, 0xc6, 0x0, 0x3,
    0xe7, 0x0, 0x0, 0xc6, 0x0, 0x0, 0x7, 0x10,
    0x0, 0x1, 0x72, 0x0, 0x0, 0x2f, 0x40, 0x0,

    /* U+0040 "@" */
    0x0, 0x4, 0xbe, 0xed, 0x91, 0x0, 0x0, 0x8c,
    0x40, 0x0, 0x6d, 0x20, 0x6, 0xb0, 0x0, 0x0,
    0x4, 0xb0, 0xe, 0x10, 0x9d, 0xca, 0x60, 0xe1,
    0x3b, 0x9, 0xa0, 0x1d, 0x60, 0xc2, 0x59, 0xe,
    0x20, 0xa, 0x40, 0xd1, 0x68, 0xd, 0x50, 0x3f,
    0x44, 0xb0, 0x4b, 0x2, 0xcd, 0x95, 0xdb, 0x10,
    0xe, 0x20, 0x0, 0x0, 0x0, 0x0, 0x4, 0xe5,
    0x0, 0x17, 0x0, 0x0, 0x0, 0x3a, 0xde, 0xd9,
    0x10, 0x0,

    /* U+0041 "A" */
    0x0, 0x9, 0xf4, 0x0, 0x0, 0x0, 0xe8, 0xa0,
    0x0, 0x0, 0x5b, 0x1f, 0x0, 0x0, 0xb, 0x50,
    0xa6, 0x0, 0x1, 0xe0, 0x4, 0xc0, 0x0, 0x7f,
    0xff, 0xff, 0x20, 0xd, 0x52, 0x22, 0xa7, 0x2,
    0xf0, 0x0, 0x4, 0xd0, 0x8a, 0x0, 0x0, 0xe,
    0x30,

    /* U+0042 "B" */
    0xcf, 0xff, 0xd8, 0x0, 0xc6, 0x11, 0x4e, 0x60,
    0xc5, 0x0, 0x9, 0x90, 0xc5, 0x0, 0x2d, 0x50,
    0xcf, 0xff, 0xf8, 0x0, 0xc6, 0x22, 0x3b, 0x90,
    0xc5, 0x0, 0x3, 0xf0, 0xc5, 0x11, 0x2a, 0xd0,
    0xcf, 0xff, 0xeb, 0x20,

    /* U+0043 "C" */
    0x0, 0x5c, 0xfe, 0xa1, 0x0, 0x7e, 0x51, 0x2a,
    0xd0, 0x1f, 0x40, 0x0, 0xd, 0x55, 0xe0, 0x0,
    0x0, 0x0, 0x6c, 0x0, 0x0, 0x0, 0x5, 0xd0,
    0x0, 0x0, 0x11, 0x1f, 0x30, 0x0, 0xc, 0x60,
    0x7e, 0x51, 0x2a, 0xd0, 0x0, 0x6d, 0xfe, 0xa1,
    0x0,

    /* U+0044 "D" */
    0xcf, 0xff, 0xd6, 0x0, 0xc6, 0x12, 0x5e, 0x90,
    0xc5, 0x0, 0x3, 0xf2, 0xc5, 0x0, 0x0, 0xd6,
    0xc5, 0x0, 0x0, 0xb7, 0xc5, 0x0, 0x0, 0xd6,
    0xc5, 0x0, 0x2, 0xf2, 0xc5, 0x12, 0x5e, 0x90,
    0xcf, 0xff, 0xd7, 0x0,

    /* U+0045 "E" */
    0xcf, 0xff, 0xff, 0xc, 0x61, 0x11, 0x10, 0xc5,
    0x0, 0x0, 0xc, 0x50, 0x0, 0x0, 0xcf, 0xff,
    0xfc, 0xc, 0x62, 0x22, 0x10, 0xc5, 0x0, 0x0,
    0xc, 0x51, 0x11, 0x10, 0xcf, 0xff, 0xff, 0x10,

    /* U+0046 "F" */
    0xcf, 0xff, 0xff, 0xd6, 0x11, 0x11, 0xc5, 0x0,
    0x0, 0xc5, 0x0, 0x0, 0xdf, 0xff, 0xfb, 0xd7,
    0x22, 0x21, 0xc5, 0x0, 0x0, 0xc5, 0x0, 0x0,
    0xc5, 0x0, 0x0,

    /* U+0047 "G" */
    0x0, 0x5c, 0xfe, 0xa1, 0x0, 0x6e, 0x51, 0x29,
    0xd0, 0xf, 0x30, 0x0, 0xa, 0x34, 0xd0, 0x0,
    0x0, 0x0, 0x6c, 0x0, 0x3f, 0xff, 0x65, 0xd0,
    0x0, 0x22, 0xb7, 0x1f, 0x30, 0x0, 0xf, 0x70,
    0x7e, 0x51, 0x3b, 0xd7, 0x0, 0x6d, 0xfe, 0x66,
    0x70,

    /* U+0048 "H" */
    0xc5, 0x0, 0x0, 0xf1, 0xc5, 0x0, 0x0, 0xf1,
    0xc5, 0x0, 0x0, 0xf1, 0xc5, 0x0, 0x0, 0xf1,
    0xdf, 0xff, 0xff, 0xf1, 0xd7, 0x22, 0x23, 0xf1,
    0xc5, 0x0, 0x0, 0xf1, 0xc5, 0x0, 0x0, 0xf1,
    0xc5, 0x0, 0x0, 0xf1,

    /* U+0049 "I" */
    0xc5, 0xc5, 0xc5, 0xc5, 0xc5, 0xc5, 0xc5, 0xc5,
    0xc5,

    /* U+004A "J" */
    0x0, 0x0, 0x5, 0xc0, 0x0, 0x0, 0x5c, 0x0,
    0x0, 0x5, 0xc0, 0x0, 0x0, 0x5c, 0x0, 0x0,
    0x5, 0xc0, 0x20, 0x0, 0x5c, 0xf, 0x10, 0x7,
    0xa0, 0xba, 0x24, 0xe5, 0x1, 0xaf, 0xe7, 0x0,

    /* U+004B "K" */
    0xc5, 0x0, 0x1e, 0x60, 0xc5, 0x1, 0xd7, 0x0,
    0xc5, 0xc, 0x90, 0x0, 0xc5, 0xca, 0x0, 0x0,
    0xce, 0xeb, 0x0, 0x0, 0xcb, 0x1d, 0x70, 0x0,
    0xc5, 0x2, 0xf3, 0x0, 0xc5, 0x0, 0x5e, 0x10,
    0xc5, 0x0, 0x9, 0xb0,

    /* U+004C "L" */
    0xc5, 0x0, 0x0, 0xc5, 0x0, 0x0, 0xc5, 0x0,
    0x0, 0xc5, 0x0, 0x0, 0xc5, 0x0, 0x0, 0xc5,
    0x0, 0x0, 0xc5, 0x0, 0x0, 0xd6, 0x11, 0x11,
    0xcf, 0xff, 0xfe,

    /* U+004D "M" */
    0xce, 0x0, 0x0, 0x8, 0xf3, 0xcf, 0x50, 0x0,
    0xe, 0xf3, 0xcd, 0xb0, 0x0, 0x4e, 0xe3, 0xc7,
    0xf1, 0x0, 0xa8, 0xe3, 0xc5, 0xc7, 0x1, 0xf2,
    0xe3, 0xc5, 0x6d, 0x6, 0xc0, 0xe3, 0xc5, 0xf,
    0x3c, 0x60, 0xe3, 0xc5, 0x9, 0xcf, 0x0, 0xe3,
    0xc5, 0x3, 0xfa, 0x0, 0xe3,

    /* U+004E "N" */
    0xcf, 0x10, 0x0, 0xa7, 0xcd, 0xa0, 0x0, 0xa7,
    0xc5, 0xe3, 0x0, 0xa7, 0xc5, 0x6c, 0x0, 0xa7,
    0xc5, 0xc, 0x60, 0xa7, 0xc5, 0x3, 0xe0, 0xa7,
    0xc5, 0x0, 0xa8, 0xa7, 0xc5, 0x0, 0x1e, 0xc7,
    0xc5, 0x0, 0x7, 0xf7,

    /* U+004F "O" */
    0x0, 0x6c, 0xfe, 0xa2, 0x0, 0x7, 0xe5, 0x12,
    0x9f, 0x20, 0x1f, 0x30, 0x0, 0xa, 0xa0, 0x5d,
    0x0, 0x0, 0x4, 0xe0, 0x6c, 0x0, 0x0, 0x2,
    0xf0, 0x5d, 0x0, 0x0, 0x4, 0xe0, 0x1f, 0x30,
    0x0, 0xa, 0xa0, 0x8, 0xe5, 0x12, 0x9f, 0x20,
    0x0, 0x6d, 0xfe, 0xa2, 0x0,

    /* U+0050 "P" */
    0xcf, 0xff, 0xe8, 0xc, 0x61, 0x14, 0xd8, 0xc5,
    0x0, 0x7, 0xbc, 0x50, 0x1, 0xc9, 0xcf, 0xff,
    0xfb, 0xc, 0x62, 0x20, 0x0, 0xc5, 0x0, 0x0,
    0xc, 0x50, 0x0, 0x0, 0xc5, 0x0, 0x0, 0x0,

    /* U+0051 "Q" */
    0x0, 0x5c, 0xfe, 0xa1, 0x0, 0x6e, 0x51, 0x3a,
    0xe1, 0xf, 0x40, 0x0, 0xb, 0x84, 0xe0, 0x0,
    0x0, 0x5d, 0x6c, 0x0, 0x0, 0x3, 0xe4, 0xe0,
    0x0, 0x0, 0x5d, 0xf, 0x40, 0x49, 0xb, 0x80,
    0x6e, 0x51, 0xbd, 0xd0, 0x0, 0x5c, 0xfe, 0xd7,
    0x0, 0x0, 0x0, 0x1, 0x70,

    /* U+0052 "R" */
    0xcf, 0xff, 0xe9, 0xc, 0x61, 0x13, 0xc9, 0xc5,
    0x0, 0x6, 0xcc, 0x50, 0x1, 0xb8, 0xcf, 0xff,
    0xfc, 0xc, 0x62, 0x23, 0xc7, 0xc5, 0x0, 0x6,
    0xbc, 0x50, 0x0, 0x5c, 0xc5, 0x0, 0x3, 0xe0,

    /* U+0053 "S" */
    0x2, 0xbf, 0xfb, 0x20, 0xd, 0x92, 0x39, 0xe0,
    0xf, 0x20, 0x0, 0xb3, 0xc, 0xb4, 0x0, 0x0,
    0x0, 0x6b, 0xeb, 0x30, 0x0, 0x0, 0x5, 0xe4,
    0x2f, 0x10, 0x0, 0xa9, 0xb, 0xc3, 0x14, 0xe5,
    0x0, 0x9e, 0xfd, 0x70,

    /* U+0054 "T" */
    0xdf, 0xff, 0xff, 0xf0, 0x11, 0x1f, 0x31, 0x10,
    0x0, 0xf, 0x20, 0x0, 0x0, 0xf, 0x20, 0x0,
    0x0, 0xf, 0x20, 0x0, 0x0, 0xf, 0x20, 0x0,
    0x0, 0xf, 0x20, 0x0, 0x0, 0xf, 0x20, 0x0,
    0x0, 0xf, 0x20, 0x0,

    /* U+0055 "U" */
    0xf2, 0x0, 0x2, 0xff, 0x20, 0x0, 0x2f, 0xf2,
    0x0, 0x2, 0xff, 0x20, 0x0, 0x2f, 0xf2, 0x0,
    0x2, 0xff, 0x20, 0x0, 0x2f, 0xe4, 0x0, 0x5,
    0xd8, 0xd4, 0x14, 0xd7, 0x7, 0xef, 0xd7, 0x0,

    /* U+0056 "V" */
    0x8a, 0x0, 0x0, 0xf, 0x32, 0xf1, 0x0, 0x5,
    0xd0, 0xd, 0x60, 0x0, 0xb7, 0x0, 0x7c, 0x0,
    0x1f, 0x10, 0x1, 0xf2, 0x7, 0xb0, 0x0, 0xb,
    0x70, 0xd5, 0x0, 0x0, 0x5d, 0x2f, 0x0, 0x0,
    0x0, 0xec, 0x90, 0x0, 0x0, 0x9, 0xf3, 0x0,
    0x0,

    /* U+0057 "W" */
    0x5d, 0x0, 0xa, 0xe0, 0x0, 0x9a, 0x1f, 0x10,
    0xe, 0xf2, 0x0, 0xd6, 0xd, 0x50, 0x2f, 0xc6,
    0x1, 0xf1, 0x8, 0x90, 0x6c, 0x7a, 0x5, 0xd0,
    0x4, 0xd0, 0xa7, 0x3e, 0x9, 0x90, 0x0, 0xf1,
    0xe3, 0xf, 0x2d, 0x40, 0x0, 0xc7, 0xf0, 0xb,
    0x7f, 0x0, 0x0, 0x7e, 0xb0, 0x7, 0xec, 0x0,
    0x0, 0x3f, 0x70, 0x2, 0xf7, 0x0,

    /* U+0058 "X" */
    0x7d, 0x0, 0x1, 0xe4, 0xc, 0x80, 0xa, 0x90,
    0x2, 0xf3, 0x4e, 0x0, 0x0, 0x7d, 0xe4, 0x0,
    0x0, 0xe, 0xc0, 0x0, 0x0, 0x7c, 0xe5, 0x0,
    0x2, 0xf2, 0x4e, 0x10, 0xc, 0x70, 0xa, 0xa0,
    0x7c, 0x0, 0x1, 0xe5,

    /* U+0059 "Y" */
    0xc, 0x80, 0x0, 0x1f, 0x40, 0x2f, 0x20, 0xa,
    0xa0, 0x0, 0x8b, 0x3, 0xe1, 0x0, 0x0, 0xe5,
    0xd6, 0x0, 0x0, 0x5, 0xfc, 0x0, 0x0, 0x0,
    0xd, 0x50, 0x0, 0x0, 0x0, 0xd4, 0x0, 0x0,
    0x0, 0xd, 0x40, 0x0, 0x0, 0x0, 0xd4, 0x0,
    0x0,

    /* U+005A "Z" */
    0x7f, 0xff, 0xff, 0x90, 0x11, 0x12, 0xf4, 0x0,
    0x0, 0xb9, 0x0, 0x0, 0x7d, 0x0, 0x0, 0x3f,
    0x20, 0x0, 0xd, 0x60, 0x0, 0xa, 0xa0, 0x0,
    0x5, 0xe2, 0x11, 0x10, 0xaf, 0xff, 0xff, 0xb0,

    /* U+005B "[" */
    0xce, 0xe4, 0xc3, 0x0, 0xc3, 0x0, 0xc3, 0x0,
    0xc3, 0x0, 0xc3, 0x0, 0xc3, 0x0, 0xc3, 0x0,
    0xc3, 0x0, 0xc3, 0x0, 0xce, 0xe4,

    /* U+005C "\\" */
    0x5b, 0x0, 0x0, 0xe, 0x10, 0x0, 0x9, 0x60,
    0x0, 0x4, 0xc0, 0x0, 0x0, 0xe2, 0x0, 0x0,
    0x97, 0x0, 0x0, 0x3d, 0x0, 0x0, 0xd, 0x20,
    0x0, 0x8, 0x80, 0x0, 0x2, 0xd0, 0x0, 0x0,
    0xd3,

    /* U+005D "]" */
    0xbe, 0xf4, 0x0, 0xb5, 0x0, 0xb5, 0x0, 0xb5,
    0x0, 0xb5, 0x0, 0xb5, 0x0, 0xb5, 0x0, 0xb5,
    0x0, 0xb5, 0x0, 0xb5, 0xbe, 0xf4,

    /* U+005E "^" */
    0x0, 0x74, 0x0, 0x5, 0xcd, 0x0, 0xd, 0x3a,
    0x50, 0x4c, 0x4, 0xc0,

    /* U+005F "_" */
    0x6f, 0xff, 0xff, 0xa0,

    /* U+0060 "`" */
    0x29, 0x0, 0x96,

    /* U+0061 "a" */
    0x4, 0xcf, 0xd4, 0x1, 0xf5, 0x15, 0xe1, 0x2,
    0x0, 0x2e, 0x30, 0x6c, 0xdb, 0xe4, 0x4e, 0x20,
    0xe, 0x45, 0xe3, 0x3a, 0xf6, 0xa, 0xfe, 0x77,
    0xe0,

    /* U+0062 "b" */
    0xf2, 0x0, 0x0, 0xf, 0x20, 0x0, 0x0, 0xf6,
    0xdf, 0xa1, 0xf, 0xc2, 0x1b, 0xa0, 0xf4, 0x0,
    0x2f, 0xf, 0x20, 0x0, 0xf2, 0xf5, 0x0, 0x2f,
    0xf, 0xd2, 0x1b, 0xa0, 0xf6, 0xef, 0xa1, 0x0,

    /* U+0063 "c" */
    0x2, 0xbf, 0xe6, 0x0, 0xd8, 0x13, 0xe5, 0x4e,
    0x0, 0x3, 0x36, 0xc0, 0x0, 0x0, 0x4e, 0x0,
    0x4, 0x40, 0xe8, 0x13, 0xe4, 0x2, 0xcf, 0xe5,
    0x0,

    /* U+0064 "d" */
    0x0, 0x0, 0x6, 0xb0, 0x0, 0x0, 0x6b, 0x3,
    0xcf, 0xc8, 0xb0, 0xe8, 0x13, 0xeb, 0x4e, 0x0,
    0x9, 0xb6, 0xc0, 0x0, 0x6b, 0x4e, 0x0, 0x9,
    0xb0, 0xe8, 0x14, 0xfb, 0x3, 0xcf, 0xc7, 0xb0,

    /* U+0065 "e" */
    0x2, 0xcf, 0xd5, 0x0, 0xe8, 0x14, 0xf3, 0x4d,
    0x0, 0x9, 0x96, 0xff, 0xff, 0xfa, 0x4d, 0x0,
    0x0, 0x0, 0xe7, 0x13, 0xd5, 0x2, 0xcf, 0xe7,
    0x0,

    /* U+0066 "f" */
    0x0, 0xbf, 0x90, 0x3e, 0x0, 0x3f, 0xff, 0x80,
    0x4d, 0x0, 0x4, 0xd0, 0x0, 0x4d, 0x0, 0x4,
    0xd0, 0x0, 0x4d, 0x0, 0x4, 0xd0, 0x0,

    /* U+0067 "g" */
    0x3, 0xcf, 0xc8, 0xb1, 0xe6, 0x14, 0xeb, 0x5c,
    0x0, 0x7, 0xb5, 0xc0, 0x0, 0x7b, 0x1f, 0x50,
    0x2e, 0xb0, 0x4e, 0xfe, 0x9b, 0x5, 0x1, 0x7,
    0xa0, 0xe7, 0x13, 0xd6, 0x2, 0xbf, 0xe8, 0x0,

    /* U+0068 "h" */
    0xf2, 0x0, 0x0, 0xf2, 0x0, 0x0, 0xf6, 0xdf,
    0x90, 0xfa, 0x1, 0xe5, 0xf3, 0x0, 0x97, 0xf2,
    0x0, 0x98, 0xf2, 0x0, 0x98, 0xf2, 0x0, 0x98,
    0xf2, 0x0, 0x98,

    /* U+0069 "i" */
    0xf2, 0x40, 0xf2, 0xf2, 0xf2, 0xf2, 0xf2, 0xf2,
    0xf2,

    /* U+006A "j" */
    0x0, 0xc5, 0x0, 0x31, 0x0, 0xc5, 0x0, 0xc5,
    0x0, 0xc5, 0x0, 0xc5, 0x0, 0xc5, 0x0, 0xc5,
    0x0, 0xc5, 0x0, 0xd4, 0xf, 0xd1,

    /* U+006B "k" */
    0xf2, 0x0, 0x0, 0xf, 0x20, 0x0, 0x0, 0xf2,
    0x1, 0xd7, 0xf, 0x20, 0xc9, 0x0, 0xf2, 0xba,
    0x0, 0xf, 0xbe, 0x90, 0x0, 0xfb, 0x1e, 0x40,
    0xf, 0x20, 0x4e, 0x10, 0xf2, 0x0, 0x9b, 0x0,

    /* U+006C "l" */
    0xf2, 0xf, 0x20, 0xf2, 0xf, 0x20, 0xf2, 0xf,
    0x20, 0xf2, 0xf, 0x20, 0xaf, 0x20,

    /* U+006D "m" */
    0xf6, 0xce, 0x75, 0xce, 0x80, 0xf8, 0x2, 0xf9,
    0x1, 0xf2, 0xf2, 0x0, 0xe4, 0x0, 0xc5, 0xf2,
    0x0, 0xd3, 0x0, 0xb5, 0xf2, 0x0, 0xd3, 0x0,
    0xb5, 0xf2, 0x0, 0xd3, 0x0, 0xb5, 0xf2, 0x0,
    0xd3, 0x0, 0xb5,

    /* U+006E "n" */
    0xf5, 0xbe, 0x90, 0xf8, 0x0, 0xd4, 0xf2, 0x0,
    0x97, 0xf2, 0x0, 0x98, 0xf2, 0x0, 0x98, 0xf2,
    0x0, 0x98, 0xf2, 0x0, 0x98,

    /* U+006F "o" */
    0x2, 0xbf, 0xe7, 0x0, 0xe8, 0x13, 0xe5, 0x4e,
    0x0, 0x7, 0xb6, 0xc0, 0x0, 0x4d, 0x4e, 0x0,
    0x7, 0xb0, 0xe8, 0x13, 0xe5, 0x2, 0xcf, 0xe7,
    0x0,

    /* U+0070 "p" */
    0xf6, 0xde, 0xa1, 0xf, 0xb0, 0x9, 0xa0, 0xf3,
    0x0, 0x1f, 0xf, 0x20, 0x0, 0xf2, 0xf4, 0x0,
    0x2f, 0xf, 0xd2, 0x1b, 0xa0, 0xf7, 0xdf, 0xa1,
    0xf, 0x20, 0x0, 0x0, 0xf2, 0x0, 0x0, 0x0,

    /* U+0071 "q" */
    0x3, 0xcf, 0xc7, 0xb0, 0xe8, 0x14, 0xfb, 0x4e,
    0x0, 0x8, 0xb6, 0xb0, 0x0, 0x6b, 0x4d, 0x0,
    0x8, 0xb0, 0xe7, 0x14, 0xfb, 0x3, 0xcf, 0xc8,
    0xb0, 0x0, 0x0, 0x6b, 0x0, 0x0, 0x6, 0xb0,

    /* U+0072 "r" */
    0xf7, 0xf5, 0xf9, 0x10, 0xf2, 0x0, 0xf2, 0x0,
    0xf2, 0x0, 0xf2, 0x0, 0xf2, 0x0,

    /* U+0073 "s" */
    0x5, 0xdf, 0xd4, 0x0, 0xf4, 0x16, 0xe0, 0xf,
    0x30, 0x3, 0x0, 0x5d, 0xea, 0x30, 0x13, 0x1,
    0x6f, 0x3, 0xf4, 0x4, 0xf1, 0x6, 0xdf, 0xd5,
    0x0,

    /* U+0074 "t" */
    0x2, 0x60, 0x0, 0x4d, 0x0, 0x4f, 0xff, 0xa0,
    0x4d, 0x0, 0x4, 0xd0, 0x0, 0x4d, 0x0, 0x4,
    0xd0, 0x0, 0x3e, 0x0, 0x0, 0xbf, 0xa0,

    /* U+0075 "u" */
    0xf2, 0x0, 0xa7, 0xf2, 0x0, 0xa7, 0xf2, 0x0,
    0xa7, 0xf2, 0x0, 0xa7, 0xe2, 0x0, 0xb7, 0xb8,
    0x3, 0xf7, 0x2d, 0xfa, 0xa7,

    /* U+0076 "v" */
    0x8a, 0x0, 0xb, 0x82, 0xf0, 0x0, 0xf2, 0xd,
    0x50, 0x5c, 0x0, 0x7a, 0xb, 0x60, 0x1, 0xf1,
    0xf1, 0x0, 0xb, 0xbb, 0x0, 0x0, 0x6f, 0x50,
    0x0,

    /* U+0077 "w" */
    0x99, 0x0, 0x6f, 0x0, 0xf, 0x34, 0xe0, 0xb,
    0xf5, 0x3, 0xe0, 0xe, 0x20, 0xf8, 0x90, 0x89,
    0x0, 0xa7, 0x4c, 0x2e, 0xc, 0x40, 0x5, 0xb8,
    0x70, 0xe4, 0xf0, 0x0, 0xf, 0xd3, 0x9, 0xcb,
    0x0, 0x0, 0xbe, 0x0, 0x4f, 0x60, 0x0,

    /* U+0078 "x" */
    0xd, 0x50, 0xb, 0x80, 0x3e, 0x16, 0xd0, 0x0,
    0x8c, 0xe2, 0x0, 0x1, 0xfa, 0x0, 0x0, 0xaa,
    0xe4, 0x0, 0x5d, 0x4, 0xe1, 0x1e, 0x40, 0x9,
    0xa0,

    /* U+0079 "y" */
    0x8a, 0x0, 0xa, 0x82, 0xf0, 0x0, 0xf2, 0xd,
    0x50, 0x5c, 0x0, 0x7b, 0xa, 0x70, 0x1, 0xf1,
    0xf1, 0x0, 0xb, 0xbb, 0x0, 0x0, 0x5f, 0x60,
    0x0, 0x1, 0xe1, 0x0, 0xa, 0xf7, 0x0, 0x0,

    /* U+007A "z" */
    0x3f, 0xff, 0xff, 0x30, 0x0, 0x7, 0xc0, 0x0,
    0x5, 0xe1, 0x0, 0x4, 0xe2, 0x0, 0x2, 0xe3,
    0x0, 0x1, 0xe5, 0x0, 0x0, 0x5f, 0xff, 0xff,
    0x40,

    /* U+007B "{" */
    0x0, 0x4e, 0xd0, 0xe, 0x50, 0x1, 0xf0, 0x0,
    0x1f, 0x0, 0x7, 0xb0, 0x6, 0xe1, 0x0, 0x19,
    0xa0, 0x0, 0x2e, 0x0, 0x1, 0xf0, 0x0, 0xf,
    0x40, 0x0, 0x5e, 0xd0,

    /* U+007C "|" */
    0xc3, 0xc3, 0xc3, 0xc3, 0xc3, 0xc3, 0xc3, 0xc3,
    0xc3, 0xc3, 0xc3,

    /* U+007D "}" */
    0xce, 0x50, 0x0, 0x4f, 0x0, 0x0, 0xe2, 0x0,
    0xe, 0x20, 0x0, 0xa8, 0x0, 0x1, 0xd7, 0x0,
    0x9a, 0x10, 0xd, 0x30, 0x0, 0xe2, 0x0, 0x3f,
    0x0, 0xce, 0x50, 0x0,

    /* U+007E "~" */
    0xa, 0xe3, 0xc, 0x34, 0xc2, 0xc1, 0xe1, 0x79,
    0x6, 0xe7, 0x0,

    /* U+00A0 " " */

    /* U+00A1 "¡" */
    0x5f, 0x22, 0x70, 0x6, 0x0, 0xd0, 0x1e, 0x1,
    0xf0, 0x2f, 0x2, 0xf0, 0x2f, 0x0,

    /* U+00A2 "¢" */
    0x0, 0x7, 0x60, 0x0, 0x1a, 0xff, 0x50, 0xd,
    0x9d, 0x8e, 0x44, 0xe0, 0xb2, 0x44, 0x6c, 0xd,
    0x10, 0x5, 0xd0, 0xe0, 0x33, 0xe, 0x7e, 0x1d,
    0x50, 0x3f, 0xff, 0x70, 0x0, 0x3c, 0x0, 0x0,

    /* U+00A3 "£" */
    0x0, 0x5d, 0xfd, 0x40, 0x3, 0xf6, 0x18, 0xf1,
    0x5, 0xc0, 0x0, 0x30, 0x3, 0xe0, 0x0, 0x0,
    0x4f, 0xff, 0xf6, 0x0, 0x0, 0xc3, 0x0, 0x0,
    0x0, 0xe0, 0x0, 0x0, 0xa, 0x72, 0x22, 0x20,
    0x4f, 0xff, 0xff, 0xf2,

    /* U+00A4 "¤" */
    0x17, 0x0, 0x0, 0x62, 0x1d, 0xfe, 0xef, 0xe2,
    0x8, 0xf0, 0xf, 0xa0, 0xa, 0x40, 0x2, 0xc0,
    0x7, 0xf1, 0x1f, 0x90, 0x1d, 0xed, 0xee, 0xe2,
    0x16, 0x0, 0x0, 0x51,

    /* U+00A5 "¥" */
    0xb, 0x90, 0x0, 0x2f, 0x30, 0x2f, 0x30, 0xb,
    0x90, 0x0, 0x7d, 0x5, 0xe0, 0x0, 0x0, 0xc9,
    0xe4, 0x0, 0x0, 0xdf, 0xff, 0xff, 0x0, 0x0,
    0xd, 0x40, 0x0, 0x0, 0xce, 0xff, 0xee, 0x0,
    0x1, 0x1e, 0x61, 0x10, 0x0, 0x0, 0xd4, 0x0,
    0x0,

    /* U+00A6 "¦" */
    0xc3, 0xc3, 0xc3, 0xc3, 0x72, 0x0, 0x72, 0xc3,
    0xc3, 0xc3, 0xc3,

    /* U+00A7 "§" */
    0x3, 0xcf, 0xd5, 0x0, 0xe6, 0x14, 0xf2, 0xd,
    0x81, 0x2, 0x10, 0x4f, 0xfc, 0x50, 0xe, 0x30,
    0x3d, 0x30, 0xe5, 0x0, 0xc5, 0x3, 0xbe, 0xfb,
    0x0, 0x30, 0x4, 0xe3, 0x1f, 0x40, 0x1d, 0x50,
    0x5e, 0xfe, 0x90, 0x0, 0x1, 0x0, 0x0,

    /* U+00A8 "¨" */
    0x0, 0x0, 0x6b, 0x2f, 0x12, 0x3,

    /* U+00A9 "©" */
    0x0, 0x7, 0xde, 0xc6, 0x0, 0x0, 0x1d, 0xa3,
    0x25, 0xda, 0x0, 0xb, 0xa0, 0x0, 0x0, 0xd7,
    0x2, 0xf1, 0x2c, 0xeb, 0x14, 0xe0, 0x5b, 0xe,
    0x40, 0x79, 0xf, 0x16, 0xb2, 0xd0, 0x0, 0x0,
    0xe2, 0x3e, 0x1e, 0x40, 0x7b, 0x2f, 0x0, 0xc7,
    0x3c, 0xeb, 0x1b, 0x90, 0x2, 0xe8, 0x0, 0x2b,
    0xd0, 0x0, 0x2, 0xbf, 0xff, 0x90, 0x0, 0x0,
    0x0, 0x1, 0x0, 0x0, 0x0,

    /* U+00AA "ª" */
    0xb, 0xdc, 0x2, 0x70, 0xc6, 0x1b, 0xde, 0x77,
    0xc0, 0xd7, 0x2c, 0xc8, 0xb0,

    /* U+00AB "«" */
    0x0, 0x11, 0x2, 0x0, 0x3e, 0x38, 0xc0, 0x2e,
    0x46, 0xd1, 0x6, 0xb0, 0xc5, 0x0, 0x1d, 0x64,
    0xe2, 0x0, 0x2e, 0x46, 0xd1,

    /* U+00AC "¬" */
    0x7f, 0xff, 0xff, 0x0, 0x0, 0xf, 0x0, 0x0,
    0xf, 0x0, 0x0, 0x7,

    /* U+00AD "­" */
    0x9f, 0xfe, 0x12, 0x22,

    /* U+00AE "®" */
    0x0, 0x7c, 0xc9, 0x10, 0xa, 0x9b, 0x96, 0xb0,
    0x38, 0x47, 0x38, 0x47, 0x65, 0x4c, 0xd2, 0x1a,
    0x39, 0x47, 0x84, 0x57, 0xa, 0x72, 0x6, 0xc0,
    0x0, 0x7b, 0xb8, 0x10,

    /* U+00AF "¯" */
    0x6e, 0xee, 0x0,

    /* U+00B0 "°" */
    0x8, 0xeb, 0x15, 0xb0, 0x79, 0x5b, 0x8, 0x90,
    0x9e, 0xb1,

    /* U+00B1 "±" */
    0x0, 0x8, 0x0, 0x0, 0x0, 0xf0, 0x0, 0x0,
    0xf, 0x0, 0x7, 0xff, 0xff, 0xf7, 0x0, 0xf,
    0x0, 0x0, 0x0, 0xf0, 0x0, 0x0, 0x9, 0x0,
    0x7, 0xff, 0xff, 0xf7,

    /* U+00B2 "²" */
    0x1b, 0xc8, 0x35, 0xe, 0x1, 0xa6, 0x2c, 0x20,
    0x7e, 0xcb,

    /* U+00B3 "³" */
    0x3c, 0xd4, 0x31, 0x49, 0x3, 0xe5, 0x30, 0x1d,
    0x5c, 0xc7,

    /* U+00B4 "´" */
    0x7, 0x42, 0xc0,

    /* U+00B5 "µ" */
    0xa1, 0x0, 0x75, 0xf2, 0x0, 0xa7, 0xf2, 0x0,
    0xa7, 0xf2, 0x0, 0xa7, 0xf2, 0x0, 0xb7, 0xf7,
    0x3, 0xf7, 0xfe, 0xea, 0xa7, 0xf2, 0x0, 0x0,
    0xf2, 0x0, 0x0,

    /* U+00B6 "¶" */
    0x5, 0xdf, 0xff, 0x82, 0xff, 0xfa, 0x78, 0x6f,
    0xff, 0xa7, 0x83, 0xff, 0xfa, 0x78, 0x7, 0xff,
    0xa7, 0x80, 0x0, 0x7a, 0x78, 0x0, 0x6, 0xa7,
    0x80, 0x0, 0x6a, 0x78, 0x0, 0x6, 0xa7, 0x80,

    /* U+00B7 "·" */
    0x2, 0x6, 0xf0, 0x25, 0x0,

    /* U+00B8 "¸" */
    0x5, 0xa0, 0x12, 0x77, 0x1b, 0xb2,

    /* U+00B9 "¹" */
    0x6, 0x57, 0xe5, 0x7, 0x50, 0x75, 0x7, 0x50,

    /* U+00BA "º" */
    0x9, 0xdc, 0x24, 0xd0, 0x6b, 0x7a, 0x3, 0xe4,
    0xd0, 0x6b, 0x8, 0xdb, 0x20,

    /* U+00BB "»" */
    0x12, 0x1, 0x10, 0x1, 0xd6, 0x4e, 0x20, 0x2,
    0xe4, 0x6d, 0x10, 0x7, 0xa0, 0xd4, 0x3, 0xe3,
    0x9c, 0x2, 0xe4, 0x6d, 0x10,

    /* U+00BC "¼" */
    0x0, 0x0, 0x0, 0x0, 0x0, 0x6, 0x50, 0x0,
    0xd, 0x20, 0x7e, 0x50, 0x0, 0xa6, 0x0, 0x7,
    0x50, 0x5, 0xb0, 0x0, 0x7, 0x50, 0x1d, 0x10,
    0x0, 0x7, 0x50, 0xb4, 0xa, 0x80, 0x0, 0x7,
    0x90, 0x5d, 0x80, 0x0, 0x3d, 0x2, 0xb5, 0x80,
    0x0, 0xd3, 0x8, 0xcd, 0xe3, 0x9, 0x70, 0x0,
    0x4, 0x80,

    /* U+00BD "½" */
    0x0, 0x0, 0x0, 0x0, 0x0, 0x6, 0x50, 0x0,
    0x1d, 0x20, 0x7e, 0x50, 0x0, 0xa5, 0x0, 0x7,
    0x50, 0x6, 0xa0, 0x0, 0x7, 0x50, 0x2d, 0x0,
    0x0, 0x7, 0x50, 0xc3, 0x2c, 0xe6, 0x0, 0x8,
    0x80, 0x54, 0x1d, 0x0, 0x4c, 0x0, 0x2, 0x94,
    0x1, 0xd2, 0x0, 0x3b, 0x0, 0x8, 0x50, 0x0,
    0x7c, 0xca,

    /* U+00BE "¾" */
    0x2b, 0xc3, 0x0, 0x3, 0xb0, 0x42, 0x49, 0x0,
    0xd, 0x20, 0x3, 0xd5, 0x0, 0x96, 0x0, 0x41,
    0x1d, 0x5, 0xb0, 0x0, 0x4c, 0xc5, 0x1d, 0x10,
    0xc2, 0x0, 0x0, 0xc4, 0xa, 0xc3, 0x0, 0x7,
    0x80, 0x76, 0xa3, 0x0, 0x3c, 0x0, 0xdc, 0xeb,
    0x0, 0xd2, 0x0, 0x0, 0xa3,

    /* U+00BF "¿" */
    0x0, 0x2, 0x0, 0x0, 0x0, 0xf7, 0x0, 0x0,
    0x5, 0x20, 0x0, 0x0, 0x81, 0x0, 0x0, 0x2f,
    0x0, 0x0, 0x5e, 0x50, 0x0, 0x2e, 0x20, 0x0,
    0x6, 0xc0, 0x0, 0x88, 0x2f, 0x52, 0x5f, 0x30,
    0x5d, 0xfd, 0x50,

    /* U+00C0 "À" */
    0x0, 0x9, 0x10, 0x0, 0x0, 0x0, 0x69, 0x0,
    0x0, 0x0, 0x0, 0x0, 0x0, 0x0, 0x0, 0x9f,
    0x40, 0x0, 0x0, 0xe, 0x8a, 0x0, 0x0, 0x5,
    0xb1, 0xf0, 0x0, 0x0, 0xb5, 0xa, 0x60, 0x0,
    0x1e, 0x0, 0x4c, 0x0, 0x7, 0xff, 0xff, 0xf2,
    0x0, 0xd5, 0x22, 0x2a, 0x70, 0x2f, 0x0, 0x0,
    0x4d, 0x8, 0xa0, 0x0, 0x0, 0xe3,

    /* U+00C1 "Á" */
    0x0, 0x0, 0x47, 0x0, 0x0, 0x0, 0xd, 0x20,
    0x0, 0x0, 0x0, 0x0, 0x0, 0x0, 0x0, 0x9f,
    0x40, 0x0, 0x0, 0xe, 0x8a, 0x0, 0x0, 0x5,
    0xb1, 0xf0, 0x0, 0x0, 0xb5, 0xa, 0x60, 0x0,
    0x1e, 0x0, 0x4c, 0x0, 0x7, 0xff, 0xff, 0xf2,
    0x0, 0xd5, 0x22, 0x2a, 0x70, 0x2f, 0x0, 0x0,
    0x4d, 0x8, 0xa0, 0x0, 0x0, 0xe3,

    /* U+00C2 "Â" */
    0x0, 0x9, 0xf3, 0x0, 0x0, 0x2, 0xc2, 0xc0,
    0x0, 0x0, 0x0, 0x0, 0x0, 0x0, 0x0, 0x9f,
    0x40, 0x0, 0x0, 0xe, 0x8a, 0x0, 0x0, 0x5,
    0xb1, 0xf0, 0x0, 0x0, 0xb5, 0xa, 0x60, 0x0,
    0x1e, 0x0, 0x4c, 0x0, 0x7, 0xff, 0xff, 0xf2,
    0x0, 0xd5, 0x22, 0x2a, 0x70, 0x2f, 0x0, 0x0,
    0x4d, 0x8, 0xa0, 0x0, 0x0, 0xe3,

    /* U+00C3 "Ã" */
    0x0, 0x3b, 0x55, 0x40, 0x0, 0x8, 0x8, 0xa0,
    0x0, 0x0, 0x0, 0x0, 0x0, 0x0, 0x0, 0x9f,
    0x40, 0x0, 0x0, 0xe, 0x8a, 0x0, 0x0, 0x5,
    0xb1, 0xf0, 0x0, 0x0, 0xb5, 0xa, 0x60, 0x0,
    0x1e, 0x0, 0x4c, 0x0, 0x7, 0xff, 0xff, 0xf2,
    0x0, 0xd5, 0x22, 0x2a, 0x70, 0x2f, 0x0, 0x0,
    0x4d, 0x8, 0xa0, 0x0, 0x0, 0xe3,

    /* U+00C4 "Ä" */
    0x0, 0x0, 0x0, 0x0, 0x0, 0x5, 0xc1, 0xf0,
    0x0, 0x0, 0x12, 0x3, 0x0, 0x0, 0x0, 0x9f,
    0x40, 0x0, 0x0, 0xe, 0x8a, 0x0, 0x0, 0x5,
    0xb1, 0xf0, 0x0, 0x0, 0xb5, 0xa, 0x60, 0x0,
    0x1e, 0x0, 0x4c, 0x0, 0x7, 0xff, 0xff, 0xf2,
    0x0, 0xd5, 0x22, 0x2a, 0x70, 0x2f, 0x0, 0x0,
    0x4d, 0x8, 0xa0, 0x0, 0x0, 0xe3,

    /* U+00C5 "Å" */
    0x0, 0x7, 0x93, 0x0, 0x0, 0x0, 0x79, 0x30,
    0x0, 0x0, 0x0, 0x0, 0x0, 0x0, 0x0, 0x9f,
    0x40, 0x0, 0x0, 0xe, 0x8a, 0x0, 0x0, 0x5,
    0xb1, 0xe0, 0x0, 0x0, 0xb5, 0xb, 0x50, 0x0,
    0x1e, 0x0, 0x5b, 0x0, 0x7, 0xff, 0xff, 0xf1,
    0x0, 0xd5, 0x22, 0x2a, 0x70, 0x3e, 0x0, 0x0,
    0x4d, 0x9, 0xa0, 0x0, 0x0, 0xf3,

    /* U+00C6 "Æ" */
    0x0, 0x0, 0x1f, 0xff, 0xff, 0xfc, 0x0, 0x0,
    0x98, 0xa9, 0x11, 0x11, 0x0, 0x2, 0xe1, 0x98,
    0x0, 0x0, 0x0, 0xb, 0x70, 0x98, 0x0, 0x0,
    0x0, 0x4e, 0x0, 0x9f, 0xff, 0xf9, 0x0, 0xef,
    0xff, 0xf8, 0x11, 0x10, 0x5, 0xe2, 0x22, 0xa8,
    0x0, 0x0, 0xe, 0x50, 0x0, 0x99, 0x11, 0x11,
    0x7c, 0x0, 0x0, 0x9f, 0xff, 0xfe,

    /* U+00C7 "Ç" */
    0x0, 0x5c, 0xfe, 0xa1, 0x0, 0x7e, 0x51, 0x2a,
    0xd0, 0x1f, 0x40, 0x0, 0xd, 0x55, 0xe0, 0x0,
    0x0, 0x0, 0x6c, 0x0, 0x0, 0x0, 0x5, 0xd0,
    0x0, 0x0, 0x11, 0x1f, 0x30, 0x0, 0xc, 0x60,
    0x7e, 0x51, 0x2a, 0xd0, 0x0, 0x6d, 0xff, 0xa1,
    0x0, 0x0, 0xb, 0x70, 0x0, 0x0, 0x4, 0xc,
    0x0, 0x0, 0x0, 0x5c, 0x80, 0x0,

    /* U+00C8 "È" */
    0x2, 0x90, 0x0, 0x0, 0xa, 0x50, 0x0, 0x0,
    0x0, 0x0, 0xc, 0xff, 0xff, 0xf0, 0xc6, 0x11,
    0x11, 0xc, 0x50, 0x0, 0x0, 0xc5, 0x0, 0x0,
    0xc, 0xff, 0xff, 0xc0, 0xc6, 0x22, 0x21, 0xc,
    0x50, 0x0, 0x0, 0xc5, 0x11, 0x11, 0xc, 0xff,
    0xff, 0xf1,

    /* U+00C9 "É" */
    0x0, 0x7, 0x50, 0x0, 0x1, 0xd0, 0x0, 0x0,
    0x0, 0x0, 0xc, 0xff, 0xff, 0xf0, 0xc6, 0x11,
    0x11, 0xc, 0x50, 0x0, 0x0, 0xc5, 0x0, 0x0,
    0xc, 0xff, 0xff, 0xc0, 0xc6, 0x22, 0x21, 0xc,
    0x50, 0x0, 0x0, 0xc5, 0x11, 0x11, 0xc, 0xff,
    0xff, 0xf1,

    /* U+00CA "Ê" */
    0x0, 0xce, 0x10, 0x0, 0x59, 0x59, 0x0, 0x0,
    0x0, 0x0, 0xc, 0xff, 0xff, 0xf0, 0xc6, 0x11,
    0x11, 0xc, 0x50, 0x0, 0x0, 0xc5, 0x0, 0x0,
    0xc, 0xff, 0xff, 0xc0, 0xc6, 0x22, 0x21, 0xc,
    0x50, 0x0, 0x0, 0xc5, 0x11, 0x11, 0xc, 0xff,
    0xff, 0xf1,

    /* U+00CB "Ë" */
    0x0, 0x0, 0x0, 0x0, 0x99, 0x5d, 0x0, 0x2,
    0x11, 0x20, 0xc, 0xff, 0xff, 0xf0, 0xc6, 0x11,
    0x11, 0xc, 0x50, 0x0, 0x0, 0xc5, 0x0, 0x0,
    0xc, 0xff, 0xff, 0xc0, 0xc6, 0x22, 0x21, 0xc,
    0x50, 0x0, 0x0, 0xc5, 0x11, 0x11, 0xc, 0xff,
    0xff, 0xf1,

    /* U+00CC "Ì" */
    0x66, 0x1, 0xd1, 0x0, 0x0, 0xc5, 0xc, 0x50,
    0xc5, 0xc, 0x50, 0xc5, 0xc, 0x50, 0xc5, 0xc,
    0x50, 0xc5,

    /* U+00CD "Í" */
    0xa, 0x17, 0x80, 0x0, 0xc, 0x50, 0xc5, 0xc,
    0x50, 0xc5, 0xc, 0x50, 0xc5, 0xc, 0x50, 0xc5,
    0xc, 0x50,

    /* U+00CE "Î" */
    0x2, 0xea, 0x0, 0xb3, 0xb3, 0x0, 0x0, 0x0,
    0xc, 0x50, 0x0, 0xc5, 0x0, 0xc, 0x50, 0x0,
    0xc5, 0x0, 0xc, 0x50, 0x0, 0xc5, 0x0, 0xc,
    0x50, 0x0, 0xc5, 0x0, 0xc, 0x50,

    /* U+00CF "Ï" */
    0x0, 0x0, 0xf3, 0xb7, 0x30, 0x21, 0xc, 0x50,
    0xc, 0x50, 0xc, 0x50, 0xc, 0x50, 0xc, 0x50,
    0xc, 0x50, 0xc, 0x50, 0xc, 0x50, 0xc, 0x50,

    /* U+00D0 "Ð" */
    0xc, 0xff, 0xfd, 0x60, 0x0, 0xc6, 0x12, 0x5e,
    0x90, 0xc, 0x50, 0x0, 0x3f, 0x20, 0xc5, 0x0,
    0x0, 0xd6, 0xaf, 0xfe, 0xd0, 0xb, 0x71, 0xe6,
    0x11, 0x0, 0xd6, 0xc, 0x50, 0x0, 0x2f, 0x20,
    0xc5, 0x12, 0x5e, 0x90, 0xc, 0xff, 0xfd, 0x70,
    0x0,

    /* U+00D1 "Ñ" */
    0x0, 0x7b, 0x19, 0x0, 0x0, 0x91, 0xb7, 0x0,
    0x0, 0x0, 0x0, 0x0, 0xcf, 0x10, 0x0, 0xa7,
    0xcd, 0xa0, 0x0, 0xa7, 0xc5, 0xe3, 0x0, 0xa7,
    0xc5, 0x6c, 0x0, 0xa7, 0xc5, 0xc, 0x60, 0xa7,
    0xc5, 0x3, 0xe0, 0xa7, 0xc5, 0x0, 0xa8, 0xa7,
    0xc5, 0x0, 0x1e, 0xc7, 0xc5, 0x0, 0x7, 0xf7,

    /* U+00D2 "Ò" */
    0x0, 0x6, 0xb0, 0x0, 0x0, 0x0, 0x0, 0x81,
    0x0, 0x0, 0x0, 0x0, 0x0, 0x0, 0x0, 0x0,
    0x6c, 0xfe, 0xa2, 0x0, 0x7, 0xe5, 0x12, 0x9f,
    0x20, 0x1f, 0x30, 0x0, 0xa, 0xa0, 0x5d, 0x0,
    0x0, 0x4, 0xe0, 0x6c, 0x0, 0x0, 0x2, 0xf0,
    0x5d, 0x0, 0x0, 0x4, 0xe0, 0x1f, 0x30, 0x0,
    0xa, 0xa0, 0x8, 0xe5, 0x12, 0x9f, 0x20, 0x0,
    0x6d, 0xfe, 0xa2, 0x0,

    /* U+00D3 "Ó" */
    0x0, 0x0, 0x1e, 0x10, 0x0, 0x0, 0x0, 0x54,
    0x0, 0x0, 0x0, 0x0, 0x0, 0x0, 0x0, 0x0,
    0x6c, 0xfe, 0xa2, 0x0, 0x7, 0xe5, 0x12, 0x9f,
    0x20, 0x1f, 0x30, 0x0, 0xa, 0xa0, 0x5d, 0x0,
    0x0, 0x4, 0xe0, 0x6c, 0x0, 0x0, 0x2, 0xf0,
    0x5d, 0x0, 0x0, 0x4, 0xe0, 0x1f, 0x30, 0x0,
    0xa, 0xa0, 0x8, 0xe5, 0x12, 0x9f, 0x20, 0x0,
    0x6d, 0xfe, 0xa2, 0x0,

    /* U+00D4 "Ô" */
    0x0, 0x3, 0xdc, 0x0, 0x0, 0x0, 0x6, 0x14,
    0x30, 0x0, 0x0, 0x0, 0x0, 0x0, 0x0, 0x0,
    0x6c, 0xfe, 0xa2, 0x0, 0x7, 0xe5, 0x12, 0x9f,
    0x20, 0x1f, 0x30, 0x0, 0xa, 0xa0, 0x5d, 0x0,
    0x0, 0x4, 0xe0, 0x6c, 0x0, 0x0, 0x2, 0xf0,
    0x5d, 0x0, 0x0, 0x4, 0xe0, 0x1f, 0x30, 0x0,
    0xa, 0xa0, 0x8, 0xe5, 0x12, 0x9f, 0x20, 0x0,
    0x6d, 0xfe, 0xa2, 0x0,

    /* U+00D5 "Õ" */
    0x0, 0xa, 0x90, 0x90, 0x0, 0x0, 0x26, 0x3b,
    0x50, 0x0, 0x0, 0x0, 0x0, 0x0, 0x0, 0x0,
    0x6c, 0xfe, 0xa2, 0x0, 0x7, 0xe5, 0x12, 0x9f,
    0x20, 0x1f, 0x30, 0x0, 0xa, 0xa0, 0x5d, 0x0,
    0x0, 0x4, 0xe0, 0x6c, 0x0, 0x0, 0x2, 0xf0,
    0x5d, 0x0, 0x0, 0x4, 0xe0, 0x1f, 0x30, 0x0,
    0xa, 0xa0, 0x8, 0xe5, 0x12, 0x9f, 0x20, 0x0,
    0x6d, 0xfe, 0xa2, 0x0,

    /* U+00D6 "Ö" */
    0x0, 0x0, 0x0, 0x0, 0x0, 0x0, 0xe, 0x3a,
    0x80, 0x0, 0x0, 0x3, 0x2, 0x10, 0x0, 0x0,
    0x0, 0x0, 0x0, 0x0, 0x0, 0x6c, 0xfe, 0xa2,
    0x0, 0x7, 0xe5, 0x12, 0x9f, 0x20, 0x1f, 0x30,
    0x0, 0xa, 0xa0, 0x5d, 0x0, 0x0, 0x4, 0xe0,
    0x6c, 0x0, 0x0, 0x2, 0xf0, 0x5d, 0x0, 0x0,
    0x4, 0xe0, 0x1f, 0x30, 0x0, 0xa, 0xa0, 0x8,
    0xe5, 0x12, 0x9f, 0x20, 0x0, 0x6d, 0xfe, 0xa2,
    0x0,

    /* U+00D7 "×" */
    0x3, 0x0, 0x4, 0x2e, 0x40, 0xba, 0x3, 0xff,
    0xa0, 0x0, 0xef, 0x50, 0xb, 0xa3, 0xe5, 0x39,
    0x0, 0x39,

    /* U+00D8 "Ø" */
    0x0, 0x6c, 0xfe, 0xbf, 0x40, 0x7, 0xe5, 0x12,
    0xff, 0x20, 0x1f, 0x30, 0x4, 0xca, 0xa0, 0x5d,
    0x0, 0x1d, 0x24, 0xe0, 0x6c, 0x0, 0xb5, 0x2,
    0xf0, 0x5d, 0x7, 0x90, 0x4, 0xe0, 0x1f, 0x7d,
    0x0, 0xa, 0xa0, 0x9, 0xf8, 0x12, 0x9f, 0x20,
    0xa, 0xdd, 0xfe, 0xa2, 0x0,

    /* U+00D9 "Ù" */
    0x0, 0xb6, 0x0, 0x0, 0x1, 0x80, 0x0, 0x0,
    0x0, 0x0, 0xf, 0x20, 0x0, 0x2f, 0xf2, 0x0,
    0x2, 0xff, 0x20, 0x0, 0x2f, 0xf2, 0x0, 0x2,
    0xff, 0x20, 0x0, 0x2f, 0xf2, 0x0, 0x2, 0xfe,
    0x40, 0x0, 0x5d, 0x8d, 0x41, 0x4d, 0x70, 0x7e,
    0xfd, 0x70,

    /* U+00DA "Ú" */
    0x0, 0x6, 0xb0, 0x0, 0x0, 0x81, 0x0, 0x0,
    0x0, 0x0, 0xf, 0x20, 0x0, 0x2f, 0xf2, 0x0,
    0x2, 0xff, 0x20, 0x0, 0x2f, 0xf2, 0x0, 0x2,
    0xff, 0x20, 0x0, 0x2f, 0xf2, 0x0, 0x2, 0xfe,
    0x40, 0x0, 0x5d, 0x8d, 0x41, 0x4d, 0x70, 0x7e,
    0xfd, 0x70,

    /* U+00DB "Û" */
    0x0, 0x8d, 0x70, 0x0, 0x6, 0x6, 0x0, 0x0,
    0x0, 0x0, 0xf, 0x20, 0x0, 0x2f, 0xf2, 0x0,
    0x2, 0xff, 0x20, 0x0, 0x2f, 0xf2, 0x0, 0x2,
    0xff, 0x20, 0x0, 0x2f, 0xf2, 0x0, 0x2, 0xfe,
    0x40, 0x0, 0x5d, 0x8d, 0x41, 0x4d, 0x70, 0x7e,
    0xfd, 0x70,

    /* U+00DC "Ü" */
    0x0, 0x0, 0x0, 0x0, 0x3e, 0xf, 0x30, 0x0,
    0x30, 0x30, 0x0, 0x0, 0x0, 0x0, 0xf2, 0x0,
    0x2, 0xff, 0x20, 0x0, 0x2f, 0xf2, 0x0, 0x2,
    0xff, 0x20, 0x0, 0x2f, 0xf2, 0x0, 0x2, 0xff,
    0x20, 0x0, 0x2f, 0xe4, 0x0, 0x5, 0xd8, 0xd4,
    0x14, 0xd7, 0x7, 0xef, 0xd7, 0x0,

    /* U+00DD "Ý" */
    0x0, 0x0, 0xa, 0x10, 0x0, 0x0, 0x7, 0x80,
    0x0, 0x0, 0x0, 0x0, 0x0, 0x0, 0xc8, 0x0,
    0x1, 0xf4, 0x2, 0xf2, 0x0, 0xaa, 0x0, 0x8,
    0xb0, 0x3e, 0x10, 0x0, 0xe, 0x5d, 0x60, 0x0,
    0x0, 0x5f, 0xc0, 0x0, 0x0, 0x0, 0xd5, 0x0,
    0x0, 0x0, 0xd, 0x40, 0x0, 0x0, 0x0, 0xd4,
    0x0, 0x0, 0x0, 0xd, 0x40, 0x0,

    /* U+00DE "Þ" */
    0xc5, 0x0, 0x0, 0xf, 0xff, 0xea, 0x20, 0xd7,
    0x22, 0x9e, 0xc, 0x50, 0x0, 0xe4, 0xc5, 0x0,
    0xd, 0x5c, 0x50, 0x5, 0xf1, 0xff, 0xff, 0xd4,
    0xd, 0x72, 0x10, 0x0, 0xc5, 0x0, 0x0, 0x0,

    /* U+00DF "ß" */
    0x1a, 0xfe, 0x70, 0xa, 0xa1, 0x2e, 0x40, 0xe2,
    0x0, 0x98, 0xf, 0x20, 0x1e, 0x40, 0xf2, 0xcf,
    0xb0, 0xf, 0x21, 0x3a, 0xb0, 0xf2, 0x0, 0x1f,
    0x1f, 0x20, 0x18, 0xe0, 0xf2, 0xfe, 0xb2, 0x0,

    /* U+00E0 "à" */
    0x0, 0x98, 0x0, 0x0, 0x0, 0x90, 0x0, 0x4,
    0xcf, 0xd4, 0x1, 0xf5, 0x15, 0xe1, 0x2, 0x0,
    0x2e, 0x30, 0x6c, 0xdb, 0xe4, 0x4e, 0x20, 0xe,
    0x45, 0xe3, 0x3a, 0xf6, 0xa, 0xfe, 0x77, 0xe0,

    /* U+00E1 "á" */
    0x0, 0x4, 0xd0, 0x0, 0x0, 0x72, 0x0, 0x4,
    0xcf, 0xd4, 0x1, 0xf5, 0x15, 0xe1, 0x2, 0x0,
    0x2e, 0x30, 0x6c, 0xdb, 0xe4, 0x4e, 0x20, 0xe,
    0x45, 0xe3, 0x3a, 0xf6, 0xa, 0xfe, 0x77, 0xe0,

    /* U+00E2 "â" */
    0x0, 0x77, 0x90, 0x0, 0x3, 0x2, 0x10, 0x4,
    0xcf, 0xd4, 0x1, 0xf5, 0x15, 0xe1, 0x2, 0x0,
    0x2e, 0x30, 0x6c, 0xdb, 0xe4, 0x4e, 0x20, 0xe,
    0x45, 0xe3, 0x3a, 0xf6, 0xa, 0xfe, 0x77, 0xe0,

    /* U+00E3 "ã" */
    0x3, 0xbb, 0xb5, 0x0, 0x0, 0x0, 0x0, 0x4,
    0xcf, 0xd4, 0x1, 0xf5, 0x15, 0xe1, 0x2, 0x0,
    0x2e, 0x30, 0x6c, 0xdb, 0xe4, 0x4e, 0x20, 0xe,
    0x45, 0xe3, 0x3a, 0xf6, 0xa, 0xfe, 0x77, 0xe0,

    /* U+00E4 "ä" */
    0x1, 0xf1, 0xd5, 0x0, 0x4, 0x3, 0x10, 0x4,
    0xcf, 0xd4, 0x1, 0xf5, 0x15, 0xe1, 0x2, 0x0,
    0x2e, 0x30, 0x6c, 0xdb, 0xe4, 0x4e, 0x20, 0xe,
    0x45, 0xe3, 0x3a, 0xf6, 0xa, 0xfe, 0x77, 0xe0,

    /* U+00E5 "å" */
    0x0, 0x2a, 0x50, 0x0, 0x8, 0x2b, 0x0, 0x0,
    0x2a, 0x50, 0x0, 0x4c, 0xfd, 0x40, 0x1f, 0x51,
    0x5e, 0x10, 0x20, 0x2, 0xe3, 0x6, 0xcd, 0xbe,
    0x44, 0xe2, 0x0, 0xe4, 0x5e, 0x33, 0xaf, 0x60,
    0xaf, 0xe7, 0x7e,

    /* U+00E6 "æ" */
    0x3, 0xcf, 0xd4, 0x6d, 0xfb, 0x20, 0x1f, 0x61,
    0x5f, 0xf4, 0x18, 0xd0, 0x14, 0x0, 0xf, 0xb0,
    0x0, 0xe3, 0x4, 0xad, 0xef, 0xff, 0xff, 0xf5,
    0x4e, 0x31, 0xf, 0x70, 0x0, 0x0, 0x5d, 0x0,
    0x6e, 0xe2, 0x5, 0xf1, 0xa, 0xfe, 0x90, 0x6d,
    0xfc, 0x30,

    /* U+00E7 "ç" */
    0x2, 0xbf, 0xe6, 0x0, 0xd8, 0x13, 0xe5, 0x4e,
    0x0, 0x3, 0x36, 0xc0, 0x0, 0x0, 0x4e, 0x0,
    0x4, 0x40, 0xe8, 0x13, 0xe4, 0x2, 0xcf, 0xe5,
    0x0, 0x0, 0xc6, 0x0, 0x0, 0x40, 0xd0, 0x0,
    0x6, 0xb8, 0x0,

    /* U+00E8 "è" */
    0x0, 0x7a, 0x0, 0x0, 0x0, 0x80, 0x0, 0x2,
    0xcf, 0xd5, 0x0, 0xe8, 0x14, 0xf3, 0x4d, 0x0,
    0x9, 0x96, 0xff, 0xff, 0xfa, 0x4d, 0x0, 0x0,
    0x0, 0xe7, 0x13, 0xd5, 0x2, 0xcf, 0xe7, 0x0,

    /* U+00E9 "é" */
    0x0, 0x2, 0xe1, 0x0, 0x0, 0x53, 0x0, 0x2,
    0xcf, 0xd5, 0x0, 0xe8, 0x14, 0xf3, 0x4d, 0x0,
    0x9, 0x96, 0xff, 0xff, 0xfa, 0x4d, 0x0, 0x0,
    0x0, 0xe7, 0x13, 0xd5, 0x2, 0xcf, 0xe7, 0x0,

    /* U+00EA "ê" */
    0x0, 0x58, 0xa0, 0x0, 0x4, 0x2, 0x10, 0x2,
    0xcf, 0xd5, 0x0, 0xe8, 0x14, 0xf3, 0x4d, 0x0,
    0x9, 0x96, 0xff, 0xff, 0xfa, 0x4d, 0x0, 0x0,
    0x0, 0xe7, 0x13, 0xd5, 0x2, 0xcf, 0xe7, 0x0,

    /* U+00EB "ë" */
    0x0, 0xf2, 0xb7, 0x0, 0x4, 0x2, 0x10, 0x2,
    0xcf, 0xd5, 0x0, 0xe8, 0x14, 0xf3, 0x4d, 0x0,
    0x9, 0x96, 0xff, 0xff, 0xfa, 0x4d, 0x0, 0x0,
    0x0, 0xe7, 0x13, 0xd5, 0x2, 0xcf, 0xe7, 0x0,

    /* U+00EC "ì" */
    0xa7, 0x0, 0x90, 0xf, 0x20, 0xf2, 0xf, 0x20,
    0xf2, 0xf, 0x20, 0xf2, 0xf, 0x20,

    /* U+00ED "í" */
    0x4c, 0x7, 0x20, 0xf2, 0xf, 0x20, 0xf2, 0xf,
    0x20, 0xf2, 0xf, 0x20, 0xf2, 0x0,

    /* U+00EE "î" */
    0x8, 0x79, 0x0, 0x20, 0x10, 0x0, 0xf2, 0x0,
    0xf, 0x20, 0x0, 0xf2, 0x0, 0xf, 0x20, 0x0,
    0xf2, 0x0, 0xf, 0x20, 0x0, 0xf2, 0x0,

    /* U+00EF "ï" */
    0xd7, 0xf3, 0x24, 0xf, 0x20, 0xf2, 0xf, 0x20,
    0xf2, 0xf, 0x20, 0xf2, 0xf, 0x20,

    /* U+00F0 "ð" */
    0x0, 0x78, 0x10, 0x40, 0x0, 0x3d, 0xff, 0x90,
    0x0, 0x9, 0x7e, 0x10, 0x2, 0xae, 0xcd, 0x70,
    0xd, 0x92, 0x4f, 0xd0, 0x4e, 0x0, 0xa, 0xf0,
    0x6b, 0x0, 0x5, 0xf0, 0x4d, 0x0, 0x7, 0xb0,
    0xe, 0x81, 0x3e, 0x50, 0x2, 0xcf, 0xd6, 0x0,

    /* U+00F1 "ñ" */
    0x1a, 0xbb, 0x70, 0x0, 0x0, 0x0, 0xf5, 0xbe,
    0x90, 0xf8, 0x0, 0xd4, 0xf2, 0x0, 0x97, 0xf2,
    0x0, 0x98, 0xf2, 0x0, 0x98, 0xf2, 0x0, 0x98,
    0xf2, 0x0, 0x98,

    /* U+00F2 "ò" */
    0x0, 0x7a, 0x0, 0x0, 0x0, 0x90, 0x0, 0x2,
    0xbf, 0xe7, 0x0, 0xe8, 0x13, 0xe5, 0x4e, 0x0,
    0x7, 0xb6, 0xc0, 0x0, 0x4d, 0x4e, 0x0, 0x7,
    0xb0, 0xe8, 0x13, 0xe5, 0x2, 0xcf, 0xe7, 0x0,

    /* U+00F3 "ó" */
    0x0, 0x2, 0xe1, 0x0, 0x0, 0x64, 0x0, 0x2,
    0xbf, 0xe7, 0x0, 0xe8, 0x13, 0xe5, 0x4e, 0x0,
    0x7, 0xb6, 0xc0, 0x0, 0x4d, 0x4e, 0x0, 0x7,
    0xb0, 0xe8, 0x13, 0xe5, 0x2, 0xcf, 0xe7, 0x0,

    /* U+00F4 "ô" */
    0x0, 0x58, 0xa0, 0x0, 0x3, 0x2, 0x10, 0x2,
    0xbf, 0xe7, 0x0, 0xe8, 0x13, 0xe5, 0x4e, 0x0,
    0x7, 0xb6, 0xc0, 0x0, 0x4d, 0x4e, 0x0, 0x7,
    0xb0, 0xe8, 0x13, 0xe5, 0x2, 0xcf, 0xe7, 0x0,

    /* U+00F5 "õ" */
    0x2, 0xab, 0xb6, 0x0, 0x0, 0x0, 0x0, 0x2,
    0xbf, 0xe7, 0x0, 0xe8, 0x13, 0xe5, 0x4e, 0x0,
    0x7, 0xb6, 0xc0, 0x0, 0x4d, 0x4e, 0x0, 0x7,
    0xb0, 0xe8, 0x13, 0xe5, 0x2, 0xcf, 0xe7, 0x0,

    /* U+00F6 "ö" */
    0x0, 0xf2, 0xb7, 0x0, 0x4, 0x2, 0x10, 0x2,
    0xbf, 0xe7, 0x0, 0xe8, 0x13, 0xe5, 0x4e, 0x0,
    0x7, 0xb6, 0xc0, 0x0, 0x4d, 0x4e, 0x0, 0x7,
    0xb0, 0xe8, 0x13, 0xe5, 0x2, 0xcf, 0xe7, 0x0,

    /* U+00F7 "÷" */
    0x0, 0x2e, 0x30, 0x0, 0x1, 0x81, 0x0, 0x0,
    0x0, 0x0, 0x7, 0xff, 0xff, 0xf8, 0x0, 0x18,
    0x10, 0x0, 0x3, 0xe3, 0x0,

    /* U+00F8 "ø" */
    0x2, 0xbf, 0xef, 0x40, 0xe8, 0x19, 0xf5, 0x4e,
    0x1, 0xc7, 0xb6, 0xc0, 0xb3, 0x4d, 0x4e, 0x77,
    0x7, 0xb0, 0xff, 0x13, 0xe5, 0xe, 0xef, 0xe7,
    0x0,

    /* U+00F9 "ù" */
    0x8, 0x90, 0x0, 0x0, 0x90, 0x0, 0xf2, 0x0,
    0xa7, 0xf2, 0x0, 0xa7, 0xf2, 0x0, 0xa7, 0xf2,
    0x0, 0xa7, 0xe2, 0x0, 0xb7, 0xb8, 0x3, 0xf7,
    0x2d, 0xfa, 0xa7,

    /* U+00FA "ú" */
    0x0, 0x3e, 0x0, 0x0, 0x63, 0x0, 0xf2, 0x0,
    0xa7, 0xf2, 0x0, 0xa7, 0xf2, 0x0, 0xa7, 0xf2,
    0x0, 0xa7, 0xe2, 0x0, 0xb7, 0xb8, 0x3, 0xf7,
    0x2d, 0xfa, 0xa7,

    /* U+00FB "û" */
    0x6, 0x7a, 0x0, 0x2, 0x1, 0x10, 0xf2, 0x0,
    0xa7, 0xf2, 0x0, 0xa7, 0xf2, 0x0, 0xa7, 0xf2,
    0x0, 0xa7, 0xe2, 0x0, 0xb7, 0xb8, 0x3, 0xf7,
    0x2d, 0xfa, 0xa7,

    /* U+00FC "ü" */
    0xf, 0x2c, 0x60, 0x4, 0x3, 0x10, 0xf2, 0x0,
    0xa7, 0xf2, 0x0, 0xa7, 0xf2, 0x0, 0xa7, 0xf2,
    0x0, 0xa7, 0xe2, 0x0, 0xb7, 0xb8, 0x3, 0xf7,
    0x2d, 0xfa, 0xa7,

    /* U+00FD "ý" */
    0x0, 0x6, 0xb0, 0x0, 0x0, 0x81, 0x0, 0x8a,
    0x0, 0xa, 0x82, 0xf0, 0x0, 0xf2, 0xd, 0x50,
    0x5c, 0x0, 0x7b, 0xa, 0x70, 0x1, 0xf1, 0xf1,
    0x0, 0xb, 0xbb, 0x0, 0x0, 0x5f, 0x60, 0x0,
    0x1, 0xe1, 0x0, 0xa, 0xf7, 0x0, 0x0,

    /* U+00FE "þ" */
    0xf2, 0x0, 0x0, 0xf, 0x20, 0x0, 0x0, 0xf7,
    0xef, 0xb1, 0xf, 0xc1, 0x1b, 0xa0, 0xf3, 0x0,
    0x2f, 0xf, 0x10, 0x0, 0xf2, 0xf3, 0x0, 0x2f,
    0xf, 0xc2, 0x1b, 0xa0, 0xf7, 0xdf, 0xb1, 0xf,
    0x20, 0x0, 0x0, 0xf2, 0x0, 0x0, 0x0,

    /* U+00FF "ÿ" */
    0x3, 0xf0, 0xf3, 0x0, 0x3, 0x3, 0x0, 0x8a,
    0x0, 0xa, 0x82, 0xf0, 0x0, 0xf2, 0xd, 0x50,
    0x5c, 0x0, 0x7b, 0xa, 0x70, 0x1, 0xf1, 0xf1,
    0x0, 0xb, 0xbb, 0x0, 0x0, 0x5f, 0x60, 0x0,
    0x1, 0xe1, 0x0, 0xa, 0xf7, 0x0, 0x0,

    /* U+0100 "Ā" */
    0x0, 0x6f, 0xff, 0x10, 0x0, 0x0, 0x0, 0x0,
    0x0, 0x0, 0x9, 0xf4, 0x0, 0x0, 0x0, 0xe8,
    0xa0, 0x0, 0x0, 0x5b, 0x1f, 0x0, 0x0, 0xb,
    0x50, 0xa6, 0x0, 0x1, 0xe0, 0x4, 0xc0, 0x0,
    0x7f, 0xff, 0xff, 0x20, 0xd, 0x52, 0x22, 0xa7,
    0x2, 0xf0, 0x0, 0x4, 0xd0, 0x8a, 0x0, 0x0,
    0xe, 0x30,

    /* U+0101 "ā" */
    0x1, 0xee, 0xe5, 0x0, 0x0, 0x0, 0x0, 0x4,
    0xcf, 0xd4, 0x1, 0xf5, 0x15, 0xe1, 0x2, 0x0,
    0x2e, 0x30, 0x6c, 0xdb, 0xe4, 0x4e, 0x20, 0xe,
    0x45, 0xe3, 0x3a, 0xf6, 0xa, 0xfe, 0x77, 0xe0,

    /* U+0102 "Ă" */
    0x0, 0x57, 0xc, 0x0, 0x0, 0x0, 0xac, 0x60,
    0x0, 0x0, 0x0, 0x0, 0x0, 0x0, 0x0, 0x9f,
    0x40, 0x0, 0x0, 0xe, 0x8a, 0x0, 0x0, 0x5,
    0xb1, 0xf0, 0x0, 0x0, 0xb5, 0xa, 0x60, 0x0,
    0x1e, 0x0, 0x4c, 0x0, 0x7, 0xff, 0xff, 0xf2,
    0x0, 0xd5, 0x22, 0x2a, 0x70, 0x2f, 0x0, 0x0,
    0x4d, 0x8, 0xa0, 0x0, 0x0, 0xe3,

    /* U+0103 "ă" */
    0x0, 0xac, 0xb2, 0x0, 0x0, 0x0, 0x0, 0x4,
    0xcf, 0xd4, 0x1, 0xf5, 0x15, 0xe1, 0x2, 0x0,
    0x2e, 0x30, 0x6c, 0xdb, 0xe4, 0x4e, 0x20, 0xe,
    0x45, 0xe3, 0x3a, 0xf6, 0xa, 0xfe, 0x77, 0xe0,

    /* U+0104 "Ą" */
    0x0, 0x9, 0xf4, 0x0, 0x0, 0x0, 0xe8, 0xa0,
    0x0, 0x0, 0x5b, 0x1f, 0x0, 0x0, 0xb, 0x50,
    0xa6, 0x0, 0x1, 0xe0, 0x4, 0xc0, 0x0, 0x7f,
    0xff, 0xff, 0x20, 0xd, 0x52, 0x22, 0xa7, 0x2,
    0xf0, 0x0, 0x4, 0xd0, 0x8a, 0x0, 0x0, 0xf,
    0x40, 0x0, 0x0, 0x0, 0xc2, 0x0, 0x0, 0x0,
    0x5a, 0x0, 0x0, 0x0, 0x3, 0xd9,

    /* U+0105 "ą" */
    0x4, 0xcf, 0xd4, 0x0, 0x1f, 0x51, 0x5e, 0x10,
    0x2, 0x0, 0x2e, 0x30, 0x6, 0xcd, 0xbe, 0x40,
    0x4e, 0x20, 0xe, 0x40, 0x5e, 0x33, 0xaf, 0x60,
    0xa, 0xfe, 0x77, 0xf0, 0x0, 0x0, 0x6, 0x80,
    0x0, 0x0, 0xd, 0x20, 0x0, 0x0, 0xa, 0xd3,

    /* U+0106 "Ć" */
    0x0, 0x0, 0x2e, 0x10, 0x0, 0x0, 0x6, 0x30,
    0x0, 0x0, 0x0, 0x0, 0x0, 0x0, 0x5, 0xcf,
    0xea, 0x10, 0x7, 0xe5, 0x12, 0xad, 0x1, 0xf4,
    0x0, 0x0, 0xd5, 0x5e, 0x0, 0x0, 0x0, 0x6,
    0xc0, 0x0, 0x0, 0x0, 0x5d, 0x0, 0x0, 0x1,
    0x11, 0xf3, 0x0, 0x0, 0xc6, 0x7, 0xe5, 0x12,
    0xad, 0x0, 0x6, 0xdf, 0xea, 0x10,

    /* U+0107 "ć" */
    0x0, 0x2, 0xe1, 0x0, 0x0, 0x64, 0x0, 0x2,
    0xbf, 0xe6, 0x0, 0xd8, 0x13, 0xe5, 0x4e, 0x0,
    0x3, 0x36, 0xc0, 0x0, 0x0, 0x4e, 0x0, 0x4,
    0x40, 0xe8, 0x13, 0xe4, 0x2, 0xcf, 0xe5, 0x0,

    /* U+0108 "Ĉ" */
    0x0, 0x4, 0xdb, 0x0, 0x0, 0x0, 0x60, 0x52,
    0x0, 0x0, 0x0, 0x0, 0x0, 0x0, 0x5, 0xcf,
    0xea, 0x10, 0x7, 0xe5, 0x12, 0xad, 0x1, 0xf4,
    0x0, 0x0, 0xd5, 0x5e, 0x0, 0x0, 0x0, 0x6,
    0xc0, 0x0, 0x0, 0x0, 0x5d, 0x0, 0x0, 0x1,
    0x11, 0xf3, 0x0, 0x0, 0xc6, 0x7, 0xe5, 0x12,
    0xad, 0x0, 0x6, 0xdf, 0xea, 0x10,

    /* U+0109 "ĉ" */
    0x0, 0x58, 0xa0, 0x0, 0x3, 0x2, 0x10, 0x2,
    0xbf, 0xe6, 0x0, 0xd8, 0x13, 0xe5, 0x4e, 0x0,
    0x3, 0x36, 0xc0, 0x0, 0x0, 0x4e, 0x0, 0x4,
    0x40, 0xe8, 0x13, 0xe4, 0x2, 0xcf, 0xe5, 0x0,

    /* U+010A "Ċ" */
    0x0, 0x0, 0x0, 0x0, 0x0, 0x0, 0xd, 0x40,
    0x0, 0x0, 0x0, 0x30, 0x0, 0x0, 0x0, 0x0,
    0x0, 0x0, 0x0, 0x5c, 0xfe, 0xa1, 0x0, 0x7e,
    0x51, 0x2a, 0xd0, 0x1f, 0x40, 0x0, 0xd, 0x55,
    0xe0, 0x0, 0x0, 0x0, 0x6c, 0x0, 0x0, 0x0,
    0x5, 0xd0, 0x0, 0x0, 0x11, 0x1f, 0x30, 0x0,
    0xc, 0x60, 0x7e, 0x51, 0x2a, 0xd0, 0x0, 0x6d,
    0xfe, 0xa1, 0x0,

    /* U+010B "ċ" */
    0x0, 0xd, 0x40, 0x0, 0x0, 0x31, 0x0, 0x2,
    0xbf, 0xe6, 0x0, 0xd8, 0x13, 0xe5, 0x4e, 0x0,
    0x3, 0x36, 0xc0, 0x0, 0x0, 0x4e, 0x0, 0x4,
    0x40, 0xe8, 0x13, 0xe4, 0x2, 0xcf, 0xe5, 0x0,

    /* U+010C "Č" */
    0x0, 0xa, 0x2a, 0x20, 0x0, 0x0, 0x6, 0x40,
    0x0, 0x0, 0x0, 0x0, 0x0, 0x0, 0x5, 0xcf,
    0xea, 0x10, 0x7, 0xe5, 0x12, 0xad, 0x1, 0xf4,
    0x0, 0x0, 0xd5, 0x5e, 0x0, 0x0, 0x0, 0x6,
    0xc0, 0x0, 0x0, 0x0, 0x5d, 0x0, 0x0, 0x1,
    0x11, 0xf3, 0x0, 0x0, 0xc6, 0x7, 0xe5, 0x12,
    0xad, 0x0, 0x6, 0xdf, 0xea, 0x10,

    /* U+010D "č" */
    0x0, 0x96, 0xb2, 0x0, 0x0, 0x63, 0x0, 0x2,
    0xbf, 0xe6, 0x0, 0xd8, 0x13, 0xe5, 0x4e, 0x0,
    0x3, 0x36, 0xc0, 0x0, 0x0, 0x4e, 0x0, 0x4,
    0x40, 0xe8, 0x13, 0xe4, 0x2, 0xcf, 0xe5, 0x0,

    /* U+010E "Ď" */
    0x4, 0xa4, 0xa0, 0x0, 0x0, 0xbe, 0x20, 0x0,
    0x0, 0x0, 0x0, 0x0, 0xcf, 0xff, 0xd6, 0x0,
    0xc6, 0x12, 0x5e, 0x90, 0xc5, 0x0, 0x3, 0xf2,
    0xc5, 0x0, 0x0, 0xd6, 0xc5, 0x0, 0x0, 0xb7,
    0xc5, 0x0, 0x0, 0xd6, 0xc5, 0x0, 0x2, 0xf2,
    0xc5, 0x12, 0x5e, 0x90, 0xcf, 0xff, 0xd7, 0x0,

    /* U+010F "ď" */
    0x0, 0x0, 0x6, 0xb4, 0xc0, 0x0, 0x0, 0x6b,
    0x68, 0x3, 0xcf, 0xb7, 0xb8, 0x50, 0xea, 0x46,
    0xfb, 0x10, 0x4e, 0x0, 0x9, 0xb0, 0x6, 0xc0,
    0x0, 0x7b, 0x0, 0x4d, 0x0, 0x9, 0xb0, 0x0,
    0xe8, 0x13, 0xfb, 0x0, 0x3, 0xcf, 0xc7, 0xb0,
    0x0,

    /* U+0110 "Đ" */
    0xc, 0xff, 0xfd, 0x60, 0x0, 0xc6, 0x12, 0x5e,
    0x90, 0xc, 0x50, 0x0, 0x3f, 0x20, 0xc5, 0x0,
    0x0, 0xd6, 0xaf, 0xfe, 0xd0, 0xb, 0x71, 0xe6,
    0x11, 0x0, 0xd6, 0xc, 0x50, 0x0, 0x2f, 0x20,
    0xc5, 0x12, 0x5e, 0x90, 0xc, 0xff, 0xfd, 0x70,
    0x0,

    /* U+0111 "đ" */
    0x0, 0x4, 0xef, 0xf7, 0x0, 0x0, 0x6, 0xb0,
    0x3, 0xcf, 0xc8, 0xb0, 0xe, 0x81, 0x3e, 0xb0,
    0x4e, 0x0, 0x9, 0xb0, 0x6c, 0x0, 0x6, 0xb0,
    0x4e, 0x0, 0x9, 0xb0, 0xe, 0x81, 0x4f, 0xb0,
    0x3, 0xcf, 0xc7, 0xb0,

    /* U+0112 "Ē" */
    0x9, 0xff, 0xc0, 0x0, 0x0, 0x0, 0x0, 0xcf,
    0xff, 0xff, 0xc, 0x61, 0x11, 0x10, 0xc5, 0x0,
    0x0, 0xc, 0x50, 0x0, 0x0, 0xcf, 0xff, 0xfc,
    0xc, 0x62, 0x22, 0x10, 0xc5, 0x0, 0x0, 0xc,
    0x51, 0x11, 0x10, 0xcf, 0xff, 0xff, 0x10,

    /* U+0113 "ē" */
    0x0, 0xee, 0xe6, 0x0, 0x0, 0x0, 0x0, 0x2,
    0xcf, 0xd5, 0x0, 0xe8, 0x14, 0xf3, 0x4d, 0x0,
    0x9, 0x96, 0xff, 0xff, 0xfa, 0x4d, 0x0, 0x0,
    0x0, 0xe7, 0x13, 0xd5, 0x2, 0xcf, 0xe7, 0x0,

    /* U+0114 "Ĕ" */
    0x4, 0x80, 0xa3, 0x0, 0x9, 0xc8, 0x0, 0x0,
    0x0, 0x0, 0xf, 0xff, 0xff, 0xfc, 0xf5, 0x22,
    0x22, 0x1f, 0x40, 0x0, 0x0, 0xf4, 0x0, 0x0,
    0xf, 0xff, 0xff, 0xf6, 0xf5, 0x22, 0x22, 0xf,
    0x40, 0x0, 0x0, 0xf5, 0x22, 0x22, 0x1f, 0xff,
    0xff, 0xff,

    /* U+0115 "ĕ" */
    0x0, 0xac, 0xb4, 0x0, 0x0, 0x0, 0x0, 0x2,
    0xcf, 0xd5, 0x0, 0xe7, 0x3, 0xe3, 0x5d, 0x0,
    0x8, 0x87, 0xff, 0xff, 0xfa, 0x5c, 0x0, 0x1,
    0x10, 0xe6, 0x2, 0xd6, 0x3, 0xce, 0xe7, 0x0,

    /* U+0116 "Ė" */
    0x0, 0x0, 0x0, 0x0, 0x7, 0xb0, 0x0, 0x0,
    0x12, 0x0, 0xc, 0xff, 0xff, 0xf0, 0xc6, 0x11,
    0x11, 0xc, 0x50, 0x0, 0x0, 0xc5, 0x0, 0x0,
    0xc, 0xff, 0xff, 0xc0, 0xc6, 0x22, 0x21, 0xc,
    0x50, 0x0, 0x0, 0xc5, 0x11, 0x11, 0xc, 0xff,
    0xff, 0xf1,

    /* U+0117 "ė" */
    0x0, 0xd, 0x40, 0x0, 0x0, 0x31, 0x0, 0x2,
    0xcf, 0xd5, 0x0, 0xe8, 0x14, 0xf3, 0x4d, 0x0,
    0x9, 0x96, 0xff, 0xff, 0xfa, 0x4d, 0x0, 0x0,
    0x0, 0xe7, 0x13, 0xd5, 0x2, 0xcf, 0xe7, 0x0,

    /* U+0118 "Ę" */
    0xcf, 0xff, 0xff, 0xc, 0x61, 0x11, 0x10, 0xc5,
    0x0, 0x0, 0xc, 0x50, 0x0, 0x0, 0xcf, 0xff,
    0xfc, 0xc, 0x62, 0x22, 0x10, 0xc5, 0x0, 0x0,
    0xc, 0x51, 0x11, 0x10, 0xcf, 0xff, 0xff, 0x10,
    0x0, 0x2, 0xb0, 0x0, 0x0, 0xa5, 0x0, 0x0,
    0x7, 0xd5,

    /* U+0119 "ę" */
    0x2, 0xcf, 0xd5, 0x0, 0xe8, 0x14, 0xf3, 0x4d,
    0x0, 0x9, 0x96, 0xff, 0xff, 0xfa, 0x4d, 0x0,
    0x0, 0x0, 0xe7, 0x13, 0xe5, 0x2, 0xcf, 0xff,
    0x0, 0x0, 0x1d, 0x10, 0x0, 0x6, 0x90, 0x0,
    0x0, 0x3d, 0x90,

    /* U+011A "Ě" */
    0x5, 0x95, 0x90, 0x0, 0xc, 0xe1, 0x0, 0x0,
    0x0, 0x0, 0xc, 0xff, 0xff, 0xf0, 0xc6, 0x11,
    0x11, 0xc, 0x50, 0x0, 0x0, 0xc5, 0x0, 0x0,
    0xc, 0xff, 0xff, 0xc0, 0xc6, 0x22, 0x21, 0xc,
    0x50, 0x0, 0x0, 0xc5, 0x11, 0x11, 0xc, 0xff,
    0xff, 0xf1,

    /* U+011B "ě" */
    0x0, 0x96, 0xb2, 0x0, 0x0, 0x63, 0x0, 0x2,
    0xcf, 0xd5, 0x0, 0xe8, 0x14, 0xf3, 0x4d, 0x0,
    0x9, 0x96, 0xff, 0xff, 0xfa, 0x4d, 0x0, 0x0,
    0x0, 0xe7, 0x13, 0xd5, 0x2, 0xcf, 0xe7, 0x0,

    /* U+011C "Ĝ" */
    0x0, 0x4, 0xdb, 0x0, 0x0, 0x0, 0x60, 0x52,
    0x0, 0x0, 0x0, 0x0, 0x0, 0x0, 0x5, 0xcf,
    0xea, 0x10, 0x6, 0xe5, 0x12, 0x9d, 0x0, 0xf3,
    0x0, 0x0, 0xa3, 0x4d, 0x0, 0x0, 0x0, 0x6,
    0xc0, 0x3, 0xff, 0xf6, 0x5d, 0x0, 0x2, 0x2b,
    0x71, 0xf3, 0x0, 0x0, 0xf7, 0x7, 0xe5, 0x13,
    0xbd, 0x70, 0x6, 0xdf, 0xe6, 0x67,

    /* U+011D "ĝ" */
    0x0, 0x68, 0xa0, 0x0, 0x3, 0x2, 0x10, 0x3,
    0xcf, 0xc8, 0xb1, 0xe6, 0x14, 0xeb, 0x5c, 0x0,
    0x7, 0xb5, 0xc0, 0x0, 0x7b, 0x1f, 0x50, 0x2e,
    0xb0, 0x4e, 0xfe, 0x9b, 0x5, 0x1, 0x7, 0xa0,
    0xe7, 0x13, 0xd6, 0x2, 0xbf, 0xe8, 0x0,

    /* U+011E "Ğ" */
    0x0, 0xc, 0x6, 0x60, 0x0, 0x0, 0x5c, 0xa0,
    0x0, 0x0, 0x0, 0x0, 0x0, 0x0, 0x5, 0xcf,
    0xea, 0x10, 0x6, 0xe5, 0x12, 0x9d, 0x0, 0xf3,
    0x0, 0x0, 0xa3, 0x4d, 0x0, 0x0, 0x0, 0x6,
    0xc0, 0x3, 0xff, 0xf6, 0x5d, 0x0, 0x2, 0x2b,
    0x71, 0xf3, 0x0, 0x0, 0xf7, 0x7, 0xe5, 0x13,
    0xbd, 0x70, 0x6, 0xdf, 0xe6, 0x67,

    /* U+011F "ğ" */
    0x0, 0xac, 0xb3, 0x0, 0x0, 0x0, 0x0, 0x3,
    0xcf, 0xc8, 0xb1, 0xe6, 0x14, 0xeb, 0x5c, 0x0,
    0x7, 0xb5, 0xc0, 0x0, 0x7b, 0x1f, 0x50, 0x2e,
    0xb0, 0x4e, 0xfe, 0x9b, 0x5, 0x1, 0x7, 0xa0,
    0xe7, 0x13, 0xd6, 0x2, 0xbf, 0xe8, 0x0,

    /* U+0120 "Ġ" */
    0x0, 0x0, 0x0, 0x0, 0x0, 0x0, 0xd, 0x40,
    0x0, 0x0, 0x0, 0x21, 0x0, 0x0, 0x0, 0x0,
    0x0, 0x0, 0x0, 0x5c, 0xfe, 0xa1, 0x0, 0x6e,
    0x51, 0x29, 0xd0, 0xf, 0x30, 0x0, 0xa, 0x34,
    0xd0, 0x0, 0x0, 0x0, 0x6c, 0x0, 0x3f, 0xff,
    0x65, 0xd0, 0x0, 0x22, 0xb7, 0x1f, 0x30, 0x0,
    0xf, 0x70, 0x7e, 0x51, 0x3b, 0xd7, 0x0, 0x6d,
    0xfe, 0x66, 0x70,

    /* U+0121 "ġ" */
    0x0, 0xe, 0x40, 0x0, 0x0, 0x31, 0x0, 0x3,
    0xcf, 0xc8, 0xb1, 0xe6, 0x14, 0xeb, 0x5c, 0x0,
    0x7, 0xb5, 0xc0, 0x0, 0x7b, 0x1f, 0x50, 0x2e,
    0xb0, 0x4e, 0xfe, 0x9b, 0x5, 0x1, 0x7, 0xa0,
    0xe7, 0x13, 0xd6, 0x2, 0xbf, 0xe8, 0x0,

    /* U+0122 "Ģ" */
    0x0, 0x5c, 0xfe, 0xa1, 0x0, 0x6e, 0x51, 0x29,
    0xd0, 0xf, 0x30, 0x0, 0xa, 0x34, 0xd0, 0x0,
    0x0, 0x0, 0x6c, 0x0, 0x3f, 0xff, 0x65, 0xd0,
    0x0, 0x22, 0xb7, 0x1f, 0x30, 0x0, 0xf, 0x70,
    0x7e, 0x51, 0x3b, 0xd7, 0x0, 0x6d, 0xfe, 0x66,
    0x70, 0x0, 0x2, 0x10, 0x0, 0x0, 0x0, 0xe6,
    0x0, 0x0, 0x0, 0xa, 0x10, 0x0,

    /* U+0123 "ģ" */
    0x0, 0x2, 0x30, 0x0, 0x0, 0xa1, 0x0, 0x0,
    0xf, 0x40, 0x0, 0x0, 0x20, 0x0, 0x3, 0xcf,
    0xc8, 0xb1, 0xe6, 0x14, 0xeb, 0x5c, 0x0, 0x7,
    0xb5, 0xc0, 0x0, 0x7b, 0x1f, 0x50, 0x2e, 0xb0,
    0x4e, 0xfe, 0x9b, 0x5, 0x1, 0x7, 0xa0, 0xe7,
    0x13, 0xd6, 0x2, 0xbf, 0xe8, 0x0,

    /* U+0124 "Ĥ" */
    0x0, 0x4f, 0x80, 0x0, 0x0, 0xc2, 0xc2, 0x0,
    0x0, 0x0, 0x0, 0x0, 0xc5, 0x0, 0x0, 0xf1,
    0xc5, 0x0, 0x0, 0xf1, 0xc5, 0x0, 0x0, 0xf1,
    0xc5, 0x0, 0x0, 0xf1, 0xdf, 0xff, 0xff, 0xf1,
    0xd7, 0x22, 0x23, 0xf1, 0xc5, 0x0, 0x0, 0xf1,
    0xc5, 0x0, 0x0, 0xf1, 0xc5, 0x0, 0x0, 0xf1,

    /* U+0125 "ĥ" */
    0x1, 0x83, 0x0, 0x0, 0xb, 0x6c, 0x10, 0x0,
    0x0, 0x0, 0x0, 0x0, 0x0, 0xf2, 0x0, 0x0,
    0x0, 0xf2, 0x0, 0x0, 0x0, 0xf6, 0xdf, 0x90,
    0x0, 0xfa, 0x1, 0xe5, 0x0, 0xf3, 0x0, 0x97,
    0x0, 0xf2, 0x0, 0x98, 0x0, 0xf2, 0x0, 0x98,
    0x0, 0xf2, 0x0, 0x98, 0x0, 0xf2, 0x0, 0x98,

    /* U+0126 "Ħ" */
    0xc, 0x50, 0x0, 0xf, 0x10, 0xbf, 0xfe, 0xee,
    0xff, 0xf0, 0x1e, 0x61, 0x11, 0x2f, 0x30, 0xc,
    0x50, 0x0, 0xf, 0x10, 0xd, 0xff, 0xff, 0xff,
    0x10, 0xd, 0x72, 0x22, 0x3f, 0x10, 0xc, 0x50,
    0x0, 0xf, 0x10, 0xc, 0x50, 0x0, 0xf, 0x10,
    0xc, 0x50, 0x0, 0xf, 0x10,

    /* U+0127 "ħ" */
    0xf, 0x20, 0x0, 0xc, 0xff, 0xe0, 0x0, 0xf,
    0x6d, 0xf9, 0x0, 0xfa, 0x1, 0xe5, 0xf, 0x30,
    0x9, 0x70, 0xf2, 0x0, 0x98, 0xf, 0x20, 0x9,
    0x80, 0xf2, 0x0, 0x98, 0xf, 0x20, 0x9, 0x80,

    /* U+0128 "Ĩ" */
    0xa, 0x90, 0x93, 0x64, 0xc4, 0x0, 0x0, 0x0,
    0xc, 0x50, 0x0, 0xc5, 0x0, 0xc, 0x50, 0x0,
    0xc5, 0x0, 0xc, 0x50, 0x0, 0xc5, 0x0, 0xc,
    0x50, 0x0, 0xc5, 0x0, 0xc, 0x50,

    /* U+0129 "ĩ" */
    0x3b, 0xbb, 0x50, 0x0, 0x0, 0x0, 0xf2, 0x0,
    0xf, 0x20, 0x0, 0xf2, 0x0, 0xf, 0x20, 0x0,
    0xf2, 0x0, 0xf, 0x20, 0x0, 0xf2, 0x0,

    /* U+012A "Ī" */
    0xef, 0xf7, 0x0, 0x0, 0xc, 0x50, 0xc, 0x50,
    0xc, 0x50, 0xc, 0x50, 0xc, 0x50, 0xc, 0x50,
    0xc, 0x50, 0xc, 0x50, 0xc, 0x50,

    /* U+012B "ī" */
    0x2e, 0xee, 0x40, 0x0, 0x0, 0x0, 0xf2, 0x0,
    0xf, 0x20, 0x0, 0xf2, 0x0, 0xf, 0x20, 0x0,
    0xf2, 0x0, 0xf, 0x20, 0x0, 0xf2, 0x0,

    /* U+012C "Ĭ" */
    0xc, 0x4, 0x90, 0x4c, 0xb1, 0x0, 0x0, 0x0,
    0xd, 0x70, 0x0, 0xd7, 0x0, 0xd, 0x70, 0x0,
    0xd7, 0x0, 0xd, 0x70, 0x0, 0xd7, 0x0, 0xd,
    0x70, 0x0, 0xd7, 0x0, 0xd, 0x70,

    /* U+012D "ĭ" */
    0x2b, 0xba, 0x10, 0x0, 0x0, 0x2, 0xf0, 0x0,
    0x2f, 0x0, 0x2, 0xf0, 0x0, 0x2f, 0x0, 0x2,
    0xf0, 0x0, 0x2f, 0x0, 0x2, 0xf0, 0x0,

    /* U+012E "Į" */
    0xc, 0x50, 0xc5, 0xc, 0x50, 0xc5, 0xc, 0x50,
    0xc5, 0xc, 0x50, 0xc5, 0xe, 0x50, 0xc1, 0x68,
    0x5, 0xd8,

    /* U+012F "į" */
    0xf, 0x20, 0x40, 0xf, 0x20, 0xf2, 0xf, 0x20,
    0xf2, 0xf, 0x20, 0xf2, 0xf, 0x22, 0xc0, 0x95,
    0x7, 0xd5,

    /* U+0130 "İ" */
    0x0, 0xd5, 0x21, 0xc5, 0xc5, 0xc5, 0xc5, 0xc5,
    0xc5, 0xc5, 0xc5, 0xc5,

    /* U+0131 "ı" */
    0xf2, 0xf2, 0xf2, 0xf2, 0xf2, 0xf2, 0xf2,

    /* U+0132 "Ĳ" */
    0xc5, 0x0, 0x0, 0x1, 0xf0, 0xc5, 0x0, 0x0,
    0x1, 0xf0, 0xc5, 0x0, 0x0, 0x1, 0xf0, 0xc5,
    0x0, 0x0, 0x1, 0xf0, 0xc5, 0x0, 0x0, 0x1,
    0xf0, 0xc5, 0x1, 0x0, 0x1, 0xf0, 0xc5, 0xc,
    0x50, 0x3, 0xe0, 0xc5, 0x7, 0xd3, 0x2c, 0x90,
    0xc5, 0x0, 0x8e, 0xfa, 0x0,

    /* U+0133 "ĳ" */
    0xf2, 0xb, 0x64, 0x0, 0x31, 0xf2, 0xb, 0x6f,
    0x20, 0xb6, 0xf2, 0xb, 0x6f, 0x20, 0xb6, 0xf2,
    0xb, 0x6f, 0x20, 0xb6, 0xf2, 0xb, 0x60, 0x0,
    0xc5, 0x0, 0xfd, 0x10,

    /* U+0134 "Ĵ" */
    0x0, 0x0, 0xb, 0xd3, 0x0, 0x0, 0x24, 0x16,
    0x0, 0x0, 0x0, 0x0, 0x0, 0x0, 0x5, 0xc0,
    0x0, 0x0, 0x5, 0xc0, 0x0, 0x0, 0x5, 0xc0,
    0x0, 0x0, 0x5, 0xc0, 0x0, 0x0, 0x5, 0xc0,
    0x2, 0x0, 0x5, 0xc0, 0xf, 0x10, 0x7, 0xa0,
    0xb, 0xa2, 0x4e, 0x50, 0x1, 0xaf, 0xe7, 0x0,

    /* U+0135 "ĵ" */
    0x5, 0x8a, 0x10, 0x20, 0x11, 0x0, 0xc5, 0x0,
    0xc, 0x50, 0x0, 0xc5, 0x0, 0xc, 0x50, 0x0,
    0xc5, 0x0, 0xc, 0x50, 0x0, 0xc5, 0x0, 0xd,
    0x40, 0xf, 0xd1, 0x0,

    /* U+0136 "Ķ" */
    0xc5, 0x0, 0x1e, 0x60, 0xc5, 0x1, 0xd7, 0x0,
    0xc5, 0xc, 0x90, 0x0, 0xc5, 0xca, 0x0, 0x0,
    0xce, 0xeb, 0x0, 0x0, 0xcb, 0x1d, 0x70, 0x0,
    0xc5, 0x2, 0xf3, 0x0, 0xc5, 0x0, 0x5e, 0x10,
    0xc5, 0x0, 0x9, 0xb0, 0x0, 0x2, 0x0, 0x0,
    0x0, 0x2f, 0x20, 0x0, 0x0, 0x1a, 0x0, 0x0,

    /* U+0137 "ķ" */
    0xf2, 0x0, 0x0, 0xf, 0x20, 0x0, 0x0, 0xf2,
    0x1, 0xd7, 0xf, 0x20, 0xc9, 0x0, 0xf2, 0xba,
    0x0, 0xf, 0xbe, 0x90, 0x0, 0xfb, 0x1e, 0x40,
    0xf, 0x20, 0x4e, 0x10, 0xf2, 0x0, 0x9b, 0x0,
    0x2, 0x10, 0x0, 0x0, 0xd7, 0x0, 0x0, 0xa,
    0x10, 0x0,

    /* U+0138 "ĸ" */
    0x2f, 0x1, 0xd8, 0x2f, 0x8, 0x70, 0x2f, 0x1e,
    0x10, 0x2f, 0xe7, 0x0, 0x2f, 0x1e, 0x40, 0x2f,
    0x5, 0xd0, 0x2f, 0x0, 0xb8,

    /* U+0139 "Ĺ" */
    0xa, 0x10, 0x0, 0x78, 0x0, 0x0, 0x0, 0x0,
    0x0, 0xc5, 0x0, 0x0, 0xc5, 0x0, 0x0, 0xc5,
    0x0, 0x0, 0xc5, 0x0, 0x0, 0xc5, 0x0, 0x0,
    0xc5, 0x0, 0x0, 0xc5, 0x0, 0x0, 0xd6, 0x11,
    0x11, 0xcf, 0xff, 0xfe,

    /* U+013A "ĺ" */
    0x4c, 0x7, 0x20, 0xf2, 0xf, 0x20, 0xf2, 0xf,
    0x20, 0xf2, 0xf, 0x20, 0xf2, 0xf, 0x20, 0xaf,
    0x20,

    /* U+013B "Ļ" */
    0xc5, 0x0, 0x0, 0xc5, 0x0, 0x0, 0xc5, 0x0,
    0x0, 0xc5, 0x0, 0x0, 0xc5, 0x0, 0x0, 0xc5,
    0x0, 0x0, 0xc5, 0x0, 0x0, 0xd6, 0x11, 0x11,
    0xcf, 0xff, 0xfe, 0x0, 0x11, 0x0, 0x0, 0x9b,
    0x0, 0x0, 0x74, 0x0,

    /* U+013C "ļ" */
    0xf2, 0xf, 0x20, 0xf2, 0xf, 0x20, 0xf2, 0xf,
    0x20, 0xf2, 0xf, 0x20, 0xaf, 0x21, 0x10, 0x8c,
    0x6, 0x50,

    /* U+013D "Ľ" */
    0xc5, 0x0, 0x79, 0xc5, 0x0, 0x95, 0xc5, 0x0,
    0xb2, 0xc5, 0x0, 0x30, 0xc5, 0x0, 0x0, 0xc5,
    0x0, 0x0, 0xc5, 0x0, 0x0, 0xd6, 0x11, 0x11,
    0xcf, 0xff, 0xfe,

    /* U+013E "ľ" */
    0xf2, 0xc4, 0xf2, 0xe1, 0xf2, 0xd0, 0xf2, 0x30,
    0xf2, 0x0, 0xf2, 0x0, 0xf2, 0x0, 0xf2, 0x0,
    0xaf, 0x20,

    /* U+013F "Ŀ" */
    0xf, 0x30, 0x0, 0x0, 0xf3, 0x0, 0x0, 0xf,
    0x30, 0x0, 0x0, 0xf3, 0x1, 0x0, 0xf, 0x31,
    0xf1, 0x0, 0xf3, 0x4, 0x0, 0xf, 0x30, 0x0,
    0x0, 0xf4, 0x22, 0x21, 0xf, 0xff, 0xff, 0xc0,

    /* U+0140 "ŀ" */
    0x2f, 0x0, 0x2, 0xf0, 0x0, 0x2f, 0x0, 0x2,
    0xf0, 0x10, 0x2f, 0x2f, 0x12, 0xf0, 0x40, 0x2f,
    0x0, 0x2, 0xf0, 0x0, 0x2f, 0x0, 0x0,

    /* U+0141 "Ł" */
    0xc, 0x50, 0x0, 0x0, 0xc5, 0x0, 0x0, 0xc,
    0x50, 0x10, 0x0, 0xdb, 0xd3, 0x0, 0x5f, 0xd1,
    0x0, 0x5, 0xe5, 0x0, 0x0, 0xc, 0x50, 0x0,
    0x0, 0xd6, 0x11, 0x11, 0xc, 0xff, 0xff, 0xe0,

    /* U+0142 "ł" */
    0xf, 0x20, 0xf, 0x20, 0xf, 0x30, 0x1f, 0xd0,
    0xbf, 0x20, 0xf, 0x20, 0xf, 0x20, 0xf, 0x20,
    0xa, 0xf2,

    /* U+0143 "Ń" */
    0x0, 0x0, 0x83, 0x0, 0x0, 0x3, 0xc0, 0x0,
    0x0, 0x0, 0x0, 0x0, 0xcf, 0x10, 0x0, 0xa7,
    0xcd, 0xa0, 0x0, 0xa7, 0xc5, 0xe3, 0x0, 0xa7,
    0xc5, 0x6c, 0x0, 0xa7, 0xc5, 0xc, 0x60, 0xa7,
    0xc5, 0x3, 0xe0, 0xa7, 0xc5, 0x0, 0xa8, 0xa7,
    0xc5, 0x0, 0x1e, 0xc7, 0xc5, 0x0, 0x7, 0xf7,

    /* U+0144 "ń" */
    0x0, 0x2e, 0x10, 0x0, 0x54, 0x0, 0xf5, 0xbe,
    0x90, 0xf8, 0x0, 0xd4, 0xf2, 0x0, 0x97, 0xf2,
    0x0, 0x98, 0xf2, 0x0, 0x98, 0xf2, 0x0, 0x98,
    0xf2, 0x0, 0x98,

    /* U+0145 "Ņ" */
    0xcf, 0x10, 0x0, 0xa7, 0xcd, 0xa0, 0x0, 0xa7,
    0xc5, 0xe3, 0x0, 0xa7, 0xc5, 0x6c, 0x0, 0xa7,
    0xc5, 0xc, 0x60, 0xa7, 0xc5, 0x3, 0xe0, 0xa7,
    0xc5, 0x0, 0xa8, 0xa7, 0xc5, 0x0, 0x1e, 0xc7,
    0xc5, 0x0, 0x7, 0xf7, 0x0, 0x1, 0x10, 0x0,
    0x0, 0xc, 0x70, 0x0, 0x0, 0xa, 0x10, 0x0,

    /* U+0146 "ņ" */
    0xf5, 0xbe, 0x90, 0xf8, 0x0, 0xd4, 0xf2, 0x0,
    0x97, 0xf2, 0x0, 0x98, 0xf2, 0x0, 0x98, 0xf2,
    0x0, 0x98, 0xf2, 0x0, 0x98, 0x0, 0x21, 0x0,
    0x0, 0xd6, 0x0, 0x0, 0xa1, 0x0,

    /* U+0147 "Ň" */
    0x0, 0x77, 0x78, 0x0, 0x0, 0xd, 0xd0, 0x0,
    0x0, 0x0, 0x0, 0x0, 0xcf, 0x10, 0x0, 0xa7,
    0xcd, 0xa0, 0x0, 0xa7, 0xc5, 0xe3, 0x0, 0xa7,
    0xc5, 0x6c, 0x0, 0xa7, 0xc5, 0xc, 0x60, 0xa7,
    0xc5, 0x3, 0xe0, 0xa7, 0xc5, 0x0, 0xa8, 0xa7,
    0xc5, 0x0, 0x1e, 0xc7, 0xc5, 0x0, 0x7, 0xf7,

    /* U+0148 "ň" */
    0x8, 0x7b, 0x20, 0x0, 0x42, 0x0, 0xf5, 0xbe,
    0x90, 0xf8, 0x0, 0xd4, 0xf2, 0x0, 0x97, 0xf2,
    0x0, 0x98, 0xf2, 0x0, 0x98, 0xf2, 0x0, 0x98,
    0xf2, 0x0, 0x98,

    /* U+0149 "ŉ" */
    0xf, 0x40, 0x0, 0x0, 0x0, 0xb2, 0x0, 0x0,
    0x0, 0x3, 0x3d, 0x8c, 0xd6, 0x0, 0x3, 0xf6,
    0x2, 0xf1, 0x0, 0x3f, 0x0, 0xe, 0x40, 0x3,
    0xe0, 0x0, 0xe4, 0x0, 0x3e, 0x0, 0xe, 0x40,
    0x3, 0xe0, 0x0, 0xe4, 0x0, 0x3e, 0x0, 0xe,
    0x40,

    /* U+014A "Ŋ" */
    0xcf, 0x10, 0x0, 0xa7, 0xcd, 0xa0, 0x0, 0xa7,
    0xc5, 0xe3, 0x0, 0xa7, 0xc5, 0x6c, 0x0, 0xa7,
    0xc5, 0xc, 0x60, 0xa7, 0xc5, 0x3, 0xe0, 0xa7,
    0xc5, 0x0, 0xa8, 0xa7, 0xc5, 0x0, 0x1e, 0xd7,
    0xc5, 0x0, 0x7, 0xff, 0x0, 0x0, 0x1, 0xc6,
    0x0, 0x0, 0xdf, 0xb0,

    /* U+014B "ŋ" */
    0xf5, 0xbe, 0x90, 0xf8, 0x0, 0xd4, 0xf2, 0x0,
    0x97, 0xf2, 0x0, 0x98, 0xf2, 0x0, 0x98, 0xf2,
    0x0, 0xa9, 0xf2, 0x0, 0xff, 0x0, 0x0, 0xb6,
    0x0, 0x7f, 0xb1,

    /* U+014C "Ō" */
    0x0, 0xe, 0xff, 0x70, 0x0, 0x0, 0x0, 0x0,
    0x0, 0x0, 0x0, 0x0, 0x0, 0x0, 0x0, 0x0,
    0x6c, 0xfe, 0xa2, 0x0, 0x7, 0xe5, 0x12, 0x9f,
    0x20, 0x1f, 0x30, 0x0, 0xa, 0xa0, 0x5d, 0x0,
    0x0, 0x4, 0xe0, 0x6c, 0x0, 0x0, 0x2, 0xf0,
    0x5d, 0x0, 0x0, 0x4, 0xe0, 0x1f, 0x30, 0x0,
    0xa, 0xa0, 0x8, 0xe5, 0x12, 0x9f, 0x20, 0x0,
    0x6d, 0xfe, 0xa2, 0x0,

    /* U+014D "ō" */
    0x0, 0xee, 0xe6, 0x0, 0x0, 0x0, 0x0, 0x2,
    0xbf, 0xe7, 0x0, 0xe8, 0x13, 0xe5, 0x4e, 0x0,
    0x7, 0xb6, 0xc0, 0x0, 0x4d, 0x4e, 0x0, 0x7,
    0xb0, 0xe8, 0x13, 0xe5, 0x2, 0xcf, 0xe7, 0x0,

    /* U+014E "Ŏ" */
    0x0, 0xb, 0x21, 0xc0, 0x0, 0x0, 0x2, 0xbc,
    0x30, 0x0, 0x0, 0x0, 0x0, 0x0, 0x0, 0x0,
    0x4b, 0xff, 0xc5, 0x0, 0x5, 0xf7, 0x22, 0x6f,
    0x70, 0xe, 0x70, 0x0, 0x5, 0xf1, 0x4f, 0x0,
    0x0, 0x0, 0xe6, 0x5e, 0x0, 0x0, 0x0, 0xc7,
    0x4f, 0x0, 0x0, 0x0, 0xe6, 0xe, 0x60, 0x0,
    0x5, 0xf1, 0x5, 0xf7, 0x22, 0x6f, 0x70, 0x0,
    0x4b, 0xff, 0xc5, 0x0,

    /* U+014F "ŏ" */
    0x1, 0xac, 0xb2, 0x0, 0x0, 0x0, 0x0, 0x3,
    0xcf, 0xd5, 0x1, 0xe6, 0x3, 0xf4, 0x6c, 0x0,
    0x8, 0xa8, 0xa0, 0x0, 0x6b, 0x6c, 0x0, 0x8,
    0xa1, 0xf6, 0x3, 0xe4, 0x3, 0xcf, 0xd5, 0x0,

    /* U+0150 "Ő" */
    0x0, 0x0, 0xe7, 0xd0, 0x0, 0x0, 0x4, 0x67,
    0x30, 0x0, 0x0, 0x0, 0x0, 0x0, 0x0, 0x0,
    0x6c, 0xfe, 0xa2, 0x0, 0x7, 0xe5, 0x12, 0x9f,
    0x20, 0x1f, 0x30, 0x0, 0xa, 0xa0, 0x5d, 0x0,
    0x0, 0x4, 0xe0, 0x6c, 0x0, 0x0, 0x2, 0xf0,
    0x5d, 0x0, 0x0, 0x4, 0xe0, 0x1f, 0x30, 0x0,
    0xa, 0xa0, 0x8, 0xe5, 0x12, 0x9f, 0x20, 0x0,
    0x6d, 0xfe, 0xa2, 0x0,

    /* U+0151 "ő" */
    0x0, 0x1e, 0x7c, 0x0, 0x4, 0x57, 0x20, 0x2,
    0xbf, 0xe7, 0x0, 0xe8, 0x13, 0xe5, 0x4e, 0x0,
    0x7, 0xb6, 0xc0, 0x0, 0x4d, 0x4e, 0x0, 0x7,
    0xb0, 0xe8, 0x13, 0xe5, 0x2, 0xcf, 0xe7, 0x0,

    /* U+0152 "Œ" */
    0x0, 0x5c, 0xfe, 0xa3, 0xff, 0xff, 0xf4, 0x7,
    0xe5, 0x12, 0x9f, 0xf1, 0x11, 0x10, 0x1f, 0x30,
    0x0, 0xa, 0xf0, 0x0, 0x0, 0x5d, 0x0, 0x0,
    0x4, 0xf0, 0x0, 0x0, 0x6c, 0x0, 0x0, 0x2,
    0xff, 0xff, 0xf2, 0x5d, 0x0, 0x0, 0x4, 0xf2,
    0x22, 0x20, 0x1f, 0x30, 0x0, 0xa, 0xf0, 0x0,
    0x0, 0x7, 0xe5, 0x12, 0x9f, 0xf1, 0x11, 0x10,
    0x0, 0x6d, 0xfe, 0xa4, 0xff, 0xff, 0xf6,

    /* U+0153 "œ" */
    0x2, 0xbf, 0xe7, 0x1b, 0xfe, 0x70, 0xe, 0x81,
    0x3e, 0xfa, 0x13, 0xd5, 0x4e, 0x0, 0x9, 0xf0,
    0x0, 0x6b, 0x6c, 0x0, 0x8, 0xff, 0xff, 0xfd,
    0x4e, 0x0, 0x9, 0xf0, 0x0, 0x0, 0xe, 0x81,
    0x3e, 0xf9, 0x12, 0xc8, 0x2, 0xcf, 0xe7, 0x1b,
    0xfe, 0x80,

    /* U+0154 "Ŕ" */
    0x0, 0x4, 0x70, 0x0, 0x0, 0xc3, 0x0, 0x0,
    0x0, 0x0, 0xc, 0xff, 0xfe, 0x90, 0xc6, 0x11,
    0x3c, 0x9c, 0x50, 0x0, 0x6c, 0xc5, 0x0, 0x1b,
    0x8c, 0xff, 0xff, 0xc0, 0xc6, 0x22, 0x3c, 0x7c,
    0x50, 0x0, 0x6b, 0xc5, 0x0, 0x5, 0xcc, 0x50,
    0x0, 0x3e,

    /* U+0155 "ŕ" */
    0x5, 0xc0, 0x8, 0x20, 0xf7, 0xf5, 0xf9, 0x10,
    0xf2, 0x0, 0xf2, 0x0, 0xf2, 0x0, 0xf2, 0x0,
    0xf2, 0x0,

    /* U+0156 "Ŗ" */
    0xcf, 0xff, 0xe9, 0xc, 0x61, 0x13, 0xc9, 0xc5,
    0x0, 0x6, 0xcc, 0x50, 0x1, 0xb8, 0xcf, 0xff,
    0xfc, 0xc, 0x62, 0x23, 0xc7, 0xc5, 0x0, 0x6,
    0xbc, 0x50, 0x0, 0x5c, 0xc5, 0x0, 0x3, 0xe0,
    0x0, 0x20, 0x0, 0x0, 0x1f, 0x30, 0x0, 0x1,
    0xa0, 0x0,

    /* U+0157 "ŗ" */
    0xf, 0x7f, 0x50, 0xf9, 0x10, 0xf, 0x20, 0x0,
    0xf2, 0x0, 0xf, 0x20, 0x0, 0xf2, 0x0, 0xf,
    0x20, 0x0, 0x20, 0x0, 0x1f, 0x30, 0x1, 0xa0,
    0x0,

    /* U+0158 "Ř" */
    0x2, 0xc2, 0xc0, 0x0, 0x8, 0xf4, 0x0, 0x0,
    0x0, 0x0, 0xc, 0xff, 0xfe, 0x90, 0xc6, 0x11,
    0x3c, 0x9c, 0x50, 0x0, 0x6c, 0xc5, 0x0, 0x1b,
    0x8c, 0xff, 0xff, 0xc0, 0xc6, 0x22, 0x3c, 0x7c,
    0x50, 0x0, 0x6b, 0xc5, 0x0, 0x5, 0xcc, 0x50,
    0x0, 0x3e,

    /* U+0159 "ř" */
    0xb, 0x6b, 0x0, 0x15, 0x10, 0xf, 0x7f, 0x50,
    0xf9, 0x10, 0xf, 0x20, 0x0, 0xf2, 0x0, 0xf,
    0x20, 0x0, 0xf2, 0x0, 0xf, 0x20, 0x0,

    /* U+015A "Ś" */
    0x0, 0x0, 0xd3, 0x0, 0x0, 0x3, 0x60, 0x0,
    0x0, 0x0, 0x0, 0x0, 0x2, 0xbf, 0xfb, 0x20,
    0xd, 0x92, 0x39, 0xe0, 0xf, 0x20, 0x0, 0xb3,
    0xc, 0xb4, 0x0, 0x0, 0x0, 0x6b, 0xeb, 0x30,
    0x0, 0x0, 0x5, 0xe4, 0x2f, 0x10, 0x0, 0xa9,
    0xb, 0xc3, 0x14, 0xe5, 0x0, 0x9e, 0xfd, 0x70,

    /* U+015B "ś" */
    0x0, 0x8, 0x90, 0x0, 0x0, 0x90, 0x0, 0x5,
    0xdf, 0xd4, 0x0, 0xf4, 0x16, 0xe0, 0xf, 0x30,
    0x3, 0x0, 0x5d, 0xea, 0x30, 0x13, 0x1, 0x6f,
    0x3, 0xf4, 0x4, 0xf1, 0x6, 0xdf, 0xd5, 0x0,

    /* U+015C "Ŝ" */
    0x0, 0x1d, 0xd1, 0x0, 0x0, 0x42, 0x34, 0x0,
    0x0, 0x0, 0x0, 0x0, 0x2, 0xbf, 0xfb, 0x20,
    0xd, 0x92, 0x39, 0xe0, 0xf, 0x20, 0x0, 0xb3,
    0xc, 0xb4, 0x0, 0x0, 0x0, 0x6b, 0xeb, 0x30,
    0x0, 0x0, 0x5, 0xe4, 0x2f, 0x10, 0x0, 0xa9,
    0xb, 0xc3, 0x14, 0xe5, 0x0, 0x9e, 0xfd, 0x70,

    /* U+015D "ŝ" */
    0x0, 0xa8, 0x60, 0x0, 0x12, 0x3, 0x0, 0x5,
    0xdf, 0xd4, 0x0, 0xf4, 0x16, 0xe0, 0xf, 0x30,
    0x3, 0x0, 0x5d, 0xea, 0x30, 0x13, 0x1, 0x6f,
    0x3, 0xf4, 0x4, 0xf1, 0x6, 0xdf, 0xd5, 0x0,

    /* U+015E "Ş" */
    0x2, 0xbf, 0xfb, 0x20, 0xd, 0x92, 0x39, 0xe0,
    0xf, 0x20, 0x0, 0xb3, 0xc, 0xb4, 0x0, 0x0,
    0x0, 0x6b, 0xeb, 0x30, 0x0, 0x0, 0x5, 0xe4,
    0x2f, 0x10, 0x0, 0xa9, 0xb, 0xc3, 0x14, 0xe5,
    0x0, 0x9f, 0xfd, 0x70, 0x0, 0x5, 0xb2, 0x0,
    0x0, 0x13, 0x48, 0x0, 0x0, 0xb, 0xb2, 0x0,

    /* U+015F "ş" */
    0x5, 0xdf, 0xd4, 0x0, 0xf4, 0x16, 0xe0, 0xf,
    0x30, 0x3, 0x0, 0x5d, 0xea, 0x30, 0x13, 0x1,
    0x6f, 0x3, 0xf4, 0x4, 0xf1, 0x6, 0xdf, 0xd5,
    0x0, 0x2, 0xc3, 0x0, 0x0, 0x31, 0xb0, 0x0,
    0x9, 0xb4, 0x0,

    /* U+0160 "Š" */
    0x0, 0x66, 0x75, 0x0, 0x0, 0x6, 0x50, 0x0,
    0x0, 0x0, 0x0, 0x0, 0x2, 0xbf, 0xfb, 0x20,
    0xd, 0x92, 0x39, 0xe0, 0xf, 0x20, 0x0, 0xb3,
    0xc, 0xb4, 0x0, 0x0, 0x0, 0x6b, 0xeb, 0x30,
    0x0, 0x0, 0x5, 0xe4, 0x2f, 0x10, 0x0, 0xa9,
    0xb, 0xc3, 0x14, 0xe5, 0x0, 0x9e, 0xfd, 0x70,

    /* U+0161 "š" */
    0x1, 0xb5, 0xa0, 0x0, 0x2, 0x60, 0x0, 0x5,
    0xdf, 0xc2, 0x0, 0xf4, 0x18, 0xd0, 0xf, 0x30,
    0xa, 0x10, 0x5d, 0xea, 0x30, 0x1, 0x1, 0x6f,
    0x3, 0xf3, 0x4, 0xf1, 0x6, 0xef, 0xd5, 0x0,

    /* U+0162 "Ţ" */
    0xdf, 0xff, 0xff, 0xf0, 0x11, 0x1f, 0x31, 0x10,
    0x0, 0xf, 0x20, 0x0, 0x0, 0xf, 0x20, 0x0,
    0x0, 0xf, 0x20, 0x0, 0x0, 0xf, 0x20, 0x0,
    0x0, 0xf, 0x20, 0x0, 0x0, 0xf, 0x20, 0x0,
    0x0, 0xf, 0x20, 0x0, 0x0, 0xe, 0x30, 0x0,
    0x0, 0x31, 0xc0, 0x0, 0x0, 0x8b, 0x60, 0x0,

    /* U+0163 "ţ" */
    0x2, 0x60, 0x0, 0x4d, 0x0, 0x4f, 0xff, 0xa0,
    0x4d, 0x0, 0x4, 0xd0, 0x0, 0x4d, 0x0, 0x4,
    0xd0, 0x0, 0x3e, 0x0, 0x0, 0xcf, 0xa0, 0x9,
    0x90, 0x2, 0x19, 0x40, 0x2b, 0xa1,

    /* U+0164 "Ť" */
    0x0, 0xc2, 0xc1, 0x0, 0x0, 0x4f, 0x70, 0x0,
    0x0, 0x0, 0x0, 0x0, 0xdf, 0xff, 0xff, 0xf0,
    0x11, 0x1f, 0x31, 0x10, 0x0, 0xf, 0x20, 0x0,
    0x0, 0xf, 0x20, 0x0, 0x0, 0xf, 0x20, 0x0,
    0x0, 0xf, 0x20, 0x0, 0x0, 0xf, 0x20, 0x0,
    0x0, 0xf, 0x20, 0x0, 0x0, 0xf, 0x20, 0x0,

    /* U+0165 "ť" */
    0x0, 0x0, 0x82, 0x1, 0x40, 0xe0, 0x4, 0xd1,
    0xc0, 0x4f, 0xff, 0xa0, 0x4, 0xd0, 0x0, 0x4,
    0xd0, 0x0, 0x4, 0xd0, 0x0, 0x4, 0xd0, 0x0,
    0x3, 0xe0, 0x0, 0x0, 0xbf, 0xa0,

    /* U+0166 "Ŧ" */
    0xdf, 0xff, 0xff, 0xf0, 0x11, 0x1f, 0x31, 0x10,
    0x0, 0xf, 0x20, 0x0, 0x0, 0xf, 0x20, 0x0,
    0xa, 0xef, 0xfd, 0x0, 0x1, 0x1f, 0x31, 0x0,
    0x0, 0xf, 0x20, 0x0, 0x0, 0xf, 0x20, 0x0,
    0x0, 0xf, 0x20, 0x0,

    /* U+0167 "ŧ" */
    0x2, 0x60, 0x0, 0x4d, 0x0, 0x4f, 0xff, 0xa0,
    0x4d, 0x0, 0x4, 0xd0, 0x4, 0xff, 0xe8, 0x4,
    0xd0, 0x0, 0x3e, 0x0, 0x0, 0xbf, 0xa0,

    /* U+0168 "Ũ" */
    0x2, 0xb6, 0x36, 0x0, 0x62, 0x7b, 0x10, 0x0,
    0x0, 0x0, 0xf, 0x20, 0x0, 0x2f, 0xf2, 0x0,
    0x2, 0xff, 0x20, 0x0, 0x2f, 0xf2, 0x0, 0x2,
    0xff, 0x20, 0x0, 0x2f, 0xf2, 0x0, 0x2, 0xfe,
    0x40, 0x0, 0x5d, 0x8d, 0x41, 0x4d, 0x70, 0x7e,
    0xfd, 0x70,

    /* U+0169 "ũ" */
    0x4b, 0xbb, 0x40, 0x0, 0x0, 0x0, 0xf2, 0x0,
    0xa7, 0xf2, 0x0, 0xa7, 0xf2, 0x0, 0xa7, 0xf2,
    0x0, 0xa7, 0xe2, 0x0, 0xb7, 0xb8, 0x3, 0xf7,
    0x2d, 0xfa, 0xa7,

    /* U+016A "Ū" */
    0x3, 0xff, 0xf3, 0x0, 0x0, 0x0, 0x0, 0x0,
    0x0, 0x0, 0xf, 0x20, 0x0, 0x2f, 0xf2, 0x0,
    0x2, 0xff, 0x20, 0x0, 0x2f, 0xf2, 0x0, 0x2,
    0xff, 0x20, 0x0, 0x2f, 0xf2, 0x0, 0x2, 0xfe,
    0x40, 0x0, 0x5d, 0x8d, 0x41, 0x4d, 0x70, 0x7e,
    0xfd, 0x70,

    /* U+016B "ū" */
    0xe, 0xee, 0x60, 0x0, 0x0, 0x0, 0xf2, 0x0,
    0xa7, 0xf2, 0x0, 0xa7, 0xf2, 0x0, 0xa7, 0xf2,
    0x0, 0xa7, 0xe2, 0x0, 0xb7, 0xb8, 0x3, 0xf7,
    0x2d, 0xfa, 0xa7,

    /* U+016C "Ŭ" */
    0x3, 0x90, 0xa2, 0x0, 0x8, 0xc8, 0x0, 0x0,
    0x0, 0x0, 0xf, 0x20, 0x0, 0x2f, 0xf2, 0x0,
    0x2, 0xff, 0x20, 0x0, 0x2f, 0xf2, 0x0, 0x2,
    0xff, 0x20, 0x0, 0x2f, 0xf2, 0x0, 0x2, 0xfe,
    0x40, 0x0, 0x5d, 0x8d, 0x41, 0x4d, 0x70, 0x7e,
    0xfd, 0x70,

    /* U+016D "ŭ" */
    0xa, 0xcb, 0x30, 0x0, 0x0, 0x0, 0xf2, 0x0,
    0xa7, 0xf2, 0x0, 0xa7, 0xf2, 0x0, 0xa7, 0xf2,
    0x0, 0xa7, 0xe2, 0x0, 0xb7, 0xb8, 0x3, 0xf7,
    0x2d, 0xfa, 0xa7,

    /* U+016E "Ů" */
    0x0, 0x4b, 0x30, 0x0, 0xa, 0x1a, 0x0, 0x0,
    0x4b, 0x30, 0x0, 0x0, 0x0, 0x0, 0xf2, 0x0,
    0x2, 0xff, 0x20, 0x0, 0x2f, 0xf2, 0x0, 0x2,
    0xff, 0x20, 0x0, 0x2f, 0xf2, 0x0, 0x2, 0xff,
    0x20, 0x0, 0x2f, 0xe4, 0x0, 0x5, 0xd8, 0xd4,
    0x14, 0xd7, 0x7, 0xef, 0xd7, 0x0,

    /* U+016F "ů" */
    0x2, 0xa6, 0x0, 0x7, 0x3b, 0x0, 0x2, 0xa6,
    0x0, 0xf2, 0x0, 0xa7, 0xf2, 0x0, 0xa7, 0xf2,
    0x0, 0xa7, 0xf2, 0x0, 0xa7, 0xe2, 0x0, 0xb7,
    0xb8, 0x3, 0xf7, 0x2d, 0xfa, 0xa7,

    /* U+0170 "Ű" */
    0x0, 0x4d, 0x99, 0x0, 0x7, 0x39, 0x0, 0x0,
    0x0, 0x0, 0xf, 0x20, 0x0, 0x2f, 0xf2, 0x0,
    0x2, 0xff, 0x20, 0x0, 0x2f, 0xf2, 0x0, 0x2,
    0xff, 0x20, 0x0, 0x2f, 0xf2, 0x0, 0x2, 0xfe,
    0x40, 0x0, 0x5d, 0x8d, 0x41, 0x4d, 0x70, 0x7e,
    0xfd, 0x70,

    /* U+0171 "ű" */
    0x1, 0xe7, 0xc0, 0x5, 0x58, 0x10, 0xf2, 0x0,
    0xa7, 0xf2, 0x0, 0xa7, 0xf2, 0x0, 0xa7, 0xf2,
    0x0, 0xa7, 0xe2, 0x0, 0xb7, 0xb8, 0x3, 0xf7,
    0x2d, 0xfa, 0xa7,

    /* U+0172 "Ų" */
    0xf2, 0x0, 0x2, 0xff, 0x20, 0x0, 0x2f, 0xf2,
    0x0, 0x2, 0xff, 0x20, 0x0, 0x2f, 0xf2, 0x0,
    0x2, 0xff, 0x20, 0x0, 0x2f, 0xe4, 0x0, 0x5,
    0xd8, 0xd4, 0x14, 0xd7, 0x7, 0xef, 0xf7, 0x0,
    0x0, 0x68, 0x0, 0x0, 0xd, 0x20, 0x0, 0x0,
    0xae, 0x30,

    /* U+0173 "ų" */
    0xf2, 0x0, 0xa7, 0xf2, 0x0, 0xa7, 0xf2, 0x0,
    0xa7, 0xf2, 0x0, 0xa7, 0xe2, 0x0, 0xb7, 0xb8,
    0x3, 0xf7, 0x2d, 0xfa, 0xc8, 0x0, 0x0, 0xc1,
    0x0, 0x5, 0xa0, 0x0, 0x3, 0xd9,

    /* U+0174 "Ŵ" */
    0x0, 0x0, 0xc, 0xe1, 0x0, 0x0, 0x0, 0x0,
    0x59, 0x5a, 0x0, 0x0, 0x0, 0x0, 0x0, 0x0,
    0x0, 0x0, 0x5d, 0x0, 0xa, 0xe0, 0x0, 0x9a,
    0x1f, 0x10, 0xe, 0xf2, 0x0, 0xd6, 0xd, 0x50,
    0x2f, 0xc6, 0x1, 0xf1, 0x8, 0x90, 0x6c, 0x7a,
    0x5, 0xd0, 0x4, 0xd0, 0xa7, 0x3e, 0x9, 0x90,
    0x0, 0xf1, 0xe3, 0xf, 0x2d, 0x40, 0x0, 0xc7,
    0xf0, 0xb, 0x7f, 0x0, 0x0, 0x7e, 0xb0, 0x7,
    0xec, 0x0, 0x0, 0x3f, 0x70, 0x2, 0xf7, 0x0,

    /* U+0175 "ŵ" */
    0x0, 0x0, 0xa7, 0x60, 0x0, 0x0, 0x0, 0x11,
    0x2, 0x0, 0x0, 0x99, 0x0, 0x6f, 0x0, 0xf,
    0x34, 0xe0, 0xb, 0xf5, 0x3, 0xe0, 0xe, 0x20,
    0xf8, 0x90, 0x89, 0x0, 0xa7, 0x4c, 0x2e, 0xc,
    0x40, 0x5, 0xb8, 0x70, 0xe4, 0xf0, 0x0, 0xf,
    0xd3, 0x9, 0xcb, 0x0, 0x0, 0xbe, 0x0, 0x4f,
    0x60, 0x0,

    /* U+0176 "Ŷ" */
    0x0, 0x2, 0xea, 0x0, 0x0, 0x0, 0xb3, 0xb3,
    0x0, 0x0, 0x0, 0x0, 0x0, 0x0, 0xc8, 0x0,
    0x1, 0xf4, 0x2, 0xf2, 0x0, 0xaa, 0x0, 0x8,
    0xb0, 0x3e, 0x10, 0x0, 0xe, 0x5d, 0x60, 0x0,
    0x0, 0x5f, 0xc0, 0x0, 0x0, 0x0, 0xd5, 0x0,
    0x0, 0x0, 0xd, 0x40, 0x0, 0x0, 0x0, 0xd4,
    0x0, 0x0, 0x0, 0xd, 0x40, 0x0,

    /* U+0177 "ŷ" */
    0x0, 0x97, 0x90, 0x0, 0x2, 0x2, 0x0, 0x8a,
    0x0, 0xa, 0x82, 0xf0, 0x0, 0xf2, 0xd, 0x50,
    0x5c, 0x0, 0x7b, 0xa, 0x70, 0x1, 0xf1, 0xf1,
    0x0, 0xb, 0xbb, 0x0, 0x0, 0x5f, 0x60, 0x0,
    0x1, 0xe1, 0x0, 0xa, 0xf7, 0x0, 0x0,

    /* U+0178 "Ÿ" */
    0x0, 0x0, 0x0, 0x0, 0x0, 0x0, 0xf3, 0xb7,
    0x0, 0x0, 0x3, 0x2, 0x10, 0x0, 0xc8, 0x0,
    0x1, 0xf4, 0x2, 0xf2, 0x0, 0xaa, 0x0, 0x8,
    0xb0, 0x3e, 0x10, 0x0, 0xe, 0x5d, 0x60, 0x0,
    0x0, 0x5f, 0xc0, 0x0, 0x0, 0x0, 0xd5, 0x0,
    0x0, 0x0, 0xd, 0x40, 0x0, 0x0, 0x0, 0xd4,
    0x0, 0x0, 0x0, 0xd, 0x40, 0x0,

    /* U+0179 "Ź" */
    0x0, 0x1, 0x90, 0x0, 0x0, 0x96, 0x0, 0x0,
    0x0, 0x0, 0x7, 0xff, 0xff, 0xf9, 0x1, 0x11,
    0x2f, 0x40, 0x0, 0xb, 0x90, 0x0, 0x7, 0xd0,
    0x0, 0x3, 0xf2, 0x0, 0x0, 0xd6, 0x0, 0x0,
    0xaa, 0x0, 0x0, 0x5e, 0x21, 0x11, 0xa, 0xff,
    0xff, 0xfb,

    /* U+017A "ź" */
    0x0, 0x5, 0xb0, 0x0, 0x0, 0x81, 0x0, 0x3f,
    0xff, 0xff, 0x30, 0x0, 0x7, 0xc0, 0x0, 0x5,
    0xe1, 0x0, 0x4, 0xe2, 0x0, 0x2, 0xe3, 0x0,
    0x1, 0xe5, 0x0, 0x0, 0x5f, 0xff, 0xff, 0x40,

    /* U+017B "Ż" */
    0x0, 0x0, 0x0, 0x0, 0x0, 0xf3, 0x0, 0x0,
    0x3, 0x0, 0x7, 0xff, 0xff, 0xf9, 0x1, 0x11,
    0x2f, 0x40, 0x0, 0xb, 0x90, 0x0, 0x7, 0xd0,
    0x0, 0x3, 0xf2, 0x0, 0x0, 0xd6, 0x0, 0x0,
    0xaa, 0x0, 0x0, 0x5e, 0x21, 0x11, 0xa, 0xff,
    0xff, 0xfb,

    /* U+017C "ż" */
    0x0, 0x1f, 0x10, 0x0, 0x0, 0x40, 0x0, 0x3f,
    0xff, 0xff, 0x30, 0x0, 0x7, 0xc0, 0x0, 0x5,
    0xe1, 0x0, 0x4, 0xe2, 0x0, 0x2, 0xe3, 0x0,
    0x1, 0xe5, 0x0, 0x0, 0x5f, 0xff, 0xff, 0x40,

    /* U+017D "Ž" */
    0x0, 0xc2, 0xc2, 0x0, 0x4, 0xf8, 0x0, 0x0,
    0x0, 0x0, 0x7, 0xff, 0xff, 0xf9, 0x1, 0x11,
    0x2f, 0x40, 0x0, 0xb, 0x90, 0x0, 0x7, 0xd0,
    0x0, 0x3, 0xf2, 0x0, 0x0, 0xd6, 0x0, 0x0,
    0xaa, 0x0, 0x0, 0x5e, 0x21, 0x11, 0xa, 0xff,
    0xff, 0xfb,

    /* U+017E "ž" */
    0x0, 0xb5, 0xb0, 0x0, 0x1, 0x51, 0x0, 0x3f,
    0xff, 0xff, 0x30, 0x0, 0x7, 0xc0, 0x0, 0x5,
    0xe1, 0x0, 0x4, 0xe2, 0x0, 0x2, 0xe3, 0x0,
    0x1, 0xe5, 0x0, 0x0, 0x5f, 0xff, 0xff, 0x40,

    /* U+017F "ſ" */
    0x9, 0xfa, 0x1f, 0x30, 0x2f, 0x0, 0x2f, 0x0,
    0x2f, 0x0, 0x2f, 0x0, 0x2f, 0x0, 0x2f, 0x0,
    0x2f, 0x0,

    /* U+0180 "ƀ" */
    0x2f, 0xff, 0xb0, 0x0, 0x2, 0xf0, 0x0, 0x0,
    0x2, 0xf8, 0xed, 0x60, 0x2, 0xf9, 0x3, 0xf3,
    0x2, 0xf0, 0x0, 0x99, 0x2, 0xe0, 0x0, 0x8a,
    0x2, 0xf0, 0x0, 0xa8, 0x2, 0xf8, 0x4, 0xf2,
    0x2, 0xe8, 0xfd, 0x50,

    /* U+0181 "Ɓ" */
    0xaf, 0xff, 0xff, 0xe7, 0xf, 0x5f, 0x42, 0x24,
    0xe4, 0x1, 0xf2, 0x0, 0x1d, 0x70, 0x1f, 0xff,
    0xff, 0xe1, 0x1, 0xf4, 0x22, 0x5a, 0x10, 0x1f,
    0x20, 0x0, 0x6b, 0x1, 0xf2, 0x0, 0x6, 0xe0,
    0x1f, 0x42, 0x24, 0xda, 0x1, 0xff, 0xff, 0xea,
    0x10,

    /* U+0182 "Ƃ" */
    0xff, 0xff, 0xff, 0x10, 0xf5, 0x11, 0x11, 0x0,
    0xf4, 0x0, 0x0, 0x0, 0xf4, 0x0, 0x0, 0x0,
    0xff, 0xff, 0xea, 0x10, 0xf5, 0x22, 0x4c, 0xc0,
    0xf4, 0x0, 0x5, 0xf0, 0xf5, 0x11, 0x2b, 0xc0,
    0xff, 0xff, 0xfb, 0x20,

    /* U+0183 "ƃ" */
    0x2f, 0xff, 0xff, 0x92, 0xf0, 0x0, 0x0, 0x2f,
    0x8e, 0xd6, 0x2, 0xf9, 0x3, 0xf3, 0x2f, 0x0,
    0x9, 0x92, 0xe0, 0x0, 0x8a, 0x2f, 0x0, 0xa,
    0x82, 0xf8, 0x4, 0xf2, 0x2e, 0x8f, 0xd5, 0x0,

    /* U+0184 "Ƅ" */
    0x2f, 0x0, 0x0, 0x2, 0xf0, 0x0, 0x0, 0x2f,
    0x0, 0x0, 0x2, 0xfe, 0xec, 0x70, 0x2f, 0x11,
    0x3e, 0x61, 0xf0, 0x0, 0x8a, 0xf, 0x20, 0x8,
    0xa0, 0xca, 0x1, 0xd6, 0x1, 0xbe, 0xe9, 0x0,

    /* U+0185 "ƅ" */
    0x2f, 0x0, 0x0, 0x2, 0xf0, 0x0, 0x0, 0x2f,
    0x7e, 0xd6, 0x2, 0xfa, 0x3, 0xf3, 0x2f, 0x10,
    0x9, 0x91, 0xf0, 0x0, 0x7a, 0xf, 0x10, 0x9,
    0x80, 0xb9, 0x3, 0xe3, 0x1, 0xbe, 0xd5, 0x0,

    /* U+0186 "Ɔ" */
    0x0, 0x9e, 0xfd, 0x70, 0x0, 0xcc, 0x31, 0x4d,
    0xb0, 0x2b, 0x10, 0x0, 0x1f, 0x50, 0x0, 0x0,
    0x0, 0xa9, 0x0, 0x0, 0x0, 0x9, 0xb0, 0x10,
    0x0, 0x0, 0xb9, 0x4f, 0x10, 0x0, 0x1f, 0x50,
    0xcc, 0x31, 0x4d, 0xc0, 0x0, 0x9e, 0xfe, 0x80,
    0x0,

    /* U+0187 "Ƈ" */
    0x0, 0x4b, 0xff, 0xa4, 0xee, 0x6, 0xf7, 0x22,
    0x8f, 0xc1, 0xe, 0x60, 0x0, 0x8, 0x70, 0x4f,
    0x10, 0x0, 0x0, 0x0, 0x5f, 0x0, 0x0, 0x0,
    0x0, 0x3f, 0x10, 0x0, 0x1, 0x0, 0xe, 0x60,
    0x0, 0xa, 0xa0, 0x6, 0xf7, 0x22, 0x8f, 0x30,
    0x0, 0x5c, 0xff, 0xb3, 0x0,

    /* U+0188 "ƈ" */
    0x0, 0x0, 0x6, 0xe6, 0x3, 0xcf, 0xff, 0x50,
    0x1f, 0x60, 0x4f, 0x40, 0x5d, 0x0, 0x3, 0x0,
    0x7b, 0x0, 0x0, 0x0, 0x5d, 0x0, 0x7, 0x20,
    0xe, 0x50, 0x4e, 0x10, 0x3, 0xcf, 0xd4, 0x0,

    /* U+0189 "Ɖ" */
    0xf, 0xff, 0xfe, 0xa1, 0x0, 0xf5, 0x22, 0x3b,
    0xd0, 0xf, 0x40, 0x0, 0x1e, 0x60, 0xf4, 0x0,
    0x0, 0x9a, 0xff, 0xff, 0xc0, 0x8, 0xb2, 0xf6,
    0x22, 0x0, 0xa9, 0xf, 0x40, 0x0, 0xe, 0x50,
    0xf5, 0x22, 0x4b, 0xd0, 0xf, 0xff, 0xfe, 0x91,
    0x0,

    /* U+018A "Ɗ" */
    0x9f, 0xff, 0xff, 0xe9, 0x10, 0xf5, 0xf4, 0x22,
    0x4d, 0xc0, 0x51, 0xf2, 0x0, 0x1, 0xf4, 0x1,
    0xf2, 0x0, 0x0, 0xc8, 0x1, 0xf2, 0x0, 0x0,
    0xb9, 0x1, 0xf2, 0x0, 0x0, 0xc7, 0x1, 0xf2,
    0x0, 0x1, 0xf3, 0x1, 0xf4, 0x22, 0x4d, 0xb0,
    0x1, 0xff, 0xff, 0xe8, 0x0,

    /* U+018B "Ƌ" */
    0x9, 0xff, 0xff, 0xf7, 0x0, 0x11, 0x11, 0xc7,
    0x0, 0x0, 0x0, 0xc7, 0x0, 0x0, 0x0, 0xc7,
    0x6, 0xde, 0xff, 0xf7, 0x4f, 0x62, 0x22, 0xc7,
    0x8d, 0x0, 0x0, 0xc7, 0x4f, 0x51, 0x11, 0xc7,
    0x7, 0xef, 0xff, 0xf7,

    /* U+018C "ƌ" */
    0x6f, 0xff, 0xff, 0x60, 0x0, 0x0, 0xc6, 0x3,
    0xce, 0xac, 0x61, 0xe6, 0x6, 0xf6, 0x5d, 0x0,
    0xd, 0x66, 0xb0, 0x0, 0xb6, 0x5d, 0x0, 0xc,
    0x60, 0xe4, 0x3, 0xf6, 0x2, 0xcd, 0xbc, 0x60,

    /* U+018D "ƍ" */
    0x2, 0xce, 0xd5, 0x0, 0xe6, 0x3, 0xf3, 0x6c,
    0x0, 0x8, 0xa8, 0xa0, 0x0, 0x6b, 0x7c, 0x0,
    0x8, 0xa2, 0xf5, 0x3, 0xe4, 0x8, 0xff, 0xe6,
    0x0, 0x5, 0xf7, 0x0, 0x0, 0x2, 0xda, 0x0,
    0xbf, 0xff, 0xf6,

    /* U+018E "Ǝ" */
    0x1f, 0xff, 0xff, 0xfa, 0x2, 0x22, 0x22, 0xaa,
    0x0, 0x0, 0x0, 0x9a, 0x0, 0x0, 0x0, 0x9a,
    0xb, 0xff, 0xff, 0xfa, 0x1, 0x22, 0x22, 0xaa,
    0x0, 0x0, 0x0, 0x9a, 0x2, 0x22, 0x22, 0xaa,
    0x5f, 0xff, 0xff, 0xfa,

    /* U+018F "Ə" */
    0x0, 0x5d, 0xfe, 0x80, 0x0, 0x8e, 0x51, 0x4c,
    0xb0, 0xa, 0x30, 0x0, 0x1e, 0x40, 0x0, 0x0,
    0x0, 0x99, 0x6f, 0xff, 0xff, 0xff, 0xa5, 0xe2,
    0x22, 0x22, 0xa9, 0x1f, 0x30, 0x0, 0xe, 0x40,
    0x7e, 0x41, 0x3c, 0xb0, 0x0, 0x6d, 0xfe, 0x80,
    0x0,

    /* U+0190 "Ɛ" */
    0x3, 0xbf, 0xea, 0x20, 0xe, 0x92, 0x29, 0xd0,
    0xe, 0x70, 0x0, 0x40, 0x3, 0xff, 0x90, 0x0,
    0x1e, 0x93, 0x10, 0x0, 0x6e, 0x0, 0x0, 0x30,
    0x5e, 0x0, 0x2, 0xf2, 0x1e, 0x91, 0x3d, 0xa0,
    0x2, 0xbf, 0xe9, 0x0,

    /* U+0191 "Ƒ" */
    0x0, 0xff, 0xff, 0xff, 0x50, 0xf, 0x52, 0x22,
    0x20, 0x0, 0xf4, 0x0, 0x0, 0x0, 0xf, 0x40,
    0x0, 0x0, 0x0, 0xff, 0xff, 0xf9, 0x0, 0xf,
    0x62, 0x22, 0x10, 0x0, 0xf4, 0x0, 0x0, 0x0,
    0xf, 0x40, 0x0, 0x0, 0x0, 0xf4, 0x0, 0x0,
    0x0, 0xf, 0x30, 0x0, 0x0, 0x2f, 0xe1, 0x0,
    0x0, 0x0, 0x10, 0x0, 0x0, 0x0,

    /* U+0192 "ƒ" */
    0x0, 0x5, 0xef, 0x20, 0x0, 0xe3, 0x0, 0x2,
    0xff, 0xff, 0x20, 0x2, 0xe0, 0x0, 0x0, 0x4c,
    0x0, 0x0, 0x5, 0xa0, 0x0, 0x0, 0x78, 0x0,
    0x0, 0xb, 0x60, 0x0, 0x3f, 0xc0, 0x0, 0x0,

    /* U+0193 "Ɠ" */
    0x0, 0x3a, 0xef, 0xc4, 0xcf, 0x30, 0x4f, 0x83,
    0x14, 0xef, 0x20, 0xe, 0x80, 0x0, 0x3, 0x80,
    0x3, 0xf1, 0x0, 0x0, 0x0, 0x0, 0x4f, 0x0,
    0xa, 0xff, 0xf4, 0x3, 0xf1, 0x0, 0x12, 0x2e,
    0x40, 0xe, 0x70, 0x0, 0x0, 0xe4, 0x0, 0x4f,
    0x93, 0x25, 0xcf, 0x20, 0x0, 0x2a, 0xef, 0xe9,
    0x10, 0x0,

    /* U+0194 "Ɣ" */
    0xc8, 0x0, 0x0, 0x1f, 0x35, 0xe0, 0x0, 0x8,
    0xc0, 0xe, 0x60, 0x0, 0xe5, 0x0, 0x7d, 0x0,
    0x5e, 0x0, 0x1, 0xf4, 0xc, 0x70, 0x0, 0x9,
    0xb3, 0xf1, 0x0, 0x0, 0x2f, 0xc9, 0x0, 0x0,
    0x0, 0xbf, 0x20, 0x0, 0x0, 0x8, 0xf0, 0x0,
    0x0, 0x0, 0xef, 0x60, 0x0, 0x0, 0x2f, 0x79,
    0x0, 0x0, 0x0, 0xce, 0x50, 0x0,

    /* U+0195 "ƕ" */
    0x2f, 0x0, 0x0, 0x0, 0x0, 0x2, 0xf0, 0x0,
    0x0, 0x0, 0x0, 0x2f, 0x8f, 0xe5, 0x0, 0xd4,
    0x2, 0xf9, 0x6, 0xf0, 0x7, 0xb0, 0x2f, 0x10,
    0xf, 0x10, 0x3f, 0x2, 0xf0, 0x0, 0xf1, 0x1,
    0xf0, 0x2f, 0x0, 0xf, 0x20, 0x3f, 0x2, 0xf0,
    0x0, 0xd6, 0x9, 0xa0, 0x2f, 0x0, 0x3, 0xde,
    0xb1, 0x0,

    /* U+0196 "Ɩ" */
    0x2f, 0x0, 0x2f, 0x0, 0x2f, 0x0, 0x2f, 0x0,
    0x2f, 0x0, 0x2f, 0x0, 0x2f, 0x0, 0x1f, 0x20,
    0xb, 0xf1,

    /* U+0197 "Ɨ" */
    0x8, 0xb0, 0x0, 0x8b, 0x0, 0x8, 0xb0, 0xe,
    0xff, 0xe2, 0x8, 0xb0, 0x0, 0x8b, 0x0, 0x8,
    0xb0, 0x0, 0x8b, 0x0, 0x8, 0xb0, 0x0,

    /* U+0198 "Ƙ" */
    0xf, 0x30, 0x1, 0xcf, 0x70, 0xf3, 0x1, 0xd8,
    0x5a, 0xf, 0x31, 0xd8, 0x0, 0x0, 0xf3, 0xcb,
    0x0, 0x0, 0xf, 0xeb, 0xf3, 0x0, 0x0, 0xfa,
    0x8, 0xe1, 0x0, 0xf, 0x30, 0xc, 0xb0, 0x0,
    0xf3, 0x0, 0x2f, 0x70, 0xf, 0x30, 0x0, 0x5f,
    0x40,

    /* U+0199 "ƙ" */
    0xb, 0xf3, 0x0, 0x1, 0xf0, 0x0, 0x0, 0x2f,
    0x0, 0xba, 0x2, 0xf0, 0xba, 0x0, 0x2f, 0xad,
    0x0, 0x2, 0xfb, 0xf3, 0x0, 0x2f, 0x8, 0xd0,
    0x2, 0xf0, 0xd, 0x70, 0x2f, 0x0, 0x4f, 0x20,

    /* U+019A "ƚ" */
    0x7, 0xa0, 0x0, 0x7a, 0x0, 0x7, 0xa0, 0xe,
    0xef, 0xe2, 0x7, 0xa0, 0x0, 0x7a, 0x0, 0x7,
    0xa0, 0x0, 0x7c, 0x10, 0x2, 0xeb, 0x0,

    /* U+019B "ƛ" */
    0x2, 0xf7, 0x60, 0x0, 0xbf, 0xb2, 0x0, 0x2,
    0x6d, 0x0, 0x0, 0xa, 0xf3, 0x0, 0x1, 0xfb,
    0x90, 0x0, 0x7b, 0x3f, 0x0, 0xd, 0x50, 0xd6,
    0x3, 0xe0, 0x7, 0xc0, 0xa9, 0x0, 0x1f, 0x20,

    /* U+019C "Ɯ" */
    0x2f, 0x0, 0x2f, 0x0, 0x2f, 0x2f, 0x0, 0x2f,
    0x0, 0x2f, 0x2f, 0x0, 0x2f, 0x0, 0x2f, 0x2f,
    0x0, 0x2f, 0x0, 0x2f, 0x2f, 0x0, 0x2f, 0x0,
    0x2f, 0x2f, 0x0, 0x2f, 0x0, 0x2f, 0x2f, 0x0,
    0x3f, 0x0, 0x3f, 0x1f, 0x20, 0x8f, 0x20, 0x9f,
    0x7, 0xed, 0x78, 0xec, 0x7f,

    /* U+019D "Ɲ" */
    0x0, 0xf9, 0x0, 0x0, 0xd5, 0x0, 0xff, 0x50,
    0x0, 0xd5, 0x0, 0xf9, 0xe1, 0x0, 0xd5, 0x0,
    0xf3, 0xba, 0x0, 0xd5, 0x0, 0xf3, 0x1e, 0x60,
    0xd5, 0x0, 0xf3, 0x5, 0xf1, 0xd5, 0x0, 0xf3,
    0x0, 0xab, 0xd5, 0x0, 0xf3, 0x0, 0x1e, 0xf5,
    0x0, 0xf3, 0x0, 0x4, 0xf5, 0x0, 0xf2, 0x0,
    0x0, 0x0, 0x2f, 0xd0, 0x0, 0x0, 0x0, 0x1,
    0x0, 0x0, 0x0, 0x0,

    /* U+019E "ƞ" */
    0x2e, 0x7c, 0xe7, 0x2, 0xf7, 0x1, 0xf3, 0x2f,
    0x10, 0xd, 0x52, 0xf0, 0x0, 0xc6, 0x2f, 0x0,
    0xc, 0x62, 0xf0, 0x0, 0xc6, 0x2f, 0x0, 0xc,
    0x60, 0x0, 0x0, 0xc6, 0x0, 0x0, 0xc, 0x60,
    0x0, 0x0, 0xc6,

    /* U+019F "Ɵ" */
    0x0, 0x4b, 0xff, 0xc5, 0x0, 0x5, 0xf7, 0x22,
    0x6e, 0x70, 0xe, 0x60, 0x0, 0x4, 0xf1, 0x4f,
    0x0, 0x0, 0x0, 0xe6, 0x5f, 0xff, 0xff, 0xff,
    0xf7, 0x4f, 0x0, 0x0, 0x0, 0xe6, 0xe, 0x60,
    0x0, 0x4, 0xf1, 0x5, 0xf7, 0x22, 0x6e, 0x70,
    0x0, 0x4b, 0xff, 0xc5, 0x0,

    /* U+01A0 "Ơ" */
    0x0, 0x0, 0x0, 0xa, 0x50, 0x0, 0x0, 0x0,
    0xa, 0x50, 0x0, 0x6c, 0xfe, 0xfa, 0x0, 0x7,
    0xe5, 0x12, 0x9f, 0x20, 0x1f, 0x30, 0x0, 0xa,
    0xa0, 0x5d, 0x0, 0x0, 0x4, 0xe0, 0x6c, 0x0,
    0x0, 0x2, 0xf0, 0x5d, 0x0, 0x0, 0x4, 0xe0,
    0x1f, 0x30, 0x0, 0xa, 0xa0, 0x8, 0xe5, 0x12,
    0x9f, 0x20, 0x0, 0x6d, 0xfe, 0xa2, 0x0,

    /* U+01A1 "ơ" */
    0x0, 0x0, 0x3, 0xc0, 0x0, 0x0, 0x3d, 0x2,
    0xbf, 0xff, 0x50, 0xe8, 0x13, 0xe5, 0x4e, 0x0,
    0x7, 0xb6, 0xc0, 0x0, 0x4d, 0x4e, 0x0, 0x7,
    0xb0, 0xe8, 0x13, 0xe5, 0x2, 0xcf, 0xe7, 0x0,

    /* U+01A2 "Ƣ" */
    0x0, 0x4b, 0xfe, 0xb5, 0xaf, 0xd5, 0x0, 0x5f,
    0x83, 0x27, 0xfd, 0x26, 0xf1, 0xe, 0x70, 0x0,
    0x5, 0xf1, 0xe, 0x44, 0xf1, 0x0, 0x0, 0xe,
    0x50, 0xe5, 0x5e, 0x0, 0x0, 0x0, 0xc7, 0xe,
    0x54, 0xf0, 0x0, 0x0, 0xe, 0x60, 0xe5, 0xe,
    0x50, 0x0, 0x4, 0xf2, 0xe, 0x50, 0x5e, 0x50,
    0x4, 0xe7, 0x0, 0xe5, 0x0, 0x4b, 0xef, 0xc5,
    0x0, 0xe, 0x50,

    /* U+01A3 "ƣ" */
    0x3, 0xcf, 0xd8, 0xee, 0x80, 0x1e, 0x60, 0x4f,
    0x72, 0xf2, 0x6c, 0x0, 0x8, 0xa0, 0xd4, 0x8a,
    0x0, 0x6, 0xb0, 0xd4, 0x6c, 0x0, 0x8, 0xa0,
    0xd4, 0x1f, 0x60, 0x3e, 0x40, 0xd4, 0x3, 0xcf,
    0xd5, 0x0, 0xd4, 0x0, 0x0, 0x0, 0x0, 0xd4,
    0x0, 0x0, 0x0, 0x0, 0xd4, 0x0, 0x0, 0x0,
    0x0, 0xd4,

    /* U+01A4 "Ƥ" */
    0x9f, 0xff, 0xff, 0xea, 0x1f, 0x5f, 0x32, 0x23,
    0xcb, 0x42, 0xf2, 0x0, 0x5, 0xf0, 0x1f, 0x20,
    0x1, 0xbb, 0x1, 0xff, 0xff, 0xfc, 0x20, 0x1f,
    0x42, 0x20, 0x0, 0x1, 0xf2, 0x0, 0x0, 0x0,
    0x1f, 0x20, 0x0, 0x0, 0x1, 0xf2, 0x0, 0x0,
    0x0,

    /* U+01A5 "ƥ" */
    0x0, 0x0, 0x5e, 0x92, 0xe8, 0xce, 0xb0, 0x2f,
    0x80, 0x1e, 0x52, 0xf0, 0x0, 0x8a, 0x2e, 0x0,
    0x7, 0xb2, 0xf0, 0x0, 0x99, 0x2f, 0x90, 0x3f,
    0x22, 0xf8, 0xed, 0x50, 0x2f, 0x0, 0x0, 0x2,
    0xf0, 0x0, 0x0, 0x2f, 0x0, 0x0, 0x0,

    /* U+01A6 "Ʀ" */
    0xf4, 0x0, 0x0, 0x0, 0xf, 0xfe, 0xee, 0xc5,
    0x0, 0xf5, 0x11, 0x27, 0xf2, 0xf, 0x40, 0x0,
    0xd, 0x60, 0xf4, 0x0, 0x5, 0xf3, 0xf, 0xff,
    0xff, 0xd6, 0x0, 0xf6, 0x24, 0xd8, 0x0, 0xf,
    0x40, 0x1, 0xe8, 0x0, 0xf4, 0x0, 0x5, 0xf3,
    0x0, 0x0, 0x0, 0xa, 0xd0, 0x0, 0x0, 0x0,
    0x17, 0x30,

    /* U+01A7 "Ƨ" */
    0x0, 0x9e, 0xfd, 0x70, 0x0, 0xac, 0x32, 0x4d,
    0x70, 0xa, 0x20, 0x0, 0x8a, 0x0, 0x0, 0x4,
    0x8e, 0x50, 0x3, 0xbf, 0xc8, 0x20, 0x1, 0xf7,
    0x0, 0x0, 0x0, 0x4e, 0x0, 0x0, 0x4f, 0x1,
    0xe9, 0x32, 0x5e, 0x80, 0x2, 0xbe, 0xfd, 0x70,
    0x0,

    /* U+01A8 "ƨ" */
    0x6, 0xdf, 0xc3, 0x1, 0xf3, 0x6, 0xd0, 0x0,
    0x4, 0xbc, 0x0, 0x9f, 0xe9, 0x10, 0x6e, 0x30,
    0x3, 0x5, 0xd1, 0x7, 0xd0, 0x8, 0xef, 0xc3,
    0x0,

    /* U+01A9 "Ʃ" */
    0x6f, 0xff, 0xff, 0xf0, 0x2f, 0x72, 0x22, 0x10,
    0x3, 0xe5, 0x0, 0x0, 0x0, 0x3e, 0x50, 0x0,
    0x0, 0x9, 0xd0, 0x0, 0x0, 0x6e, 0x20, 0x0,
    0x4, 0xf3, 0x0, 0x0, 0x3f, 0x72, 0x22, 0x20,
    0x6f, 0xff, 0xff, 0xf3,

    /* U+01AA "ƪ" */
    0x3b, 0xb4, 0x0, 0x73, 0x5d, 0x0, 0x8, 0x9f,
    0x0, 0x0, 0x3f, 0x0, 0x0, 0x3f, 0x0, 0x0,
    0x3f, 0x0, 0x0, 0x3f, 0x0, 0x0, 0x3f, 0x0,
    0x0, 0x3f, 0x0, 0x0, 0x2f, 0x0, 0x0, 0xd,
    0xf2, 0x0, 0x0, 0x10,

    /* U+01AB "ƫ" */
    0x1, 0x10, 0xe, 0x30, 0xf, 0x30, 0xbf, 0xe4,
    0xf, 0x30, 0xf, 0x30, 0xf, 0x30, 0xf, 0x30,
    0xe, 0x50, 0x9, 0xf7, 0x0, 0x97, 0xa, 0xe2,

    /* U+01AC "Ƭ" */
    0x5e, 0xff, 0xff, 0xf2, 0xb8, 0x2b, 0xa2, 0x20,
    0x42, 0xa, 0x90, 0x0, 0x0, 0xa, 0x90, 0x0,
    0x0, 0xa, 0x90, 0x0, 0x0, 0xa, 0x90, 0x0,
    0x0, 0xa, 0x90, 0x0, 0x0, 0xa, 0x90, 0x0,
    0x0, 0xa, 0x90, 0x0,

    /* U+01AD "ƭ" */
    0xa, 0xf6, 0xf, 0x50, 0xbf, 0xe4, 0xf, 0x30,
    0xf, 0x30, 0xf, 0x30, 0xf, 0x30, 0xe, 0x50,
    0x9, 0xf6,

    /* U+01AE "Ʈ" */
    0xbf, 0xff, 0xff, 0xfa, 0x12, 0x2b, 0xa2, 0x21,
    0x0, 0xa, 0x90, 0x0, 0x0, 0xa, 0x90, 0x0,
    0x0, 0xa, 0x90, 0x0, 0x0, 0xa, 0x90, 0x0,
    0x0, 0xa, 0x90, 0x0, 0x0, 0xa, 0x90, 0x0,
    0x0, 0xa, 0x90, 0x0, 0x0, 0xa, 0x90, 0x0,
    0x0, 0x9, 0xb1, 0x0, 0x0, 0x4, 0xec, 0x0,

    /* U+01AF "Ư" */
    0x0, 0x0, 0x0, 0xd, 0x20, 0x0, 0x0, 0x0,
    0xd2, 0xf2, 0x0, 0x2, 0xf6, 0xf, 0x20, 0x0,
    0x2f, 0x0, 0xf2, 0x0, 0x2, 0xf0, 0xf, 0x20,
    0x0, 0x2f, 0x0, 0xf2, 0x0, 0x2, 0xf0, 0xf,
    0x20, 0x0, 0x2f, 0x0, 0xe4, 0x0, 0x5, 0xd0,
    0x8, 0xd4, 0x14, 0xd7, 0x0, 0x7, 0xef, 0xd7,
    0x0, 0x0,

    /* U+01B0 "ư" */
    0x0, 0x0, 0x6, 0x90, 0x0, 0x0, 0x69, 0xf2,
    0x0, 0xff, 0x1f, 0x20, 0xa, 0x70, 0xf2, 0x0,
    0xa7, 0xf, 0x20, 0xa, 0x70, 0xe2, 0x0, 0xb7,
    0xb, 0x80, 0x3f, 0x70, 0x2d, 0xfa, 0xa7, 0x0,

    /* U+01B1 "Ʊ" */
    0x2f, 0xe6, 0x0, 0xbf, 0xd0, 0x2c, 0x80, 0xd,
    0x71, 0x0, 0xe2, 0x0, 0x7a, 0x0, 0x7b, 0x0,
    0x0, 0xf3, 0xd, 0x50, 0x0, 0xa, 0x80, 0xf4,
    0x0, 0x0, 0x9b, 0xd, 0x90, 0x0, 0xd, 0x90,
    0x4f, 0x72, 0x2a, 0xe1, 0x0, 0x4c, 0xff, 0xa2,
    0x0,

    /* U+01B2 "Ʋ" */
    0xb9, 0x0, 0x0, 0xfd, 0x5, 0xe0, 0x0, 0x2,
    0xf0, 0xe, 0x50, 0x0, 0x4c, 0x0, 0x8b, 0x0,
    0x9, 0x70, 0x2, 0xf1, 0x0, 0xe2, 0x0, 0xb,
    0x60, 0x6b, 0x0, 0x0, 0x5c, 0xd, 0x30, 0x0,
    0x0, 0xe8, 0xb0, 0x0, 0x0, 0x8, 0xf3, 0x0,
    0x0,

    /* U+01B3 "Ƴ" */
    0x5f, 0xc2, 0x0, 0x2, 0xf5, 0x1, 0x8e, 0x10,
    0xb, 0xa0, 0x0, 0xc, 0x90, 0x6e, 0x10, 0x0,
    0x2, 0xf3, 0xe4, 0x0, 0x0, 0x0, 0xae, 0x90,
    0x0, 0x0, 0x0, 0x4f, 0x0, 0x0, 0x0, 0x0,
    0x4f, 0x0, 0x0, 0x0, 0x0, 0x4f, 0x0, 0x0,
    0x0, 0x0, 0x4f, 0x0, 0x0,

    /* U+01B4 "ƴ" */
    0x99, 0x0, 0x7, 0xe7, 0x4, 0xe0, 0x2, 0xe3,
    0xe0, 0xe, 0x40, 0x98, 0x0, 0x0, 0x8a, 0xe,
    0x20, 0x0, 0x3, 0xf5, 0xc0, 0x0, 0x0, 0xd,
    0xd7, 0x0, 0x0, 0x0, 0x7f, 0x10, 0x0, 0x0,
    0x5, 0xb0, 0x0, 0x0, 0x2, 0xd4, 0x0, 0x0,
    0x3, 0xf9, 0x0, 0x0, 0x0,

    /* U+01B5 "Ƶ" */
    0x3f, 0xff, 0xff, 0xf7, 0x2, 0x22, 0x28, 0xf2,
    0x0, 0x0, 0x3f, 0x50, 0x0, 0x1, 0xe8, 0x0,
    0xb, 0xef, 0xfe, 0x70, 0x0, 0xac, 0x0, 0x0,
    0x9, 0xd1, 0x0, 0x0, 0x7e, 0x32, 0x22, 0x21,
    0xcf, 0xff, 0xff, 0xf9,

    /* U+01B6 "ƶ" */
    0x7f, 0xff, 0xff, 0x0, 0x0, 0xd, 0x80, 0x0,
    0x8, 0xd0, 0x5, 0xef, 0xfe, 0xd0, 0x3, 0xe3,
    0x0, 0x3, 0xe4, 0x0, 0x0, 0xbf, 0xff, 0xff,
    0x30,

    /* U+01B7 "Ʒ" */
    0xf, 0xff, 0xff, 0xf0, 0x2, 0x22, 0x6d, 0x40,
    0x0, 0x7, 0xb1, 0x0, 0x0, 0x4f, 0xeb, 0x20,
    0x0, 0x0, 0x17, 0xf2, 0x0, 0x0, 0x0, 0xb7,
    0x4d, 0x0, 0x0, 0xb7, 0x1e, 0x92, 0x28, 0xe1,
    0x2, 0xbe, 0xeb, 0x20,

    /* U+01B8 "Ƹ" */
    0xc, 0xff, 0xff, 0xf2, 0x2, 0xd8, 0x22, 0x20,
    0x0, 0x9, 0x90, 0x0, 0x1, 0x9e, 0xf7, 0x0,
    0xd, 0x91, 0x0, 0x0, 0x5d, 0x0, 0x0, 0x0,
    0x4e, 0x0, 0x0, 0xa7, 0xd, 0xa2, 0x27, 0xf2,
    0x1, 0xae, 0xfc, 0x40,

    /* U+01B9 "ƹ" */
    0x3f, 0xff, 0xff, 0x0, 0xa8, 0x0, 0x0, 0x1,
    0xe4, 0x0, 0x0, 0x3, 0xe1, 0x0, 0x3, 0xcf,
    0x50, 0x1, 0xf6, 0x0, 0x0, 0x6c, 0x0, 0x0,
    0x5, 0xd0, 0x0, 0x82, 0x1e, 0x60, 0x4e, 0x0,
    0x3c, 0xec, 0x30,

    /* U+01BA "ƺ" */
    0x8f, 0xff, 0xf4, 0x0, 0x9, 0x90, 0x0, 0x99,
    0x0, 0x1, 0xfe, 0xa1, 0x0, 0x1, 0xb9, 0x0,
    0x0, 0xb9, 0x1, 0x8e, 0xc1, 0x1e, 0x83, 0x0,
    0x3c, 0x1, 0x0, 0xa, 0xfe, 0x20,

    /* U+01BB "ƻ" */
    0x2, 0xbf, 0xd6, 0x0, 0xe6, 0x15, 0xf3, 0x3b,
    0x0, 0xc, 0x70, 0x0, 0x0, 0xf5, 0x0, 0x0,
    0xac, 0x0, 0x9f, 0xff, 0xf8, 0x2, 0xda, 0x10,
    0x1, 0xe9, 0x22, 0x21, 0x7f, 0xff, 0xff, 0x90,

    /* U+01BC "Ƽ" */
    0xdf, 0xff, 0xff, 0x41, 0xb8, 0x22, 0x20, 0xd,
    0x40, 0x0, 0x0, 0xfa, 0xed, 0x50, 0x2d, 0x62,
    0x6f, 0x40, 0x0, 0x0, 0xaa, 0x26, 0x0, 0xa,
    0x92, 0xf5, 0x4, 0xf3, 0x5, 0xdf, 0xd4, 0x0,

    /* U+01BD "ƽ" */
    0x7f, 0xff, 0xfd, 0x0, 0xc1, 0x0, 0x0, 0xf,
    0xce, 0xc4, 0x1, 0x71, 0x4, 0xf1, 0x1, 0x0,
    0xe, 0x44, 0xe2, 0x5, 0xf1, 0x7, 0xef, 0xc4,
    0x0,

    /* U+01BE "ƾ" */
    0x0, 0xf, 0x20, 0x0, 0x2f, 0xff, 0x50, 0x0,
    0xe, 0x30, 0x0, 0x0, 0x9a, 0x0, 0x0, 0x1,
    0xc9, 0x0, 0x0, 0x1, 0xe5, 0x3a, 0x0, 0xa,
    0x91, 0xf6, 0x3, 0xe5, 0x3, 0xcf, 0xd6, 0x0,

    /* U+01BF "ƿ" */
    0x2e, 0x6d, 0xe8, 0x2, 0xf8, 0x1, 0xe3, 0x2f,
    0x0, 0xb, 0x62, 0xf0, 0x0, 0xd5, 0x2f, 0x0,
    0x5e, 0x2, 0xf1, 0x7e, 0x30, 0x2f, 0xe9, 0x10,
    0x2, 0xf1, 0x0, 0x0, 0x2f, 0x0, 0x0, 0x2,
    0xf0, 0x0, 0x0,

    /* U+01C0 "ǀ" */
    0xd3, 0xd3, 0xd3, 0xd3, 0xd3, 0xd3, 0xd3, 0xd3,
    0xd3,

    /* U+01C1 "ǁ" */
    0xd2, 0x2d, 0xd2, 0x2d, 0xd2, 0x2d, 0xd2, 0x2d,
    0xd2, 0x2d, 0xd2, 0x2d, 0xd2, 0x2d, 0xd2, 0x2d,
    0xd2, 0x2d,

    /* U+01C2 "ǂ" */
    0x0, 0x69, 0x0, 0x0, 0x69, 0x0, 0x9e, 0xef,
    0xec, 0x0, 0x69, 0x0, 0x0, 0x69, 0x0, 0x9e,
    0xef, 0xeb, 0x0, 0x69, 0x0, 0x0, 0x69, 0x0,
    0x0, 0x69, 0x0,

    /* U+01C3 "ǃ" */
    0xe8, 0xe8, 0xd7, 0xc6, 0xb5, 0xa4, 0x93, 0x52,
    0xd7,

    /* U+01C4 "Ǆ" */
    0x0, 0x0, 0x0, 0x0, 0x0, 0x5d, 0x5e, 0x10,
    0x0, 0x0, 0x0, 0x0, 0x0, 0xa, 0xf4, 0x0,
    0x0, 0x0, 0x0, 0x0, 0x0, 0x0, 0x0, 0x0,
    0xff, 0xff, 0xea, 0x10, 0xe, 0xff, 0xff, 0xfc,
    0xf5, 0x22, 0x4c, 0xd0, 0x1, 0x22, 0x24, 0xf7,
    0xf4, 0x0, 0x0, 0xe6, 0x0, 0x0, 0x1d, 0x90,
    0xf4, 0x0, 0x0, 0xaa, 0x0, 0x0, 0xcb, 0x0,
    0xf4, 0x0, 0x0, 0x8b, 0x0, 0x9, 0xd0, 0x0,
    0xf4, 0x0, 0x0, 0xa9, 0x0, 0x7e, 0x20, 0x0,
    0xf4, 0x0, 0x0, 0xe5, 0x4, 0xf3, 0x0, 0x0,
    0xf5, 0x22, 0x4c, 0xd0, 0x2f, 0x72, 0x22, 0x21,
    0xff, 0xff, 0xe9, 0x10, 0x6f, 0xff, 0xff, 0xff,

    /* U+01C5 "ǅ" */
    0xff, 0xff, 0xea, 0x10, 0x1, 0xc6, 0xd3, 0xf,
    0x52, 0x24, 0xcd, 0x0, 0x1, 0x63, 0x0, 0xf4,
    0x0, 0x0, 0xe6, 0x1f, 0xff, 0xff, 0x6f, 0x40,
    0x0, 0xa, 0xa0, 0x0, 0x8, 0xc0, 0xf4, 0x0,
    0x0, 0x8b, 0x0, 0x5, 0xd1, 0xf, 0x40, 0x0,
    0xa, 0x90, 0x3, 0xe2, 0x0, 0xf4, 0x0, 0x0,
    0xe5, 0x1, 0xe4, 0x0, 0xf, 0x52, 0x24, 0xcd,
    0x0, 0xd8, 0x22, 0x21, 0xff, 0xff, 0xe9, 0x10,
    0x5f, 0xff, 0xff, 0xa0,

    /* U+01C6 "ǆ" */
    0x0, 0x0, 0xd, 0x50, 0x2d, 0x8d, 0x10, 0x0,
    0x0, 0xd, 0x50, 0x1, 0x51, 0x0, 0x4, 0xde,
    0x9d, 0x53, 0xff, 0xff, 0xf3, 0x1f, 0x50, 0x7f,
    0x50, 0x0, 0xa, 0xb0, 0x6c, 0x0, 0xe, 0x50,
    0x0, 0x8d, 0x10, 0x7a, 0x0, 0xc, 0x50, 0x5,
    0xe2, 0x0, 0x6b, 0x0, 0xd, 0x50, 0x3f, 0x40,
    0x0, 0x1e, 0x30, 0x4f, 0x51, 0xe6, 0x0, 0x0,
    0x3, 0xcc, 0xac, 0x57, 0xff, 0xff, 0xf7,

    /* U+01C7 "Ǉ" */
    0xf, 0x30, 0x0, 0x0, 0x0, 0xe, 0x50, 0xf3,
    0x0, 0x0, 0x0, 0x0, 0xe5, 0xf, 0x30, 0x0,
    0x0, 0x0, 0xe, 0x50, 0xf3, 0x0, 0x0, 0x0,
    0x0, 0xe5, 0xf, 0x30, 0x0, 0x0, 0x0, 0xe,
    0x50, 0xf3, 0x0, 0x0, 0x0, 0x0, 0xe5, 0xf,
    0x30, 0x0, 0x7, 0x40, 0xe, 0x40, 0xf4, 0x22,
    0x21, 0x9c, 0x26, 0xf1, 0xf, 0xff, 0xff, 0xc1,
    0xbf, 0xe6, 0x0,

    /* U+01C8 "ǈ" */
    0xf, 0x30, 0x0, 0x0, 0xe3, 0xf, 0x30, 0x0,
    0x0, 0x41, 0xf, 0x30, 0x0, 0x0, 0xe3, 0xf,
    0x30, 0x0, 0x0, 0xe3, 0xf, 0x30, 0x0, 0x0,
    0xe3, 0xf, 0x30, 0x0, 0x0, 0xe3, 0xf, 0x30,
    0x0, 0x0, 0xe3, 0xf, 0x42, 0x22, 0x10, 0xe3,
    0xf, 0xff, 0xff, 0xc0, 0xe3, 0x0, 0x0, 0x0,
    0x0, 0xe3, 0x0, 0x0, 0x0, 0x2, 0xf2, 0x0,
    0x0, 0x0, 0x4f, 0xa0,

    /* U+01C9 "ǉ" */
    0x2f, 0x4, 0xe2, 0xf0, 0x14, 0x2f, 0x4, 0xe2,
    0xf0, 0x4e, 0x2f, 0x4, 0xe2, 0xf0, 0x4e, 0x2f,
    0x4, 0xe2, 0xf0, 0x4e, 0x2f, 0x4, 0xe0, 0x0,
    0x4d, 0x0, 0x7, 0xc0, 0x9, 0xf5,

    /* U+01CA "Ǌ" */
    0xf9, 0x0, 0x0, 0xd5, 0x0, 0x0, 0x6d, 0xff,
    0x50, 0x0, 0xd5, 0x0, 0x0, 0x6d, 0xf9, 0xe1,
    0x0, 0xd5, 0x0, 0x0, 0x6d, 0xf3, 0xbb, 0x0,
    0xd5, 0x0, 0x0, 0x6d, 0xf3, 0x1e, 0x60, 0xd5,
    0x0, 0x0, 0x6d, 0xf3, 0x5, 0xf2, 0xd5, 0x0,
    0x0, 0x6d, 0xf3, 0x0, 0xac, 0xd5, 0x29, 0x0,
    0x7c, 0xf3, 0x0, 0x1e, 0xf5, 0x1f, 0x30, 0xb9,
    0xf3, 0x0, 0x4, 0xf5, 0x6, 0xef, 0xb1,

    /* U+01CB "ǋ" */
    0xfa, 0x0, 0x0, 0xd5, 0xc, 0x6f, 0xf5, 0x0,
    0xd, 0x50, 0x31, 0xf7, 0xe1, 0x0, 0xd5, 0xc,
    0x6f, 0x39, 0xb0, 0xd, 0x50, 0xc6, 0xf3, 0xd,
    0x70, 0xd5, 0xc, 0x6f, 0x30, 0x4f, 0x2d, 0x50,
    0xc6, 0xf3, 0x0, 0x9d, 0xd5, 0xc, 0x6f, 0x30,
    0x0, 0xdf, 0x50, 0xc6, 0xf3, 0x0, 0x4, 0xf5,
    0xc, 0x60, 0x0, 0x0, 0x0, 0x0, 0xc5, 0x0,
    0x0, 0x0, 0x0, 0x1e, 0x40, 0x0, 0x0, 0x0,
    0x1f, 0xc0,

    /* U+01CC "ǌ" */
    0x0, 0x0, 0x0, 0x0, 0xe3, 0x0, 0x0, 0x0,
    0x0, 0x41, 0x2e, 0x7c, 0xd8, 0x0, 0xe3, 0x2f,
    0x70, 0x1f, 0x30, 0xe3, 0x2f, 0x10, 0xc, 0x50,
    0xe3, 0x2f, 0x0, 0xc, 0x60, 0xe3, 0x2f, 0x0,
    0xc, 0x60, 0xe3, 0x2f, 0x0, 0xc, 0x60, 0xe3,
    0x2f, 0x0, 0xc, 0x60, 0xe3, 0x0, 0x0, 0x0,
    0x0, 0xe3, 0x0, 0x0, 0x0, 0x2, 0xf2, 0x0,
    0x0, 0x0, 0x4f, 0xa0,

    /* U+01CD "Ǎ" */
    0x0, 0x2c, 0x2c, 0x0, 0x0, 0x0, 0x8f, 0x30,
    0x0, 0x0, 0x0, 0x0, 0x0, 0x0, 0x0, 0x9f,
    0x40, 0x0, 0x0, 0xe, 0x8a, 0x0, 0x0, 0x5,
    0xb1, 0xf0, 0x0, 0x0, 0xb5, 0xa, 0x60, 0x0,
    0x1e, 0x0, 0x4c, 0x0, 0x7, 0xff, 0xff, 0xf2,
    0x0, 0xd5, 0x22, 0x2a, 0x70, 0x2f, 0x0, 0x0,
    0x4d, 0x8, 0xa0, 0x0, 0x0, 0xe3,

    /* U+01CE "ǎ" */
    0x0, 0xb5, 0xc1, 0x0, 0x1, 0x62, 0x0, 0x4,
    0xcf, 0xd4, 0x1, 0xf5, 0x15, 0xe1, 0x2, 0x0,
    0x2e, 0x30, 0x6c, 0xdb, 0xe4, 0x4e, 0x20, 0xe,
    0x45, 0xe3, 0x3a, 0xf6, 0xa, 0xfe, 0x77, 0xe0,

    /* U+01CF "Ǐ" */
    0xd, 0x5c, 0x70, 0x2f, 0xb0, 0x0, 0x0, 0x0,
    0xd, 0x70, 0x0, 0xd7, 0x0, 0xd, 0x70, 0x0,
    0xd7, 0x0, 0xd, 0x70, 0x0, 0xd7, 0x0, 0xd,
    0x70, 0x0, 0xd7, 0x0, 0xd, 0x70,

    /* U+01D0 "ǐ" */
    0xa, 0x8d, 0x40, 0x4, 0x20, 0x0, 0xc6, 0x0,
    0xc, 0x60, 0x0, 0xc6, 0x0, 0xc, 0x60, 0x0,
    0xc6, 0x0, 0xc, 0x60, 0x0, 0xc6, 0x0,

    /* U+01D1 "Ǒ" */
    0x0, 0xa, 0x99, 0xa0, 0x0, 0x0, 0x0, 0xde,
    0x10, 0x0, 0x0, 0x0, 0x0, 0x0, 0x0, 0x0,
    0x4b, 0xff, 0xc5, 0x0, 0x5, 0xf7, 0x22, 0x6f,
    0x70, 0xe, 0x70, 0x0, 0x5, 0xf1, 0x4f, 0x0,
    0x0, 0x0, 0xe6, 0x5e, 0x0, 0x0, 0x0, 0xc7,
    0x4f, 0x0, 0x0, 0x0, 0xe6, 0xe, 0x60, 0x0,
    0x5, 0xf1, 0x5, 0xf7, 0x22, 0x6f, 0x70, 0x0,
    0x4b, 0xff, 0xc5, 0x0,

    /* U+01D2 "ǒ" */
    0x1, 0xc7, 0xd2, 0x0, 0x1, 0x62, 0x0, 0x3,
    0xcf, 0xd5, 0x1, 0xe6, 0x3, 0xf4, 0x6c, 0x0,
    0x8, 0xa8, 0xa0, 0x0, 0x6b, 0x6c, 0x0, 0x8,
    0xa1, 0xf6, 0x3, 0xe4, 0x3, 0xcf, 0xd5, 0x0,

    /* U+01D3 "Ǔ" */
    0x1, 0xe4, 0xe5, 0x0, 0x0, 0x4f, 0xa0, 0x0,
    0x0, 0x0, 0x0, 0x0, 0xf4, 0x0, 0x0, 0xe5,
    0xf4, 0x0, 0x0, 0xe5, 0xf4, 0x0, 0x0, 0xe5,
    0xf4, 0x0, 0x0, 0xe5, 0xf4, 0x0, 0x0, 0xe5,
    0xf4, 0x0, 0x0, 0xe5, 0xd6, 0x0, 0x1, 0xf3,
    0x8e, 0x52, 0x3b, 0xd0, 0x8, 0xdf, 0xea, 0x10,

    /* U+01D4 "ǔ" */
    0x1, 0xc7, 0xd2, 0x0, 0x0, 0x41, 0x0, 0x2f,
    0x0, 0xd, 0x52, 0xf0, 0x0, 0xd5, 0x2f, 0x0,
    0xd, 0x52, 0xf0, 0x0, 0xd5, 0x2f, 0x0, 0xe,
    0x50, 0xf4, 0x5, 0xf5, 0x5, 0xed, 0xab, 0x50,

    /* U+01D5 "Ǖ" */
    0x5, 0xfe, 0xf9, 0x0, 0x1, 0xf1, 0xb7, 0x0,
    0x0, 0x40, 0x21, 0x0, 0x0, 0x0, 0x0, 0x0,
    0xf4, 0x0, 0x0, 0xe5, 0xf4, 0x0, 0x0, 0xe5,
    0xf4, 0x0, 0x0, 0xe5, 0xf4, 0x0, 0x0, 0xe5,
    0xf4, 0x0, 0x0, 0xe5, 0xf4, 0x0, 0x0, 0xe5,
    0xd6, 0x0, 0x1, 0xf3, 0x8e, 0x52, 0x3b, 0xd0,
    0x8, 0xdf, 0xea, 0x10,

    /* U+01D6 "ǖ" */
    0x6, 0xff, 0xf8, 0x0, 0x0, 0x0, 0x0, 0x2,
    0xf0, 0xc6, 0x0, 0x5, 0x4, 0x20, 0x2f, 0x0,
    0xd, 0x52, 0xf0, 0x0, 0xd5, 0x2f, 0x0, 0xd,
    0x52, 0xf0, 0x0, 0xd5, 0x2f, 0x0, 0xe, 0x50,
    0xf4, 0x5, 0xf5, 0x5, 0xed, 0xab, 0x50,

    /* U+01D7 "Ǘ" */
    0x0, 0x6, 0xd1, 0x0, 0x0, 0x1a, 0x30, 0x0,
    0x1, 0xf1, 0xb7, 0x0, 0x0, 0x40, 0x21, 0x0,
    0x0, 0x0, 0x0, 0x0, 0xf4, 0x0, 0x0, 0xe5,
    0xf4, 0x0, 0x0, 0xe5, 0xf4, 0x0, 0x0, 0xe5,
    0xf4, 0x0, 0x0, 0xe5, 0xf4, 0x0, 0x0, 0xe5,
    0xf4, 0x0, 0x0, 0xe5, 0xd6, 0x0, 0x1, 0xf3,
    0x8e, 0x52, 0x3b, 0xd0, 0x8, 0xdf, 0xea, 0x10,

    /* U+01D8 "ǘ" */
    0x0, 0x5, 0xb0, 0x0, 0x0, 0xd4, 0x0, 0x0,
    0x0, 0x0, 0x0, 0x2f, 0xc, 0x60, 0x0, 0x50,
    0x42, 0x2, 0xf0, 0x0, 0xd5, 0x2f, 0x0, 0xd,
    0x52, 0xf0, 0x0, 0xd5, 0x2f, 0x0, 0xd, 0x52,
    0xf0, 0x0, 0xe5, 0xf, 0x40, 0x5f, 0x50, 0x5e,
    0xda, 0xb5,

    /* U+01D9 "Ǚ" */
    0x0, 0x71, 0x54, 0x0, 0x0, 0x9b, 0xe1, 0x0,
    0x0, 0x17, 0x40, 0x0, 0x1, 0xf1, 0xb7, 0x0,
    0x0, 0x40, 0x21, 0x0, 0x0, 0x0, 0x0, 0x0,
    0xf4, 0x0, 0x0, 0xe5, 0xf4, 0x0, 0x0, 0xe5,
    0xf4, 0x0, 0x0, 0xe5, 0xf4, 0x0, 0x0, 0xe5,
    0xf4, 0x0, 0x0, 0xe5, 0xf4, 0x0, 0x0, 0xe5,
    0xd6, 0x0, 0x1, 0xf3, 0x8e, 0x52, 0x3b, 0xd0,
    0x8, 0xdf, 0xea, 0x10,

    /* U+01DA "ǚ" */
    0x2, 0xe3, 0xe3, 0x0, 0x5, 0xf8, 0x0, 0x0,
    0x0, 0x0, 0x0, 0x2f, 0xc, 0x60, 0x0, 0x50,
    0x41, 0x2, 0xf0, 0x0, 0xd5, 0x2f, 0x0, 0xd,
    0x52, 0xf0, 0x0, 0xd5, 0x2f, 0x0, 0xd, 0x52,
    0xf0, 0x0, 0xe5, 0xf, 0x40, 0x5f, 0x50, 0x5e,
    0xda, 0xb5,

    /* U+01DB "Ǜ" */
    0x0, 0x8c, 0x0, 0x0, 0x0, 0x1a, 0x30, 0x0,
    0x1, 0xf1, 0xb7, 0x0, 0x0, 0x40, 0x21, 0x0,
    0x0, 0x0, 0x0, 0x0, 0xf4, 0x0, 0x0, 0xe5,
    0xf4, 0x0, 0x0, 0xe5, 0xf4, 0x0, 0x0, 0xe5,
    0xf4, 0x0, 0x0, 0xe5, 0xf4, 0x0, 0x0, 0xe5,
    0xf4, 0x0, 0x0, 0xe5, 0xd6, 0x0, 0x1, 0xf3,
    0x8e, 0x52, 0x3b, 0xd0, 0x8, 0xdf, 0xea, 0x10,

    /* U+01DC "ǜ" */
    0x0, 0x88, 0x0, 0x0, 0x1, 0xe1, 0x0, 0x0,
    0x0, 0x0, 0x0, 0x2f, 0xc, 0x60, 0x0, 0x50,
    0x41, 0x2, 0xf0, 0x0, 0xd5, 0x2f, 0x0, 0xd,
    0x52, 0xf0, 0x0, 0xd5, 0x2f, 0x0, 0xd, 0x52,
    0xf0, 0x0, 0xe5, 0xf, 0x40, 0x5f, 0x50, 0x5e,
    0xda, 0xb5,

    /* U+01DD "ǝ" */
    0x5, 0xdf, 0xd5, 0x2, 0xf4, 0x3, 0xf3, 0x2,
    0x0, 0x9, 0x97, 0xff, 0xff, 0xfa, 0x5d, 0x0,
    0xa, 0x80, 0xe6, 0x4, 0xf2, 0x2, 0xcf, 0xd4,
    0x0,

    /* U+01DE "Ǟ" */
    0x0, 0xa, 0xfe, 0xf3, 0x0, 0x0, 0x6, 0xc1,
    0xf1, 0x0, 0x0, 0x1, 0x30, 0x40, 0x0, 0x0,
    0x0, 0x0, 0x0, 0x0, 0x0, 0x0, 0xaf, 0x10,
    0x0, 0x0, 0x1, 0xea, 0x80, 0x0, 0x0, 0x6,
    0xa3, 0xe0, 0x0, 0x0, 0xd, 0x40, 0xc5, 0x0,
    0x0, 0x3d, 0x0, 0x6c, 0x0, 0x0, 0xaf, 0xff,
    0xff, 0x30, 0x0, 0xf2, 0x0, 0x9, 0xa0, 0x6,
    0xc0, 0x0, 0x4, 0xf1, 0xd, 0x70, 0x0, 0x0,
    0xe7,

    /* U+01DF "ǟ" */
    0x6, 0xff, 0xf8, 0x0, 0x0, 0x0, 0x0, 0x2,
    0xf0, 0xc6, 0x0, 0x5, 0x4, 0x10, 0x4, 0xcf,
    0xe9, 0x1, 0xf3, 0x2, 0xf3, 0x2, 0x0, 0x3d,
    0x50, 0x7d, 0xfc, 0xe5, 0x5e, 0x30, 0xe, 0x56,
    0xd0, 0x5, 0xf5, 0xa, 0xdb, 0x9a, 0x80,

    /* U+01E0 "Ǡ" */
    0x0, 0xb, 0xef, 0xe2, 0x0, 0x0, 0x0, 0x5d,
    0x0, 0x0, 0x0, 0x0, 0x13, 0x0, 0x0, 0x0,
    0x0, 0x0, 0x0, 0x0, 0x0, 0x0, 0xaf, 0x10,
    0x0, 0x0, 0x1, 0xea, 0x80, 0x0, 0x0, 0x6,
    0xa3, 0xe0, 0x0, 0x0, 0xd, 0x40, 0xc5, 0x0,
    0x0, 0x3d, 0x0, 0x6c, 0x0, 0x0, 0xaf, 0xff,
    0xff, 0x30, 0x0, 0xf2, 0x0, 0x9, 0xa0, 0x6,
    0xc0, 0x0, 0x4, 0xf1, 0xd, 0x70, 0x0, 0x0,
    0xe7,

    /* U+01E1 "ǡ" */
    0x5, 0xff, 0xf9, 0x0, 0x0, 0x0, 0x0, 0x0,
    0xe, 0x40, 0x0, 0x0, 0x41, 0x0, 0x4, 0xcf,
    0xe9, 0x1, 0xf3, 0x2, 0xf3, 0x2, 0x0, 0x3d,
    0x50, 0x7d, 0xfc, 0xe5, 0x5e, 0x30, 0xe, 0x56,
    0xd0, 0x5, 0xf5, 0xa, 0xdb, 0x9a, 0x80,

    /* U+01E2 "Ǣ" */
    0x0, 0x0, 0x2f, 0xff, 0xc0, 0x0, 0x0, 0x0,
    0x0, 0x0, 0x0, 0x0, 0x0, 0x0, 0x0, 0xcf,
    0xff, 0xff, 0xff, 0x20, 0x0, 0x4f, 0x3d, 0x82,
    0x22, 0x20, 0x0, 0xc, 0x80, 0xc7, 0x0, 0x0,
    0x0, 0x4, 0xe0, 0xc, 0x70, 0x0, 0x0, 0x0,
    0xc7, 0x0, 0xcf, 0xff, 0xfc, 0x0, 0x4f, 0xff,
    0xff, 0x70, 0x0, 0x0, 0xc, 0x72, 0x22, 0xd7,
    0x0, 0x0, 0x4, 0xf0, 0x0, 0xc, 0x71, 0x11,
    0x10, 0xc9, 0x0, 0x0, 0xcf, 0xff, 0xff, 0x40,

    /* U+01E3 "ǣ" */
    0x0, 0x2, 0xff, 0xfc, 0x0, 0x0, 0x0, 0x0,
    0x0, 0x0, 0x0, 0x0, 0x4, 0xdf, 0xe7, 0x8e,
    0xf9, 0x0, 0x1f, 0x30, 0x4f, 0xc1, 0xb, 0x80,
    0x13, 0x0, 0x1f, 0x40, 0x3, 0xe0, 0x6, 0xbe,
    0xdf, 0xff, 0xff, 0xf0, 0x5d, 0x30, 0xf, 0x30,
    0x0, 0x20, 0x7d, 0x11, 0x9e, 0xb1, 0xa, 0xb0,
    0x1b, 0xfe, 0x80, 0x9e, 0xfa, 0x10,

    /* U+01E4 "Ǥ" */
    0x0, 0x5c, 0xfe, 0xa1, 0x0, 0x6, 0xe5, 0x12,
    0xad, 0x0, 0xf, 0x30, 0x0, 0xa, 0x30, 0x4d,
    0x0, 0x0, 0x0, 0x0, 0x6c, 0x0, 0x3f, 0xff,
    0x60, 0x5d, 0x0, 0x2, 0x2b, 0x60, 0x1f, 0x30,
    0x3e, 0xff, 0xf2, 0x7, 0xe5, 0x13, 0xbb, 0x0,
    0x0, 0x6d, 0xfe, 0x90, 0x0,

    /* U+01E5 "ǥ" */
    0x3, 0xcf, 0xc8, 0xb0, 0x1e, 0x61, 0x4e, 0xb0,
    0x5c, 0x0, 0x7, 0xb0, 0x5c, 0xd, 0xef, 0xf8,
    0x1f, 0x50, 0x2e, 0xb0, 0x4, 0xef, 0xea, 0xb0,
    0x5, 0x1, 0x7, 0xa0, 0xe, 0x71, 0x3d, 0x60,
    0x2, 0xbf, 0xe8, 0x0,

    /* U+01E6 "Ǧ" */
    0x0, 0xa, 0x3a, 0x20, 0x0, 0x0, 0x6, 0x40,
    0x0, 0x0, 0x0, 0x0, 0x0, 0x0, 0x5, 0xcf,
    0xea, 0x10, 0x6, 0xe5, 0x12, 0x9d, 0x0, 0xf3,
    0x0, 0x0, 0xa3, 0x4d, 0x0, 0x0, 0x0, 0x6,
    0xc0, 0x3, 0xff, 0xf6, 0x5d, 0x0, 0x2, 0x2b,
    0x71, 0xf3, 0x0, 0x0, 0xf7, 0x7, 0xe5, 0x13,
    0xbd, 0x70, 0x6, 0xdf, 0xe6, 0x67,

    /* U+01E7 "ǧ" */
    0x0, 0xa5, 0xc1, 0x0, 0x0, 0x63, 0x0, 0x3,
    0xcf, 0xc8, 0xb1, 0xe6, 0x14, 0xeb, 0x5c, 0x0,
    0x7, 0xb5, 0xc0, 0x0, 0x7b, 0x1f, 0x50, 0x2e,
    0xb0, 0x4e, 0xfe, 0x9b, 0x5, 0x1, 0x7, 0xa0,
    0xe7, 0x13, 0xd6, 0x2, 0xbf, 0xe8, 0x0,

    /* U+01E8 "Ǩ" */
    0x3, 0xb3, 0xb0, 0x0, 0x0, 0xae, 0x20, 0x0,
    0x0, 0x0, 0x0, 0x0, 0xc5, 0x0, 0x1e, 0x60,
    0xc5, 0x1, 0xd7, 0x0, 0xc5, 0xc, 0x90, 0x0,
    0xc5, 0xca, 0x0, 0x0, 0xce, 0xeb, 0x0, 0x0,
    0xcb, 0x1d, 0x70, 0x0, 0xc5, 0x2, 0xf3, 0x0,
    0xc5, 0x0, 0x5e, 0x10, 0xc5, 0x0, 0x9, 0xb0,

    /* U+01E9 "ǩ" */
    0x6, 0x5, 0x10, 0x0, 0x0, 0x99, 0xc0, 0x0,
    0x0, 0x1, 0x82, 0x0, 0x0, 0x0, 0xf, 0x20,
    0x0, 0x0, 0x0, 0xf2, 0x0, 0x0, 0x0, 0xf,
    0x20, 0x1d, 0x70, 0x0, 0xf2, 0xc, 0x90, 0x0,
    0xf, 0x2b, 0xa0, 0x0, 0x0, 0xfb, 0xe9, 0x0,
    0x0, 0xf, 0xb1, 0xe4, 0x0, 0x0, 0xf2, 0x4,
    0xe1, 0x0, 0xf, 0x20, 0x9, 0xb0,

    /* U+01EA "Ǫ" */
    0x0, 0x3b, 0xff, 0xc5, 0x0, 0x4, 0xf7, 0x21,
    0x6f, 0x70, 0xe, 0x70, 0x0, 0x4, 0xf1, 0x3f,
    0x0, 0x0, 0x0, 0xe6, 0x5e, 0x0, 0x0, 0x0,
    0xc7, 0x5f, 0x0, 0x0, 0x0, 0xe6, 0x1f, 0x60,
    0x0, 0x4, 0xf2, 0x9, 0xf6, 0x11, 0x5e, 0x80,
    0x0, 0xbf, 0xff, 0xd6, 0x0, 0x0, 0x3, 0xa4,
    0x0, 0x0, 0x0, 0x0, 0x86, 0x0, 0x0, 0x0,
    0x0, 0x4e, 0xc1, 0x0,

    /* U+01EB "ǫ" */
    0x3, 0xcf, 0xd4, 0x1, 0xe6, 0x4, 0xf3, 0x6c,
    0x0, 0x9, 0x98, 0xa0, 0x0, 0x7b, 0x7b, 0x0,
    0x8, 0xa2, 0xf2, 0x0, 0xd6, 0x7, 0xeb, 0xea,
    0x0, 0x1, 0xd2, 0x0, 0x0, 0xe, 0x0, 0x0,
    0x0, 0x9e, 0x90,

    /* U+01EC "Ǭ" */
    0x0, 0xf, 0xff, 0xf0, 0x0, 0x0, 0x0, 0x0,
    0x0, 0x0, 0x0, 0x3b, 0xff, 0xc5, 0x0, 0x4,
    0xf7, 0x21, 0x6f, 0x70, 0xe, 0x70, 0x0, 0x4,
    0xf1, 0x3f, 0x0, 0x0, 0x0, 0xe6, 0x5e, 0x0,
    0x0, 0x0, 0xc7, 0x5f, 0x0, 0x0, 0x0, 0xe6,
    0x1f, 0x60, 0x0, 0x4, 0xf2, 0x9, 0xf6, 0x11,
    0x5e, 0x80, 0x0, 0xbf, 0xff, 0xd6, 0x0, 0x0,
    0x3, 0xa4, 0x0, 0x0, 0x0, 0x0, 0x86, 0x0,
    0x0, 0x0, 0x0, 0x4e, 0xc1, 0x0,

    /* U+01ED "ǭ" */
    0x7, 0xff, 0xf6, 0x0, 0x0, 0x0, 0x0, 0x3,
    0xcf, 0xd4, 0x1, 0xe6, 0x4, 0xf3, 0x6c, 0x0,
    0x9, 0x98, 0xa0, 0x0, 0x7b, 0x7b, 0x0, 0x8,
    0xa2, 0xf2, 0x0, 0xd6, 0x7, 0xeb, 0xea, 0x0,
    0x1, 0xd2, 0x0, 0x0, 0xe, 0x0, 0x0, 0x0,
    0x9e, 0x90,

    /* U+01EE "Ǯ" */
    0x3, 0xe3, 0xf2, 0x0, 0x8, 0xf6, 0x0, 0x0,
    0x0, 0x0, 0x2, 0xff, 0xff, 0xf2, 0x2, 0x22,
    0xa9, 0x0, 0x0, 0x7b, 0x0, 0x0, 0x3f, 0x40,
    0x0, 0x3, 0x7d, 0xa0, 0x0, 0x0, 0x1e, 0x41,
    0x50, 0x0, 0xd5, 0x1f, 0x30, 0x6e, 0x10, 0x4d,
    0xfc, 0x30,

    /* U+01EF "ǯ" */
    0x1, 0xd7, 0xd1, 0x0, 0x1, 0x51, 0x0, 0x2f,
    0xff, 0xff, 0x20, 0x22, 0x2a, 0xa0, 0x0, 0x5,
    0xd0, 0x0, 0x1, 0xe2, 0x0, 0x0, 0x6f, 0xd4,
    0x0, 0x0, 0x6, 0xf1, 0x0, 0x0, 0xd, 0x52,
    0x70, 0x0, 0xe4, 0x1f, 0x40, 0x7d, 0x0, 0x4d,
    0xeb, 0x20,

    /* U+01F0 "ǰ" */
    0x2d, 0x7c, 0x10, 0x15, 0x0, 0x2, 0xf0, 0x0,
    0x2f, 0x0, 0x2, 0xf0, 0x0, 0x2f, 0x0, 0x2,
    0xf0, 0x0, 0x2f, 0x0, 0x2, 0xf0, 0x0, 0x2f,
    0x0, 0x4, 0xe0, 0x7, 0xf7, 0x0,

    /* U+01F1 "Ǳ" */
    0xff, 0xff, 0xea, 0x10, 0xe, 0xff, 0xff, 0xfc,
    0xf5, 0x22, 0x4c, 0xd0, 0x1, 0x22, 0x24, 0xf6,
    0xf4, 0x0, 0x0, 0xe6, 0x0, 0x0, 0x1d, 0x90,
    0xf4, 0x0, 0x0, 0xaa, 0x0, 0x0, 0xcb, 0x0,
    0xf4, 0x0, 0x0, 0x8b, 0x0, 0xa, 0xd0, 0x0,
    0xf4, 0x0, 0x0, 0xa9, 0x0, 0x7e, 0x10, 0x0,
    0xf4, 0x0, 0x0, 0xe5, 0x5, 0xf3, 0x0, 0x0,
    0xf5, 0x22, 0x4c, 0xd0, 0x3f, 0x72, 0x22, 0x21,
    0xff, 0xff, 0xe9, 0x10, 0x7f, 0xff, 0xff, 0xfe,

    /* U+01F2 "ǲ" */
    0xff, 0xff, 0xea, 0x10, 0x0, 0x0, 0x0, 0xf,
    0x52, 0x24, 0xcd, 0x0, 0x0, 0x0, 0x0, 0xf4,
    0x0, 0x0, 0xe6, 0x1f, 0xff, 0xff, 0x5f, 0x40,
    0x0, 0xa, 0xa0, 0x0, 0x8, 0xb0, 0xf4, 0x0,
    0x0, 0x8b, 0x0, 0x6, 0xd1, 0xf, 0x40, 0x0,
    0xa, 0x90, 0x3, 0xe2, 0x0, 0xf4, 0x0, 0x0,
    0xe5, 0x2, 0xe4, 0x0, 0xf, 0x52, 0x24, 0xcd,
    0x0, 0xd8, 0x22, 0x21, 0xff, 0xff, 0xe9, 0x10,
    0x5f, 0xff, 0xff, 0x90,

    /* U+01F3 "ǳ" */
    0x0, 0x0, 0xd, 0x50, 0x0, 0x0, 0x0, 0x0,
    0x0, 0xd, 0x50, 0x0, 0x0, 0x0, 0x4, 0xde,
    0x9d, 0x54, 0xff, 0xff, 0xf3, 0x1f, 0x50, 0x7f,
    0x50, 0x0, 0xa, 0xb0, 0x6c, 0x0, 0xe, 0x50,
    0x0, 0x8d, 0x10, 0x7a, 0x0, 0xc, 0x50, 0x6,
    0xe2, 0x0, 0x6b, 0x0, 0xd, 0x50, 0x3f, 0x40,
    0x0, 0x1e, 0x30, 0x4f, 0x52, 0xe6, 0x0, 0x0,
    0x3, 0xcc, 0xac, 0x58, 0xff, 0xff, 0xf6,

    /* U+01F4 "Ǵ" */
    0x0, 0x0, 0x1f, 0x40, 0x0, 0x0, 0x0, 0x67,
    0x0, 0x0, 0x0, 0x0, 0x0, 0x0, 0x0, 0x0,
    0x3a, 0xef, 0xd8, 0x0, 0x4, 0xf8, 0x31, 0x3c,
    0xa0, 0xe, 0x80, 0x0, 0x1, 0x90, 0x3f, 0x10,
    0x0, 0x0, 0x0, 0x4f, 0x0, 0xa, 0xff, 0xf4,
    0x3f, 0x10, 0x1, 0x22, 0xe4, 0xe, 0x70, 0x0,
    0x0, 0xe4, 0x4, 0xf9, 0x32, 0x5c, 0xf2, 0x0,
    0x2a, 0xef, 0xe9, 0x10,

    /* U+01F5 "ǵ" */
    0x0, 0xc, 0x90, 0x0, 0x2, 0xb0, 0x0, 0x4,
    0xde, 0xab, 0x61, 0xf5, 0x6, 0xf6, 0x6c, 0x0,
    0xd, 0x68, 0xa0, 0x0, 0xb6, 0x6c, 0x0, 0xd,
    0x61, 0xf5, 0x6, 0xf6, 0x3, 0xde, 0xad, 0x51,
    0x30, 0x0, 0xd4, 0x2f, 0x20, 0x5f, 0x10, 0x6d,
    0xfc, 0x40,

    /* U+01FA "Ǻ" */
    0x0, 0x0, 0xb, 0x60, 0x0, 0x0, 0x0, 0x4c,
    0x0, 0x0, 0x0, 0x0, 0x58, 0x10, 0x0, 0x0,
    0x0, 0x82, 0x50, 0x0, 0x0, 0x0, 0x64, 0x10,
    0x0, 0x0, 0x0, 0xef, 0x60, 0x0, 0x0, 0x4,
    0xfa, 0xc0, 0x0, 0x0, 0xa, 0xa3, 0xf2, 0x0,
    0x0, 0xf, 0x40, 0xc8, 0x0, 0x0, 0x6d, 0x0,
    0x6e, 0x0, 0x0, 0xbf, 0xff, 0xff, 0x50, 0x1,
    0xf2, 0x0, 0x9, 0xb0, 0x7, 0xc0, 0x0, 0x4,
    0xf1, 0xd, 0x70, 0x0, 0x0, 0xe7,

    /* U+01FB "ǻ" */
    0x0, 0x7, 0xd0, 0x0, 0x0, 0xb2, 0x0, 0x0,
    0x0, 0x0, 0x0, 0x5, 0x87, 0x0, 0x0, 0x37,
    0x40, 0x0, 0x4c, 0xfe, 0x90, 0x1f, 0x30, 0x2f,
    0x30, 0x20, 0x3, 0xd5, 0x7, 0xdf, 0xce, 0x55,
    0xe3, 0x0, 0xe5, 0x6d, 0x0, 0x5f, 0x50, 0xad,
    0xb9, 0xa8,

    /* U+01FC "Ǽ" */
    0x0, 0x0, 0x0, 0x1, 0xc3, 0x0, 0x0, 0x0,
    0x0, 0x0, 0x98, 0x0, 0x0, 0x0, 0x0, 0x0,
    0x0, 0x0, 0x0, 0x0, 0x0, 0xc, 0xff, 0xff,
    0xff, 0xf2, 0x0, 0x4, 0xf3, 0xd8, 0x22, 0x22,
    0x0, 0x0, 0xc8, 0xc, 0x70, 0x0, 0x0, 0x0,
    0x4e, 0x0, 0xc7, 0x0, 0x0, 0x0, 0xc, 0x70,
    0xc, 0xff, 0xff, 0xc0, 0x4, 0xff, 0xff, 0xf7,
    0x0, 0x0, 0x0, 0xc7, 0x22, 0x2d, 0x70, 0x0,
    0x0, 0x4f, 0x0, 0x0, 0xc7, 0x11, 0x11, 0xc,
    0x90, 0x0, 0xc, 0xff, 0xff, 0xf4,

    /* U+01FD "ǽ" */
    0x0, 0x0, 0x8, 0xc0, 0x0, 0x0, 0x0, 0x0,
    0xb, 0x10, 0x0, 0x0, 0x4, 0xdf, 0xe7, 0x8e,
    0xf9, 0x0, 0x1f, 0x30, 0x4f, 0xc1, 0xb, 0x80,
    0x13, 0x0, 0x1f, 0x40, 0x3, 0xe0, 0x6, 0xbe,
    0xdf, 0xff, 0xff, 0xf0, 0x5d, 0x30, 0xf, 0x30,
    0x0, 0x20, 0x7d, 0x11, 0x9e, 0xb1, 0xa, 0xb0,
    0x1b, 0xfe, 0x80, 0x9e, 0xfa, 0x10,

    /* U+01FE "Ǿ" */
    0x0, 0x0, 0x1f, 0x40, 0x0, 0x0, 0x0, 0x67,
    0x0, 0x0, 0x0, 0x0, 0x0, 0x0, 0x12, 0x0,
    0x4b, 0xff, 0xc4, 0xb5, 0x5, 0xf7, 0x22, 0x6f,
    0xb0, 0xf, 0x60, 0x0, 0x8c, 0xf1, 0x4f, 0x0,
    0x7, 0xa0, 0xe5, 0x5e, 0x0, 0x7a, 0x0, 0xc7,
    0x3f, 0x6, 0xa0, 0x0, 0xe6, 0xe, 0xba, 0x0,
    0x5, 0xf2, 0x8, 0xf8, 0x22, 0x6f, 0x70, 0x3c,
    0x3a, 0xef, 0xc5, 0x0, 0x0, 0x0, 0x0, 0x0,
    0x0,

    /* U+01FF "ǿ" */
    0x0, 0x2, 0xf3, 0x0, 0x0, 0x7, 0x60, 0x0,
    0x1, 0x9e, 0xe9, 0xb0, 0xa, 0xb1, 0x1f, 0xa0,
    0xf, 0x20, 0xa7, 0xf0, 0x2f, 0x7, 0x70, 0xf1,
    0xf, 0x6b, 0x3, 0xf0, 0xa, 0xf1, 0x1b, 0xa0,
    0xb, 0xae, 0xe9, 0x0, 0x2, 0x0, 0x0, 0x0,

    /* U+0200 "Ȁ" */
    0x0, 0x1c, 0x4b, 0x50, 0x0, 0x0, 0x5, 0xb3,
    0xd0, 0x0, 0x0, 0x0, 0x0, 0x0, 0x0, 0x0,
    0x0, 0xaf, 0x10, 0x0, 0x0, 0x1, 0xea, 0x80,
    0x0, 0x0, 0x6, 0xa3, 0xe0, 0x0, 0x0, 0xd,
    0x40, 0xc5, 0x0, 0x0, 0x3d, 0x0, 0x6c, 0x0,
    0x0, 0xaf, 0xff, 0xff, 0x30, 0x0, 0xf2, 0x0,
    0x9, 0xa0, 0x6, 0xc0, 0x0, 0x4, 0xf1, 0xd,
    0x70, 0x0, 0x0, 0xe7,

    /* U+0201 "ȁ" */
    0x7, 0xd5, 0xf0, 0x0, 0xa, 0x38, 0x50, 0x4,
    0xcf, 0xe9, 0x1, 0xf3, 0x2, 0xf3, 0x2, 0x0,
    0x3d, 0x50, 0x7d, 0xfc, 0xe5, 0x5e, 0x30, 0xe,
    0x56, 0xd0, 0x5, 0xf5, 0xa, 0xdb, 0x9a, 0x80,

    /* U+0202 "Ȃ" */
    0x0, 0x0, 0xbc, 0x50, 0x0, 0x0, 0x7, 0x60,
    0xd0, 0x0, 0x0, 0x1, 0x0, 0x10, 0x0, 0x0,
    0x0, 0xaf, 0x10, 0x0, 0x0, 0x1, 0xea, 0x80,
    0x0, 0x0, 0x6, 0xa3, 0xe0, 0x0, 0x0, 0xd,
    0x40, 0xc5, 0x0, 0x0, 0x3d, 0x0, 0x6c, 0x0,
    0x0, 0xaf, 0xff, 0xff, 0x30, 0x0, 0xf2, 0x0,
    0x9, 0xa0, 0x6, 0xc0, 0x0, 0x4, 0xf1, 0xd,
    0x70, 0x0, 0x0, 0xe7,

    /* U+0203 "ȃ" */
    0x0, 0x9d, 0xc2, 0x0, 0x5, 0x2, 0x30, 0x4,
    0xcf, 0xe9, 0x1, 0xf3, 0x2, 0xf3, 0x2, 0x0,
    0x3d, 0x50, 0x7d, 0xfc, 0xe5, 0x5e, 0x30, 0xe,
    0x56, 0xd0, 0x5, 0xf5, 0xa, 0xdb, 0x9a, 0x80,

    /* U+0204 "Ȅ" */
    0xa, 0x69, 0x80, 0x0, 0x3d, 0x2e, 0x10, 0x0,
    0x0, 0x0, 0xf, 0xff, 0xff, 0xfc, 0xf5, 0x22,
    0x22, 0x1f, 0x40, 0x0, 0x0, 0xf4, 0x0, 0x0,
    0xf, 0xff, 0xff, 0xf6, 0xf5, 0x22, 0x22, 0xf,
    0x40, 0x0, 0x0, 0xf5, 0x22, 0x22, 0x1f, 0xff,
    0xff, 0xff,

    /* U+0205 "ȅ" */
    0x7, 0xd5, 0xf0, 0x0, 0xa, 0x38, 0x50, 0x2,
    0xcf, 0xd5, 0x0, 0xe7, 0x3, 0xe3, 0x5d, 0x0,
    0x8, 0x87, 0xff, 0xff, 0xfa, 0x5c, 0x0, 0x1,
    0x10, 0xe6, 0x2, 0xd6, 0x3, 0xce, 0xe7, 0x0,

    /* U+0206 "Ȇ" */
    0x0, 0x7d, 0x90, 0x0, 0x2b, 0x9, 0x40, 0x0,
    0x10, 0x1, 0xf, 0xff, 0xff, 0xfc, 0xf5, 0x22,
    0x22, 0x1f, 0x40, 0x0, 0x0, 0xf4, 0x0, 0x0,
    0xf, 0xff, 0xff, 0xf6, 0xf5, 0x22, 0x22, 0xf,
    0x40, 0x0, 0x0, 0xf5, 0x22, 0x22, 0x1f, 0xff,
    0xff, 0xff,

    /* U+0207 "ȇ" */
    0x0, 0xad, 0xc1, 0x0, 0x14, 0x2, 0x20, 0x2,
    0xcf, 0xd5, 0x0, 0xe7, 0x3, 0xe3, 0x5d, 0x0,
    0x8, 0x87, 0xff, 0xff, 0xfa, 0x5c, 0x0, 0x1,
    0x10, 0xe6, 0x2, 0xd6, 0x3, 0xce, 0xe7, 0x0,

    /* U+0208 "Ȉ" */
    0x5c, 0x3c, 0x10, 0xb6, 0x88, 0x0, 0x0, 0x0,
    0xd, 0x70, 0x0, 0xd7, 0x0, 0xd, 0x70, 0x0,
    0xd7, 0x0, 0xd, 0x70, 0x0, 0xd7, 0x0, 0xd,
    0x70, 0x0, 0xd7, 0x0, 0xd, 0x70,

    /* U+0209 "ȉ" */
    0x4f, 0x4f, 0x30, 0x76, 0x57, 0x0, 0xc6, 0x0,
    0xc, 0x60, 0x0, 0xc6, 0x0, 0xc, 0x60, 0x0,
    0xc6, 0x0, 0xc, 0x60, 0x0, 0xc6, 0x0,

    /* U+020A "Ȋ" */
    0x4, 0xcb, 0x10, 0xc0, 0x58, 0x1, 0x0, 0x10,
    0xd, 0x70, 0x0, 0xd7, 0x0, 0xd, 0x70, 0x0,
    0xd7, 0x0, 0xd, 0x70, 0x0, 0xd7, 0x0, 0xd,
    0x70, 0x0, 0xd7, 0x0, 0xd, 0x70,

    /* U+020B "ȋ" */
    0x8, 0xdc, 0x30, 0x40, 0x13, 0x0, 0xc6, 0x0,
    0xc, 0x60, 0x0, 0xc6, 0x0, 0xc, 0x60, 0x0,
    0xc6, 0x0, 0xc, 0x60, 0x0, 0xc6, 0x0,

    /* U+020C "Ȍ" */
    0x0, 0x5f, 0x4f, 0x20, 0x0, 0x0, 0x8, 0x56,
    0x70, 0x0, 0x0, 0x0, 0x0, 0x0, 0x0, 0x0,
    0x4b, 0xff, 0xc5, 0x0, 0x5, 0xf7, 0x22, 0x6f,
    0x70, 0xe, 0x70, 0x0, 0x5, 0xf1, 0x4f, 0x0,
    0x0, 0x0, 0xe6, 0x5e, 0x0, 0x0, 0x0, 0xc7,
    0x4f, 0x0, 0x0, 0x0, 0xe6, 0xe, 0x60, 0x0,
    0x5, 0xf1, 0x5, 0xf7, 0x22, 0x6f, 0x70, 0x0,
    0x4b, 0xff, 0xc5, 0x0,

    /* U+020D "ȍ" */
    0xa, 0xb8, 0xd0, 0x0, 0xb, 0x1a, 0x30, 0x3,
    0xcf, 0xd5, 0x1, 0xe6, 0x3, 0xf4, 0x6c, 0x0,
    0x8, 0xa8, 0xa0, 0x0, 0x6b, 0x6c, 0x0, 0x8,
    0xa1, 0xf6, 0x3, 0xe4, 0x3, 0xcf, 0xd5, 0x0,

    /* U+020E "Ȏ" */
    0x0, 0x2, 0xbc, 0x30, 0x0, 0x0, 0xa, 0x32,
    0xb0, 0x0, 0x0, 0x3, 0x0, 0x30, 0x0, 0x0,
    0x4b, 0xff, 0xc5, 0x0, 0x5, 0xf7, 0x22, 0x6f,
    0x70, 0xe, 0x70, 0x0, 0x5, 0xf1, 0x4f, 0x0,
    0x0, 0x0, 0xe6, 0x5e, 0x0, 0x0, 0x0, 0xc7,
    0x4f, 0x0, 0x0, 0x0, 0xe6, 0xe, 0x60, 0x0,
    0x5, 0xf1, 0x5, 0xf7, 0x22, 0x6f, 0x70, 0x0,
    0x4b, 0xff, 0xc5, 0x0,

    /* U+020F "ȏ" */
    0x0, 0xad, 0xc2, 0x0, 0x14, 0x2, 0x20, 0x3,
    0xcf, 0xd5, 0x1, 0xe6, 0x3, 0xf4, 0x6c, 0x0,
    0x8, 0xa8, 0xa0, 0x0, 0x6b, 0x6c, 0x0, 0x8,
    0xa1, 0xf6, 0x3, 0xe4, 0x3, 0xcf, 0xd5, 0x0,

    /* U+0210 "Ȑ" */
    0xb, 0x5a, 0x70, 0x0, 0x0, 0x3d, 0x2e, 0x0,
    0x0, 0x0, 0x0, 0x0, 0x0, 0xf, 0xff, 0xff,
    0xd6, 0x0, 0xf4, 0x0, 0x15, 0xf3, 0xf, 0x40,
    0x0, 0xd, 0x60, 0xf4, 0x0, 0x5, 0xf3, 0xf,
    0xff, 0xff, 0xd6, 0x0, 0xf6, 0x24, 0xd8, 0x0,
    0xf, 0x40, 0x1, 0xe8, 0x0, 0xf4, 0x0, 0x5,
    0xf3, 0xf, 0x40, 0x0, 0xa, 0xd0,

    /* U+0211 "ȑ" */
    0x7e, 0x5f, 0x10, 0x94, 0x76, 0x2e, 0xaf, 0x42,
    0xf7, 0x10, 0x2f, 0x0, 0x2, 0xf0, 0x0, 0x2f,
    0x0, 0x2, 0xf0, 0x0, 0x2f, 0x0, 0x0,

    /* U+0212 "Ȓ" */
    0x0, 0xac, 0x60, 0x0, 0x0, 0x58, 0xc, 0x10,
    0x0, 0x1, 0x0, 0x10, 0x0, 0xf, 0xff, 0xff,
    0xd6, 0x0, 0xf4, 0x0, 0x15, 0xf3, 0xf, 0x40,
    0x0, 0xd, 0x60, 0xf4, 0x0, 0x5, 0xf3, 0xf,
    0xff, 0xff, 0xd6, 0x0, 0xf6, 0x24, 0xd8, 0x0,
    0xf, 0x40, 0x1, 0xe8, 0x0, 0xf4, 0x0, 0x5,
    0xf3, 0xf, 0x40, 0x0, 0xa, 0xd0,

    /* U+0213 "ȓ" */
    0x2c, 0xda, 0x2, 0x20, 0x31, 0x2e, 0xaf, 0x42,
    0xf7, 0x10, 0x2f, 0x0, 0x2, 0xf0, 0x0, 0x2f,
    0x0, 0x2, 0xf0, 0x0, 0x2f, 0x0, 0x0,

    /* U+0214 "Ȕ" */
    0x7, 0xd5, 0xf1, 0x0, 0x0, 0xa3, 0x85, 0x0,
    0x0, 0x0, 0x0, 0x0, 0xf4, 0x0, 0x0, 0xe5,
    0xf4, 0x0, 0x0, 0xe5, 0xf4, 0x0, 0x0, 0xe5,
    0xf4, 0x0, 0x0, 0xe5, 0xf4, 0x0, 0x0, 0xe5,
    0xf4, 0x0, 0x0, 0xe5, 0xd6, 0x0, 0x1, 0xf3,
    0x8e, 0x52, 0x3b, 0xd0, 0x8, 0xdf, 0xea, 0x10,

    /* U+0215 "ȕ" */
    0x7, 0xd5, 0xf0, 0x0, 0xa, 0x38, 0x50, 0x2f,
    0x0, 0xd, 0x52, 0xf0, 0x0, 0xd5, 0x2f, 0x0,
    0xd, 0x52, 0xf0, 0x0, 0xd5, 0x2f, 0x0, 0xe,
    0x50, 0xf4, 0x5, 0xf5, 0x5, 0xed, 0xab, 0x50,

    /* U+0216 "Ȗ" */
    0x0, 0x6c, 0xa0, 0x0, 0x0, 0xc0, 0x76, 0x0,
    0x0, 0x10, 0x1, 0x0, 0xf4, 0x0, 0x0, 0xe5,
    0xf4, 0x0, 0x0, 0xe5, 0xf4, 0x0, 0x0, 0xe5,
    0xf4, 0x0, 0x0, 0xe5, 0xf4, 0x0, 0x0, 0xe5,
    0xf4, 0x0, 0x0, 0xe5, 0xd6, 0x0, 0x1, 0xf3,
    0x8e, 0x52, 0x3b, 0xd0, 0x8, 0xdf, 0xea, 0x10,

    /* U+0217 "ȗ" */
    0x0, 0xbd, 0xc1, 0x0, 0x13, 0x2, 0x20, 0x2f,
    0x0, 0xd, 0x52, 0xf0, 0x0, 0xd5, 0x2f, 0x0,
    0xd, 0x52, 0xf0, 0x0, 0xd5, 0x2f, 0x0, 0xe,
    0x50, 0xf4, 0x5, 0xf5, 0x5, 0xed, 0xab, 0x50,

    /* U+0218 "Ș" */
    0x2, 0xbf, 0xfb, 0x20, 0xd, 0x92, 0x39, 0xe0,
    0xf, 0x20, 0x0, 0xb3, 0xc, 0xb4, 0x0, 0x0,
    0x0, 0x6b, 0xeb, 0x30, 0x0, 0x0, 0x5, 0xe4,
    0x2f, 0x10, 0x0, 0xa9, 0xb, 0xc3, 0x14, 0xe5,
    0x0, 0x9e, 0xfd, 0x70, 0x0, 0x1, 0x20, 0x0,
    0x0, 0x6, 0xe0, 0x0, 0x0, 0x4, 0x70, 0x0,

    /* U+0219 "ș" */
    0x5, 0xdf, 0xd4, 0x0, 0xf4, 0x16, 0xe0, 0xf,
    0x30, 0x3, 0x0, 0x5d, 0xea, 0x30, 0x13, 0x1,
    0x6f, 0x3, 0xf4, 0x4, 0xf1, 0x6, 0xdf, 0xd5,
    0x0, 0x0, 0x20, 0x0, 0x0, 0x3f, 0x10, 0x0,
    0x2, 0x90, 0x0,

    /* U+021A "Ț" */
    0xdf, 0xff, 0xff, 0xf0, 0x11, 0x1f, 0x31, 0x10,
    0x0, 0xf, 0x20, 0x0, 0x0, 0xf, 0x20, 0x0,
    0x0, 0xf, 0x20, 0x0, 0x0, 0xf, 0x20, 0x0,
    0x0, 0xf, 0x20, 0x0, 0x0, 0xf, 0x20, 0x0,
    0x0, 0xf, 0x20, 0x0, 0x0, 0x2, 0x0, 0x0,
    0x0, 0x1f, 0x30, 0x0, 0x0, 0x1a, 0x0, 0x0,

    /* U+021B "ț" */
    0x2, 0x60, 0x0, 0x4d, 0x0, 0x4f, 0xff, 0xa0,
    0x4d, 0x0, 0x4, 0xd0, 0x0, 0x4d, 0x0, 0x4,
    0xd0, 0x0, 0x3e, 0x0, 0x0, 0xbf, 0xa0, 0x1,
    0x10, 0x0, 0x9a, 0x0, 0x7, 0x40,

    /* U+0237 "ȷ" */
    0x0, 0xc5, 0x0, 0xc5, 0x0, 0xc5, 0x0, 0xc5,
    0x0, 0xc5, 0x0, 0xc5, 0x0, 0xc5, 0x0, 0xd4,
    0xf, 0xd1,

    /* U+1E00 "Ḁ" */
    0x0, 0x0, 0xaf, 0x10, 0x0, 0x0, 0x1, 0xea,
    0x80, 0x0, 0x0, 0x6, 0xa3, 0xe0, 0x0, 0x0,
    0xd, 0x40, 0xc5, 0x0, 0x0, 0x3d, 0x0, 0x6c,
    0x0, 0x0, 0xaf, 0xff, 0xff, 0x30, 0x0, 0xf2,
    0x0, 0x9, 0xa0, 0x6, 0xc0, 0x0, 0x4, 0xf1,
    0xd, 0x70, 0x0, 0x0, 0xe7, 0x0, 0x0, 0x57,
    0x0, 0x0, 0x0, 0x0, 0x82, 0x50, 0x0, 0x0,
    0x0, 0x79, 0x10, 0x0,

    /* U+1E01 "ḁ" */
    0x4, 0xcf, 0xe9, 0x1, 0xf3, 0x2, 0xf3, 0x2,
    0x0, 0x3d, 0x50, 0x7d, 0xfc, 0xe5, 0x5e, 0x30,
    0xe, 0x56, 0xd0, 0x5, 0xf5, 0xa, 0xdb, 0x9a,
    0x80, 0x4, 0x81, 0x0, 0x0, 0x81, 0x60, 0x0,
    0x6, 0x93, 0x0,

    /* U+1E02 "Ḃ" */
    0x0, 0x0, 0x0, 0x0, 0x0, 0x7, 0xb0, 0x0,
    0x0, 0x1, 0x20, 0x0, 0x0, 0x0, 0x0, 0x0,
    0xf, 0xff, 0xfe, 0x80, 0xf, 0x42, 0x24, 0xe5,
    0xf, 0x30, 0x1, 0xd7, 0xf, 0xff, 0xff, 0xe2,
    0xf, 0x52, 0x25, 0xa1, 0xf, 0x30, 0x0, 0x6c,
    0xf, 0x30, 0x0, 0x5f, 0xf, 0x42, 0x24, 0xdb,
    0xf, 0xff, 0xfe, 0xa1,

    /* U+1E03 "ḃ" */
    0x0, 0x0, 0x0, 0x0, 0x0, 0xc6, 0x0, 0x0,
    0x3, 0x10, 0x0, 0x0, 0x0, 0x0, 0x2f, 0x0,
    0x0, 0x2, 0xf0, 0x0, 0x0, 0x2f, 0x7e, 0xd6,
    0x2, 0xfa, 0x3, 0xf3, 0x2f, 0x10, 0x9, 0x92,
    0xf0, 0x0, 0x7a, 0x2f, 0x0, 0x9, 0x82, 0xf9,
    0x3, 0xf3, 0x2f, 0x8f, 0xd5, 0x0,

    /* U+1E04 "Ḅ" */
    0xf, 0xff, 0xfe, 0x80, 0xf, 0x42, 0x25, 0xf5,
    0xf, 0x30, 0x0, 0xb7, 0xf, 0x30, 0x2, 0xd2,
    0xf, 0xff, 0xff, 0xc1, 0xf, 0x52, 0x24, 0xcc,
    0xf, 0x30, 0x0, 0x5f, 0xf, 0x42, 0x23, 0xcb,
    0xf, 0xff, 0xfe, 0xa1, 0x0, 0x0, 0x0, 0x0,
    0x0, 0x2, 0x30, 0x0, 0x0, 0x8, 0xa0, 0x0,

    /* U+1E05 "ḅ" */
    0x2f, 0x0, 0x0, 0x2, 0xf0, 0x0, 0x0, 0x2f,
    0x7e, 0xd6, 0x2, 0xfa, 0x3, 0xf3, 0x2f, 0x10,
    0x9, 0x92, 0xf0, 0x0, 0x7a, 0x2f, 0x0, 0x9,
    0x82, 0xf9, 0x3, 0xf3, 0x2f, 0x8f, 0xd5, 0x0,
    0x0, 0x0, 0x0, 0x0, 0x4, 0x10, 0x0, 0x0,
    0xf3, 0x0,

    /* U+1E06 "Ḇ" */
    0xf, 0xff, 0xfe, 0x80, 0xf, 0x42, 0x25, 0xf5,
    0xf, 0x30, 0x0, 0xb7, 0xf, 0x30, 0x2, 0xd2,
    0xf, 0xff, 0xff, 0xc1, 0xf, 0x52, 0x24, 0xcc,
    0xf, 0x30, 0x0, 0x5f, 0xf, 0x42, 0x23, 0xcb,
    0xf, 0xff, 0xfe, 0xa1, 0x0, 0x0, 0x0, 0x0,
    0x0, 0x0, 0x0, 0x0, 0x0, 0xff, 0xfd, 0x0,

    /* U+1E07 "ḇ" */
    0x2f, 0x0, 0x0, 0x2, 0xf0, 0x0, 0x0, 0x2f,
    0x7e, 0xd6, 0x2, 0xfa, 0x3, 0xf3, 0x2f, 0x10,
    0x9, 0x92, 0xf0, 0x0, 0x7a, 0x2f, 0x0, 0x9,
    0x82, 0xf9, 0x3, 0xf3, 0x2f, 0x8f, 0xd5, 0x0,
    0x0, 0x0, 0x0, 0x0, 0x0, 0x0, 0x0, 0x7f,
    0xff, 0x60,

    /* U+1E08 "Ḉ" */
    0x0, 0x0, 0xc, 0x40, 0x0, 0x0, 0x6, 0xa0,
    0x0, 0x0, 0x0, 0x0, 0x0, 0x0, 0x4, 0xbf,
    0xfb, 0x30, 0x6, 0xf7, 0x22, 0x8f, 0x20, 0xe6,
    0x0, 0x0, 0x96, 0x3f, 0x10, 0x0, 0x0, 0x5,
    0xf0, 0x0, 0x0, 0x0, 0x3f, 0x10, 0x0, 0x1,
    0x0, 0xe6, 0x0, 0x0, 0xab, 0x6, 0xf6, 0x11,
    0x8f, 0x30, 0x6, 0xdf, 0xfc, 0x40, 0x0, 0x0,
    0xd8, 0x0, 0x0, 0x0, 0x0, 0xf1, 0x0, 0x0,
    0x8, 0xda, 0x0, 0x0,

    /* U+1E09 "ḉ" */
    0x0, 0x7, 0xc0, 0x0, 0x0, 0xb2, 0x0, 0x2,
    0xcf, 0xd3, 0x0, 0xd7, 0x5, 0xe0, 0x4e, 0x0,
    0x7, 0x16, 0xb0, 0x0, 0x0, 0x6b, 0x0, 0x0,
    0x4, 0xe0, 0x0, 0xc3, 0xd, 0x70, 0x6e, 0x0,
    0x2b, 0xfb, 0x20, 0x0, 0x2c, 0x40, 0x0, 0x9,
    0xd6, 0x0,

    /* U+1E0A "Ḋ" */
    0x0, 0x1, 0x0, 0x0, 0x0, 0x1f, 0x0, 0x0,
    0x0, 0x4, 0x0, 0x0, 0x0, 0x0, 0x0, 0x0,
    0xff, 0xff, 0xea, 0x10, 0xf5, 0x22, 0x4c, 0xd0,
    0xf4, 0x0, 0x0, 0xe6, 0xf4, 0x0, 0x0, 0xaa,
    0xf4, 0x0, 0x0, 0x8b, 0xf4, 0x0, 0x0, 0xa9,
    0xf4, 0x0, 0x0, 0xe5, 0xf5, 0x22, 0x4c, 0xd0,
    0xff, 0xff, 0xe9, 0x10,

    /* U+1E0B "ḋ" */
    0x0, 0x1, 0x0, 0x0, 0x1, 0xf1, 0x0, 0x0,
    0x4, 0x0, 0x0, 0x0, 0x0, 0x0, 0x0, 0x0,
    0xd, 0x50, 0x0, 0x0, 0xd5, 0x4, 0xde, 0x9d,
    0x51, 0xf5, 0x7, 0xf5, 0x6c, 0x0, 0xe, 0x57,
    0xa0, 0x0, 0xc5, 0x6b, 0x0, 0xd, 0x51, 0xe3,
    0x4, 0xf5, 0x3, 0xcc, 0xac, 0x50,

    /* U+1E0C "Ḍ" */
    0xff, 0xff, 0xea, 0x10, 0xf5, 0x22, 0x4c, 0xd0,
    0xf4, 0x0, 0x0, 0xe6, 0xf4, 0x0, 0x0, 0xaa,
    0xf4, 0x0, 0x0, 0x8b, 0xf4, 0x0, 0x0, 0xa9,
    0xf4, 0x0, 0x0, 0xe5, 0xf5, 0x22, 0x4c, 0xd0,
    0xff, 0xff, 0xe9, 0x10, 0x0, 0x0, 0x0, 0x0,
    0x0, 0x14, 0x0, 0x0, 0x0, 0x3e, 0x0, 0x0,

    /* U+1E0D "ḍ" */
    0x0, 0x0, 0xd, 0x50, 0x0, 0x0, 0xd5, 0x4,
    0xde, 0x9d, 0x51, 0xf5, 0x7, 0xf5, 0x6c, 0x0,
    0xe, 0x57, 0xa0, 0x0, 0xc5, 0x6b, 0x0, 0xd,
    0x51, 0xe3, 0x4, 0xf5, 0x3, 0xcc, 0xac, 0x50,
    0x0, 0x0, 0x0, 0x0, 0x5, 0x0, 0x0, 0x0,
    0xf2, 0x0,

    /* U+1E0E "Ḏ" */
    0xff, 0xff, 0xea, 0x10, 0xf5, 0x22, 0x4c, 0xd0,
    0xf4, 0x0, 0x0, 0xe6, 0xf4, 0x0, 0x0, 0xaa,
    0xf4, 0x0, 0x0, 0x8b, 0xf4, 0x0, 0x0, 0xa9,
    0xf4, 0x0, 0x0, 0xe5, 0xf5, 0x22, 0x4c, 0xd0,
    0xff, 0xff, 0xe9, 0x10, 0x0, 0x0, 0x0, 0x0,
    0x0, 0x0, 0x0, 0x0, 0xa, 0xff, 0xf4, 0x0,

    /* U+1E0F "ḏ" */
    0x0, 0x0, 0xd, 0x50, 0x0, 0x0, 0xd5, 0x4,
    0xde, 0x9d, 0x51, 0xf5, 0x7, 0xf5, 0x6c, 0x0,
    0xe, 0x57, 0xa0, 0x0, 0xc5, 0x6b, 0x0, 0xd,
    0x51, 0xe3, 0x4, 0xf5, 0x3, 0xcc, 0xac, 0x50,
    0x0, 0x0, 0x0, 0x0, 0x0, 0x0, 0x0, 0x8f,
    0xff, 0x60,

    /* U+1E10 "Ḑ" */
    0xff, 0xff, 0xe9, 0x10, 0xf5, 0x22, 0x4c, 0xd0,
    0xf4, 0x0, 0x0, 0xe6, 0xf4, 0x0, 0x0, 0xaa,
    0xf4, 0x0, 0x0, 0x8b, 0xf4, 0x0, 0x0, 0xa9,
    0xf4, 0x0, 0x0, 0xe6, 0xf5, 0x11, 0x3b, 0xd0,
    0xff, 0xff, 0xea, 0x20, 0x0, 0x4b, 0x0, 0x0,
    0x0, 0x9, 0x80, 0x0, 0x0, 0xcd, 0x30, 0x0,

    /* U+1E11 "ḑ" */
    0x0, 0x0, 0xd, 0x50, 0x0, 0x0, 0xd5, 0x3,
    0xde, 0x9d, 0x51, 0xf5, 0x7, 0xf5, 0x6c, 0x0,
    0xe, 0x57, 0xa0, 0x0, 0xc5, 0x6b, 0x0, 0xd,
    0x51, 0xf3, 0x4, 0xf5, 0x5, 0xed, 0xcc, 0x50,
    0x2, 0xd1, 0x0, 0x0, 0x6, 0xb0, 0x0, 0xb,
    0xd5, 0x0,

    /* U+1E12 "Ḓ" */
    0xff, 0xff, 0xea, 0x10, 0xf5, 0x22, 0x4c, 0xd0,
    0xf4, 0x0, 0x0, 0xe6, 0xf4, 0x0, 0x0, 0xaa,
    0xf4, 0x0, 0x0, 0x8b, 0xf4, 0x0, 0x0, 0xa9,
    0xf4, 0x0, 0x0, 0xe5, 0xf5, 0x22, 0x4c, 0xd0,
    0xff, 0xff, 0xe9, 0x10, 0x0, 0x0, 0x0, 0x0,
    0x0, 0xae, 0x20, 0x0, 0x6, 0xd5, 0xd0, 0x0,

    /* U+1E13 "ḓ" */
    0x0, 0x0, 0xd, 0x50, 0x0, 0x0, 0xd5, 0x4,
    0xde, 0x9d, 0x51, 0xf5, 0x7, 0xf5, 0x6c, 0x0,
    0xe, 0x57, 0xa0, 0x0, 0xc5, 0x6b, 0x0, 0xd,
    0x51, 0xe3, 0x4, 0xf5, 0x3, 0xcc, 0xac, 0x50,
    0x0, 0x0, 0x0, 0x0, 0x5e, 0x80, 0x0, 0x1e,
    0x4e, 0x40,

    /* U+1E14 "Ḕ" */
    0x0, 0xa7, 0x0, 0x0, 0x2, 0xe0, 0x0, 0x0,
    0x0, 0x0, 0x0, 0x9f, 0xff, 0x50, 0x0, 0x0,
    0x0, 0xf, 0xff, 0xff, 0xfc, 0xf5, 0x22, 0x22,
    0x1f, 0x40, 0x0, 0x0, 0xf4, 0x0, 0x0, 0xf,
    0xff, 0xff, 0xf6, 0xf5, 0x22, 0x22, 0xf, 0x40,
    0x0, 0x0, 0xf5, 0x22, 0x22, 0x1f, 0xff, 0xff,
    0xff,

    /* U+1E15 "ḕ" */
    0x0, 0x88, 0x0, 0x0, 0x1, 0xe1, 0x0, 0x0,
    0x0, 0x0, 0x0, 0x4f, 0xff, 0xa0, 0x0, 0x0,
    0x0, 0x0, 0x2c, 0xfd, 0x50, 0xe, 0x70, 0x3e,
    0x35, 0xd0, 0x0, 0x88, 0x7f, 0xff, 0xff, 0xa5,
    0xc0, 0x0, 0x11, 0xe, 0x60, 0x2d, 0x60, 0x3c,
    0xee, 0x70,

    /* U+1E16 "Ḗ" */
    0x0, 0x9, 0x80, 0x0, 0x2, 0xd1, 0x0, 0x0,
    0x0, 0x0, 0x0, 0x9f, 0xff, 0x50, 0x0, 0x0,
    0x0, 0xf, 0xff, 0xff, 0xfc, 0xf5, 0x22, 0x22,
    0x1f, 0x40, 0x0, 0x0, 0xf4, 0x0, 0x0, 0xf,
    0xff, 0xff, 0xf6, 0xf5, 0x22, 0x22, 0xf, 0x40,
    0x0, 0x0, 0xf5, 0x22, 0x22, 0x1f, 0xff, 0xff,
    0xff,

    /* U+1E17 "ḗ" */
    0x0, 0x5, 0xb0, 0x0, 0x0, 0xd4, 0x0, 0x0,
    0x0, 0x0, 0x0, 0x4f, 0xff, 0xa0, 0x0, 0x0,
    0x0, 0x0, 0x2c, 0xfd, 0x50, 0xe, 0x70, 0x3e,
    0x35, 0xd0, 0x0, 0x88, 0x7f, 0xff, 0xff, 0xa5,
    0xc0, 0x0, 0x11, 0xe, 0x60, 0x2d, 0x60, 0x3c,
    0xee, 0x70,

    /* U+1E18 "Ḙ" */
    0xff, 0xff, 0xff, 0xcf, 0x52, 0x22, 0x21, 0xf4,
    0x0, 0x0, 0xf, 0x40, 0x0, 0x0, 0xff, 0xff,
    0xff, 0x6f, 0x52, 0x22, 0x20, 0xf4, 0x0, 0x0,
    0xf, 0x52, 0x22, 0x21, 0xff, 0xff, 0xff, 0xf0,
    0x0, 0x0, 0x0, 0x0, 0x8e, 0x50, 0x0, 0x3e,
    0x4e, 0x20,

    /* U+1E19 "ḙ" */
    0x2, 0xcf, 0xd5, 0x0, 0xe7, 0x3, 0xe3, 0x5d,
    0x0, 0x8, 0x87, 0xff, 0xff, 0xfa, 0x5c, 0x0,
    0x1, 0x10, 0xe6, 0x2, 0xd6, 0x3, 0xce, 0xe7,
    0x0, 0x0, 0x0, 0x0, 0x0, 0x3f, 0xc0, 0x0,
    0xd, 0x5c, 0x70,

    /* U+1E1A "Ḛ" */
    0xff, 0xff, 0xff, 0xcf, 0x52, 0x22, 0x21, 0xf4,
    0x0, 0x0, 0xf, 0x40, 0x0, 0x0, 0xff, 0xff,
    0xff, 0x6f, 0x52, 0x22, 0x20, 0xf4, 0x0, 0x0,
    0xf, 0x52, 0x22, 0x21, 0xff, 0xff, 0xff, 0xf0,
    0x0, 0x0, 0x0, 0x2, 0xd7, 0x48, 0x0, 0x94,
    0x7e, 0x30,

    /* U+1E1B "ḛ" */
    0x2, 0xcf, 0xd5, 0x0, 0xe7, 0x3, 0xe3, 0x5d,
    0x0, 0x8, 0x87, 0xff, 0xff, 0xfa, 0x5c, 0x0,
    0x1, 0x10, 0xe6, 0x2, 0xd6, 0x3, 0xce, 0xe7,
    0x0, 0x0, 0x0, 0x0, 0x0, 0xca, 0x1b, 0x0,
    0x58, 0x4e, 0x60,

    /* U+1E1C "Ḝ" */
    0x1, 0x50, 0x42, 0x0, 0xa, 0xdb, 0x10, 0x0,
    0x0, 0x0, 0xf, 0xff, 0xff, 0xfc, 0xf5, 0x22,
    0x22, 0x1f, 0x40, 0x0, 0x0, 0xf4, 0x0, 0x0,
    0xf, 0xff, 0xff, 0xf6, 0xf5, 0x22, 0x22, 0xf,
    0x40, 0x0, 0x0, 0xf5, 0x22, 0x22, 0x1f, 0xff,
    0xff, 0xff, 0x0, 0xe, 0x20, 0x0, 0x0, 0x4d,
    0x0, 0x0, 0x9d, 0x60, 0x0,

    /* U+1E1D "ḝ" */
    0x0, 0xc0, 0x67, 0x0, 0x6, 0xca, 0x0, 0x3,
    0xcf, 0xd5, 0x0, 0xe7, 0x3, 0xe3, 0x5d, 0x0,
    0x8, 0x87, 0xff, 0xff, 0xfa, 0x6c, 0x0, 0x1,
    0x1, 0xf4, 0x0, 0xd7, 0x4, 0xed, 0xea, 0x0,
    0x0, 0xe3, 0x0, 0x0, 0x3, 0xe0, 0x0, 0x8,
    0xd8, 0x0,

    /* U+1E1E "Ḟ" */
    0x0, 0x0, 0x0, 0x0, 0x7, 0xb0, 0x0, 0x0,
    0x12, 0x0, 0x0, 0x0, 0x0, 0x0, 0xff, 0xff,
    0xff, 0x5f, 0x52, 0x22, 0x20, 0xf4, 0x0, 0x0,
    0xf, 0x40, 0x0, 0x0, 0xff, 0xff, 0xf9, 0xf,
    0x62, 0x22, 0x10, 0xf4, 0x0, 0x0, 0xf, 0x40,
    0x0, 0x0, 0xf4, 0x0, 0x0, 0x0,

    /* U+1E1F "ḟ" */
    0x0, 0x10, 0x0, 0x2f, 0x0, 0x0, 0x40, 0x0,
    0x0, 0x0, 0x7, 0xfe, 0x0, 0xd6, 0x10, 0xcf,
    0xe8, 0x0, 0xe4, 0x0, 0xe, 0x40, 0x0, 0xe4,
    0x0, 0xe, 0x40, 0x0, 0xe4, 0x0, 0xe, 0x40,
    0x0,

    /* U+1E20 "Ḡ" */
    0x0, 0xf, 0xff, 0x70, 0x0, 0x0, 0x0, 0x0,
    0x0, 0x0, 0x0, 0x0, 0x0, 0x0, 0x5, 0xcf,
    0xea, 0x10, 0x6, 0xe5, 0x12, 0x9d, 0x0, 0xf3,
    0x0, 0x0, 0xa3, 0x4d, 0x0, 0x0, 0x0, 0x6,
    0xc0, 0x3, 0xff, 0xf6, 0x5d, 0x0, 0x2, 0x2b,
    0x71, 0xf3, 0x0, 0x0, 0xf7, 0x7, 0xe5, 0x13,
    0xbd, 0x70, 0x6, 0xdf, 0xe6, 0x67,

    /* U+1E21 "ḡ" */
    0x0, 0xee, 0xe6, 0x0, 0x0, 0x0, 0x0, 0x3,
    0xcf, 0xc8, 0xb1, 0xe6, 0x14, 0xeb, 0x5c, 0x0,
    0x7, 0xb5, 0xc0, 0x0, 0x7b, 0x1f, 0x50, 0x2e,
    0xb0, 0x4e, 0xfe, 0x9b, 0x5, 0x1, 0x7, 0xa0,
    0xe7, 0x13, 0xd6, 0x2, 0xbf, 0xe8, 0x0,

    /* U+1E22 "Ḣ" */
    0x0, 0x0, 0x0, 0x0, 0x0, 0xc, 0x60, 0x0,
    0x0, 0x3, 0x10, 0x0, 0x0, 0x0, 0x0, 0x0,
    0xf4, 0x0, 0x0, 0xe5, 0xf4, 0x0, 0x0, 0xe5,
    0xf4, 0x0, 0x0, 0xe5, 0xff, 0xff, 0xff, 0xf5,
    0xf6, 0x22, 0x22, 0xe5, 0xf4, 0x0, 0x0, 0xe5,
    0xf4, 0x0, 0x0, 0xe5, 0xf4, 0x0, 0x0, 0xe5,
    0xf4, 0x0, 0x0, 0xe5,

    /* U+1E23 "ḣ" */
    0x1, 0x0, 0x0, 0x1, 0xf1, 0x0, 0x0, 0x4,
    0x0, 0x0, 0x0, 0x0, 0x0, 0x0, 0x2f, 0x0,
    0x0, 0x2, 0xf0, 0x0, 0x0, 0x2f, 0x7e, 0xf8,
    0x2, 0xfa, 0x13, 0xf3, 0x2f, 0x10, 0xc, 0x52,
    0xf0, 0x0, 0xc6, 0x2f, 0x0, 0xc, 0x62, 0xf0,
    0x0, 0xc6, 0x2f, 0x0, 0xc, 0x60,

    /* U+1E24 "Ḥ" */
    0xf4, 0x0, 0x0, 0xe5, 0xf4, 0x0, 0x0, 0xe5,
    0xf4, 0x0, 0x0, 0xe5, 0xf4, 0x0, 0x0, 0xe5,
    0xff, 0xff, 0xff, 0xf5, 0xf6, 0x22, 0x22, 0xe5,
    0xf4, 0x0, 0x0, 0xe5, 0xf4, 0x0, 0x0, 0xe5,
    0xf4, 0x0, 0x0, 0xe5, 0x0, 0x0, 0x0, 0x0,
    0x0, 0x3, 0x10, 0x0, 0x0, 0xc, 0x60, 0x0,

    /* U+1E25 "ḥ" */
    0x2f, 0x0, 0x0, 0x2, 0xf0, 0x0, 0x0, 0x2f,
    0x7e, 0xf8, 0x2, 0xfa, 0x13, 0xf3, 0x2f, 0x10,
    0xc, 0x52, 0xf0, 0x0, 0xc6, 0x2f, 0x0, 0xc,
    0x62, 0xf0, 0x0, 0xc6, 0x2f, 0x0, 0xc, 0x60,
    0x0, 0x0, 0x0, 0x0, 0x4, 0x10, 0x0, 0x0,
    0xe4, 0x0,

    /* U+1E26 "Ḧ" */
    0x0, 0x10, 0x0, 0x0, 0x1, 0xf1, 0xb7, 0x0,
    0x0, 0x40, 0x21, 0x0, 0x0, 0x0, 0x0, 0x0,
    0xf4, 0x0, 0x0, 0xe5, 0xf4, 0x0, 0x0, 0xe5,
    0xf4, 0x0, 0x0, 0xe5, 0xff, 0xff, 0xff, 0xf5,
    0xf6, 0x22, 0x22, 0xe5, 0xf4, 0x0, 0x0, 0xe5,
    0xf4, 0x0, 0x0, 0xe5, 0xf4, 0x0, 0x0, 0xe5,
    0xf4, 0x0, 0x0, 0xe5,

    /* U+1E27 "ḧ" */
    0x0, 0x10, 0x0, 0x0, 0x1f, 0x1c, 0x60, 0x0,
    0x40, 0x31, 0x0, 0x0, 0x0, 0x0, 0x2f, 0x0,
    0x0, 0x2, 0xf0, 0x0, 0x0, 0x2f, 0x7e, 0xf8,
    0x2, 0xfa, 0x13, 0xf3, 0x2f, 0x10, 0xc, 0x52,
    0xf0, 0x0, 0xc6, 0x2f, 0x0, 0xc, 0x62, 0xf0,
    0x0, 0xc6, 0x2f, 0x0, 0xc, 0x60,

    /* U+1E28 "Ḩ" */
    0xf, 0x40, 0x0, 0xe, 0x50, 0xf4, 0x0, 0x0,
    0xe5, 0xf, 0x40, 0x0, 0xe, 0x50, 0xf4, 0x0,
    0x0, 0xe5, 0xf, 0xff, 0xff, 0xff, 0x50, 0xf6,
    0x22, 0x22, 0xe5, 0xf, 0x40, 0x0, 0xe, 0x50,
    0xf4, 0x0, 0x0, 0xe5, 0xf, 0x40, 0x0, 0xe,
    0x50, 0xc3, 0x0, 0x0, 0x0, 0x4, 0xf0, 0x0,
    0x0, 0x7, 0xd9, 0x0, 0x0, 0x0,

    /* U+1E29 "ḩ" */
    0x2f, 0x0, 0x0, 0x2, 0xf0, 0x0, 0x0, 0x2f,
    0x7e, 0xf8, 0x2, 0xfa, 0x13, 0xf3, 0x2f, 0x10,
    0xc, 0x52, 0xf0, 0x0, 0xc6, 0x2f, 0x0, 0xc,
    0x62, 0xf0, 0x0, 0xc6, 0x2f, 0x0, 0xc, 0x61,
    0xd1, 0x0, 0x0, 0x8, 0xb0, 0x0, 0xb, 0xd5,
    0x0, 0x0,

    /* U+1E2A "Ḫ" */
    0xf4, 0x0, 0x0, 0xe5, 0xf4, 0x0, 0x0, 0xe5,
    0xf4, 0x0, 0x0, 0xe5, 0xf4, 0x0, 0x0, 0xe5,
    0xff, 0xff, 0xff, 0xf5, 0xf6, 0x22, 0x22, 0xe5,
    0xf4, 0x0, 0x0, 0xe5, 0xf4, 0x0, 0x0, 0xe5,
    0xf4, 0x0, 0x0, 0xe5, 0x0, 0x0, 0x0, 0x0,
    0x0, 0xa0, 0x46, 0x0, 0x0, 0x8d, 0xc1, 0x0,

    /* U+1E2B "ḫ" */
    0x2f, 0x0, 0x0, 0x2, 0xf0, 0x0, 0x0, 0x2f,
    0x7e, 0xf8, 0x2, 0xfa, 0x13, 0xf3, 0x2f, 0x10,
    0xc, 0x52, 0xf0, 0x0, 0xc6, 0x2f, 0x0, 0xc,
    0x62, 0xf0, 0x0, 0xc6, 0x2f, 0x0, 0xc, 0x60,
    0x0, 0x0, 0x0, 0x2, 0x80, 0x64, 0x0, 0x9,
    0xdb, 0x0,

    /* U+1E2C "Ḭ" */
    0x0, 0xd7, 0x0, 0xd, 0x70, 0x0, 0xd7, 0x0,
    0xd, 0x70, 0x0, 0xd7, 0x0, 0xd, 0x70, 0x0,
    0xd7, 0x0, 0xd, 0x70, 0x0, 0xd7, 0x0, 0x0,
    0x0, 0xb, 0xa1, 0xc5, 0x84, 0xe7,

    /* U+1E2D "ḭ" */
    0x2, 0xf0, 0x0, 0x5, 0x0, 0x2, 0xf0, 0x0,
    0x2f, 0x0, 0x2, 0xf0, 0x0, 0x2f, 0x0, 0x2,
    0xf0, 0x0, 0x2f, 0x0, 0x2, 0xf0, 0x0, 0x0,
    0x0, 0x4d, 0x66, 0x6b, 0x29, 0xe2,

    /* U+1E2E "Ḯ" */
    0x4, 0xe1, 0x9, 0x50, 0xf3, 0x99, 0x30, 0x22,
    0x0, 0x0, 0xd, 0x70, 0xd, 0x70, 0xd, 0x70,
    0xd, 0x70, 0xd, 0x70, 0xd, 0x70, 0xd, 0x70,
    0xd, 0x70, 0xd, 0x70,

    /* U+1E2F "ḯ" */
    0x3, 0xc1, 0xa, 0x60, 0x0, 0x0, 0xf4, 0x99,
    0x41, 0x33, 0xc, 0x60, 0xc, 0x60, 0xc, 0x60,
    0xc, 0x60, 0xc, 0x60, 0xc, 0x60, 0xc, 0x60,

    /* U+1E30 "Ḱ" */
    0x0, 0x0, 0xc4, 0x0, 0x0, 0x0, 0x6a, 0x0,
    0x0, 0x0, 0x0, 0x0, 0x0, 0x0, 0xf3, 0x0,
    0xa, 0xd1, 0xf, 0x30, 0xb, 0xc1, 0x0, 0xf3,
    0xb, 0xb0, 0x0, 0xf, 0x3c, 0xd0, 0x0, 0x0,
    0xfe, 0xbf, 0x30, 0x0, 0xf, 0x90, 0x8e, 0x10,
    0x0, 0xf3, 0x0, 0xcb, 0x0, 0xf, 0x30, 0x2,
    0xf8, 0x0, 0xf3, 0x0, 0x5, 0xf4,

    /* U+1E31 "ḱ" */
    0x0, 0x89, 0x0, 0x0, 0x1e, 0x10, 0x0, 0x0,
    0x0, 0x0, 0x2, 0xf0, 0x0, 0x0, 0x2f, 0x0,
    0x0, 0x2, 0xf0, 0xb, 0xa0, 0x2f, 0xb, 0xa0,
    0x2, 0xfa, 0xd0, 0x0, 0x2f, 0xbf, 0x30, 0x2,
    0xf0, 0x8d, 0x0, 0x2f, 0x0, 0xd7, 0x2, 0xf0,
    0x4, 0xf2,

    /* U+1E32 "Ḳ" */
    0xf, 0x30, 0x0, 0xad, 0x10, 0xf3, 0x0, 0xbc,
    0x10, 0xf, 0x30, 0xbb, 0x0, 0x0, 0xf3, 0xcd,
    0x0, 0x0, 0xf, 0xeb, 0xf3, 0x0, 0x0, 0xf9,
    0x8, 0xe1, 0x0, 0xf, 0x30, 0xc, 0xb0, 0x0,
    0xf3, 0x0, 0x2f, 0x80, 0xf, 0x30, 0x0, 0x5f,
    0x40, 0x0, 0x0, 0x0, 0x0, 0x0, 0x1, 0x30,
    0x0, 0x0, 0x0, 0x6c, 0x0, 0x0,

    /* U+1E33 "ḳ" */
    0x2f, 0x0, 0x0, 0x2, 0xf0, 0x0, 0x0, 0x2f,
    0x0, 0xba, 0x2, 0xf0, 0xba, 0x0, 0x2f, 0xad,
    0x0, 0x2, 0xfb, 0xf3, 0x0, 0x2f, 0x8, 0xd0,
    0x2, 0xf0, 0xd, 0x70, 0x2f, 0x0, 0x4f, 0x20,
    0x0, 0x0, 0x0, 0x0, 0x14, 0x0, 0x0, 0x4,
    0xe0, 0x0,

    /* U+1E34 "Ḵ" */
    0xf, 0x30, 0x0, 0xad, 0x10, 0xf3, 0x0, 0xbc,
    0x10, 0xf, 0x30, 0xbb, 0x0, 0x0, 0xf3, 0xcd,
    0x0, 0x0, 0xf, 0xeb, 0xf3, 0x0, 0x0, 0xf9,
    0x8, 0xe1, 0x0, 0xf, 0x30, 0xc, 0xb0, 0x0,
    0xf3, 0x0, 0x2f, 0x80, 0xf, 0x30, 0x0, 0x5f,
    0x40, 0x0, 0x0, 0x0, 0x0, 0x0, 0x0, 0x0,
    0x0, 0x0, 0x8, 0xff, 0xf6, 0x0,

    /* U+1E35 "ḵ" */
    0x2f, 0x0, 0x0, 0x2, 0xf0, 0x0, 0x0, 0x2f,
    0x0, 0xba, 0x2, 0xf0, 0xba, 0x0, 0x2f, 0xad,
    0x0, 0x2, 0xfb, 0xf3, 0x0, 0x2f, 0x8, 0xd0,
    0x2, 0xf0, 0xd, 0x70, 0x2f, 0x0, 0x4f, 0x20,
    0x0, 0x0, 0x0, 0x0, 0x0, 0x0, 0x0, 0x7f,
    0xff, 0x70,

    /* U+1E36 "Ḷ" */
    0xf, 0x30, 0x0, 0x0, 0xf3, 0x0, 0x0, 0xf,
    0x30, 0x0, 0x0, 0xf3, 0x0, 0x0, 0xf, 0x30,
    0x0, 0x0, 0xf3, 0x0, 0x0, 0xf, 0x30, 0x0,
    0x0, 0xf4, 0x22, 0x21, 0xf, 0xff, 0xff, 0xc0,
    0x0, 0x0, 0x0, 0x0, 0x3, 0x10, 0x0, 0x0,
    0xc6, 0x0,

    /* U+1E37 "ḷ" */
    0x2f, 0x2, 0xf0, 0x2f, 0x2, 0xf0, 0x2f, 0x2,
    0xf0, 0x2f, 0x2, 0xf0, 0x2f, 0x0, 0x0, 0x5,
    0x1, 0xf1,

    /* U+1E38 "Ḹ" */
    0x3, 0xff, 0xfb, 0x0, 0x0, 0x0, 0x0, 0xf,
    0x30, 0x0, 0x0, 0xf3, 0x0, 0x0, 0xf, 0x30,
    0x0, 0x0, 0xf3, 0x0, 0x0, 0xf, 0x30, 0x0,
    0x0, 0xf3, 0x0, 0x0, 0xf, 0x30, 0x0, 0x0,
    0xf4, 0x22, 0x21, 0xf, 0xff, 0xff, 0xc0, 0x0,
    0x0, 0x0, 0x0, 0x3, 0x10, 0x0, 0x0, 0xc6,
    0x0,

    /* U+1E39 "ḹ" */
    0x8f, 0xff, 0x60, 0x0, 0x0, 0x2, 0xf0, 0x0,
    0x2f, 0x0, 0x2, 0xf0, 0x0, 0x2f, 0x0, 0x2,
    0xf0, 0x0, 0x2f, 0x0, 0x2, 0xf0, 0x0, 0x2f,
    0x0, 0x2, 0xf0, 0x0, 0x0, 0x0, 0x0, 0x50,
    0x0, 0x1f, 0x10,

    /* U+1E3A "Ḻ" */
    0xf, 0x30, 0x0, 0x0, 0xf3, 0x0, 0x0, 0xf,
    0x30, 0x0, 0x0, 0xf3, 0x0, 0x0, 0xf, 0x30,
    0x0, 0x0, 0xf3, 0x0, 0x0, 0xf, 0x30, 0x0,
    0x0, 0xf4, 0x22, 0x21, 0xf, 0xff, 0xff, 0xc0,
    0x0, 0x0, 0x0, 0x0, 0x0, 0x0, 0x0, 0x2f,
    0xff, 0xc0,

    /* U+1E3B "ḻ" */
    0x2, 0xf0, 0x0, 0x2f, 0x0, 0x2, 0xf0, 0x0,
    0x2f, 0x0, 0x2, 0xf0, 0x0, 0x2f, 0x0, 0x2,
    0xf0, 0x0, 0x2f, 0x0, 0x2, 0xf0, 0x0, 0x0,
    0x0, 0x0, 0x0, 0x8, 0xff, 0xf6,

    /* U+1E3C "Ḽ" */
    0xf, 0x30, 0x0, 0x0, 0xf3, 0x0, 0x0, 0xf,
    0x30, 0x0, 0x0, 0xf3, 0x0, 0x0, 0xf, 0x30,
    0x0, 0x0, 0xf3, 0x0, 0x0, 0xf, 0x30, 0x0,
    0x0, 0xf4, 0x22, 0x21, 0xf, 0xff, 0xff, 0xc0,
    0x0, 0x0, 0x0, 0x0, 0x1e, 0xc0, 0x0, 0xb,
    0x8a, 0x80,

    /* U+1E3D "ḽ" */
    0x2, 0xf0, 0x0, 0x2f, 0x0, 0x2, 0xf0, 0x0,
    0x2f, 0x0, 0x2, 0xf0, 0x0, 0x2f, 0x0, 0x2,
    0xf0, 0x0, 0x2f, 0x0, 0x2, 0xf0, 0x0, 0x0,
    0x0, 0x7, 0xe6, 0x2, 0xe4, 0xe2,

    /* U+1E3E "Ḿ" */
    0x0, 0x0, 0x7, 0xa0, 0x0, 0x0, 0x0, 0xe,
    0x20, 0x0, 0x0, 0x0, 0x0, 0x0, 0x0, 0xf,
    0xf0, 0x0, 0x0, 0xfd, 0xf, 0xe5, 0x0, 0x5,
    0xed, 0xf, 0x8b, 0x0, 0xa, 0x9d, 0xf, 0x3f,
    0x10, 0x1e, 0x5d, 0xf, 0x2b, 0x60, 0x69, 0x5d,
    0xf, 0x25, 0xb0, 0xb3, 0x5d, 0xf, 0x20, 0xf3,
    0xd0, 0x5d, 0xf, 0x20, 0xad, 0x70, 0x5d, 0xf,
    0x20, 0x5f, 0x20, 0x5d,

    /* U+1E3F "ḿ" */
    0x0, 0x0, 0x6, 0xe1, 0x0, 0x0, 0x0, 0xa,
    0x30, 0x0, 0x2e, 0x8d, 0xe6, 0x8d, 0xe5, 0x2f,
    0x70, 0x5f, 0x70, 0x5d, 0x2f, 0x10, 0x2f, 0x0,
    0x2f, 0x2f, 0x0, 0x2f, 0x0, 0x2f, 0x2f, 0x0,
    0x2f, 0x0, 0x2f, 0x2f, 0x0, 0x2f, 0x0, 0x2f,
    0x2f, 0x0, 0x2f, 0x0, 0x2f,

    /* U+1E40 "Ṁ" */
    0x0, 0x0, 0x1, 0x0, 0x0, 0x0, 0x0, 0x2f,
    0x0, 0x0, 0x0, 0x0, 0x4, 0x0, 0x0, 0x0,
    0x0, 0x0, 0x0, 0x0, 0xf, 0xf0, 0x0, 0x0,
    0xfd, 0xf, 0xe5, 0x0, 0x5, 0xed, 0xf, 0x8b,
    0x0, 0xa, 0x9d, 0xf, 0x3f, 0x10, 0x1e, 0x5d,
    0xf, 0x2b, 0x60, 0x69, 0x5d, 0xf, 0x25, 0xb0,
    0xb3, 0x5d, 0xf, 0x20, 0xf3, 0xd0, 0x5d, 0xf,
    0x20, 0xad, 0x70, 0x5d, 0xf, 0x20, 0x5f, 0x20,
    0x5d,

    /* U+1E41 "ṁ" */
    0x0, 0x0, 0xf, 0x20, 0x0, 0x0, 0x0, 0x5,
    0x0, 0x0, 0x2e, 0x8d, 0xe6, 0x8d, 0xe5, 0x2f,
    0x70, 0x5f, 0x70, 0x5d, 0x2f, 0x10, 0x2f, 0x0,
    0x2f, 0x2f, 0x0, 0x2f, 0x0, 0x2f, 0x2f, 0x0,
    0x2f, 0x0, 0x2f, 0x2f, 0x0, 0x2f, 0x0, 0x2f,
    0x2f, 0x0, 0x2f, 0x0, 0x2f,

    /* U+1E42 "Ṃ" */
    0xf, 0xf0, 0x0, 0x0, 0xfd, 0xf, 0xe5, 0x0,
    0x5, 0xed, 0xf, 0x8b, 0x0, 0xa, 0x9d, 0xf,
    0x3f, 0x10, 0x1e, 0x5d, 0xf, 0x2b, 0x60, 0x69,
    0x5d, 0xf, 0x25, 0xb0, 0xb3, 0x5d, 0xf, 0x20,
    0xf3, 0xd0, 0x5d, 0xf, 0x20, 0xad, 0x70, 0x5d,
    0xf, 0x20, 0x5f, 0x20, 0x5d, 0x0, 0x0, 0x0,
    0x0, 0x0, 0x0, 0x0, 0x5, 0x0, 0x0, 0x0,
    0x0, 0x1f, 0x10, 0x0,

    /* U+1E43 "ṃ" */
    0x2e, 0x8d, 0xe6, 0x8d, 0xe5, 0x2f, 0x70, 0x5f,
    0x70, 0x5d, 0x2f, 0x10, 0x2f, 0x0, 0x2f, 0x2f,
    0x0, 0x2f, 0x0, 0x2f, 0x2f, 0x0, 0x2f, 0x0,
    0x2f, 0x2f, 0x0, 0x2f, 0x0, 0x2f, 0x2f, 0x0,
    0x2f, 0x0, 0x2f, 0x0, 0x0, 0x0, 0x0, 0x0,
    0x0, 0x0, 0x5, 0x0, 0x0, 0x0, 0x0, 0x1f,
    0x10, 0x0,

    /* U+1E44 "Ṅ" */
    0x0, 0x0, 0x0, 0x0, 0x0, 0xc, 0x60, 0x0,
    0x0, 0x3, 0x10, 0x0, 0x0, 0x0, 0x0, 0x0,
    0xf9, 0x0, 0x0, 0xd5, 0xff, 0x50, 0x0, 0xd5,
    0xf9, 0xe1, 0x0, 0xd5, 0xf3, 0xba, 0x0, 0xd5,
    0xf3, 0x1e, 0x60, 0xd5, 0xf3, 0x5, 0xf1, 0xd5,
    0xf3, 0x0, 0xab, 0xd5, 0xf3, 0x0, 0x1e, 0xf5,
    0xf3, 0x0, 0x4, 0xf5,

    /* U+1E45 "ṅ" */
    0x0, 0xa, 0x80, 0x0, 0x0, 0x32, 0x0, 0x2e,
    0x7c, 0xd8, 0x2, 0xf7, 0x1, 0xf3, 0x2f, 0x10,
    0xc, 0x52, 0xf0, 0x0, 0xc6, 0x2f, 0x0, 0xc,
    0x62, 0xf0, 0x0, 0xc6, 0x2f, 0x0, 0xc, 0x60,

    /* U+1E46 "Ṇ" */
    0xf9, 0x0, 0x0, 0xd5, 0xff, 0x50, 0x0, 0xd5,
    0xf9, 0xe1, 0x0, 0xd5, 0xf3, 0xba, 0x0, 0xd5,
    0xf3, 0x1e, 0x60, 0xd5, 0xf3, 0x5, 0xf1, 0xd5,
    0xf3, 0x0, 0xab, 0xd5, 0xf3, 0x0, 0x1e, 0xf5,
    0xf3, 0x0, 0x4, 0xf5, 0x0, 0x0, 0x0, 0x0,
    0x0, 0x3, 0x10, 0x0, 0x0, 0xc, 0x60, 0x0,

    /* U+1E47 "ṇ" */
    0x2e, 0x7c, 0xd8, 0x2, 0xf7, 0x1, 0xf3, 0x2f,
    0x10, 0xc, 0x52, 0xf0, 0x0, 0xc6, 0x2f, 0x0,
    0xc, 0x62, 0xf0, 0x0, 0xc6, 0x2f, 0x0, 0xc,
    0x60, 0x0, 0x0, 0x0, 0x0, 0x4, 0x10, 0x0,
    0x0, 0xd5, 0x0,

    /* U+1E48 "Ṉ" */
    0xf9, 0x0, 0x0, 0xd5, 0xff, 0x50, 0x0, 0xd5,
    0xf9, 0xe1, 0x0, 0xd5, 0xf3, 0xba, 0x0, 0xd5,
    0xf3, 0x1e, 0x60, 0xd5, 0xf3, 0x5, 0xf1, 0xd5,
    0xf3, 0x0, 0xab, 0xd5, 0xf3, 0x0, 0x1e, 0xf5,
    0xf3, 0x0, 0x4, 0xf5, 0x0, 0x0, 0x0, 0x0,
    0x0, 0x0, 0x0, 0x0, 0x4, 0xff, 0xfa, 0x0,

    /* U+1E49 "ṉ" */
    0x2e, 0x7c, 0xd8, 0x2, 0xf7, 0x1, 0xf3, 0x2f,
    0x10, 0xc, 0x52, 0xf0, 0x0, 0xc6, 0x2f, 0x0,
    0xc, 0x62, 0xf0, 0x0, 0xc6, 0x2f, 0x0, 0xc,
    0x60, 0x0, 0x0, 0x0, 0x0, 0x0, 0x0, 0x0,
    0x4f, 0xff, 0x90,

    /* U+1E4A "Ṋ" */
    0xf9, 0x0, 0x0, 0xd5, 0xff, 0x50, 0x0, 0xd5,
    0xf9, 0xe1, 0x0, 0xd5, 0xf3, 0xba, 0x0, 0xd5,
    0xf3, 0x1e, 0x60, 0xd5, 0xf3, 0x5, 0xf1, 0xd5,
    0xf3, 0x0, 0xab, 0xd5, 0xf3, 0x0, 0x1e, 0xf5,
    0xf3, 0x0, 0x4, 0xf5, 0x0, 0x0, 0x0, 0x0,
    0x0, 0x2e, 0xb0, 0x0, 0x0, 0xc7, 0xb8, 0x0,

    /* U+1E4B "ṋ" */
    0x2e, 0x7c, 0xd8, 0x2, 0xf7, 0x1, 0xf3, 0x2f,
    0x10, 0xc, 0x52, 0xf0, 0x0, 0xc6, 0x2f, 0x0,
    0xc, 0x62, 0xf0, 0x0, 0xc6, 0x2f, 0x0, 0xc,
    0x60, 0x0, 0x0, 0x0, 0x0, 0x5e, 0x80, 0x0,
    0x1e, 0x4e, 0x40,

    /* U+1E4C "Ṍ" */
    0x0, 0x0, 0x1f, 0x40, 0x0, 0x0, 0x0, 0x67,
    0x0, 0x0, 0x0, 0x8, 0xc2, 0xa2, 0x0, 0x0,
    0xc, 0x1b, 0xa0, 0x0, 0x0, 0x0, 0x0, 0x0,
    0x0, 0x0, 0x4b, 0xff, 0xc5, 0x0, 0x5, 0xf7,
    0x22, 0x6f, 0x70, 0xe, 0x70, 0x0, 0x5, 0xf1,
    0x4f, 0x0, 0x0, 0x0, 0xe6, 0x5e, 0x0, 0x0,
    0x0, 0xc7, 0x4f, 0x0, 0x0, 0x0, 0xe6, 0xe,
    0x60, 0x0, 0x5, 0xf1, 0x5, 0xf7, 0x22, 0x6f,
    0x70, 0x0, 0x4b, 0xff, 0xc5, 0x0,

    /* U+1E4D "ṍ" */
    0x0, 0x7, 0xd0, 0x0, 0x0, 0xb2, 0x0, 0x0,
    0x0, 0x0, 0x0, 0x4c, 0xdd, 0x70, 0x0, 0x0,
    0x0, 0x0, 0x3c, 0xfd, 0x50, 0x1e, 0x60, 0x3f,
    0x46, 0xc0, 0x0, 0x8a, 0x8a, 0x0, 0x6, 0xb6,
    0xc0, 0x0, 0x8a, 0x1f, 0x60, 0x3e, 0x40, 0x3c,
    0xfd, 0x50,

    /* U+1E4E "Ṏ" */
    0x0, 0x0, 0x0, 0x0, 0x0, 0x0, 0xb, 0x75,
    0xd0, 0x0, 0x0, 0x2, 0x11, 0x30, 0x0, 0x0,
    0x8, 0xc2, 0xa2, 0x0, 0x0, 0xc, 0x1b, 0xa0,
    0x0, 0x0, 0x0, 0x0, 0x0, 0x0, 0x0, 0x4b,
    0xff, 0xc5, 0x0, 0x5, 0xf7, 0x22, 0x6f, 0x70,
    0xe, 0x70, 0x0, 0x5, 0xf1, 0x4f, 0x0, 0x0,
    0x0, 0xe6, 0x5e, 0x0, 0x0, 0x0, 0xc7, 0x4f,
    0x0, 0x0, 0x0, 0xe6, 0xe, 0x60, 0x0, 0x5,
    0xf1, 0x5, 0xf7, 0x22, 0x6f, 0x70, 0x0, 0x4b,
    0xff, 0xc5, 0x0,

    /* U+1E4F "ṏ" */
    0x0, 0x10, 0x0, 0x0, 0x2f, 0xc, 0x60, 0x0,
    0x40, 0x31, 0x0, 0x0, 0x0, 0x0, 0x4, 0xcd,
    0xd7, 0x0, 0x0, 0x0, 0x0, 0x3, 0xcf, 0xd5,
    0x1, 0xe6, 0x3, 0xf4, 0x6c, 0x0, 0x8, 0xa8,
    0xa0, 0x0, 0x6b, 0x6c, 0x0, 0x8, 0xa1, 0xf6,
    0x3, 0xe4, 0x3, 0xcf, 0xd5, 0x0,

    /* U+1E50 "Ṑ" */
    0x0, 0x1, 0xe5, 0x0, 0x0, 0x0, 0x0, 0x39,
    0x0, 0x0, 0x0, 0xd, 0xff, 0xf1, 0x0, 0x0,
    0x0, 0x0, 0x0, 0x0, 0x0, 0x0, 0x0, 0x0,
    0x0, 0x0, 0x4b, 0xff, 0xc5, 0x0, 0x5, 0xf7,
    0x22, 0x6f, 0x70, 0xe, 0x70, 0x0, 0x5, 0xf1,
    0x4f, 0x0, 0x0, 0x0, 0xe6, 0x5e, 0x0, 0x0,
    0x0, 0xc7, 0x4f, 0x0, 0x0, 0x0, 0xe6, 0xe,
    0x60, 0x0, 0x5, 0xf1, 0x5, 0xf7, 0x22, 0x6f,
    0x70, 0x0, 0x4b, 0xff, 0xc5, 0x0,

    /* U+1E51 "ṑ" */
    0x0, 0x88, 0x0, 0x0, 0x1, 0xe1, 0x0, 0x0,
    0x0, 0x0, 0x0, 0x6f, 0xff, 0x80, 0x0, 0x0,
    0x0, 0x0, 0x3c, 0xfd, 0x50, 0x1e, 0x60, 0x3f,
    0x46, 0xc0, 0x0, 0x8a, 0x8a, 0x0, 0x6, 0xb6,
    0xc0, 0x0, 0x8a, 0x1f, 0x60, 0x3e, 0x40, 0x3c,
    0xfd, 0x50,

    /* U+1E52 "Ṓ" */
    0x0, 0x0, 0x1f, 0x40, 0x0, 0x0, 0x0, 0x67,
    0x0, 0x0, 0x0, 0xd, 0xff, 0xf1, 0x0, 0x0,
    0x0, 0x0, 0x0, 0x0, 0x0, 0x0, 0x0, 0x0,
    0x0, 0x0, 0x4b, 0xff, 0xc5, 0x0, 0x5, 0xf7,
    0x22, 0x6f, 0x70, 0xe, 0x70, 0x0, 0x5, 0xf1,
    0x4f, 0x0, 0x0, 0x0, 0xe6, 0x5e, 0x0, 0x0,
    0x0, 0xc7, 0x4f, 0x0, 0x0, 0x0, 0xe6, 0xe,
    0x60, 0x0, 0x5, 0xf1, 0x5, 0xf7, 0x22, 0x6f,
    0x70, 0x0, 0x4b, 0xff, 0xc5, 0x0,

    /* U+1E53 "ṓ" */
    0x0, 0x5, 0xb0, 0x0, 0x0, 0xd4, 0x0, 0x0,
    0x0, 0x0, 0x0, 0x6f, 0xff, 0x80, 0x0, 0x0,
    0x0, 0x0, 0x3c, 0xfd, 0x50, 0x1e, 0x60, 0x3f,
    0x46, 0xc0, 0x0, 0x8a, 0x8a, 0x0, 0x6, 0xb6,
    0xc0, 0x0, 0x8a, 0x1f, 0x60, 0x3e, 0x40, 0x3c,
    0xfd, 0x50,

    /* U+1E54 "Ṕ" */
    0x0, 0xb, 0x60, 0x0, 0x0, 0x4c, 0x0, 0x0,
    0x0, 0x0, 0x0, 0x0, 0xff, 0xff, 0xfb, 0x20,
    0xf5, 0x22, 0x2a, 0xd0, 0xf3, 0x0, 0x3, 0xf0,
    0xf3, 0x0, 0x1a, 0xd0, 0xff, 0xff, 0xfd, 0x30,
    0xf5, 0x22, 0x0, 0x0, 0xf3, 0x0, 0x0, 0x0,
    0xf3, 0x0, 0x0, 0x0, 0xf3, 0x0, 0x0, 0x0,

    /* U+1E55 "ṕ" */
    0x0, 0x7, 0xd0, 0x0, 0x0, 0xb2, 0x0, 0x2e,
    0x8e, 0xd6, 0x2, 0xf9, 0x2, 0xe4, 0x2f, 0x10,
    0x9, 0x92, 0xe0, 0x0, 0x7b, 0x2f, 0x0, 0x9,
    0x92, 0xf9, 0x3, 0xf3, 0x2f, 0x8e, 0xd5, 0x2,
    0xf0, 0x0, 0x0, 0x2f, 0x0, 0x0, 0x2, 0xf0,
    0x0, 0x0,

    /* U+1E56 "Ṗ" */
    0x0, 0x0, 0x0, 0x0, 0x0, 0x7b, 0x0, 0x0,
    0x0, 0x12, 0x0, 0x0, 0x0, 0x0, 0x0, 0x0,
    0xff, 0xff, 0xfb, 0x20, 0xf5, 0x22, 0x2a, 0xd0,
    0xf3, 0x0, 0x3, 0xf0, 0xf3, 0x0, 0x1a, 0xd0,
    0xff, 0xff, 0xfd, 0x30, 0xf5, 0x22, 0x0, 0x0,
    0xf3, 0x0, 0x0, 0x0, 0xf3, 0x0, 0x0, 0x0,
    0xf3, 0x0, 0x0, 0x0,

    /* U+1E57 "ṗ" */
    0x0, 0xd, 0x50, 0x0, 0x0, 0x41, 0x0, 0x2e,
    0x8e, 0xd6, 0x2, 0xf9, 0x2, 0xe4, 0x2f, 0x10,
    0x9, 0x92, 0xe0, 0x0, 0x7b, 0x2f, 0x0, 0x9,
    0x92, 0xf9, 0x3, 0xf3, 0x2f, 0x8e, 0xd5, 0x2,
    0xf0, 0x0, 0x0, 0x2f, 0x0, 0x0, 0x2, 0xf0,
    0x0, 0x0,

    /* U+1E58 "Ṙ" */
    0x0, 0x1, 0x0, 0x0, 0x0, 0x0, 0xf2, 0x0,
    0x0, 0x0, 0x4, 0x0, 0x0, 0x0, 0x0, 0x0,
    0x0, 0x0, 0xff, 0xff, 0xfd, 0x60, 0xf, 0x40,
    0x1, 0x5f, 0x30, 0xf4, 0x0, 0x0, 0xd6, 0xf,
    0x40, 0x0, 0x5f, 0x30, 0xff, 0xff, 0xfd, 0x60,
    0xf, 0x62, 0x4d, 0x80, 0x0, 0xf4, 0x0, 0x1e,
    0x80, 0xf, 0x40, 0x0, 0x5f, 0x30, 0xf4, 0x0,
    0x0, 0xad, 0x0,

    /* U+1E59 "ṙ" */
    0x6, 0xc0, 0x0, 0x23, 0x0, 0x2e, 0xaf, 0x42,
    0xf7, 0x10, 0x2f, 0x0, 0x2, 0xf0, 0x0, 0x2f,
    0x0, 0x2, 0xf0, 0x0, 0x2f, 0x0, 0x0,

    /* U+1E5A "Ṛ" */
    0xff, 0xff, 0xfd, 0x60, 0xf, 0x40, 0x1, 0x5f,
    0x30, 0xf4, 0x0, 0x0, 0xd6, 0xf, 0x40, 0x0,
    0x5f, 0x30, 0xff, 0xff, 0xfd, 0x60, 0xf, 0x62,
    0x4d, 0x80, 0x0, 0xf4, 0x0, 0x1e, 0x80, 0xf,
    0x40, 0x0, 0x5f, 0x30, 0xf4, 0x0, 0x0, 0xad,
    0x0, 0x0, 0x0, 0x0, 0x0, 0x0, 0x4, 0x0,
    0x0, 0x0, 0x0, 0xf3, 0x0, 0x0,

    /* U+1E5B "ṛ" */
    0x2e, 0xaf, 0x42, 0xf7, 0x10, 0x2f, 0x0, 0x2,
    0xf0, 0x0, 0x2f, 0x0, 0x2, 0xf0, 0x0, 0x2f,
    0x0, 0x0, 0x0, 0x0, 0x2, 0x30, 0x0, 0x6c,
    0x0,

    /* U+1E5C "Ṝ" */
    0x7, 0xff, 0xf7, 0x0, 0x0, 0x0, 0x0, 0x0,
    0x0, 0xff, 0xff, 0xfd, 0x60, 0xf, 0x40, 0x1,
    0x5f, 0x30, 0xf4, 0x0, 0x0, 0xd6, 0xf, 0x40,
    0x0, 0x5f, 0x30, 0xff, 0xff, 0xfd, 0x60, 0xf,
    0x62, 0x4d, 0x80, 0x0, 0xf4, 0x0, 0x1e, 0x80,
    0xf, 0x40, 0x0, 0x5f, 0x30, 0xf4, 0x0, 0x0,
    0xad, 0x0, 0x0, 0x0, 0x0, 0x0, 0x0, 0x4,
    0x0, 0x0, 0x0, 0x0, 0xf3, 0x0, 0x0,

    /* U+1E5D "ṝ" */
    0xcf, 0xff, 0x20, 0x0, 0x0, 0x2e, 0xaf, 0x42,
    0xf7, 0x10, 0x2f, 0x0, 0x2, 0xf0, 0x0, 0x2f,
    0x0, 0x2, 0xf0, 0x0, 0x2f, 0x0, 0x0, 0x0,
    0x0, 0x2, 0x30, 0x0, 0x6c, 0x0,

    /* U+1E5E "Ṟ" */
    0xff, 0xff, 0xfd, 0x60, 0xf, 0x40, 0x1, 0x5f,
    0x30, 0xf4, 0x0, 0x0, 0xd6, 0xf, 0x40, 0x0,
    0x5f, 0x30, 0xff, 0xff, 0xfd, 0x60, 0xf, 0x62,
    0x4d, 0x80, 0x0, 0xf4, 0x0, 0x1e, 0x80, 0xf,
    0x40, 0x0, 0x5f, 0x30, 0xf4, 0x0, 0x0, 0xad,
    0x0, 0x0, 0x0, 0x0, 0x0, 0x0, 0x0, 0x0,
    0x0, 0x0, 0x2f, 0xff, 0xc0, 0x0,

    /* U+1E5F "ṟ" */
    0x2e, 0xaf, 0x42, 0xf7, 0x10, 0x2f, 0x0, 0x2,
    0xf0, 0x0, 0x2f, 0x0, 0x2, 0xf0, 0x0, 0x2f,
    0x0, 0x0, 0x0, 0x0, 0x0, 0x0, 0xd, 0xff,
    0xf0,

    /* U+1E60 "Ṡ" */
    0x0, 0x0, 0x0, 0x0, 0x0, 0x7, 0xb0, 0x0,
    0x0, 0x1, 0x20, 0x0, 0x0, 0x0, 0x0, 0x0,
    0x1, 0xae, 0xfd, 0x60, 0xc, 0xa3, 0x25, 0xf5,
    0xf, 0x30, 0x0, 0x66, 0x9, 0xd7, 0x30, 0x0,
    0x0, 0x4a, 0xee, 0x91, 0x0, 0x0, 0x2, 0xbb,
    0x4e, 0x0, 0x0, 0x4f, 0xd, 0xb4, 0x24, 0xca,
    0x1, 0x9e, 0xfd, 0x80,

    /* U+1E61 "ṡ" */
    0x0, 0x5d, 0x0, 0x0, 0x14, 0x0, 0x8, 0xee,
    0xb1, 0x5d, 0x10, 0xa9, 0x4e, 0x72, 0x0, 0x5,
    0xcf, 0xd4, 0x12, 0x0, 0x8e, 0x5d, 0x10, 0x7d,
    0x8, 0xef, 0xc2,

    /* U+1E62 "Ṣ" */
    0x1, 0xae, 0xfd, 0x60, 0xc, 0xa3, 0x25, 0xf5,
    0xf, 0x30, 0x0, 0x66, 0x9, 0xd7, 0x30, 0x0,
    0x0, 0x4a, 0xee, 0x91, 0x0, 0x0, 0x2, 0xbb,
    0x4e, 0x0, 0x0, 0x4f, 0xd, 0xb4, 0x24, 0xca,
    0x1, 0x9e, 0xfd, 0x80, 0x0, 0x0, 0x0, 0x0,
    0x0, 0x1, 0x40, 0x0, 0x0, 0x3, 0xe0, 0x0,

    /* U+1E63 "ṣ" */
    0x8, 0xee, 0xb1, 0x5d, 0x10, 0xa9, 0x4e, 0x72,
    0x0, 0x5, 0xcf, 0xd4, 0x12, 0x0, 0x8e, 0x5d,
    0x10, 0x7d, 0x8, 0xef, 0xc2, 0x0, 0x0, 0x0,
    0x0, 0x14, 0x0, 0x0, 0x5d, 0x0,

    /* U+1E64 "Ṥ" */
    0x0, 0x0, 0x0, 0x0, 0x0, 0x4e, 0x2f, 0x30,
    0x0, 0x13, 0x76, 0x0, 0x0, 0x0, 0x0, 0x0,
    0x1, 0xae, 0xfd, 0x60, 0xc, 0xa3, 0x25, 0xf5,
    0xf, 0x30, 0x0, 0x66, 0x9, 0xd7, 0x30, 0x0,
    0x0, 0x4a, 0xee, 0x91, 0x0, 0x0, 0x2, 0xbb,
    0x4e, 0x0, 0x0, 0x4f, 0xd, 0xb4, 0x24, 0xca,
    0x1, 0x9e, 0xfd, 0x80,

    /* U+1E65 "ṥ" */
    0x0, 0x0, 0x0, 0x8, 0x90, 0x0, 0x2, 0x27,
    0xd0, 0x0, 0xb, 0x20, 0x8, 0xee, 0xb1, 0x5d,
    0x10, 0xa9, 0x4e, 0x72, 0x0, 0x5, 0xcf, 0xd4,
    0x12, 0x0, 0x8e, 0x5d, 0x10, 0x7d, 0x8, 0xef,
    0xc2,

    /* U+1E66 "Ṧ" */
    0x0, 0x0, 0x0, 0x0, 0x0, 0x4, 0xe0, 0x0,
    0x0, 0x1, 0x30, 0x0, 0x0, 0x6c, 0x3e, 0x10,
    0x0, 0xc, 0xe7, 0x0, 0x0, 0x2, 0x60, 0x0,
    0x1, 0xae, 0xfd, 0x60, 0xc, 0xa3, 0x25, 0xf5,
    0xf, 0x30, 0x0, 0x66, 0x9, 0xd7, 0x30, 0x0,
    0x0, 0x4a, 0xee, 0x91, 0x0, 0x0, 0x2, 0xbb,
    0x4e, 0x0, 0x0, 0x4f, 0xd, 0xb4, 0x24, 0xca,
    0x1, 0x9e, 0xfd, 0x80,

    /* U+1E67 "ṧ" */
    0x0, 0x0, 0x0, 0x0, 0x5d, 0x0, 0x0, 0x13,
    0x0, 0x0, 0x0, 0x0, 0x4, 0xd8, 0xb0, 0x0,
    0x36, 0x0, 0x8, 0xee, 0xb1, 0x5d, 0x10, 0xa9,
    0x4e, 0x72, 0x0, 0x5, 0xcf, 0xd4, 0x12, 0x0,
    0x8e, 0x5d, 0x10, 0x7d, 0x8, 0xef, 0xc2,

    /* U+1E68 "Ṩ" */
    0x0, 0x0, 0x0, 0x0, 0x0, 0x3, 0xe0, 0x0,
    0x0, 0x0, 0x30, 0x0, 0x1, 0xae, 0xfd, 0x60,
    0xc, 0xa3, 0x25, 0xf5, 0xf, 0x30, 0x0, 0x66,
    0x9, 0xd7, 0x30, 0x0, 0x0, 0x4a, 0xee, 0x91,
    0x0, 0x0, 0x2, 0xbb, 0x4e, 0x0, 0x0, 0x4f,
    0xd, 0xb4, 0x24, 0xca, 0x1, 0x9e, 0xfd, 0x80,
    0x0, 0x0, 0x0, 0x0, 0x0, 0x1, 0x40, 0x0,
    0x0, 0x3, 0xe0, 0x0,

    /* U+1E69 "ṩ" */
    0x0, 0x5d, 0x0, 0x0, 0x14, 0x0, 0x8, 0xee,
    0xb1, 0x5d, 0x10, 0xa9, 0x4e, 0x72, 0x0, 0x5,
    0xcf, 0xd4, 0x12, 0x0, 0x8e, 0x5d, 0x10, 0x7d,
    0x8, 0xef, 0xc2, 0x0, 0x0, 0x0, 0x0, 0x14,
    0x0, 0x0, 0x5d, 0x0,

    /* U+1E6A "Ṫ" */
    0x0, 0x0, 0x0, 0x0, 0x0, 0x9, 0x90, 0x0,
    0x0, 0x2, 0x20, 0x0, 0x0, 0x0, 0x0, 0x0,
    0xbf, 0xff, 0xff, 0xfa, 0x12, 0x2b, 0xa2, 0x21,
    0x0, 0xa, 0x90, 0x0, 0x0, 0xa, 0x90, 0x0,
    0x0, 0xa, 0x90, 0x0, 0x0, 0xa, 0x90, 0x0,
    0x0, 0xa, 0x90, 0x0, 0x0, 0xa, 0x90, 0x0,
    0x0, 0xa, 0x90, 0x0,

    /* U+1E6B "ṫ" */
    0x0, 0x0, 0xf, 0x30, 0x3, 0x0, 0x2, 0x10,
    0xe, 0x30, 0xf, 0x30, 0xbf, 0xe4, 0xf, 0x30,
    0xf, 0x30, 0xf, 0x30, 0xf, 0x30, 0xe, 0x50,
    0x9, 0xf6,

    /* U+1E6C "Ṭ" */
    0xbf, 0xff, 0xff, 0xfa, 0x12, 0x2b, 0xa2, 0x21,
    0x0, 0xa, 0x90, 0x0, 0x0, 0xa, 0x90, 0x0,
    0x0, 0xa, 0x90, 0x0, 0x0, 0xa, 0x90, 0x0,
    0x0, 0xa, 0x90, 0x0, 0x0, 0xa, 0x90, 0x0,
    0x0, 0xa, 0x90, 0x0, 0x0, 0x0, 0x0, 0x0,
    0x0, 0x3, 0x20, 0x0, 0x0, 0xa, 0x80, 0x0,

    /* U+1E6D "ṭ" */
    0x1, 0x10, 0xe, 0x30, 0xf, 0x30, 0xbf, 0xe4,
    0xf, 0x30, 0xf, 0x30, 0xf, 0x30, 0xf, 0x30,
    0xe, 0x50, 0x9, 0xf6, 0x0, 0x0, 0x2, 0x30,
    0x6, 0xc0,

    /* U+1E6E "Ṯ" */
    0xbf, 0xff, 0xff, 0xfa, 0x12, 0x2b, 0xa2, 0x21,
    0x0, 0xa, 0x90, 0x0, 0x0, 0xa, 0x90, 0x0,
    0x0, 0xa, 0x90, 0x0, 0x0, 0xa, 0x90, 0x0,
    0x0, 0xa, 0x90, 0x0, 0x0, 0xa, 0x90, 0x0,
    0x0, 0xa, 0x90, 0x0, 0x0, 0x0, 0x0, 0x0,
    0x0, 0x0, 0x0, 0x0, 0x0, 0xff, 0xfd, 0x0,

    /* U+1E6F "ṯ" */
    0x0, 0x11, 0x0, 0xe, 0x30, 0x0, 0xf3, 0x0,
    0xbf, 0xe4, 0x0, 0xf3, 0x0, 0xf, 0x30, 0x0,
    0xf3, 0x0, 0xf, 0x30, 0x0, 0xe5, 0x0, 0x9,
    0xf6, 0x0, 0x0, 0x0, 0x0, 0x0, 0x2f, 0xff,
    0xc0,

    /* U+1E70 "Ṱ" */
    0xbf, 0xff, 0xff, 0xfa, 0x12, 0x2b, 0xa2, 0x21,
    0x0, 0xa, 0x90, 0x0, 0x0, 0xa, 0x90, 0x0,
    0x0, 0xa, 0x90, 0x0, 0x0, 0xa, 0x90, 0x0,
    0x0, 0xa, 0x90, 0x0, 0x0, 0xa, 0x90, 0x0,
    0x0, 0xa, 0x90, 0x0, 0x0, 0x0, 0x0, 0x0,
    0x0, 0x1d, 0xc0, 0x0, 0x0, 0xa8, 0x99, 0x0,

    /* U+1E71 "ṱ" */
    0x1, 0x10, 0x0, 0xe3, 0x0, 0xf, 0x30, 0xb,
    0xfe, 0x40, 0xf, 0x30, 0x0, 0xf3, 0x0, 0xf,
    0x30, 0x0, 0xf3, 0x0, 0xe, 0x50, 0x0, 0x9f,
    0x60, 0x0, 0x0, 0x0, 0xde, 0x10, 0x9a, 0x7b,
    0x0,

    /* U+1E72 "Ṳ" */
    0xf4, 0x0, 0x0, 0xe5, 0xf4, 0x0, 0x0, 0xe5,
    0xf4, 0x0, 0x0, 0xe5, 0xf4, 0x0, 0x0, 0xe5,
    0xf4, 0x0, 0x0, 0xe5, 0xf4, 0x0, 0x0, 0xe5,
    0xd6, 0x0, 0x1, 0xf3, 0x8e, 0x52, 0x3b, 0xd0,
    0x8, 0xdf, 0xea, 0x10, 0x0, 0x0, 0x0, 0x0,
    0x0, 0x50, 0x31, 0x0, 0x2, 0xf0, 0xc6, 0x0,

    /* U+1E73 "ṳ" */
    0x2f, 0x0, 0xd, 0x52, 0xf0, 0x0, 0xd5, 0x2f,
    0x0, 0xd, 0x52, 0xf0, 0x0, 0xd5, 0x2f, 0x0,
    0xe, 0x50, 0xf4, 0x5, 0xf5, 0x5, 0xed, 0xab,
    0x50, 0x0, 0x0, 0x0, 0x1, 0x40, 0x41, 0x0,
    0x3f, 0xe, 0x40,

    /* U+1E74 "Ṵ" */
    0xf4, 0x0, 0x0, 0xe5, 0xf4, 0x0, 0x0, 0xe5,
    0xf4, 0x0, 0x0, 0xe5, 0xf4, 0x0, 0x0, 0xe5,
    0xf4, 0x0, 0x0, 0xe5, 0xf4, 0x0, 0x0, 0xe5,
    0xd6, 0x0, 0x1, 0xf3, 0x8e, 0x52, 0x3b, 0xd0,
    0x8, 0xdf, 0xea, 0x10, 0x0, 0x0, 0x0, 0x0,
    0x0, 0xba, 0x1b, 0x0, 0x5, 0x84, 0xe6, 0x0,

    /* U+1E75 "ṵ" */
    0x2f, 0x0, 0xd, 0x52, 0xf0, 0x0, 0xd5, 0x2f,
    0x0, 0xd, 0x52, 0xf0, 0x0, 0xd5, 0x2f, 0x0,
    0xe, 0x50, 0xf4, 0x5, 0xf5, 0x5, 0xed, 0xab,
    0x50, 0x0, 0x0, 0x0, 0x2, 0xc8, 0x39, 0x0,
    0x75, 0x6e, 0x40,

    /* U+1E76 "Ṷ" */
    0xf4, 0x0, 0x0, 0xe5, 0xf4, 0x0, 0x0, 0xe5,
    0xf4, 0x0, 0x0, 0xe5, 0xf4, 0x0, 0x0, 0xe5,
    0xf4, 0x0, 0x0, 0xe5, 0xf4, 0x0, 0x0, 0xe5,
    0xd6, 0x0, 0x1, 0xf3, 0x8e, 0x52, 0x3b, 0xd0,
    0x8, 0xdf, 0xea, 0x10, 0x0, 0x0, 0x0, 0x0,
    0x0, 0x4f, 0xb0, 0x0, 0x0, 0xe5, 0xd6, 0x0,

    /* U+1E77 "ṷ" */
    0x2f, 0x0, 0xd, 0x52, 0xf0, 0x0, 0xd5, 0x2f,
    0x0, 0xd, 0x52, 0xf0, 0x0, 0xd5, 0x2f, 0x0,
    0xe, 0x50, 0xf4, 0x5, 0xf5, 0x5, 0xed, 0xab,
    0x50, 0x0, 0x0, 0x0, 0x0, 0x5e, 0x70, 0x0,
    0x2e, 0x4e, 0x30,

    /* U+1E78 "Ṹ" */
    0x0, 0x6, 0xd1, 0x0, 0x0, 0xa, 0x30, 0x0,
    0x0, 0xba, 0x1c, 0x0, 0x3, 0x83, 0xd7, 0x0,
    0x0, 0x0, 0x0, 0x0, 0xf4, 0x0, 0x0, 0xe5,
    0xf4, 0x0, 0x0, 0xe5, 0xf4, 0x0, 0x0, 0xe5,
    0xf4, 0x0, 0x0, 0xe5, 0xf4, 0x0, 0x0, 0xe5,
    0xf4, 0x0, 0x0, 0xe5, 0xd6, 0x0, 0x1, 0xf3,
    0x8e, 0x52, 0x3b, 0xd0, 0x8, 0xdf, 0xea, 0x10,

    /* U+1E79 "ṹ" */
    0x0, 0x7, 0xd0, 0x0, 0x0, 0xb2, 0x0, 0x0,
    0x0, 0x0, 0x0, 0x4c, 0xdd, 0x70, 0x0, 0x0,
    0x0, 0x2, 0xf0, 0x0, 0xd5, 0x2f, 0x0, 0xd,
    0x52, 0xf0, 0x0, 0xd5, 0x2f, 0x0, 0xd, 0x52,
    0xf0, 0x0, 0xe5, 0xf, 0x40, 0x5f, 0x50, 0x5e,
    0xda, 0xb5,

    /* U+1E7A "Ṻ" */
    0x0, 0x10, 0x0, 0x0, 0x1, 0xf1, 0xb7, 0x0,
    0x0, 0x40, 0x21, 0x0, 0x4, 0xff, 0xfa, 0x0,
    0x0, 0x0, 0x0, 0x0, 0xf4, 0x0, 0x0, 0xe5,
    0xf4, 0x0, 0x0, 0xe5, 0xf4, 0x0, 0x0, 0xe5,
    0xf4, 0x0, 0x0, 0xe5, 0xf4, 0x0, 0x0, 0xe5,
    0xf4, 0x0, 0x0, 0xe5, 0xd6, 0x0, 0x1, 0xf3,
    0x8e, 0x52, 0x3b, 0xd0, 0x8, 0xdf, 0xea, 0x10,

    /* U+1E7B "ṻ" */
    0x0, 0x10, 0x0, 0x0, 0x2f, 0xc, 0x60, 0x0,
    0x40, 0x31, 0x0, 0x5f, 0xff, 0x90, 0x0, 0x0,
    0x0, 0x2, 0xf0, 0x0, 0xd5, 0x2f, 0x0, 0xd,
    0x52, 0xf0, 0x0, 0xd5, 0x2f, 0x0, 0xd, 0x52,
    0xf0, 0x0, 0xe5, 0xf, 0x40, 0x5f, 0x50, 0x5e,
    0xda, 0xb5,

    /* U+1E7C "Ṽ" */
    0x0, 0x5d, 0x46, 0x50, 0x0, 0xb, 0x19, 0xc1,
    0x0, 0x0, 0x0, 0x0, 0x0, 0xb, 0x90, 0x0,
    0x0, 0xd5, 0x5e, 0x0, 0x0, 0x4e, 0x0, 0xe5,
    0x0, 0xa, 0x90, 0x8, 0xb0, 0x0, 0xf2, 0x0,
    0x2f, 0x10, 0x6c, 0x0, 0x0, 0xb7, 0xc, 0x50,
    0x0, 0x5, 0xc2, 0xe0, 0x0, 0x0, 0xe, 0xa8,
    0x0, 0x0, 0x0, 0x8f, 0x20, 0x0,

    /* U+1E7D "ṽ" */
    0x7, 0xdd, 0xc3, 0x0, 0x0, 0x0, 0x0, 0xa8,
    0x0, 0xf, 0x24, 0xe0, 0x5, 0xc0, 0xe, 0x30,
    0xb6, 0x0, 0x89, 0x1f, 0x10, 0x2, 0xe6, 0xb0,
    0x0, 0xd, 0xe5, 0x0, 0x0, 0x7f, 0x0, 0x0,

    /* U+1E7E "Ṿ" */
    0xb9, 0x0, 0x0, 0xd, 0x55, 0xe0, 0x0, 0x4,
    0xe0, 0xe, 0x50, 0x0, 0xa9, 0x0, 0x8b, 0x0,
    0xf, 0x20, 0x2, 0xf1, 0x6, 0xc0, 0x0, 0xb,
    0x70, 0xc5, 0x0, 0x0, 0x5c, 0x2e, 0x0, 0x0,
    0x0, 0xea, 0x80, 0x0, 0x0, 0x8, 0xf2, 0x0,
    0x0, 0x0, 0x0, 0x0, 0x0, 0x0, 0x1, 0x40,
    0x0, 0x0, 0x0, 0x3e, 0x0, 0x0,

    /* U+1E7F "ṿ" */
    0xa8, 0x0, 0xf, 0x24, 0xe0, 0x5, 0xc0, 0xe,
    0x30, 0xb6, 0x0, 0x89, 0x1f, 0x10, 0x2, 0xe6,
    0xb0, 0x0, 0xd, 0xe5, 0x0, 0x0, 0x7f, 0x0,
    0x0, 0x0, 0x0, 0x0, 0x0, 0x14, 0x0, 0x0,
    0x4, 0xe0, 0x0,

    /* U+1E80 "Ẁ" */
    0x0, 0x0, 0x29, 0x0, 0x0, 0x0, 0x0, 0x0,
    0x9, 0x60, 0x0, 0x0, 0x0, 0x0, 0x0, 0x0,
    0x0, 0x0, 0x5d, 0x0, 0xa, 0xe0, 0x0, 0x9a,
    0x1f, 0x10, 0xe, 0xf2, 0x0, 0xd6, 0xd, 0x50,
    0x2f, 0xc6, 0x1, 0xf1, 0x8, 0x90, 0x6c, 0x7a,
    0x5, 0xd0, 0x4, 0xd0, 0xa7, 0x3e, 0x9, 0x90,
    0x0, 0xf1, 0xe3, 0xf, 0x2d, 0x40, 0x0, 0xc7,
    0xf0, 0xb, 0x7f, 0x0, 0x0, 0x7e, 0xb0, 0x7,
    0xec, 0x0, 0x0, 0x3f, 0x70, 0x2, 0xf7, 0x0,

    /* U+1E81 "ẁ" */
    0x0, 0x0, 0xd3, 0x0, 0x0, 0x0, 0x0, 0x3,
    0x70, 0x0, 0x0, 0x99, 0x0, 0x6f, 0x0, 0xf,
    0x34, 0xe0, 0xb, 0xf5, 0x3, 0xe0, 0xe, 0x20,
    0xf8, 0x90, 0x89, 0x0, 0xa7, 0x4c, 0x2e, 0xc,
    0x40, 0x5, 0xb8, 0x70, 0xe4, 0xf0, 0x0, 0xf,
    0xd3, 0x9, 0xcb, 0x0, 0x0, 0xbe, 0x0, 0x4f,
    0x60, 0x0,

    /* U+1E82 "Ẃ" */
    0x0, 0x0, 0x0, 0x65, 0x0, 0x0, 0x0, 0x0,
    0x1, 0xd0, 0x0, 0x0, 0x0, 0x0, 0x0, 0x0,
    0x0, 0x0, 0x5d, 0x0, 0xa, 0xe0, 0x0, 0x9a,
    0x1f, 0x10, 0xe, 0xf2, 0x0, 0xd6, 0xd, 0x50,
    0x2f, 0xc6, 0x1, 0xf1, 0x8, 0x90, 0x6c, 0x7a,
    0x5, 0xd0, 0x4, 0xd0, 0xa7, 0x3e, 0x9, 0x90,
    0x0, 0xf1, 0xe3, 0xf, 0x2d, 0x40, 0x0, 0xc7,
    0xf0, 0xb, 0x7f, 0x0, 0x0, 0x7e, 0xb0, 0x7,
    0xec, 0x0, 0x0, 0x3f, 0x70, 0x2, 0xf7, 0x0,

    /* U+1E83 "ẃ" */
    0x0, 0x0, 0x8, 0x90, 0x0, 0x0, 0x0, 0x0,
    0x90, 0x0, 0x0, 0x99, 0x0, 0x6f, 0x0, 0xf,
    0x34, 0xe0, 0xb, 0xf5, 0x3, 0xe0, 0xe, 0x20,
    0xf8, 0x90, 0x89, 0x0, 0xa7, 0x4c, 0x2e, 0xc,
    0x40, 0x5, 0xb8, 0x70, 0xe4, 0xf0, 0x0, 0xf,
    0xd3, 0x9, 0xcb, 0x0, 0x0, 0xbe, 0x0, 0x4f,
    0x60, 0x0,

    /* U+1E84 "Ẅ" */
    0x0, 0x0, 0x0, 0x0, 0x0, 0x0, 0x0, 0x0,
    0x99, 0x5d, 0x0, 0x0, 0x0, 0x0, 0x12, 0x12,
    0x0, 0x0, 0x5d, 0x0, 0xa, 0xe0, 0x0, 0x9a,
    0x1f, 0x10, 0xe, 0xf2, 0x0, 0xd6, 0xd, 0x50,
    0x2f, 0xc6, 0x1, 0xf1, 0x8, 0x90, 0x6c, 0x7a,
    0x5, 0xd0, 0x4, 0xd0, 0xa7, 0x3e, 0x9, 0x90,
    0x0, 0xf1, 0xe3, 0xf, 0x2d, 0x40, 0x0, 0xc7,
    0xf0, 0xb, 0x7f, 0x0, 0x0, 0x7e, 0xb0, 0x7,
    0xec, 0x0, 0x0, 0x3f, 0x70, 0x2, 0xf7, 0x0,

    /* U+1E85 "ẅ" */
    0x0, 0x6, 0xc1, 0xf0, 0x0, 0x0, 0x0, 0x13,
    0x4, 0x0, 0x0, 0x99, 0x0, 0x6f, 0x0, 0xf,
    0x34, 0xe0, 0xb, 0xf5, 0x3, 0xe0, 0xe, 0x20,
    0xf8, 0x90, 0x89, 0x0, 0xa7, 0x4c, 0x2e, 0xc,
    0x40, 0x5, 0xb8, 0x70, 0xe4, 0xf0, 0x0, 0xf,
    0xd3, 0x9, 0xcb, 0x0, 0x0, 0xbe, 0x0, 0x4f,
    0x60, 0x0,

    /* U+1E86 "Ẇ" */
    0x0, 0x0, 0x0, 0x0, 0x0, 0x0, 0x0, 0x0,
    0x0, 0x6c, 0x0, 0x0, 0x0, 0x0, 0x0, 0x1,
    0x30, 0x0, 0x0, 0x0, 0x0, 0x0, 0x0, 0x0,
    0x0, 0x0, 0xb8, 0x0, 0xb, 0xf1, 0x0, 0x3f,
    0x6, 0xc0, 0x0, 0xfc, 0x50, 0x7, 0xb0, 0x2f,
    0x0, 0x4c, 0x7a, 0x0, 0xb6, 0x0, 0xe3, 0x8,
    0x72, 0xe0, 0xf, 0x20, 0x9, 0x70, 0xd2, 0xe,
    0x34, 0xd0, 0x0, 0x5a, 0x1e, 0x0, 0x97, 0x88,
    0x0, 0x1, 0xe6, 0x90, 0x5, 0xbc, 0x40, 0x0,
    0xc, 0xb5, 0x0, 0xe, 0xe0, 0x0, 0x0, 0x7f,
    0x0, 0x0, 0xcb, 0x0, 0x0,

    /* U+1E87 "ẇ" */
    0x0, 0x0, 0xd5, 0x0, 0x0, 0x0, 0x0, 0x41,
    0x0, 0x0, 0xc6, 0x0, 0xf6, 0x0, 0xe2, 0x7a,
    0x3, 0xfb, 0x3, 0xd0, 0x3e, 0x8, 0x9e, 0x8,
    0x80, 0xe, 0x2c, 0x3e, 0x3c, 0x40, 0x9, 0x7e,
    0xa, 0x8e, 0x0, 0x4, 0xeb, 0x6, 0xfa, 0x0,
    0x0, 0xf7, 0x1, 0xf5, 0x0,

    /* U+1E88 "Ẉ" */
    0xb8, 0x0, 0xb, 0xf1, 0x0, 0x3f, 0x6, 0xc0,
    0x0, 0xfc, 0x50, 0x7, 0xb0, 0x2f, 0x0, 0x4c,
    0x7a, 0x0, 0xb6, 0x0, 0xe3, 0x8, 0x72, 0xe0,
    0xf, 0x20, 0x9, 0x70, 0xd2, 0xe, 0x34, 0xd0,
    0x0, 0x5a, 0x1e, 0x0, 0x97, 0x88, 0x0, 0x1,
    0xe6, 0x90, 0x5, 0xbc, 0x40, 0x0, 0xc, 0xb5,
    0x0, 0xe, 0xe0, 0x0, 0x0, 0x7f, 0x0, 0x0,
    0xcb, 0x0, 0x0, 0x0, 0x0, 0x0, 0x0, 0x0,
    0x0, 0x0, 0x0, 0x2, 0x30, 0x0, 0x0, 0x0,
    0x0, 0x0, 0x6c, 0x0, 0x0, 0x0,

    /* U+1E89 "ẉ" */
    0xc6, 0x0, 0xf6, 0x0, 0xe2, 0x7a, 0x3, 0xfb,
    0x3, 0xd0, 0x3e, 0x8, 0x9e, 0x8, 0x80, 0xe,
    0x2c, 0x3e, 0x3c, 0x40, 0x9, 0x7e, 0xa, 0x8e,
    0x0, 0x4, 0xeb, 0x6, 0xfa, 0x0, 0x0, 0xf7,
    0x1, 0xf5, 0x0, 0x0, 0x0, 0x0, 0x0, 0x0,
    0x0, 0x0, 0x41, 0x0, 0x0, 0x0, 0x0, 0xd5,
    0x0, 0x0,

    /* U+1E8A "Ẋ" */
    0x0, 0x0, 0x10, 0x0, 0x0, 0x0, 0xf, 0x20,
    0x0, 0x0, 0x0, 0x40, 0x0, 0x0, 0x0, 0x0,
    0x0, 0x0, 0x2f, 0x50, 0x0, 0x6d, 0x10, 0x6e,
    0x10, 0x3f, 0x30, 0x0, 0xac, 0x1e, 0x60, 0x0,
    0x0, 0xde, 0xa0, 0x0, 0x0, 0x8, 0xf5, 0x0,
    0x0, 0x4, 0xf9, 0xe1, 0x0, 0x1, 0xe6, 0xb,
    0xb0, 0x0, 0xca, 0x0, 0x1e, 0x70, 0x8d, 0x0,
    0x0, 0x4f, 0x30,

    /* U+1E8B "ẋ" */
    0x0, 0x4e, 0x0, 0x0, 0x1, 0x40, 0x0, 0x6e,
    0x10, 0x7d, 0x0, 0xba, 0x2f, 0x30, 0x1, 0xee,
    0x70, 0x0, 0x9, 0xf1, 0x0, 0x3, 0xfa, 0xb0,
    0x0, 0xd7, 0xe, 0x60, 0x9c, 0x0, 0x5f, 0x10,

    /* U+1E8C "Ẍ" */
    0x0, 0x0, 0x1, 0x0, 0x0, 0x7, 0xb1, 0xf1,
    0x0, 0x0, 0x12, 0x4, 0x0, 0x0, 0x0, 0x0,
    0x0, 0x0, 0x2f, 0x50, 0x0, 0x6d, 0x10, 0x6e,
    0x10, 0x3f, 0x30, 0x0, 0xac, 0x1e, 0x60, 0x0,
    0x0, 0xde, 0xa0, 0x0, 0x0, 0x8, 0xf5, 0x0,
    0x0, 0x4, 0xf9, 0xe1, 0x0, 0x1, 0xe6, 0xb,
    0xb0, 0x0, 0xca, 0x0, 0x1e, 0x70, 0x8d, 0x0,
    0x0, 0x4f, 0x30,

    /* U+1E8D "ẍ" */
    0x9, 0x93, 0xf0, 0x0, 0x33, 0x14, 0x0, 0x6e,
    0x10, 0x7d, 0x0, 0xba, 0x2f, 0x30, 0x1, 0xee,
    0x70, 0x0, 0x9, 0xf1, 0x0, 0x3, 0xfa, 0xb0,
    0x0, 0xd7, 0xe, 0x60, 0x9c, 0x0, 0x5f, 0x10,

    /* U+1E8E "Ẏ" */
    0x0, 0x0, 0x0, 0x0, 0x0, 0x0, 0x3f, 0x0,
    0x0, 0x0, 0x0, 0x30, 0x0, 0x0, 0x0, 0x0,
    0x0, 0x0, 0x9d, 0x0, 0x0, 0x3f, 0x30, 0xd9,
    0x0, 0xd, 0x80, 0x3, 0xf4, 0x8, 0xc0, 0x0,
    0x8, 0xd3, 0xf2, 0x0, 0x0, 0xc, 0xf6, 0x0,
    0x0, 0x0, 0x5e, 0x0, 0x0, 0x0, 0x5, 0xe0,
    0x0, 0x0, 0x0, 0x5e, 0x0, 0x0, 0x0, 0x5,
    0xe0, 0x0, 0x0,

    /* U+1E8F "ẏ" */
    0x0, 0x3f, 0x0, 0x0, 0x1, 0x50, 0x0, 0x99,
    0x0, 0xe, 0x34, 0xe0, 0x4, 0xd0, 0xe, 0x40,
    0x98, 0x0, 0x89, 0xe, 0x20, 0x3, 0xe4, 0xc0,
    0x0, 0xd, 0xc7, 0x0, 0x0, 0x7f, 0x10, 0x0,
    0x5, 0xb0, 0x0, 0x2, 0xc5, 0x0, 0x3, 0xf9,
    0x0, 0x0,

    /* U+1E90 "Ẑ" */
    0x0, 0xd, 0xe1, 0x0, 0x0, 0x9b, 0x7b, 0x0,
    0x0, 0x0, 0x0, 0x0, 0x3f, 0xff, 0xff, 0xf7,
    0x2, 0x22, 0x28, 0xf2, 0x0, 0x0, 0x4f, 0x40,
    0x0, 0x2, 0xf6, 0x0, 0x0, 0x1e, 0x80, 0x0,
    0x0, 0xcb, 0x0, 0x0, 0xa, 0xc0, 0x0, 0x0,
    0x7e, 0x32, 0x22, 0x21, 0xcf, 0xff, 0xff, 0xf9,

    /* U+1E91 "ẑ" */
    0x0, 0xbc, 0x70, 0x0, 0x23, 0x4, 0x0, 0x7f,
    0xff, 0xff, 0x0, 0x0, 0x1d, 0x60, 0x0, 0xb,
    0x90, 0x0, 0x9, 0xc0, 0x0, 0x6, 0xe1, 0x0,
    0x4, 0xf3, 0x0, 0x0, 0xbf, 0xff, 0xff, 0x30,

    /* U+1E92 "Ẓ" */
    0x3f, 0xff, 0xff, 0xf7, 0x2, 0x22, 0x28, 0xf2,
    0x0, 0x0, 0x4f, 0x40, 0x0, 0x2, 0xf6, 0x0,
    0x0, 0x1e, 0x80, 0x0, 0x0, 0xcb, 0x0, 0x0,
    0xa, 0xc0, 0x0, 0x0, 0x7e, 0x32, 0x22, 0x21,
    0xcf, 0xff, 0xff, 0xf9, 0x0, 0x0, 0x0, 0x0,
    0x0, 0x3, 0x10, 0x0, 0x0, 0xc, 0x60, 0x0,

    /* U+1E93 "ẓ" */
    0x7f, 0xff, 0xff, 0x0, 0x0, 0x1d, 0x60, 0x0,
    0xb, 0x90, 0x0, 0x9, 0xc0, 0x0, 0x6, 0xe1,
    0x0, 0x4, 0xf3, 0x0, 0x0, 0xbf, 0xff, 0xff,
    0x30, 0x0, 0x0, 0x0, 0x0, 0x14, 0x0, 0x0,
    0x5, 0xd0, 0x0,

    /* U+1E94 "Ẕ" */
    0x3f, 0xff, 0xff, 0xf7, 0x2, 0x22, 0x28, 0xf2,
    0x0, 0x0, 0x4f, 0x40, 0x0, 0x2, 0xf6, 0x0,
    0x0, 0x1e, 0x80, 0x0, 0x0, 0xcb, 0x0, 0x0,
    0xa, 0xc0, 0x0, 0x0, 0x7e, 0x32, 0x22, 0x21,
    0xcf, 0xff, 0xff, 0xf9, 0x0, 0x0, 0x0, 0x0,
    0x0, 0x0, 0x0, 0x0, 0x0, 0xff, 0xfd, 0x0,

    /* U+1E95 "ẕ" */
    0x7f, 0xff, 0xff, 0x0, 0x0, 0x1d, 0x60, 0x0,
    0xb, 0x90, 0x0, 0x9, 0xc0, 0x0, 0x6, 0xe1,
    0x0, 0x4, 0xf3, 0x0, 0x0, 0xbf, 0xff, 0xff,
    0x30, 0x0, 0x0, 0x0, 0x0, 0x0, 0x0, 0x0,
    0xaf, 0xff, 0x40,

    /* U+1E96 "ẖ" */
    0x2f, 0x0, 0x0, 0x2, 0xf0, 0x0, 0x0, 0x2f,
    0x7e, 0xf8, 0x2, 0xfa, 0x13, 0xf3, 0x2f, 0x10,
    0xc, 0x52, 0xf0, 0x0, 0xc6, 0x2f, 0x0, 0xc,
    0x62, 0xf0, 0x0, 0xc6, 0x2f, 0x0, 0xc, 0x60,
    0x0, 0x0, 0x0, 0x0, 0x0, 0x0, 0x0, 0x4f,
    0xff, 0x90,

    /* U+1E97 "ẗ" */
    0x0, 0x0, 0xf3, 0xa8, 0x30, 0x22, 0x2, 0x10,
    0xe, 0x30, 0xf, 0x30, 0xbf, 0xe4, 0xf, 0x30,
    0xf, 0x30, 0xf, 0x30, 0xf, 0x30, 0xe, 0x50,
    0x9, 0xf6,

    /* U+1E98 "ẘ" */
    0x0, 0x3, 0x88, 0x0, 0x0, 0x0, 0x1, 0x75,
    0x0, 0x0, 0xc6, 0x0, 0xf6, 0x0, 0xe2, 0x7a,
    0x3, 0xfb, 0x3, 0xd0, 0x3e, 0x8, 0x9e, 0x8,
    0x80, 0xe, 0x2c, 0x3e, 0x3c, 0x40, 0x9, 0x7e,
    0xa, 0x8e, 0x0, 0x4, 0xeb, 0x6, 0xfa, 0x0,
    0x0, 0xf7, 0x1, 0xf5, 0x0,

    /* U+1E99 "ẙ" */
    0x0, 0x78, 0x40, 0x0, 0x5, 0x72, 0x0, 0x99,
    0x0, 0xe, 0x34, 0xe0, 0x4, 0xd0, 0xe, 0x40,
    0x98, 0x0, 0x89, 0xe, 0x20, 0x3, 0xe4, 0xc0,
    0x0, 0xd, 0xc7, 0x0, 0x0, 0x7f, 0x10, 0x0,
    0x5, 0xb0, 0x0, 0x2, 0xc5, 0x0, 0x3, 0xf9,
    0x0, 0x0,

    /* U+1E9A "ẚ" */
    0x0, 0x0, 0x4, 0x80, 0x0, 0x0, 0x0, 0x73,
    0x0, 0x0, 0x4, 0x80, 0x4, 0xcf, 0xe9, 0x0,
    0x1f, 0x30, 0x2f, 0x30, 0x2, 0x0, 0x3d, 0x50,
    0x7, 0xdf, 0xce, 0x50, 0x5e, 0x30, 0xe, 0x50,
    0x6d, 0x0, 0x5f, 0x50, 0xa, 0xdb, 0x9a, 0x80,

    /* U+1E9B "ẛ" */
    0x0, 0x10, 0x0, 0x2f, 0x0, 0x0, 0x40, 0x0,
    0x0, 0x0, 0x7, 0xfe, 0x0, 0xd7, 0x10, 0xcf,
    0x40, 0x0, 0xe4, 0x0, 0xe, 0x40, 0x0, 0xe4,
    0x0, 0xe, 0x40, 0x0, 0xe4, 0x0, 0xe, 0x40,
    0x0,

    /* U+1E9E "ẞ" */
    0xa, 0xff, 0xff, 0x90, 0x8b, 0x21, 0xaf, 0x30,
    0xc5, 0x1c, 0xa1, 0x0, 0xc5, 0x8f, 0xd9, 0x10,
    0xc5, 0x0, 0x1a, 0xc0, 0xc5, 0x0, 0x1, 0xf1,
    0xc5, 0x0, 0x1, 0xf1, 0xc5, 0x11, 0x2b, 0xc0,
    0xc5, 0xdf, 0xfa, 0x10,

    /* U+1EA0 "Ạ" */
    0x0, 0x9, 0xf4, 0x0, 0x0, 0x0, 0xe8, 0xa0,
    0x0, 0x0, 0x5b, 0x1f, 0x0, 0x0, 0xb, 0x50,
    0xa6, 0x0, 0x1, 0xe0, 0x4, 0xc0, 0x0, 0x7f,
    0xff, 0xff, 0x20, 0xd, 0x52, 0x22, 0xa7, 0x2,
    0xf0, 0x0, 0x4, 0xd0, 0x8a, 0x0, 0x0, 0xe,
    0x30, 0x0, 0x2, 0x0, 0x0, 0x0, 0x3, 0xe0,
    0x0, 0x0,

    /* U+1EA1 "ạ" */
    0x4, 0xcf, 0xd4, 0x1, 0xf5, 0x15, 0xe1, 0x2,
    0x0, 0x2e, 0x30, 0x6c, 0xdb, 0xe4, 0x4e, 0x20,
    0xe, 0x45, 0xe3, 0x3a, 0xf6, 0xa, 0xfe, 0x77,
    0xe0, 0x0, 0x20, 0x0, 0x0, 0x1f, 0x0, 0x0,

    /* U+1EA2 "Ả" */
    0x0, 0x7, 0xc2, 0x0, 0x0, 0x0, 0x9, 0x30,
    0x0, 0x0, 0x0, 0x30, 0x0, 0x0, 0x0, 0x9f,
    0x40, 0x0, 0x0, 0xe, 0x8a, 0x0, 0x0, 0x5,
    0xb1, 0xf0, 0x0, 0x0, 0xb5, 0xa, 0x60, 0x0,
    0x1e, 0x0, 0x4c, 0x0, 0x7, 0xff, 0xff, 0xf2,
    0x0, 0xd5, 0x22, 0x2a, 0x70, 0x2f, 0x0, 0x0,
    0x4d, 0x8, 0xa0, 0x0, 0x0, 0xe3,

    /* U+1EA3 "ả" */
    0x0, 0x4c, 0x50, 0x0, 0x0, 0x48, 0x0, 0x0,
    0x3, 0x0, 0x0, 0x4c, 0xfd, 0x40, 0x1f, 0x51,
    0x5e, 0x10, 0x20, 0x2, 0xe3, 0x6, 0xcd, 0xbe,
    0x44, 0xe2, 0x0, 0xe4, 0x5e, 0x33, 0xaf, 0x60,
    0xaf, 0xe7, 0x7e,

    /* U+1EA4 "Ấ" */
    0x0, 0x0, 0x1, 0xe1, 0x0, 0x0, 0x4a, 0x55,
    0x0, 0x0, 0x1c, 0x6a, 0x0, 0x0, 0x0, 0x10,
    0x10, 0x0, 0x0, 0x9, 0xf4, 0x0, 0x0, 0x0,
    0xe8, 0xa0, 0x0, 0x0, 0x5b, 0x1f, 0x0, 0x0,
    0xb, 0x50, 0xa6, 0x0, 0x1, 0xe0, 0x4, 0xc0,
    0x0, 0x7f, 0xff, 0xff, 0x20, 0xd, 0x52, 0x22,
    0xa7, 0x2, 0xf0, 0x0, 0x4, 0xd0, 0x8a, 0x0,
    0x0, 0xe, 0x30,

    /* U+1EA5 "ấ" */
    0x0, 0x0, 0x7, 0x40, 0x0, 0x1, 0xd0, 0x0,
    0x6a, 0x90, 0x0, 0x5, 0x4, 0x10, 0x4, 0xcf,
    0xd4, 0x1, 0xf5, 0x15, 0xe1, 0x2, 0x0, 0x2e,
    0x30, 0x6c, 0xdb, 0xe4, 0x4e, 0x20, 0xe, 0x45,
    0xe3, 0x3a, 0xf6, 0xa, 0xfe, 0x77, 0xe0,

    /* U+1EA6 "Ầ" */
    0x0, 0x0, 0xa, 0x70, 0x0, 0x0, 0x4a, 0x38,
    0x0, 0x0, 0x1c, 0x6a, 0x0, 0x0, 0x0, 0x10,
    0x10, 0x0, 0x0, 0x9, 0xf4, 0x0, 0x0, 0x0,
    0xe8, 0xa0, 0x0, 0x0, 0x5b, 0x1f, 0x0, 0x0,
    0xb, 0x50, 0xa6, 0x0, 0x1, 0xe0, 0x4, 0xc0,
    0x0, 0x7f, 0xff, 0xff, 0x20, 0xd, 0x52, 0x22,
    0xa7, 0x2, 0xf0, 0x0, 0x4, 0xd0, 0x8a, 0x0,
    0x0, 0xe, 0x30,

    /* U+1EA7 "ầ" */
    0x0, 0x0, 0x57, 0x0, 0x0, 0x1, 0xe1, 0x0,
    0x6a, 0x90, 0x0, 0x5, 0x4, 0x10, 0x4, 0xcf,
    0xd4, 0x1, 0xf5, 0x15, 0xe1, 0x2, 0x0, 0x2e,
    0x30, 0x6c, 0xdb, 0xe4, 0x4e, 0x20, 0xe, 0x45,
    0xe3, 0x3a, 0xf6, 0xa, 0xfe, 0x77, 0xe0,

    /* U+1EA8 "Ẩ" */
    0x0, 0x0, 0x1b, 0x60, 0x0, 0x0, 0x14, 0x38,
    0x0, 0x0, 0xc, 0xa9, 0x0, 0x0, 0x1, 0x20,
    0x30, 0x0, 0x0, 0x9, 0xf4, 0x0, 0x0, 0x0,
    0xe8, 0xa0, 0x0, 0x0, 0x5b, 0x1f, 0x0, 0x0,
    0xb, 0x50, 0xa6, 0x0, 0x1, 0xe0, 0x4, 0xc0,
    0x0, 0x7f, 0xff, 0xff, 0x20, 0xd, 0x52, 0x22,
    0xa7, 0x2, 0xf0, 0x0, 0x4, 0xd0, 0x8a, 0x0,
    0x0, 0xe, 0x30,

    /* U+1EA9 "ẩ" */
    0x0, 0x0, 0x99, 0x0, 0x0, 0x0, 0xb0, 0x0,
    0x6d, 0xb2, 0x0, 0x6, 0x5, 0x10, 0x4, 0xcf,
    0xd4, 0x1, 0xf5, 0x15, 0xe1, 0x2, 0x0, 0x2e,
    0x30, 0x6c, 0xdb, 0xe4, 0x4e, 0x20, 0xe, 0x45,
    0xe3, 0x3a, 0xf6, 0xa, 0xfe, 0x77, 0xe0,

    /* U+1EAA "Ẫ" */
    0x0, 0x4a, 0xba, 0x10, 0x0, 0x0, 0x4a, 0x10,
    0x0, 0x0, 0x1d, 0x6b, 0x0, 0x0, 0x1, 0x10,
    0x20, 0x0, 0x0, 0x9, 0xf4, 0x0, 0x0, 0x0,
    0xe8, 0xa0, 0x0, 0x0, 0x5b, 0x1f, 0x0, 0x0,
    0xb, 0x50, 0xa6, 0x0, 0x1, 0xe0, 0x4, 0xc0,
    0x0, 0x7f, 0xff, 0xff, 0x20, 0xd, 0x52, 0x22,
    0xa7, 0x2, 0xf0, 0x0, 0x4, 0xd0, 0x8a, 0x0,
    0x0, 0xe, 0x30,

    /* U+1EAB "ẫ" */
    0x1, 0x9b, 0xa3, 0x0, 0x0, 0x0, 0x0, 0x0,
    0x6d, 0xa0, 0x0, 0x6, 0x5, 0x10, 0x4, 0xcf,
    0xd4, 0x1, 0xf5, 0x15, 0xe1, 0x2, 0x0, 0x2e,
    0x30, 0x6c, 0xdb, 0xe4, 0x4e, 0x20, 0xe, 0x45,
    0xe3, 0x3a, 0xf6, 0xa, 0xfe, 0x77, 0xe0,

    /* U+1EAC "Ậ" */
    0x0, 0x3, 0x71, 0x0, 0x0, 0x1, 0xb2, 0xa0,
    0x0, 0x0, 0x0, 0x0, 0x0, 0x0, 0x0, 0x9f,
    0x40, 0x0, 0x0, 0xe, 0x8a, 0x0, 0x0, 0x5,
    0xb1, 0xf0, 0x0, 0x0, 0xb5, 0xa, 0x60, 0x0,
    0x1e, 0x0, 0x4c, 0x0, 0x7, 0xff, 0xff, 0xf2,
    0x0, 0xd5, 0x22, 0x2a, 0x70, 0x2f, 0x0, 0x0,
    0x4d, 0x8, 0xa0, 0x0, 0x0, 0xe3, 0x0, 0x0,
    0x20, 0x0, 0x0, 0x0, 0x3e, 0x0, 0x0,

    /* U+1EAD "ậ" */
    0x0, 0x77, 0x90, 0x0, 0x3, 0x2, 0x10, 0x4,
    0xcf, 0xd4, 0x1, 0xf5, 0x15, 0xe1, 0x2, 0x0,
    0x2e, 0x30, 0x6c, 0xdb, 0xe4, 0x4e, 0x20, 0xe,
    0x45, 0xe3, 0x3a, 0xf6, 0xa, 0xfe, 0x77, 0xe0,
    0x0, 0x20, 0x0, 0x0, 0x1f, 0x0, 0x0,

    /* U+1EAE "Ắ" */
    0x0, 0x0, 0x0, 0x0, 0x0, 0x0, 0xb, 0x40,
    0x0, 0x0, 0x34, 0x47, 0x0, 0x0, 0x1, 0xbc,
    0x70, 0x0, 0x0, 0x0, 0x0, 0x0, 0x0, 0x0,
    0x9f, 0x40, 0x0, 0x0, 0xe, 0x8a, 0x0, 0x0,
    0x5, 0xb1, 0xf0, 0x0, 0x0, 0xb5, 0xa, 0x60,
    0x0, 0x1e, 0x0, 0x4c, 0x0, 0x7, 0xff, 0xff,
    0xf2, 0x0, 0xd5, 0x22, 0x2a, 0x70, 0x2f, 0x0,
    0x0, 0x4d, 0x8, 0xa0, 0x0, 0x0, 0xe3,

    /* U+1EAF "ắ" */
    0x0, 0x0, 0x10, 0x0, 0x0, 0x79, 0x0, 0x0,
    0x3, 0x0, 0x0, 0xa, 0xcb, 0x20, 0x0, 0x0,
    0x0, 0x0, 0x4c, 0xfd, 0x40, 0x1f, 0x51, 0x5e,
    0x10, 0x20, 0x2, 0xe3, 0x6, 0xcd, 0xbe, 0x44,
    0xe2, 0x0, 0xe4, 0x5e, 0x33, 0xaf, 0x60, 0xaf,
    0xe7, 0x7e,

    /* U+1EB0 "Ằ" */
    0x0, 0x1, 0x0, 0x0, 0x0, 0x0, 0x97, 0x0,
    0x0, 0x0, 0x35, 0x37, 0x0, 0x0, 0x1, 0xbc,
    0x70, 0x0, 0x0, 0x0, 0x0, 0x0, 0x0, 0x0,
    0x9f, 0x40, 0x0, 0x0, 0xe, 0x8a, 0x0, 0x0,
    0x5, 0xb1, 0xf0, 0x0, 0x0, 0xb5, 0xa, 0x60,
    0x0, 0x1e, 0x0, 0x4c, 0x0, 0x7, 0xff, 0xff,
    0xf2, 0x0, 0xd5, 0x22, 0x2a, 0x70, 0x2f, 0x0,
    0x0, 0x4d, 0x8, 0xa0, 0x0, 0x0, 0xe3,

    /* U+1EB1 "ằ" */
    0x0, 0x0, 0x0, 0x0, 0x4, 0xb0, 0x0, 0x0,
    0x3, 0x0, 0x0, 0xa, 0xcb, 0x20, 0x0, 0x0,
    0x0, 0x0, 0x4c, 0xfd, 0x40, 0x1f, 0x51, 0x5e,
    0x10, 0x20, 0x2, 0xe3, 0x6, 0xcd, 0xbe, 0x44,
    0xe2, 0x0, 0xe4, 0x5e, 0x33, 0xaf, 0x60, 0xaf,
    0xe7, 0x7e,

    /* U+1EB2 "Ẳ" */
    0x0, 0x5, 0xb1, 0x0, 0x0, 0x0, 0x9, 0x20,
    0x0, 0x0, 0x56, 0x3a, 0x0, 0x0, 0x0, 0xac,
    0x70, 0x0, 0x0, 0x0, 0x0, 0x0, 0x0, 0x0,
    0x9f, 0x40, 0x0, 0x0, 0xe, 0x8a, 0x0, 0x0,
    0x5, 0xb1, 0xf0, 0x0, 0x0, 0xb5, 0xa, 0x60,
    0x0, 0x1e, 0x0, 0x4c, 0x0, 0x7, 0xff, 0xff,
    0xf2, 0x0, 0xd5, 0x22, 0x2a, 0x70, 0x2f, 0x0,
    0x0, 0x4d, 0x8, 0xa0, 0x0, 0x0, 0xe3,

    /* U+1EB3 "ẳ" */
    0x0, 0x2b, 0x40, 0x0, 0x0, 0x38, 0x0, 0x0,
    0x7, 0x40, 0x0, 0xa, 0xcb, 0x20, 0x0, 0x0,
    0x0, 0x0, 0x4c, 0xfd, 0x40, 0x1f, 0x51, 0x5e,
    0x10, 0x20, 0x2, 0xe3, 0x6, 0xcd, 0xbe, 0x44,
    0xe2, 0x0, 0xe4, 0x5e, 0x33, 0xaf, 0x60, 0xaf,
    0xe7, 0x7e,

    /* U+1EB4 "Ẵ" */
    0x0, 0x2b, 0x56, 0x20, 0x0, 0x7, 0x18, 0xa0,
    0x0, 0x0, 0x45, 0x8, 0x0, 0x0, 0x0, 0xac,
    0x70, 0x0, 0x0, 0x0, 0x0, 0x0, 0x0, 0x0,
    0x9f, 0x40, 0x0, 0x0, 0xe, 0x8a, 0x0, 0x0,
    0x5, 0xb1, 0xf0, 0x0, 0x0, 0xb5, 0xa, 0x60,
    0x0, 0x1e, 0x0, 0x4c, 0x0, 0x7, 0xff, 0xff,
    0xf2, 0x0, 0xd5, 0x22, 0x2a, 0x70, 0x2f, 0x0,
    0x0, 0x4d, 0x8, 0xa0, 0x0, 0x0, 0xe3,

    /* U+1EB5 "ẵ" */
    0x0, 0xa8, 0x26, 0x0, 0x35, 0x5b, 0x20, 0x0,
    0x0, 0x0, 0x0, 0xa, 0xcb, 0x20, 0x0, 0x0,
    0x0, 0x0, 0x4c, 0xfd, 0x40, 0x1f, 0x51, 0x5e,
    0x10, 0x20, 0x2, 0xe3, 0x6, 0xcd, 0xbe, 0x44,
    0xe2, 0x0, 0xe4, 0x5e, 0x33, 0xaf, 0x60, 0xaf,
    0xe7, 0x7e,

    /* U+1EB6 "Ặ" */
    0x0, 0x33, 0x6, 0x0, 0x0, 0x1, 0xbc, 0x80,
    0x0, 0x0, 0x0, 0x0, 0x0, 0x0, 0x0, 0x9f,
    0x40, 0x0, 0x0, 0xe, 0x8a, 0x0, 0x0, 0x5,
    0xb1, 0xf0, 0x0, 0x0, 0xb5, 0xa, 0x60, 0x0,
    0x1e, 0x0, 0x4c, 0x0, 0x7, 0xff, 0xff, 0xf2,
    0x0, 0xd5, 0x22, 0x2a, 0x70, 0x2f, 0x0, 0x0,
    0x4d, 0x8, 0xa0, 0x0, 0x0, 0xe3, 0x0, 0x0,
    0x20, 0x0, 0x0, 0x0, 0x3e, 0x0, 0x0,

    /* U+1EB7 "ặ" */
    0x0, 0xac, 0xb2, 0x0, 0x0, 0x0, 0x0, 0x4,
    0xcf, 0xd4, 0x1, 0xf5, 0x15, 0xe1, 0x2, 0x0,
    0x2e, 0x30, 0x6c, 0xdb, 0xe4, 0x4e, 0x20, 0xe,
    0x45, 0xe3, 0x3a, 0xf6, 0xa, 0xfe, 0x77, 0xe0,
    0x0, 0x20, 0x0, 0x0, 0x1f, 0x0, 0x0,

    /* U+1EB8 "Ẹ" */
    0xcf, 0xff, 0xff, 0xc, 0x61, 0x11, 0x10, 0xc5,
    0x0, 0x0, 0xc, 0x50, 0x0, 0x0, 0xcf, 0xff,
    0xfc, 0xc, 0x62, 0x22, 0x10, 0xc5, 0x0, 0x0,
    0xc, 0x51, 0x11, 0x10, 0xcf, 0xff, 0xff, 0x10,
    0x1, 0x10, 0x0, 0x0, 0x6b, 0x0, 0x0,

    /* U+1EB9 "ẹ" */
    0x2, 0xcf, 0xd5, 0x0, 0xe8, 0x14, 0xf3, 0x4d,
    0x0, 0x9, 0x96, 0xff, 0xff, 0xfa, 0x4d, 0x0,
    0x0, 0x0, 0xe7, 0x13, 0xd5, 0x2, 0xcf, 0xe7,
    0x0, 0x0, 0x20, 0x0, 0x0, 0xd, 0x40, 0x0,

    /* U+1EBA "Ẻ" */
    0x0, 0xac, 0x0, 0x0, 0x0, 0xc0, 0x0, 0x0,
    0x2, 0x0, 0xc, 0xff, 0xff, 0xf0, 0xc6, 0x11,
    0x11, 0xc, 0x50, 0x0, 0x0, 0xc5, 0x0, 0x0,
    0xc, 0xff, 0xff, 0xc0, 0xc6, 0x22, 0x21, 0xc,
    0x50, 0x0, 0x0, 0xc5, 0x11, 0x11, 0xc, 0xff,
    0xff, 0xf1,

    /* U+1EBB "ẻ" */
    0x0, 0x2c, 0x70, 0x0, 0x0, 0x2a, 0x0, 0x0,
    0x3, 0x10, 0x0, 0x2c, 0xfd, 0x50, 0xe, 0x81,
    0x4f, 0x34, 0xd0, 0x0, 0x99, 0x6f, 0xff, 0xff,
    0xa4, 0xd0, 0x0, 0x0, 0xe, 0x71, 0x3d, 0x50,
    0x2c, 0xfe, 0x70,

    /* U+1EBC "Ẽ" */
    0x6, 0xb2, 0x81, 0x0, 0x91, 0xa9, 0x0, 0x0,
    0x0, 0x0, 0xc, 0xff, 0xff, 0xf0, 0xc6, 0x11,
    0x11, 0xc, 0x50, 0x0, 0x0, 0xc5, 0x0, 0x0,
    0xc, 0xff, 0xff, 0xc0, 0xc6, 0x22, 0x21, 0xc,
    0x50, 0x0, 0x0, 0xc5, 0x11, 0x11, 0xc, 0xff,
    0xff, 0xf1,

    /* U+1EBD "ẽ" */
    0x2, 0xab, 0xb6, 0x0, 0x0, 0x0, 0x0, 0x2,
    0xcf, 0xd5, 0x0, 0xe8, 0x14, 0xf3, 0x4d, 0x0,
    0x9, 0x96, 0xff, 0xff, 0xfa, 0x4d, 0x0, 0x0,
    0x0, 0xe7, 0x13, 0xd5, 0x2, 0xcf, 0xe7, 0x0,

    /* U+1EBE "Ế" */
    0x0, 0x0, 0x4d, 0x0, 0x6, 0x97, 0x30, 0x3,
    0xb8, 0x70, 0x0, 0x10, 0x1, 0x0, 0xcf, 0xff,
    0xff, 0xc, 0x61, 0x11, 0x10, 0xc5, 0x0, 0x0,
    0xc, 0x50, 0x0, 0x0, 0xcf, 0xff, 0xfc, 0xc,
    0x62, 0x22, 0x10, 0xc5, 0x0, 0x0, 0xc, 0x51,
    0x11, 0x10, 0xcf, 0xff, 0xff, 0x10,

    /* U+1EBF "ế" */
    0x0, 0x0, 0x6, 0x50, 0x0, 0x0, 0xd1, 0x0,
    0x4b, 0xb0, 0x0, 0x5, 0x3, 0x20, 0x2, 0xcf,
    0xd5, 0x0, 0xe8, 0x14, 0xf3, 0x4d, 0x0, 0x9,
    0x96, 0xff, 0xff, 0xfa, 0x4d, 0x0, 0x0, 0x0,
    0xe7, 0x13, 0xd5, 0x2, 0xcf, 0xe7, 0x0,

    /* U+1EC0 "Ề" */
    0x0, 0x0, 0xd4, 0x0, 0x6, 0x94, 0x60, 0x3,
    0xb8, 0x70, 0x0, 0x10, 0x1, 0x0, 0xcf, 0xff,
    0xff, 0xc, 0x61, 0x11, 0x10, 0xc5, 0x0, 0x0,
    0xc, 0x50, 0x0, 0x0, 0xcf, 0xff, 0xfc, 0xc,
    0x62, 0x22, 0x10, 0xc5, 0x0, 0x0, 0xc, 0x51,
    0x11, 0x10, 0xcf, 0xff, 0xff, 0x10,

    /* U+1EC1 "ề" */
    0x0, 0x0, 0x38, 0x0, 0x0, 0x0, 0xd2, 0x0,
    0x4b, 0xb0, 0x0, 0x5, 0x3, 0x20, 0x2, 0xcf,
    0xd5, 0x0, 0xe8, 0x14, 0xf3, 0x4d, 0x0, 0x9,
    0x96, 0xff, 0xff, 0xfa, 0x4d, 0x0, 0x0, 0x0,
    0xe7, 0x13, 0xd5, 0x2, 0xcf, 0xe7, 0x0,

    /* U+1EC2 "Ể" */
    0x0, 0x3, 0xb3, 0x0, 0x2, 0x37, 0x40, 0x2,
    0xcb, 0x60, 0x0, 0x21, 0x3, 0x0, 0xcf, 0xff,
    0xff, 0xc, 0x61, 0x11, 0x10, 0xc5, 0x0, 0x0,
    0xc, 0x50, 0x0, 0x0, 0xcf, 0xff, 0xfc, 0xc,
    0x62, 0x22, 0x10, 0xc5, 0x0, 0x0, 0xc, 0x51,
    0x11, 0x10, 0xcf, 0xff, 0xff, 0x10,

    /* U+1EC3 "ể" */
    0x0, 0x0, 0x7a, 0x0, 0x0, 0x0, 0xb0, 0x0,
    0x4d, 0xc3, 0x0, 0x6, 0x4, 0x20, 0x2, 0xcf,
    0xd5, 0x0, 0xe8, 0x14, 0xf3, 0x4d, 0x0, 0x9,
    0x96, 0xff, 0xff, 0xfa, 0x4d, 0x0, 0x0, 0x0,
    0xe7, 0x13, 0xd5, 0x2, 0xcf, 0xe7, 0x0,

    /* U+1EC4 "Ễ" */
    0x6, 0xab, 0x80, 0x0, 0x7, 0x90, 0x0, 0x3,
    0xc8, 0x70, 0x0, 0x10, 0x2, 0x0, 0xcf, 0xff,
    0xff, 0xc, 0x61, 0x11, 0x10, 0xc5, 0x0, 0x0,
    0xc, 0x50, 0x0, 0x0, 0xcf, 0xff, 0xfc, 0xc,
    0x62, 0x22, 0x10, 0xc5, 0x0, 0x0, 0xc, 0x51,
    0x11, 0x10, 0xcf, 0xff, 0xff, 0x10,

    /* U+1EC5 "ễ" */
    0x0, 0x9b, 0xb4, 0x0, 0x0, 0x0, 0x0, 0x0,
    0x4d, 0xb0, 0x0, 0x6, 0x4, 0x20, 0x2, 0xcf,
    0xd5, 0x0, 0xe8, 0x14, 0xf3, 0x4d, 0x0, 0x9,
    0x96, 0xff, 0xff, 0xfa, 0x4d, 0x0, 0x0, 0x0,
    0xe7, 0x13, 0xd5, 0x2, 0xcf, 0xe7, 0x0,

    /* U+1EC6 "Ệ" */
    0x0, 0x56, 0x0, 0x0, 0x49, 0x58, 0x0, 0x0,
    0x0, 0x0, 0xc, 0xff, 0xff, 0xf0, 0xc6, 0x11,
    0x11, 0xc, 0x50, 0x0, 0x0, 0xc5, 0x0, 0x0,
    0xc, 0xff, 0xff, 0xc0, 0xc6, 0x22, 0x21, 0xc,
    0x50, 0x0, 0x0, 0xc5, 0x11, 0x11, 0xc, 0xff,
    0xff, 0xf1, 0x0, 0x11, 0x0, 0x0, 0x6, 0xb0,
    0x0,

    /* U+1EC7 "ệ" */
    0x0, 0x58, 0xa0, 0x0, 0x4, 0x2, 0x10, 0x2,
    0xcf, 0xd5, 0x0, 0xe8, 0x14, 0xf3, 0x4d, 0x0,
    0x9, 0x96, 0xff, 0xff, 0xfa, 0x4d, 0x0, 0x0,
    0x0, 0xe7, 0x13, 0xd5, 0x2, 0xcf, 0xe7, 0x0,
    0x0, 0x20, 0x0, 0x0, 0xd, 0x40, 0x0,

    /* U+1EC8 "Ỉ" */
    0x2c, 0x70, 0x2a, 0x2, 0x0, 0xc5, 0xc, 0x50,
    0xc5, 0xc, 0x50, 0xc5, 0xc, 0x50, 0xc5, 0xc,
    0x50, 0xc5,

    /* U+1EC9 "ỉ" */
    0x4c, 0x50, 0x57, 0x2, 0x0, 0xf2, 0xf, 0x20,
    0xf2, 0xf, 0x20, 0xf2, 0xf, 0x20, 0xf2,

    /* U+1ECA "Ị" */
    0xc5, 0xc5, 0xc5, 0xc5, 0xc5, 0xc5, 0xc5, 0xc5,
    0xc5, 0x20, 0xd5,

    /* U+1ECB "ị" */
    0xf2, 0x40, 0xf2, 0xf2, 0xf2, 0xf2, 0xf2, 0xf2,
    0xf2, 0x20, 0xf2,

    /* U+1ECC "Ọ" */
    0x0, 0x6c, 0xfe, 0xa2, 0x0, 0x7, 0xe5, 0x12,
    0x9f, 0x20, 0x1f, 0x30, 0x0, 0xa, 0xa0, 0x5d,
    0x0, 0x0, 0x4, 0xe0, 0x6c, 0x0, 0x0, 0x2,
    0xf0, 0x5d, 0x0, 0x0, 0x4, 0xe0, 0x1f, 0x30,
    0x0, 0xa, 0xa0, 0x8, 0xe5, 0x12, 0x9f, 0x20,
    0x0, 0x6d, 0xfe, 0xa2, 0x0, 0x0, 0x0, 0x10,
    0x0, 0x0, 0x0, 0x0, 0xc6, 0x0, 0x0,

    /* U+1ECD "ọ" */
    0x2, 0xbf, 0xe7, 0x0, 0xe8, 0x13, 0xe5, 0x4e,
    0x0, 0x7, 0xb6, 0xc0, 0x0, 0x4d, 0x4e, 0x0,
    0x7, 0xb0, 0xe8, 0x13, 0xe5, 0x2, 0xcf, 0xe7,
    0x0, 0x0, 0x20, 0x0, 0x0, 0xd, 0x40, 0x0,

    /* U+1ECE "Ỏ" */
    0x0, 0x2, 0xc8, 0x0, 0x0, 0x0, 0x0, 0x1b,
    0x0, 0x0, 0x0, 0x0, 0x22, 0x0, 0x0, 0x0,
    0x6c, 0xfe, 0xa2, 0x0, 0x7, 0xe5, 0x12, 0x9f,
    0x20, 0x1f, 0x30, 0x0, 0xa, 0xa0, 0x5d, 0x0,
    0x0, 0x4, 0xe0, 0x6c, 0x0, 0x0, 0x2, 0xf0,
    0x5d, 0x0, 0x0, 0x4, 0xe0, 0x1f, 0x30, 0x0,
    0xa, 0xa0, 0x8, 0xe5, 0x12, 0x9f, 0x20, 0x0,
    0x6d, 0xfe, 0xa2, 0x0,

    /* U+1ECF "ỏ" */
    0x0, 0x2c, 0x70, 0x0, 0x0, 0x2a, 0x0, 0x0,
    0x2, 0x10, 0x0, 0x2b, 0xfe, 0x70, 0xe, 0x81,
    0x3e, 0x54, 0xe0, 0x0, 0x7b, 0x6c, 0x0, 0x4,
    0xd4, 0xe0, 0x0, 0x7b, 0xe, 0x81, 0x3e, 0x50,
    0x2c, 0xfe, 0x70,

    /* U+1ED0 "Ố" */
    0x0, 0x0, 0x0, 0xa7, 0x0, 0x0, 0x0, 0x95,
    0x90, 0x0, 0x0, 0x7, 0x8d, 0x10, 0x0, 0x0,
    0x4, 0x2, 0x20, 0x0, 0x0, 0x6c, 0xfe, 0xa2,
    0x0, 0x7, 0xe5, 0x12, 0x9f, 0x20, 0x1f, 0x30,
    0x0, 0xa, 0xa0, 0x5d, 0x0, 0x0, 0x4, 0xe0,
    0x6c, 0x0, 0x0, 0x2, 0xf0, 0x5d, 0x0, 0x0,
    0x4, 0xe0, 0x1f, 0x30, 0x0, 0xa, 0xa0, 0x8,
    0xe5, 0x12, 0x9f, 0x20, 0x0, 0x6d, 0xfe, 0xa2,
    0x0,

    /* U+1ED1 "ố" */
    0x0, 0x0, 0x6, 0x50, 0x0, 0x0, 0xd1, 0x0,
    0x4b, 0xb0, 0x0, 0x5, 0x3, 0x20, 0x2, 0xbf,
    0xe7, 0x0, 0xe8, 0x13, 0xe5, 0x4e, 0x0, 0x7,
    0xb6, 0xc0, 0x0, 0x4d, 0x4e, 0x0, 0x7, 0xb0,
    0xe8, 0x13, 0xe5, 0x2, 0xcf, 0xe7, 0x0,

    /* U+1ED2 "Ồ" */
    0x0, 0x0, 0x3, 0xe0, 0x0, 0x0, 0x0, 0x95,
    0x72, 0x0, 0x0, 0x7, 0x8d, 0x10, 0x0, 0x0,
    0x4, 0x2, 0x20, 0x0, 0x0, 0x6c, 0xfe, 0xa2,
    0x0, 0x7, 0xe5, 0x12, 0x9f, 0x20, 0x1f, 0x30,
    0x0, 0xa, 0xa0, 0x5d, 0x0, 0x0, 0x4, 0xe0,
    0x6c, 0x0, 0x0, 0x2, 0xf0, 0x5d, 0x0, 0x0,
    0x4, 0xe0, 0x1f, 0x30, 0x0, 0xa, 0xa0, 0x8,
    0xe5, 0x12, 0x9f, 0x20, 0x0, 0x6d, 0xfe, 0xa2,
    0x0,

    /* U+1ED3 "ồ" */
    0x0, 0x0, 0x38, 0x0, 0x0, 0x0, 0xd2, 0x0,
    0x4b, 0xb0, 0x0, 0x5, 0x3, 0x20, 0x2, 0xbf,
    0xe7, 0x0, 0xe8, 0x13, 0xe5, 0x4e, 0x0, 0x7,
    0xb6, 0xc0, 0x0, 0x4d, 0x4e, 0x0, 0x7, 0xb0,
    0xe8, 0x13, 0xe5, 0x2, 0xcf, 0xe7, 0x0,

    /* U+1ED4 "Ổ" */
    0x0, 0x0, 0x7, 0xb0, 0x0, 0x0, 0x0, 0x21,
    0xb0, 0x0, 0x0, 0x5, 0xcd, 0x20, 0x0, 0x0,
    0x5, 0x3, 0x20, 0x0, 0x0, 0x6c, 0xfe, 0xa2,
    0x0, 0x7, 0xe5, 0x12, 0x9f, 0x20, 0x1f, 0x30,
    0x0, 0xa, 0xa0, 0x5d, 0x0, 0x0, 0x4, 0xe0,
    0x6c, 0x0, 0x0, 0x2, 0xf0, 0x5d, 0x0, 0x0,
    0x4, 0xe0, 0x1f, 0x30, 0x0, 0xa, 0xa0, 0x8,
    0xe5, 0x12, 0x9f, 0x20, 0x0, 0x6d, 0xfe, 0xa2,
    0x0,

    /* U+1ED5 "ổ" */
    0x0, 0x0, 0x7a, 0x0, 0x0, 0x0, 0xb0, 0x0,
    0x4d, 0xc3, 0x0, 0x6, 0x4, 0x20, 0x2, 0xbf,
    0xe7, 0x0, 0xe8, 0x13, 0xe5, 0x4e, 0x0, 0x7,
    0xb6, 0xc0, 0x0, 0x4d, 0x4e, 0x0, 0x7, 0xb0,
    0xe8, 0x13, 0xe5, 0x2, 0xcf, 0xe7, 0x0,

    /* U+1ED6 "Ỗ" */
    0x0, 0x8, 0xa0, 0x80, 0x0, 0x0, 0x8, 0x3b,
    0x40, 0x0, 0x0, 0x0, 0x95, 0x0, 0x0, 0x0,
    0x7, 0x9d, 0x10, 0x0, 0x0, 0x4, 0x2, 0x20,
    0x0, 0x0, 0x6c, 0xfe, 0xa2, 0x0, 0x7, 0xe5,
    0x12, 0x9f, 0x20, 0x1f, 0x30, 0x0, 0xa, 0xa0,
    0x5d, 0x0, 0x0, 0x4, 0xe0, 0x6c, 0x0, 0x0,
    0x2, 0xf0, 0x5d, 0x0, 0x0, 0x4, 0xe0, 0x1f,
    0x30, 0x0, 0xa, 0xa0, 0x8, 0xe5, 0x12, 0x9f,
    0x20, 0x0, 0x6d, 0xfe, 0xa2, 0x0,

    /* U+1ED7 "ỗ" */
    0x0, 0x9b, 0xa5, 0x0, 0x0, 0x0, 0x0, 0x0,
    0x4d, 0xb0, 0x0, 0x6, 0x4, 0x20, 0x2, 0xbf,
    0xe7, 0x0, 0xe8, 0x13, 0xe5, 0x4e, 0x0, 0x7,
    0xb6, 0xc0, 0x0, 0x4d, 0x4e, 0x0, 0x7, 0xb0,
    0xe8, 0x13, 0xe5, 0x2, 0xcf, 0xe7, 0x0,

    /* U+1ED8 "Ộ" */
    0x0, 0x0, 0x64, 0x0, 0x0, 0x0, 0x9, 0x4a,
    0x30, 0x0, 0x0, 0x0, 0x0, 0x0, 0x0, 0x0,
    0x6c, 0xfe, 0xa2, 0x0, 0x7, 0xe5, 0x12, 0x9f,
    0x20, 0x1f, 0x30, 0x0, 0xa, 0xa0, 0x5d, 0x0,
    0x0, 0x4, 0xe0, 0x6c, 0x0, 0x0, 0x2, 0xf0,
    0x5d, 0x0, 0x0, 0x4, 0xe0, 0x1f, 0x30, 0x0,
    0xa, 0xa0, 0x8, 0xe5, 0x12, 0x9f, 0x20, 0x0,
    0x6d, 0xfe, 0xa2, 0x0, 0x0, 0x0, 0x10, 0x0,
    0x0, 0x0, 0x0, 0xc6, 0x0, 0x0,

    /* U+1ED9 "ộ" */
    0x0, 0x58, 0xa0, 0x0, 0x3, 0x2, 0x10, 0x2,
    0xbf, 0xe7, 0x0, 0xe8, 0x13, 0xe5, 0x4e, 0x0,
    0x7, 0xb6, 0xc0, 0x0, 0x4d, 0x4e, 0x0, 0x7,
    0xb0, 0xe8, 0x13, 0xe5, 0x2, 0xcf, 0xe7, 0x0,
    0x0, 0x20, 0x0, 0x0, 0xd, 0x40, 0x0,

    /* U+1EDA "Ớ" */
    0x0, 0x0, 0x1e, 0x13, 0x10, 0x0, 0x0, 0x54,
    0x9, 0x50, 0x0, 0x0, 0x0, 0xa, 0x50, 0x0,
    0x6c, 0xfe, 0xfa, 0x0, 0x7, 0xe5, 0x12, 0x9f,
    0x20, 0x1f, 0x30, 0x0, 0xa, 0xa0, 0x5d, 0x0,
    0x0, 0x4, 0xe0, 0x6c, 0x0, 0x0, 0x2, 0xf0,
    0x5d, 0x0, 0x0, 0x4, 0xe0, 0x1f, 0x30, 0x0,
    0xa, 0xa0, 0x8, 0xe5, 0x12, 0x9f, 0x20, 0x0,
    0x6d, 0xfe, 0xa2, 0x0,

    /* U+1EDB "ớ" */
    0x0, 0x4, 0xd1, 0x30, 0x0, 0x72, 0x3d, 0x2,
    0xbf, 0xff, 0x50, 0xe8, 0x13, 0xe5, 0x4e, 0x0,
    0x7, 0xb6, 0xc0, 0x0, 0x4d, 0x4e, 0x0, 0x7,
    0xb0, 0xe8, 0x13, 0xe5, 0x2, 0xcf, 0xe7, 0x0,

    /* U+1EDC "Ờ" */
    0x0, 0x6, 0xb0, 0x3, 0x10, 0x0, 0x0, 0x81,
    0x9, 0x50, 0x0, 0x0, 0x0, 0xa, 0x50, 0x0,
    0x6c, 0xfe, 0xfa, 0x0, 0x7, 0xe5, 0x12, 0x9f,
    0x20, 0x1f, 0x30, 0x0, 0xa, 0xa0, 0x5d, 0x0,
    0x0, 0x4, 0xe0, 0x6c, 0x0, 0x0, 0x2, 0xf0,
    0x5d, 0x0, 0x0, 0x4, 0xe0, 0x1f, 0x30, 0x0,
    0xa, 0xa0, 0x8, 0xe5, 0x12, 0x9f, 0x20, 0x0,
    0x6d, 0xfe, 0xa2, 0x0,

    /* U+1EDD "ờ" */
    0x0, 0x98, 0x1, 0x30, 0x0, 0x90, 0x3d, 0x2,
    0xbf, 0xff, 0x50, 0xe8, 0x13, 0xe5, 0x4e, 0x0,
    0x7, 0xb6, 0xc0, 0x0, 0x4d, 0x4e, 0x0, 0x7,
    0xb0, 0xe8, 0x13, 0xe5, 0x2, 0xcf, 0xe7, 0x0,

    /* U+1EDE "Ở" */
    0x0, 0x2, 0xc8, 0x0, 0x0, 0x0, 0x0, 0x1b,
    0x7, 0x30, 0x0, 0x0, 0x22, 0xa, 0x50, 0x0,
    0x6c, 0xfe, 0xfa, 0x0, 0x7, 0xe5, 0x12, 0x9f,
    0x20, 0x1f, 0x30, 0x0, 0xa, 0xa0, 0x5d, 0x0,
    0x0, 0x4, 0xe0, 0x6c, 0x0, 0x0, 0x2, 0xf0,
    0x5d, 0x0, 0x0, 0x4, 0xe0, 0x1f, 0x30, 0x0,
    0xa, 0xa0, 0x8, 0xe5, 0x12, 0x9f, 0x20, 0x0,
    0x6d, 0xfe, 0xa2, 0x0,

    /* U+1EDF "ở" */
    0x0, 0x4c, 0x50, 0x0, 0x0, 0x48, 0x28, 0x0,
    0x3, 0x3, 0xd0, 0x2b, 0xff, 0xf5, 0xe, 0x81,
    0x3e, 0x54, 0xe0, 0x0, 0x7b, 0x6c, 0x0, 0x4,
    0xd4, 0xe0, 0x0, 0x7b, 0xe, 0x81, 0x3e, 0x50,
    0x2c, 0xfe, 0x70,

    /* U+1EE0 "Ỡ" */
    0x0, 0xa, 0x90, 0x90, 0x0, 0x0, 0x26, 0x3c,
    0x59, 0x40, 0x0, 0x0, 0x0, 0xa, 0x50, 0x0,
    0x6c, 0xfe, 0xfa, 0x0, 0x7, 0xe5, 0x12, 0x9f,
    0x20, 0x1f, 0x30, 0x0, 0xa, 0xa0, 0x5d, 0x0,
    0x0, 0x4, 0xe0, 0x6c, 0x0, 0x0, 0x2, 0xf0,
    0x5d, 0x0, 0x0, 0x4, 0xe0, 0x1f, 0x30, 0x0,
    0xa, 0xa0, 0x8, 0xe5, 0x12, 0x9f, 0x20, 0x0,
    0x6d, 0xfe, 0xa2, 0x0,

    /* U+1EE1 "ỡ" */
    0x3, 0xbc, 0xb8, 0xa0, 0x0, 0x0, 0x3d, 0x2,
    0xbf, 0xff, 0x50, 0xe8, 0x13, 0xe5, 0x4e, 0x0,
    0x7, 0xb6, 0xc0, 0x0, 0x4d, 0x4e, 0x0, 0x7,
    0xb0, 0xe8, 0x13, 0xe5, 0x2, 0xcf, 0xe7, 0x0,

    /* U+1EE2 "Ợ" */
    0x0, 0x0, 0x0, 0xa, 0x50, 0x0, 0x0, 0x0,
    0xa, 0x50, 0x0, 0x6c, 0xfe, 0xfa, 0x0, 0x7,
    0xe5, 0x12, 0x9f, 0x20, 0x1f, 0x30, 0x0, 0xa,
    0xa0, 0x5d, 0x0, 0x0, 0x4, 0xe0, 0x6c, 0x0,
    0x0, 0x2, 0xf0, 0x5d, 0x0, 0x0, 0x4, 0xe0,
    0x1f, 0x30, 0x0, 0xa, 0xa0, 0x8, 0xe5, 0x12,
    0x9f, 0x20, 0x0, 0x6d, 0xfe, 0xa2, 0x0, 0x0,
    0x0, 0x10, 0x0, 0x0, 0x0, 0x0, 0xc6, 0x0,
    0x0,

    /* U+1EE3 "ợ" */
    0x0, 0x0, 0x1, 0x50, 0x0, 0x0, 0x3d, 0x2,
    0xbf, 0xff, 0x50, 0xe8, 0x13, 0xe5, 0x4e, 0x0,
    0x7, 0xb6, 0xc0, 0x0, 0x4d, 0x4e, 0x0, 0x7,
    0xb0, 0xe8, 0x13, 0xe5, 0x2, 0xcf, 0xe7, 0x0,
    0x0, 0x20, 0x0, 0x0, 0xd, 0x40, 0x0,

    /* U+1EE4 "Ụ" */
    0xf2, 0x0, 0x2, 0xff, 0x20, 0x0, 0x2f, 0xf2,
    0x0, 0x2, 0xff, 0x20, 0x0, 0x2f, 0xf2, 0x0,
    0x2, 0xff, 0x20, 0x0, 0x2f, 0xe4, 0x0, 0x5,
    0xd8, 0xd4, 0x14, 0xd7, 0x7, 0xef, 0xd7, 0x0,
    0x0, 0x20, 0x0, 0x0, 0x1f, 0x10, 0x0,

    /* U+1EE5 "ụ" */
    0xf2, 0x0, 0xa7, 0xf2, 0x0, 0xa7, 0xf2, 0x0,
    0xa7, 0xf2, 0x0, 0xa7, 0xe2, 0x0, 0xb7, 0xb8,
    0x3, 0xf7, 0x2d, 0xfa, 0xa7, 0x0, 0x20, 0x0,
    0x0, 0xe4, 0x0,

    /* U+1EE6 "Ủ" */
    0x0, 0x5c, 0x40, 0x0, 0x0, 0x76, 0x0, 0x0,
    0x3, 0x0, 0xf, 0x20, 0x0, 0x2f, 0xf2, 0x0,
    0x2, 0xff, 0x20, 0x0, 0x2f, 0xf2, 0x0, 0x2,
    0xff, 0x20, 0x0, 0x2f, 0xf2, 0x0, 0x2, 0xfe,
    0x40, 0x0, 0x5d, 0x8d, 0x41, 0x4d, 0x70, 0x7e,
    0xfd, 0x70,

    /* U+1EE7 "ủ" */
    0x3, 0xc6, 0x0, 0x0, 0x39, 0x0, 0x0, 0x20,
    0x0, 0xf2, 0x0, 0xa7, 0xf2, 0x0, 0xa7, 0xf2,
    0x0, 0xa7, 0xf2, 0x0, 0xa7, 0xe2, 0x0, 0xb7,
    0xb8, 0x3, 0xf7, 0x2d, 0xfa, 0xa7,

    /* U+1EE8 "Ứ" */
    0x0, 0x6, 0xb0, 0x3, 0x0, 0x0, 0x81, 0x0,
    0xc2, 0x0, 0x0, 0x0, 0xc, 0x2f, 0x20, 0x0,
    0x2f, 0x60, 0xf2, 0x0, 0x2, 0xf0, 0xf, 0x20,
    0x0, 0x2f, 0x0, 0xf2, 0x0, 0x2, 0xf0, 0xf,
    0x20, 0x0, 0x2f, 0x0, 0xf2, 0x0, 0x2, 0xf0,
    0xe, 0x40, 0x0, 0x5d, 0x0, 0x8d, 0x41, 0x4d,
    0x70, 0x0, 0x7e, 0xfd, 0x70, 0x0,

    /* U+1EE9 "ứ" */
    0x0, 0x3e, 0x2, 0x20, 0x6, 0x30, 0x69, 0xf2,
    0x0, 0xff, 0x2f, 0x20, 0xa, 0x70, 0xf2, 0x0,
    0xa7, 0xf, 0x20, 0xa, 0x70, 0xe2, 0x0, 0xb7,
    0xb, 0x80, 0x3f, 0x70, 0x2d, 0xfa, 0xa7, 0x0,

    /* U+1EEA "Ừ" */
    0x0, 0xb6, 0x0, 0x3, 0x0, 0x1, 0x80, 0x0,
    0xc2, 0x0, 0x0, 0x0, 0xc, 0x2f, 0x20, 0x0,
    0x2f, 0x60, 0xf2, 0x0, 0x2, 0xf0, 0xf, 0x20,
    0x0, 0x2f, 0x0, 0xf2, 0x0, 0x2, 0xf0, 0xf,
    0x20, 0x0, 0x2f, 0x0, 0xf2, 0x0, 0x2, 0xf0,
    0xe, 0x40, 0x0, 0x5d, 0x0, 0x8d, 0x41, 0x4d,
    0x70, 0x0, 0x7e, 0xfd, 0x70, 0x0,

    /* U+1EEB "ừ" */
    0x8, 0x90, 0x2, 0x20, 0x9, 0x0, 0x69, 0xf2,
    0x0, 0xff, 0x2f, 0x20, 0xa, 0x70, 0xf2, 0x0,
    0xa7, 0xf, 0x20, 0xa, 0x70, 0xe2, 0x0, 0xb7,
    0xb, 0x80, 0x3f, 0x70, 0x2d, 0xfa, 0xa7, 0x0,

    /* U+1EEC "Ử" */
    0x0, 0x5c, 0x40, 0x0, 0x0, 0x0, 0x76, 0x0,
    0xa1, 0x0, 0x3, 0x0, 0xd, 0x3f, 0x20, 0x0,
    0x2f, 0x70, 0xf2, 0x0, 0x2, 0xf0, 0xf, 0x20,
    0x0, 0x2f, 0x0, 0xf2, 0x0, 0x2, 0xf0, 0xf,
    0x20, 0x0, 0x2f, 0x0, 0xf2, 0x0, 0x2, 0xf0,
    0xe, 0x40, 0x0, 0x5d, 0x0, 0x8d, 0x41, 0x4d,
    0x70, 0x0, 0x7e, 0xfd, 0x70, 0x0,

    /* U+1EED "ử" */
    0x3, 0xc6, 0x0, 0x0, 0x3, 0x90, 0x56, 0x0,
    0x20, 0x6, 0x9f, 0x20, 0xf, 0xf2, 0xf2, 0x0,
    0xa7, 0xf, 0x20, 0xa, 0x70, 0xf2, 0x0, 0xa7,
    0xe, 0x20, 0xb, 0x70, 0xb8, 0x3, 0xf7, 0x2,
    0xdf, 0xaa, 0x70,

    /* U+1EEE "Ữ" */
    0x2, 0xb6, 0x36, 0x0, 0x0, 0x72, 0x7b, 0x10,
    0xb2, 0x0, 0x0, 0x0, 0xd, 0x2f, 0x20, 0x0,
    0x2f, 0x70, 0xf2, 0x0, 0x2, 0xf0, 0xf, 0x20,
    0x0, 0x2f, 0x0, 0xf2, 0x0, 0x2, 0xf0, 0xf,
    0x20, 0x0, 0x2f, 0x0, 0xf2, 0x0, 0x2, 0xf0,
    0xe, 0x40, 0x0, 0x5d, 0x0, 0x8d, 0x41, 0x4d,
    0x70, 0x0, 0x7e, 0xfd, 0x70, 0x0,

    /* U+1EEF "ữ" */
    0x2b, 0xcc, 0x65, 0x80, 0x0, 0x0, 0x69, 0xf2,
    0x0, 0xff, 0x2f, 0x20, 0xa, 0x70, 0xf2, 0x0,
    0xa7, 0xf, 0x20, 0xa, 0x70, 0xe2, 0x0, 0xb7,
    0xb, 0x80, 0x3f, 0x70, 0x2d, 0xfa, 0xa7, 0x0,

    /* U+1EF0 "Ự" */
    0x0, 0x0, 0x0, 0xd, 0x20, 0x0, 0x0, 0x0,
    0xd2, 0xf2, 0x0, 0x2, 0xf6, 0xf, 0x20, 0x0,
    0x2f, 0x0, 0xf2, 0x0, 0x2, 0xf0, 0xf, 0x20,
    0x0, 0x2f, 0x0, 0xf2, 0x0, 0x2, 0xf0, 0xf,
    0x20, 0x0, 0x2f, 0x0, 0xe4, 0x0, 0x5, 0xd0,
    0x8, 0xd4, 0x14, 0xd7, 0x0, 0x7, 0xef, 0xd7,
    0x0, 0x0, 0x0, 0x20, 0x0, 0x0, 0x0, 0x1f,
    0x10, 0x0, 0x0,

    /* U+1EF1 "ự" */
    0x0, 0x0, 0x3, 0x40, 0x0, 0x0, 0x69, 0xf2,
    0x0, 0xff, 0x2f, 0x20, 0xa, 0x70, 0xf2, 0x0,
    0xa7, 0xf, 0x20, 0xa, 0x70, 0xe2, 0x0, 0xb7,
    0xb, 0x80, 0x3f, 0x70, 0x2d, 0xfa, 0xa7, 0x0,
    0x2, 0x0, 0x0, 0x0, 0xe4, 0x0, 0x0,

    /* U+1EF2 "Ỳ" */
    0x0, 0x6, 0x50, 0x0, 0x0, 0x0, 0x1d, 0x0,
    0x0, 0x0, 0x0, 0x0, 0x0, 0x0, 0xc8, 0x0,
    0x1, 0xf4, 0x2, 0xf2, 0x0, 0xaa, 0x0, 0x8,
    0xb0, 0x3e, 0x10, 0x0, 0xe, 0x5d, 0x60, 0x0,
    0x0, 0x5f, 0xc0, 0x0, 0x0, 0x0, 0xd5, 0x0,
    0x0, 0x0, 0xd, 0x40, 0x0, 0x0, 0x0, 0xd4,
    0x0, 0x0, 0x0, 0xd, 0x40, 0x0,

    /* U+1EF3 "ỳ" */
    0x0, 0xb6, 0x0, 0x0, 0x1, 0x80, 0x0, 0x8a,
    0x0, 0xa, 0x82, 0xf0, 0x0, 0xf2, 0xd, 0x50,
    0x5c, 0x0, 0x7b, 0xa, 0x70, 0x1, 0xf1, 0xf1,
    0x0, 0xb, 0xbb, 0x0, 0x0, 0x5f, 0x60, 0x0,
    0x1, 0xe1, 0x0, 0xa, 0xf7, 0x0, 0x0,

    /* U+1EF4 "Ỵ" */
    0xc, 0x80, 0x0, 0x1f, 0x40, 0x2f, 0x20, 0xa,
    0xa0, 0x0, 0x8b, 0x3, 0xe1, 0x0, 0x0, 0xe5,
    0xd6, 0x0, 0x0, 0x5, 0xfc, 0x0, 0x0, 0x0,
    0xd, 0x50, 0x0, 0x0, 0x0, 0xd4, 0x0, 0x0,
    0x0, 0xd, 0x40, 0x0, 0x0, 0x0, 0xd4, 0x0,
    0x0, 0x0, 0x2, 0x0, 0x0, 0x0, 0x0, 0xd5,
    0x0, 0x0,

    /* U+1EF5 "ỵ" */
    0x8a, 0x0, 0xa, 0x82, 0xf0, 0x0, 0xf2, 0xd,
    0x50, 0x5c, 0x0, 0x7b, 0xa, 0x70, 0x1, 0xf1,
    0xf1, 0x0, 0xb, 0xbb, 0x0, 0x0, 0x5f, 0x60,
    0x0, 0x1, 0xe2, 0x10, 0xa, 0xf7, 0x7b, 0x0,

    /* U+1EF6 "Ỷ" */
    0x0, 0x2, 0xc7, 0x0, 0x0, 0x0, 0x2, 0xa0,
    0x0, 0x0, 0x0, 0x20, 0x0, 0x0, 0xc8, 0x0,
    0x1, 0xf4, 0x2, 0xf2, 0x0, 0xaa, 0x0, 0x8,
    0xb0, 0x3e, 0x10, 0x0, 0xe, 0x5d, 0x60, 0x0,
    0x0, 0x5f, 0xc0, 0x0, 0x0, 0x0, 0xd5, 0x0,
    0x0, 0x0, 0xd, 0x40, 0x0, 0x0, 0x0, 0xd4,
    0x0, 0x0, 0x0, 0xd, 0x40, 0x0,

    /* U+1EF7 "ỷ" */
    0x0, 0x5c, 0x40, 0x0, 0x0, 0x66, 0x0, 0x0,
    0x2, 0x0, 0x8, 0xa0, 0x0, 0xa8, 0x2f, 0x0,
    0xf, 0x20, 0xd5, 0x5, 0xc0, 0x7, 0xb0, 0xa7,
    0x0, 0x1f, 0x1f, 0x10, 0x0, 0xbb, 0xb0, 0x0,
    0x5, 0xf6, 0x0, 0x0, 0x1e, 0x10, 0x0, 0xaf,
    0x70, 0x0,

    /* U+1EF8 "Ỹ" */
    0x0, 0xa, 0x90, 0x90, 0x0, 0x3, 0x54, 0xc4,
    0x0, 0x0, 0x0, 0x0, 0x0, 0x0, 0xc8, 0x0,
    0x1, 0xf4, 0x2, 0xf2, 0x0, 0xaa, 0x0, 0x8,
    0xb0, 0x3e, 0x10, 0x0, 0xe, 0x5d, 0x60, 0x0,
    0x0, 0x5f, 0xc0, 0x0, 0x0, 0x0, 0xd5, 0x0,
    0x0, 0x0, 0xd, 0x40, 0x0, 0x0, 0x0, 0xd4,
    0x0, 0x0, 0x0, 0xd, 0x40, 0x0,

    /* U+1EF9 "ỹ" */
    0x4, 0xbb, 0xb4, 0x0, 0x0, 0x0, 0x0, 0x8a,
    0x0, 0xa, 0x82, 0xf0, 0x0, 0xf2, 0xd, 0x50,
    0x5c, 0x0, 0x7b, 0xa, 0x70, 0x1, 0xf1, 0xf1,
    0x0, 0xb, 0xbb, 0x0, 0x0, 0x5f, 0x60, 0x0,
    0x1, 0xe1, 0x0, 0xa, 0xf7, 0x0, 0x0,

    /* U+2013 "–" */
    0x6e, 0xee, 0xee, 0xe1, 0x1, 0x11, 0x11, 0x10,

    /* U+2014 "—" */
    0x6e, 0xee, 0xee, 0xee, 0xee, 0xe3, 0x1, 0x11,
    0x11, 0x11, 0x11, 0x10,

    /* U+2015 "―" */
    0x9f, 0xff, 0xff, 0xf0,

    /* U+2016 "‖" */
    0xd3, 0xa6, 0xd3, 0xa6, 0xd3, 0xa6, 0xd3, 0xa6,
    0xd3, 0xa6, 0xd3, 0xa6, 0xd3, 0xa6, 0xd3, 0xa6,
    0xd3, 0xa6, 0xd3, 0xa6, 0x61, 0x53,

    /* U+2017 "‗" */
    0xa, 0xaa, 0xaa, 0xa6, 0xa, 0xaa, 0xaa, 0xa6,

    /* U+2018 "‘" */
    0xa, 0x3, 0x90, 0x6f, 0x2, 0x50,

    /* U+2019 "’" */
    0x6f, 0x3, 0xd0, 0x19, 0x2, 0x20,

    /* U+201A "‚" */
    0x37, 0x6, 0xf0, 0xb, 0x3, 0x70,

    /* U+201B "‛" */
    0x2f, 0x12, 0xb0, 0xa, 0x0, 0x0,

    /* U+201C "“" */
    0xa, 0xa, 0x3, 0x91, 0xb0, 0x6f, 0x4f, 0x32,
    0x51, 0x51,

    /* U+201D "”" */
    0x6f, 0x5f, 0x33, 0xd2, 0xd1, 0x19, 0xa, 0x2,
    0x21, 0x30,

    /* U+201E "„" */
    0x37, 0x27, 0x16, 0xf5, 0xf2, 0xb, 0xb, 0x3,
    0x71, 0x90,

    /* U+201F "‟" */
    0x6c, 0x7c, 0x67, 0x66, 0x18, 0x28, 0x0, 0x0,

    /* U+2020 "†" */
    0x0, 0xb5, 0x0, 0x0, 0xb5, 0x0, 0xcf, 0xff,
    0xf6, 0x0, 0xb5, 0x0, 0x0, 0xb5, 0x0, 0x0,
    0xb5, 0x0, 0x0, 0xb5, 0x0, 0x0, 0xb5, 0x0,
    0x0, 0xb5, 0x0,

    /* U+2021 "‡" */
    0x0, 0xb5, 0x0, 0x0, 0xb5, 0x0, 0xcf, 0xff,
    0xf6, 0x0, 0xb5, 0x0, 0x0, 0xb5, 0x0, 0x0,
    0xb5, 0x0, 0xcf, 0xff, 0xf6, 0x0, 0xb5, 0x0,
    0x0, 0xb5, 0x0,

    /* U+2022 "•" */
    0xa, 0xa1, 0x5f, 0xf6, 0x2d, 0xe2,

    /* U+2023 "‣" */
    0x22, 0x0, 0x5, 0xf9, 0x10, 0x5f, 0xfb, 0x5,
    0xe5, 0x0, 0x10, 0x0, 0x0,

    /* U+2024 "․" */
    0x42, 0xd7,

    /* U+2025 "‥" */
    0x42, 0x1, 0x50, 0xd7, 0x3, 0xf1,

    /* U+2026 "…" */
    0x37, 0x7, 0x34, 0x66, 0xf1, 0xf7, 0xad,

    /* U+203A "›" */
    0x2, 0x0, 0xc, 0x70, 0x1, 0xe5, 0x0, 0x6b,
    0x2, 0xe3, 0x1e, 0x50,

    /* U+2713 "✓" */
    0x0, 0x0, 0x0, 0x0, 0x10, 0x0, 0x0, 0x0,
    0xb, 0xd1, 0x0, 0x0, 0x0, 0x9e, 0x10, 0x0,
    0x0, 0x5, 0xf3, 0x0, 0x0, 0x0, 0xe, 0x80,
    0x0, 0x0, 0x0, 0x9e, 0x0, 0x0, 0x14, 0x1,
    0xf5, 0x0, 0x0, 0xaf, 0x89, 0xd0, 0x0, 0x0,
    0x1e, 0xff, 0x60, 0x0, 0x0, 0x3, 0xfe, 0x0,
    0x0, 0x0, 0x0, 0x10, 0x0, 0x0, 0x0,

    /* U+2717 "✗" */
    0x0, 0x20, 0x0, 0x0, 0x0, 0xf4, 0x1, 0xd3,
    0x0, 0xcd, 0x1d, 0x90, 0x0, 0x8f, 0xed, 0x0,
    0x0, 0x5f, 0xf4, 0x0, 0x0, 0x9f, 0xd0, 0x0,
    0x6, 0xff, 0xf1, 0x0, 0x4f, 0xc6, 0xf8, 0x0,
    0xed, 0x10, 0x8e, 0x0, 0x41, 0x0, 0x1, 0x0
};


/*---------------------
 *  GLYPH DESCRIPTION
 *--------------------*/

static const lv_font_fmt_txt_glyph_dsc_t glyph_dsc[] = {
    {.bitmap_index = 0, .adv_w = 0, .box_w = 0, .box_h = 0, .ofs_x = 0, .ofs_y = 0} /* id = 0 reserved */,
    {.bitmap_index = 0, .adv_w = 52, .box_w = 0, .box_h = 0, .ofs_x = 0, .ofs_y = 0},
    {.bitmap_index = 0, .adv_w = 44, .box_w = 3, .box_h = 9, .ofs_x = 0, .ofs_y = 0},
    {.bitmap_index = 14, .adv_w = 72, .box_w = 4, .box_h = 4, .ofs_x = 0, .ofs_y = 5},
    {.bitmap_index = 22, .adv_w = 99, .box_w = 8, .box_h = 9, .ofs_x = -1, .ofs_y = 0},
    {.bitmap_index = 58, .adv_w = 131, .box_w = 8, .box_h = 12, .ofs_x = 0, .ofs_y = -1},
    {.bitmap_index = 106, .adv_w = 167, .box_w = 10, .box_h = 9, .ofs_x = 0, .ofs_y = 0},
    {.bitmap_index = 151, .adv_w = 129, .box_w = 8, .box_h = 9, .ofs_x = 0, .ofs_y = 0},
    {.bitmap_index = 187, .adv_w = 37, .box_w = 2, .box_h = 4, .ofs_x = 0, .ofs_y = 5},
    {.bitmap_index = 191, .adv_w = 57, .box_w = 4, .box_h = 11, .ofs_x = 0, .ofs_y = -1},
    {.bitmap_index = 213, .adv_w = 57, .box_w = 3, .box_h = 11, .ofs_x = 0, .ofs_y = -1},
    {.bitmap_index = 230, .adv_w = 89, .box_w = 6, .box_h = 5, .ofs_x = 0, .ofs_y = 5},
    {.bitmap_index = 245, .adv_w = 116, .box_w = 7, .box_h = 6, .ofs_x = 0, .ofs_y = 1},
    {.bitmap_index = 266, .adv_w = 42, .box_w = 3, .box_h = 4, .ofs_x = 0, .ofs_y = -2},
    {.bitmap_index = 272, .adv_w = 87, .box_w = 5, .box_h = 2, .ofs_x = 0, .ofs_y = 2},
    {.bitmap_index = 277, .adv_w = 42, .box_w = 3, .box_h = 2, .ofs_x = 0, .ofs_y = 0},
    {.bitmap_index = 280, .adv_w = 100, .box_w = 6, .box_h = 11, .ofs_x = 0, .ofs_y = -1},
    {.bitmap_index = 313, .adv_w = 138, .box_w = 8, .box_h = 9, .ofs_x = 0, .ofs_y = 0},
    {.bitmap_index = 349, .adv_w = 80, .box_w = 4, .box_h = 9, .ofs_x = 0, .ofs_y = 0},
    {.bitmap_index = 367, .adv_w = 129, .box_w = 8, .box_h = 9, .ofs_x = 0, .ofs_y = 0},
    {.bitmap_index = 403, .adv_w = 128, .box_w = 8, .box_h = 9, .ofs_x = 0, .ofs_y = 0},
    {.bitmap_index = 439, .adv_w = 128, .box_w = 8, .box_h = 9, .ofs_x = 0, .ofs_y = 0},
    {.bitmap_index = 475, .adv_w = 130, .box_w = 8, .box_h = 9, .ofs_x = 0, .ofs_y = 0},
    {.bitmap_index = 511, .adv_w = 123, .box_w = 8, .box_h = 9, .ofs_x = 0, .ofs_y = 0},
    {.bitmap_index = 547, .adv_w = 109, .box_w = 7, .box_h = 9, .ofs_x = 0, .ofs_y = 0},
    {.bitmap_index = 579, .adv_w = 126, .box_w = 8, .box_h = 9, .ofs_x = 0, .ofs_y = 0},
    {.bitmap_index = 615, .adv_w = 123, .box_w = 8, .box_h = 9, .ofs_x = 0, .ofs_y = 0},
    {.bitmap_index = 651, .adv_w = 62, .box_w = 2, .box_h = 7, .ofs_x = 1, .ofs_y = 0},
    {.bitmap_index = 658, .adv_w = 62, .box_w = 2, .box_h = 9, .ofs_x = 1, .ofs_y = -2},
    {.bitmap_index = 667, .adv_w = 113, .box_w = 7, .box_h = 8, .ofs_x = 0, .ofs_y = 0},
    {.bitmap_index = 695, .adv_w = 112, .box_w = 7, .box_h = 4, .ofs_x = 0, .ofs_y = 2},
    {.bitmap_index = 709, .adv_w = 113, .box_w = 7, .box_h = 8, .ofs_x = 0, .ofs_y = 0},
    {.bitmap_index = 737, .adv_w = 116, .box_w = 7, .box_h = 9, .ofs_x = 0, .ofs_y = 0},
    {.bitmap_index = 769, .adv_w = 188, .box_w = 12, .box_h = 11, .ofs_x = 0, .ofs_y = -2},
    {.bitmap_index = 835, .adv_w = 139, .box_w = 9, .box_h = 9, .ofs_x = 0, .ofs_y = 0},
    {.bitmap_index = 876, .adv_w = 141, .box_w = 8, .box_h = 9, .ofs_x = 1, .ofs_y = 0},
    {.bitmap_index = 912, .adv_w = 146, .box_w = 9, .box_h = 9, .ofs_x = 0, .ofs_y = 0},
    {.bitmap_index = 953, .adv_w = 144, .box_w = 8, .box_h = 9, .ofs_x = 1, .ofs_y = 0},
    {.bitmap_index = 989, .adv_w = 125, .box_w = 7, .box_h = 9, .ofs_x = 1, .ofs_y = 0},
    {.bitmap_index = 1021, .adv_w = 123, .box_w = 6, .box_h = 9, .ofs_x = 1, .ofs_y = 0},
    {.bitmap_index = 1048, .adv_w = 146, .box_w = 9, .box_h = 9, .ofs_x = 0, .ofs_y = 0},
    {.bitmap_index = 1089, .adv_w = 148, .box_w = 8, .box_h = 9, .ofs_x = 1, .ofs_y = 0},
    {.bitmap_index = 1125, .adv_w = 56, .box_w = 2, .box_h = 9, .ofs_x = 1, .ofs_y = 0},
    {.bitmap_index = 1134, .adv_w = 124, .box_w = 7, .box_h = 9, .ofs_x = 0, .ofs_y = 0},
    {.bitmap_index = 1166, .adv_w = 133, .box_w = 8, .box_h = 9, .ofs_x = 1, .ofs_y = 0},
    {.bitmap_index = 1202, .adv_w = 121, .box_w = 6, .box_h = 9, .ofs_x = 1, .ofs_y = 0},
    {.bitmap_index = 1229, .adv_w = 182, .box_w = 10, .box_h = 9, .ofs_x = 1, .ofs_y = 0},
    {.bitmap_index = 1274, .adv_w = 155, .box_w = 8, .box_h = 9, .ofs_x = 1, .ofs_y = 0},
    {.bitmap_index = 1310, .adv_w = 154, .box_w = 10, .box_h = 9, .ofs_x = 0, .ofs_y = 0},
    {.bitmap_index = 1355, .adv_w = 135, .box_w = 7, .box_h = 9, .ofs_x = 1, .ofs_y = 0},
    {.bitmap_index = 1387, .adv_w = 152, .box_w = 9, .box_h = 10, .ofs_x = 0, .ofs_y = -1},
    {.bitmap_index = 1432, .adv_w = 140, .box_w = 7, .box_h = 9, .ofs_x = 1, .ofs_y = 0},
    {.bitmap_index = 1464, .adv_w = 133, .box_w = 8, .box_h = 9, .ofs_x = 0, .ofs_y = 0},
    {.bitmap_index = 1500, .adv_w = 115, .box_w = 8, .box_h = 9, .ofs_x = 0, .ofs_y = 0},
    {.bitmap_index = 1536, .adv_w = 143, .box_w = 7, .box_h = 9, .ofs_x = 1, .ofs_y = 0},
    {.bitmap_index = 1568, .adv_w = 139, .box_w = 9, .box_h = 9, .ofs_x = 0, .ofs_y = 0},
    {.bitmap_index = 1609, .adv_w = 197, .box_w = 12, .box_h = 9, .ofs_x = 0, .ofs_y = 0},
    {.bitmap_index = 1663, .adv_w = 126, .box_w = 8, .box_h = 9, .ofs_x = 0, .ofs_y = 0},
    {.bitmap_index = 1699, .adv_w = 120, .box_w = 9, .box_h = 9, .ofs_x = -1, .ofs_y = 0},
    {.bitmap_index = 1740, .adv_w = 113, .box_w = 7, .box_h = 9, .ofs_x = 0, .ofs_y = 0},
    {.bitmap_index = 1772, .adv_w = 72, .box_w = 4, .box_h = 11, .ofs_x = 1, .ofs_y = -1},
    {.bitmap_index = 1794, .adv_w = 95, .box_w = 6, .box_h = 11, .ofs_x = 0, .ofs_y = -1},
    {.bitmap_index = 1827, .adv_w = 72, .box_w = 4, .box_h = 11, .ofs_x = 0, .ofs_y = -1},
    {.bitmap_index = 1849, .adv_w = 89, .box_w = 6, .box_h = 4, .ofs_x = 0, .ofs_y = 5},
    {.bitmap_index = 1861, .adv_w = 116, .box_w = 7, .box_h = 1, .ofs_x = 0, .ofs_y = -1},
    {.bitmap_index = 1865, .adv_w = 52, .box_w = 3, .box_h = 2, .ofs_x = 0, .ofs_y = 8},
    {.bitmap_index = 1868, .adv_w = 115, .box_w = 7, .box_h = 7, .ofs_x = 0, .ofs_y = 0},
    {.bitmap_index = 1893, .adv_w = 124, .box_w = 7, .box_h = 9, .ofs_x = 1, .ofs_y = 0},
    {.bitmap_index = 1925, .adv_w = 114, .box_w = 7, .box_h = 7, .ofs_x = 0, .ofs_y = 0},
    {.bitmap_index = 1950, .adv_w = 124, .box_w = 7, .box_h = 9, .ofs_x = 0, .ofs_y = 0},
    {.bitmap_index = 1982, .adv_w = 117, .box_w = 7, .box_h = 7, .ofs_x = 0, .ofs_y = 0},
    {.bitmap_index = 2007, .adv_w = 82, .box_w = 5, .box_h = 9, .ofs_x = 0, .ofs_y = 0},
    {.bitmap_index = 2030, .adv_w = 124, .box_w = 7, .box_h = 9, .ofs_x = 0, .ofs_y = -2},
    {.bitmap_index = 2062, .adv_w = 121, .box_w = 6, .box_h = 9, .ofs_x = 1, .ofs_y = 0},
    {.bitmap_index = 2089, .adv_w = 51, .box_w = 2, .box_h = 9, .ofs_x = 1, .ofs_y = 0},
    {.bitmap_index = 2098, .adv_w = 54, .box_w = 4, .box_h = 11, .ofs_x = -1, .ofs_y = -2},
    {.bitmap_index = 2120, .adv_w = 123, .box_w = 7, .box_h = 9, .ofs_x = 1, .ofs_y = 0},
    {.bitmap_index = 2152, .adv_w = 56, .box_w = 3, .box_h = 9, .ofs_x = 1, .ofs_y = 0},
    {.bitmap_index = 2166, .adv_w = 182, .box_w = 10, .box_h = 7, .ofs_x = 1, .ofs_y = 0},
    {.bitmap_index = 2201, .adv_w = 121, .box_w = 6, .box_h = 7, .ofs_x = 1, .ofs_y = 0},
    {.bitmap_index = 2222, .adv_w = 119, .box_w = 7, .box_h = 7, .ofs_x = 0, .ofs_y = 0},
    {.bitmap_index = 2247, .adv_w = 124, .box_w = 7, .box_h = 9, .ofs_x = 1, .ofs_y = -2},
    {.bitmap_index = 2279, .adv_w = 124, .box_w = 7, .box_h = 9, .ofs_x = 0, .ofs_y = -2},
    {.bitmap_index = 2311, .adv_w = 79, .box_w = 4, .box_h = 7, .ofs_x = 1, .ofs_y = 0},
    {.bitmap_index = 2325, .adv_w = 108, .box_w = 7, .box_h = 7, .ofs_x = 0, .ofs_y = 0},
    {.bitmap_index = 2350, .adv_w = 82, .box_w = 5, .box_h = 9, .ofs_x = 0, .ofs_y = 0},
    {.bitmap_index = 2373, .adv_w = 120, .box_w = 6, .box_h = 7, .ofs_x = 1, .ofs_y = 0},
    {.bitmap_index = 2394, .adv_w = 111, .box_w = 7, .box_h = 7, .ofs_x = 0, .ofs_y = 0},
    {.bitmap_index = 2419, .adv_w = 170, .box_w = 11, .box_h = 7, .ofs_x = 0, .ofs_y = 0},
    {.bitmap_index = 2458, .adv_w = 122, .box_w = 7, .box_h = 7, .ofs_x = 0, .ofs_y = 0},
    {.bitmap_index = 2483, .adv_w = 112, .box_w = 7, .box_h = 9, .ofs_x = 0, .ofs_y = -2},
    {.bitmap_index = 2515, .adv_w = 112, .box_w = 7, .box_h = 7, .ofs_x = 0, .ofs_y = 0},
    {.bitmap_index = 2540, .adv_w = 81, .box_w = 5, .box_h = 11, .ofs_x = 0, .ofs_y = -1},
    {.bitmap_index = 2568, .adv_w = 55, .box_w = 2, .box_h = 11, .ofs_x = 1, .ofs_y = -1},
    {.bitmap_index = 2579, .adv_w = 81, .box_w = 5, .box_h = 11, .ofs_x = 0, .ofs_y = -1},
    {.bitmap_index = 2607, .adv_w = 109, .box_w = 7, .box_h = 3, .ofs_x = 0, .ofs_y = 3},
    {.bitmap_index = 2618, .adv_w = 52, .box_w = 0, .box_h = 0, .ofs_x = 0, .ofs_y = 0},
    {.bitmap_index = 2618, .adv_w = 44, .box_w = 3, .box_h = 9, .ofs_x = 0, .ofs_y = -2},
    {.bitmap_index = 2632, .adv_w = 114, .box_w = 7, .box_h = 9, .ofs_x = 0, .ofs_y = 0},
    {.bitmap_index = 2664, .adv_w = 127, .box_w = 8, .box_h = 9, .ofs_x = 0, .ofs_y = 0},
    {.bitmap_index = 2700, .adv_w = 130, .box_w = 8, .box_h = 7, .ofs_x = 0, .ofs_y = 1},
    {.bitmap_index = 2728, .adv_w = 120, .box_w = 9, .box_h = 9, .ofs_x = -1, .ofs_y = 0},
    {.bitmap_index = 2769, .adv_w = 55, .box_w = 2, .box_h = 11, .ofs_x = 1, .ofs_y = -1},
    {.bitmap_index = 2780, .adv_w = 114, .box_w = 7, .box_h = 11, .ofs_x = 0, .ofs_y = -2},
    {.bitmap_index = 2819, .adv_w = 73, .box_w = 4, .box_h = 3, .ofs_x = 0, .ofs_y = 7},
    {.bitmap_index = 2825, .adv_w = 172, .box_w = 11, .box_h = 11, .ofs_x = 0, .ofs_y = -1},
    {.bitmap_index = 2886, .adv_w = 83, .box_w = 5, .box_h = 5, .ofs_x = 0, .ofs_y = 4},
    {.bitmap_index = 2899, .adv_w = 111, .box_w = 7, .box_h = 6, .ofs_x = 0, .ofs_y = 1},
    {.bitmap_index = 2920, .adv_w = 104, .box_w = 6, .box_h = 4, .ofs_x = 0, .ofs_y = 0},
    {.bitmap_index = 2932, .adv_w = 69, .box_w = 4, .box_h = 2, .ofs_x = 0, .ofs_y = 2},
    {.bitmap_index = 2936, .adv_w = 132, .box_w = 8, .box_h = 7, .ofs_x = 0, .ofs_y = 2},
    {.bitmap_index = 2964, .adv_w = 74, .box_w = 5, .box_h = 1, .ofs_x = 0, .ofs_y = 8},
    {.bitmap_index = 2967, .adv_w = 84, .box_w = 5, .box_h = 4, .ofs_x = 0, .ofs_y = 5},
    {.bitmap_index = 2977, .adv_w = 112, .box_w = 7, .box_h = 8, .ofs_x = 0, .ofs_y = 0},
    {.bitmap_index = 3005, .adv_w = 72, .box_w = 4, .box_h = 5, .ofs_x = 0, .ofs_y = 4},
    {.bitmap_index = 3015, .adv_w = 69, .box_w = 4, .box_h = 5, .ofs_x = 0, .ofs_y = 4},
    {.bitmap_index = 3025, .adv_w = 52, .box_w = 3, .box_h = 2, .ofs_x = 0, .ofs_y = 8},
    {.bitmap_index = 3028, .adv_w = 120, .box_w = 6, .box_h = 9, .ofs_x = 1, .ofs_y = -2},
    {.bitmap_index = 3055, .adv_w = 124, .box_w = 7, .box_h = 9, .ofs_x = 0, .ofs_y = 0},
    {.bitmap_index = 3087, .adv_w = 42, .box_w = 3, .box_h = 3, .ofs_x = 0, .ofs_y = 3},
    {.bitmap_index = 3092, .adv_w = 66, .box_w = 4, .box_h = 3, .ofs_x = 0, .ofs_y = -3},
    {.bitmap_index = 3098, .adv_w = 50, .box_w = 3, .box_h = 5, .ofs_x = 0, .ofs_y = 4},
    {.bitmap_index = 3106, .adv_w = 87, .box_w = 5, .box_h = 5, .ofs_x = 0, .ofs_y = 4},
    {.bitmap_index = 3119, .adv_w = 112, .box_w = 7, .box_h = 6, .ofs_x = 0, .ofs_y = 1},
    {.bitmap_index = 3140, .adv_w = 152, .box_w = 10, .box_h = 10, .ofs_x = 0, .ofs_y = 0},
    {.bitmap_index = 3190, .adv_w = 166, .box_w = 10, .box_h = 10, .ofs_x = 0, .ofs_y = 0},
    {.bitmap_index = 3240, .adv_w = 163, .box_w = 10, .box_h = 9, .ofs_x = 0, .ofs_y = 0},
    {.bitmap_index = 3285, .adv_w = 116, .box_w = 7, .box_h = 10, .ofs_x = 0, .ofs_y = -2},
    {.bitmap_index = 3320, .adv_w = 139, .box_w = 9, .box_h = 12, .ofs_x = 0, .ofs_y = 0},
    {.bitmap_index = 3374, .adv_w = 139, .box_w = 9, .box_h = 12, .ofs_x = 0, .ofs_y = 0},
    {.bitmap_index = 3428, .adv_w = 139, .box_w = 9, .box_h = 12, .ofs_x = 0, .ofs_y = 0},
    {.bitmap_index = 3482, .adv_w = 139, .box_w = 9, .box_h = 12, .ofs_x = 0, .ofs_y = 0},
    {.bitmap_index = 3536, .adv_w = 139, .box_w = 9, .box_h = 12, .ofs_x = 0, .ofs_y = 0},
    {.bitmap_index = 3590, .adv_w = 139, .box_w = 9, .box_h = 12, .ofs_x = 0, .ofs_y = 0},
    {.bitmap_index = 3644, .adv_w = 202, .box_w = 12, .box_h = 9, .ofs_x = 0, .ofs_y = 0},
    {.bitmap_index = 3698, .adv_w = 146, .box_w = 9, .box_h = 12, .ofs_x = 0, .ofs_y = -3},
    {.bitmap_index = 3752, .adv_w = 125, .box_w = 7, .box_h = 12, .ofs_x = 1, .ofs_y = 0},
    {.bitmap_index = 3794, .adv_w = 125, .box_w = 7, .box_h = 12, .ofs_x = 1, .ofs_y = 0},
    {.bitmap_index = 3836, .adv_w = 125, .box_w = 7, .box_h = 12, .ofs_x = 1, .ofs_y = 0},
    {.bitmap_index = 3878, .adv_w = 125, .box_w = 7, .box_h = 12, .ofs_x = 1, .ofs_y = 0},
    {.bitmap_index = 3920, .adv_w = 56, .box_w = 3, .box_h = 12, .ofs_x = 0, .ofs_y = 0},
    {.bitmap_index = 3938, .adv_w = 56, .box_w = 3, .box_h = 12, .ofs_x = 1, .ofs_y = 0},
    {.bitmap_index = 3956, .adv_w = 56, .box_w = 5, .box_h = 12, .ofs_x = -1, .ofs_y = 0},
    {.bitmap_index = 3986, .adv_w = 56, .box_w = 4, .box_h = 12, .ofs_x = 0, .ofs_y = 0},
    {.bitmap_index = 4010, .adv_w = 144, .box_w = 9, .box_h = 9, .ofs_x = 0, .ofs_y = 0},
    {.bitmap_index = 4051, .adv_w = 155, .box_w = 8, .box_h = 12, .ofs_x = 1, .ofs_y = 0},
    {.bitmap_index = 4099, .adv_w = 154, .box_w = 10, .box_h = 12, .ofs_x = 0, .ofs_y = 0},
    {.bitmap_index = 4159, .adv_w = 154, .box_w = 10, .box_h = 12, .ofs_x = 0, .ofs_y = 0},
    {.bitmap_index = 4219, .adv_w = 154, .box_w = 10, .box_h = 12, .ofs_x = 0, .ofs_y = 0},
    {.bitmap_index = 4279, .adv_w = 154, .box_w = 10, .box_h = 12, .ofs_x = 0, .ofs_y = 0},
    {.bitmap_index = 4339, .adv_w = 154, .box_w = 10, .box_h = 13, .ofs_x = 0, .ofs_y = 0},
    {.bitmap_index = 4404, .adv_w = 104, .box_w = 6, .box_h = 6, .ofs_x = 0, .ofs_y = 1},
    {.bitmap_index = 4422, .adv_w = 154, .box_w = 10, .box_h = 9, .ofs_x = 0, .ofs_y = 0},
    {.bitmap_index = 4467, .adv_w = 143, .box_w = 7, .box_h = 12, .ofs_x = 1, .ofs_y = 0},
    {.bitmap_index = 4509, .adv_w = 143, .box_w = 7, .box_h = 12, .ofs_x = 1, .ofs_y = 0},
    {.bitmap_index = 4551, .adv_w = 143, .box_w = 7, .box_h = 12, .ofs_x = 1, .ofs_y = 0},
    {.bitmap_index = 4593, .adv_w = 143, .box_w = 7, .box_h = 13, .ofs_x = 1, .ofs_y = 0},
    {.bitmap_index = 4639, .adv_w = 120, .box_w = 9, .box_h = 12, .ofs_x = -1, .ofs_y = 0},
    {.bitmap_index = 4693, .adv_w = 129, .box_w = 7, .box_h = 9, .ofs_x = 1, .ofs_y = 0},
    {.bitmap_index = 4725, .adv_w = 122, .box_w = 7, .box_h = 9, .ofs_x = 1, .ofs_y = 0},
    {.bitmap_index = 4757, .adv_w = 115, .box_w = 7, .box_h = 9, .ofs_x = 0, .ofs_y = 0},
    {.bitmap_index = 4789, .adv_w = 115, .box_w = 7, .box_h = 9, .ofs_x = 0, .ofs_y = 0},
    {.bitmap_index = 4821, .adv_w = 115, .box_w = 7, .box_h = 9, .ofs_x = 0, .ofs_y = 0},
    {.bitmap_index = 4853, .adv_w = 115, .box_w = 7, .box_h = 9, .ofs_x = 0, .ofs_y = 0},
    {.bitmap_index = 4885, .adv_w = 115, .box_w = 7, .box_h = 9, .ofs_x = 0, .ofs_y = 0},
    {.bitmap_index = 4917, .adv_w = 115, .box_w = 7, .box_h = 10, .ofs_x = 0, .ofs_y = 0},
    {.bitmap_index = 4952, .adv_w = 191, .box_w = 12, .box_h = 7, .ofs_x = 0, .ofs_y = 0},
    {.bitmap_index = 4994, .adv_w = 114, .box_w = 7, .box_h = 10, .ofs_x = 0, .ofs_y = -3},
    {.bitmap_index = 5029, .adv_w = 117, .box_w = 7, .box_h = 9, .ofs_x = 0, .ofs_y = 0},
    {.bitmap_index = 5061, .adv_w = 117, .box_w = 7, .box_h = 9, .ofs_x = 0, .ofs_y = 0},
    {.bitmap_index = 5093, .adv_w = 117, .box_w = 7, .box_h = 9, .ofs_x = 0, .ofs_y = 0},
    {.bitmap_index = 5125, .adv_w = 117, .box_w = 7, .box_h = 9, .ofs_x = 0, .ofs_y = 0},
    {.bitmap_index = 5157, .adv_w = 51, .box_w = 3, .box_h = 9, .ofs_x = 0, .ofs_y = 0},
    {.bitmap_index = 5171, .adv_w = 51, .box_w = 3, .box_h = 9, .ofs_x = 1, .ofs_y = 0},
    {.bitmap_index = 5185, .adv_w = 51, .box_w = 5, .box_h = 9, .ofs_x = -1, .ofs_y = 0},
    {.bitmap_index = 5208, .adv_w = 51, .box_w = 3, .box_h = 9, .ofs_x = 0, .ofs_y = 0},
    {.bitmap_index = 5222, .adv_w = 119, .box_w = 8, .box_h = 10, .ofs_x = 0, .ofs_y = 0},
    {.bitmap_index = 5262, .adv_w = 121, .box_w = 6, .box_h = 9, .ofs_x = 1, .ofs_y = 0},
    {.bitmap_index = 5289, .adv_w = 119, .box_w = 7, .box_h = 9, .ofs_x = 0, .ofs_y = 0},
    {.bitmap_index = 5321, .adv_w = 119, .box_w = 7, .box_h = 9, .ofs_x = 0, .ofs_y = 0},
    {.bitmap_index = 5353, .adv_w = 119, .box_w = 7, .box_h = 9, .ofs_x = 0, .ofs_y = 0},
    {.bitmap_index = 5385, .adv_w = 119, .box_w = 7, .box_h = 9, .ofs_x = 0, .ofs_y = 0},
    {.bitmap_index = 5417, .adv_w = 119, .box_w = 7, .box_h = 9, .ofs_x = 0, .ofs_y = 0},
    {.bitmap_index = 5449, .adv_w = 112, .box_w = 7, .box_h = 6, .ofs_x = 0, .ofs_y = 1},
    {.bitmap_index = 5470, .adv_w = 119, .box_w = 7, .box_h = 7, .ofs_x = 0, .ofs_y = 0},
    {.bitmap_index = 5495, .adv_w = 120, .box_w = 6, .box_h = 9, .ofs_x = 1, .ofs_y = 0},
    {.bitmap_index = 5522, .adv_w = 120, .box_w = 6, .box_h = 9, .ofs_x = 1, .ofs_y = 0},
    {.bitmap_index = 5549, .adv_w = 120, .box_w = 6, .box_h = 9, .ofs_x = 1, .ofs_y = 0},
    {.bitmap_index = 5576, .adv_w = 120, .box_w = 6, .box_h = 9, .ofs_x = 1, .ofs_y = 0},
    {.bitmap_index = 5603, .adv_w = 112, .box_w = 7, .box_h = 11, .ofs_x = 0, .ofs_y = -2},
    {.bitmap_index = 5642, .adv_w = 124, .box_w = 7, .box_h = 11, .ofs_x = 1, .ofs_y = -2},
    {.bitmap_index = 5681, .adv_w = 112, .box_w = 7, .box_h = 11, .ofs_x = 0, .ofs_y = -2},
    {.bitmap_index = 5720, .adv_w = 139, .box_w = 9, .box_h = 11, .ofs_x = 0, .ofs_y = 0},
    {.bitmap_index = 5770, .adv_w = 115, .box_w = 7, .box_h = 9, .ofs_x = 0, .ofs_y = 0},
    {.bitmap_index = 5802, .adv_w = 139, .box_w = 9, .box_h = 12, .ofs_x = 0, .ofs_y = 0},
    {.bitmap_index = 5856, .adv_w = 115, .box_w = 7, .box_h = 9, .ofs_x = 0, .ofs_y = 0},
    {.bitmap_index = 5888, .adv_w = 139, .box_w = 9, .box_h = 12, .ofs_x = 0, .ofs_y = -3},
    {.bitmap_index = 5942, .adv_w = 115, .box_w = 8, .box_h = 10, .ofs_x = 0, .ofs_y = -3},
    {.bitmap_index = 5982, .adv_w = 146, .box_w = 9, .box_h = 12, .ofs_x = 0, .ofs_y = 0},
    {.bitmap_index = 6036, .adv_w = 114, .box_w = 7, .box_h = 9, .ofs_x = 0, .ofs_y = 0},
    {.bitmap_index = 6068, .adv_w = 146, .box_w = 9, .box_h = 12, .ofs_x = 0, .ofs_y = 0},
    {.bitmap_index = 6122, .adv_w = 114, .box_w = 7, .box_h = 9, .ofs_x = 0, .ofs_y = 0},
    {.bitmap_index = 6154, .adv_w = 146, .box_w = 9, .box_h = 13, .ofs_x = 0, .ofs_y = 0},
    {.bitmap_index = 6213, .adv_w = 114, .box_w = 7, .box_h = 9, .ofs_x = 0, .ofs_y = 0},
    {.bitmap_index = 6245, .adv_w = 146, .box_w = 9, .box_h = 12, .ofs_x = 0, .ofs_y = 0},
    {.bitmap_index = 6299, .adv_w = 114, .box_w = 7, .box_h = 9, .ofs_x = 0, .ofs_y = 0},
    {.bitmap_index = 6331, .adv_w = 144, .box_w = 8, .box_h = 12, .ofs_x = 1, .ofs_y = 0},
    {.bitmap_index = 6379, .adv_w = 138, .box_w = 9, .box_h = 9, .ofs_x = 0, .ofs_y = 0},
    {.bitmap_index = 6420, .adv_w = 144, .box_w = 9, .box_h = 9, .ofs_x = 0, .ofs_y = 0},
    {.bitmap_index = 6461, .adv_w = 124, .box_w = 8, .box_h = 9, .ofs_x = 0, .ofs_y = 0},
    {.bitmap_index = 6497, .adv_w = 125, .box_w = 7, .box_h = 11, .ofs_x = 1, .ofs_y = 0},
    {.bitmap_index = 6536, .adv_w = 117, .box_w = 7, .box_h = 9, .ofs_x = 0, .ofs_y = 0},
    {.bitmap_index = 6568, .adv_w = 139, .box_w = 7, .box_h = 12, .ofs_x = 1, .ofs_y = 0},
    {.bitmap_index = 6610, .adv_w = 116, .box_w = 7, .box_h = 9, .ofs_x = 0, .ofs_y = 0},
    {.bitmap_index = 6642, .adv_w = 125, .box_w = 7, .box_h = 12, .ofs_x = 1, .ofs_y = 0},
    {.bitmap_index = 6684, .adv_w = 117, .box_w = 7, .box_h = 9, .ofs_x = 0, .ofs_y = 0},
    {.bitmap_index = 6716, .adv_w = 125, .box_w = 7, .box_h = 12, .ofs_x = 1, .ofs_y = -3},
    {.bitmap_index = 6758, .adv_w = 117, .box_w = 7, .box_h = 10, .ofs_x = 0, .ofs_y = -3},
    {.bitmap_index = 6793, .adv_w = 125, .box_w = 7, .box_h = 12, .ofs_x = 1, .ofs_y = 0},
    {.bitmap_index = 6835, .adv_w = 117, .box_w = 7, .box_h = 9, .ofs_x = 0, .ofs_y = 0},
    {.bitmap_index = 6867, .adv_w = 146, .box_w = 9, .box_h = 12, .ofs_x = 0, .ofs_y = 0},
    {.bitmap_index = 6921, .adv_w = 124, .box_w = 7, .box_h = 11, .ofs_x = 0, .ofs_y = -2},
    {.bitmap_index = 6960, .adv_w = 146, .box_w = 9, .box_h = 12, .ofs_x = 0, .ofs_y = 0},
    {.bitmap_index = 7014, .adv_w = 124, .box_w = 7, .box_h = 11, .ofs_x = 0, .ofs_y = -2},
    {.bitmap_index = 7053, .adv_w = 146, .box_w = 9, .box_h = 13, .ofs_x = 0, .ofs_y = 0},
    {.bitmap_index = 7112, .adv_w = 124, .box_w = 7, .box_h = 11, .ofs_x = 0, .ofs_y = -2},
    {.bitmap_index = 7151, .adv_w = 146, .box_w = 9, .box_h = 12, .ofs_x = 0, .ofs_y = -3},
    {.bitmap_index = 7205, .adv_w = 124, .box_w = 7, .box_h = 13, .ofs_x = 0, .ofs_y = -2},
    {.bitmap_index = 7251, .adv_w = 148, .box_w = 8, .box_h = 12, .ofs_x = 1, .ofs_y = 0},
    {.bitmap_index = 7299, .adv_w = 121, .box_w = 8, .box_h = 12, .ofs_x = -1, .ofs_y = 0},
    {.bitmap_index = 7347, .adv_w = 148, .box_w = 10, .box_h = 9, .ofs_x = 0, .ofs_y = 0},
    {.bitmap_index = 7392, .adv_w = 121, .box_w = 7, .box_h = 9, .ofs_x = 0, .ofs_y = 0},
    {.bitmap_index = 7424, .adv_w = 56, .box_w = 5, .box_h = 12, .ofs_x = -1, .ofs_y = 0},
    {.bitmap_index = 7454, .adv_w = 51, .box_w = 5, .box_h = 9, .ofs_x = -1, .ofs_y = 0},
    {.bitmap_index = 7477, .adv_w = 56, .box_w = 4, .box_h = 11, .ofs_x = 0, .ofs_y = 0},
    {.bitmap_index = 7499, .adv_w = 51, .box_w = 5, .box_h = 9, .ofs_x = -1, .ofs_y = 0},
    {.bitmap_index = 7522, .adv_w = 58, .box_w = 5, .box_h = 12, .ofs_x = -1, .ofs_y = 0},
    {.bitmap_index = 7552, .adv_w = 46, .box_w = 5, .box_h = 9, .ofs_x = -1, .ofs_y = 0},
    {.bitmap_index = 7575, .adv_w = 56, .box_w = 3, .box_h = 12, .ofs_x = 0, .ofs_y = -3},
    {.bitmap_index = 7593, .adv_w = 51, .box_w = 3, .box_h = 12, .ofs_x = 0, .ofs_y = -3},
    {.bitmap_index = 7611, .adv_w = 56, .box_w = 2, .box_h = 12, .ofs_x = 1, .ofs_y = 0},
    {.bitmap_index = 7623, .adv_w = 51, .box_w = 2, .box_h = 7, .ofs_x = 1, .ofs_y = 0},
    {.bitmap_index = 7630, .adv_w = 176, .box_w = 10, .box_h = 9, .ofs_x = 1, .ofs_y = 0},
    {.bitmap_index = 7675, .adv_w = 103, .box_w = 5, .box_h = 11, .ofs_x = 1, .ofs_y = -2},
    {.bitmap_index = 7703, .adv_w = 124, .box_w = 8, .box_h = 12, .ofs_x = 0, .ofs_y = 0},
    {.bitmap_index = 7751, .adv_w = 54, .box_w = 5, .box_h = 11, .ofs_x = -1, .ofs_y = -2},
    {.bitmap_index = 7779, .adv_w = 133, .box_w = 8, .box_h = 12, .ofs_x = 1, .ofs_y = -3},
    {.bitmap_index = 7827, .adv_w = 123, .box_w = 7, .box_h = 12, .ofs_x = 1, .ofs_y = -3},
    {.bitmap_index = 7869, .adv_w = 91, .box_w = 6, .box_h = 7, .ofs_x = 0, .ofs_y = 0},
    {.bitmap_index = 7890, .adv_w = 121, .box_w = 6, .box_h = 12, .ofs_x = 1, .ofs_y = 0},
    {.bitmap_index = 7926, .adv_w = 56, .box_w = 3, .box_h = 11, .ofs_x = 1, .ofs_y = 0},
    {.bitmap_index = 7943, .adv_w = 121, .box_w = 6, .box_h = 12, .ofs_x = 1, .ofs_y = -3},
    {.bitmap_index = 7979, .adv_w = 56, .box_w = 3, .box_h = 12, .ofs_x = 1, .ofs_y = -3},
    {.bitmap_index = 7997, .adv_w = 121, .box_w = 6, .box_h = 9, .ofs_x = 1, .ofs_y = 0},
    {.bitmap_index = 8024, .adv_w = 66, .box_w = 4, .box_h = 9, .ofs_x = 1, .ofs_y = 0},
    {.bitmap_index = 8042, .adv_w = 116, .box_w = 7, .box_h = 9, .ofs_x = 0, .ofs_y = 0},
    {.bitmap_index = 8074, .adv_w = 66, .box_w = 5, .box_h = 9, .ofs_x = 0, .ofs_y = 0},
    {.bitmap_index = 8097, .adv_w = 121, .box_w = 7, .box_h = 9, .ofs_x = 0, .ofs_y = 0},
    {.bitmap_index = 8129, .adv_w = 56, .box_w = 4, .box_h = 9, .ofs_x = 0, .ofs_y = 0},
    {.bitmap_index = 8147, .adv_w = 155, .box_w = 8, .box_h = 12, .ofs_x = 1, .ofs_y = 0},
    {.bitmap_index = 8195, .adv_w = 121, .box_w = 6, .box_h = 9, .ofs_x = 1, .ofs_y = 0},
    {.bitmap_index = 8222, .adv_w = 155, .box_w = 8, .box_h = 12, .ofs_x = 1, .ofs_y = -3},
    {.bitmap_index = 8270, .adv_w = 121, .box_w = 6, .box_h = 10, .ofs_x = 1, .ofs_y = -3},
    {.bitmap_index = 8300, .adv_w = 155, .box_w = 8, .box_h = 12, .ofs_x = 1, .ofs_y = 0},
    {.bitmap_index = 8348, .adv_w = 121, .box_w = 6, .box_h = 9, .ofs_x = 1, .ofs_y = 0},
    {.bitmap_index = 8375, .adv_w = 130, .box_w = 9, .box_h = 9, .ofs_x = -1, .ofs_y = 0},
    {.bitmap_index = 8416, .adv_w = 155, .box_w = 8, .box_h = 11, .ofs_x = 1, .ofs_y = -2},
    {.bitmap_index = 8460, .adv_w = 121, .box_w = 6, .box_h = 9, .ofs_x = 1, .ofs_y = -2},
    {.bitmap_index = 8487, .adv_w = 154, .box_w = 10, .box_h = 12, .ofs_x = 0, .ofs_y = 0},
    {.bitmap_index = 8547, .adv_w = 119, .box_w = 7, .box_h = 9, .ofs_x = 0, .ofs_y = 0},
    {.bitmap_index = 8579, .adv_w = 162, .box_w = 10, .box_h = 12, .ofs_x = 0, .ofs_y = 0},
    {.bitmap_index = 8639, .adv_w = 116, .box_w = 7, .box_h = 9, .ofs_x = 0, .ofs_y = 0},
    {.bitmap_index = 8671, .adv_w = 154, .box_w = 10, .box_h = 12, .ofs_x = 0, .ofs_y = 0},
    {.bitmap_index = 8731, .adv_w = 119, .box_w = 7, .box_h = 9, .ofs_x = 0, .ofs_y = 0},
    {.bitmap_index = 8763, .adv_w = 226, .box_w = 14, .box_h = 9, .ofs_x = 0, .ofs_y = 0},
    {.bitmap_index = 8826, .adv_w = 199, .box_w = 12, .box_h = 7, .ofs_x = 0, .ofs_y = 0},
    {.bitmap_index = 8868, .adv_w = 140, .box_w = 7, .box_h = 12, .ofs_x = 1, .ofs_y = 0},
    {.bitmap_index = 8910, .adv_w = 79, .box_w = 4, .box_h = 9, .ofs_x = 1, .ofs_y = 0},
    {.bitmap_index = 8928, .adv_w = 140, .box_w = 7, .box_h = 12, .ofs_x = 1, .ofs_y = -3},
    {.bitmap_index = 8970, .adv_w = 79, .box_w = 5, .box_h = 10, .ofs_x = 0, .ofs_y = -3},
    {.bitmap_index = 8995, .adv_w = 140, .box_w = 7, .box_h = 12, .ofs_x = 1, .ofs_y = 0},
    {.bitmap_index = 9037, .adv_w = 79, .box_w = 5, .box_h = 9, .ofs_x = 0, .ofs_y = 0},
    {.bitmap_index = 9060, .adv_w = 133, .box_w = 8, .box_h = 12, .ofs_x = 0, .ofs_y = 0},
    {.bitmap_index = 9108, .adv_w = 108, .box_w = 7, .box_h = 9, .ofs_x = 0, .ofs_y = 0},
    {.bitmap_index = 9140, .adv_w = 133, .box_w = 8, .box_h = 12, .ofs_x = 0, .ofs_y = 0},
    {.bitmap_index = 9188, .adv_w = 108, .box_w = 7, .box_h = 9, .ofs_x = 0, .ofs_y = 0},
    {.bitmap_index = 9220, .adv_w = 133, .box_w = 8, .box_h = 12, .ofs_x = 0, .ofs_y = -3},
    {.bitmap_index = 9268, .adv_w = 108, .box_w = 7, .box_h = 10, .ofs_x = 0, .ofs_y = -3},
    {.bitmap_index = 9303, .adv_w = 133, .box_w = 8, .box_h = 12, .ofs_x = 0, .ofs_y = 0},
    {.bitmap_index = 9351, .adv_w = 108, .box_w = 7, .box_h = 9, .ofs_x = 0, .ofs_y = 0},
    {.bitmap_index = 9383, .adv_w = 115, .box_w = 8, .box_h = 12, .ofs_x = 0, .ofs_y = -3},
    {.bitmap_index = 9431, .adv_w = 82, .box_w = 5, .box_h = 12, .ofs_x = 0, .ofs_y = -3},
    {.bitmap_index = 9461, .adv_w = 115, .box_w = 8, .box_h = 12, .ofs_x = 0, .ofs_y = 0},
    {.bitmap_index = 9509, .adv_w = 83, .box_w = 6, .box_h = 10, .ofs_x = 0, .ofs_y = 0},
    {.bitmap_index = 9539, .adv_w = 115, .box_w = 8, .box_h = 9, .ofs_x = 0, .ofs_y = 0},
    {.bitmap_index = 9575, .adv_w = 82, .box_w = 5, .box_h = 9, .ofs_x = 0, .ofs_y = 0},
    {.bitmap_index = 9598, .adv_w = 143, .box_w = 7, .box_h = 12, .ofs_x = 1, .ofs_y = 0},
    {.bitmap_index = 9640, .adv_w = 120, .box_w = 6, .box_h = 9, .ofs_x = 1, .ofs_y = 0},
    {.bitmap_index = 9667, .adv_w = 143, .box_w = 7, .box_h = 12, .ofs_x = 1, .ofs_y = 0},
    {.bitmap_index = 9709, .adv_w = 120, .box_w = 6, .box_h = 9, .ofs_x = 1, .ofs_y = 0},
    {.bitmap_index = 9736, .adv_w = 143, .box_w = 7, .box_h = 12, .ofs_x = 1, .ofs_y = 0},
    {.bitmap_index = 9778, .adv_w = 120, .box_w = 6, .box_h = 9, .ofs_x = 1, .ofs_y = 0},
    {.bitmap_index = 9805, .adv_w = 143, .box_w = 7, .box_h = 13, .ofs_x = 1, .ofs_y = 0},
    {.bitmap_index = 9851, .adv_w = 120, .box_w = 6, .box_h = 10, .ofs_x = 1, .ofs_y = 0},
    {.bitmap_index = 9881, .adv_w = 143, .box_w = 7, .box_h = 12, .ofs_x = 1, .ofs_y = 0},
    {.bitmap_index = 9923, .adv_w = 120, .box_w = 6, .box_h = 9, .ofs_x = 1, .ofs_y = 0},
    {.bitmap_index = 9950, .adv_w = 143, .box_w = 7, .box_h = 12, .ofs_x = 1, .ofs_y = -3},
    {.bitmap_index = 9992, .adv_w = 120, .box_w = 6, .box_h = 10, .ofs_x = 1, .ofs_y = -3},
    {.bitmap_index = 10022, .adv_w = 197, .box_w = 12, .box_h = 12, .ofs_x = 0, .ofs_y = 0},
    {.bitmap_index = 10094, .adv_w = 170, .box_w = 11, .box_h = 9, .ofs_x = 0, .ofs_y = 0},
    {.bitmap_index = 10144, .adv_w = 120, .box_w = 9, .box_h = 12, .ofs_x = -1, .ofs_y = 0},
    {.bitmap_index = 10198, .adv_w = 112, .box_w = 7, .box_h = 11, .ofs_x = 0, .ofs_y = -2},
    {.bitmap_index = 10237, .adv_w = 120, .box_w = 9, .box_h = 12, .ofs_x = -1, .ofs_y = 0},
    {.bitmap_index = 10291, .adv_w = 113, .box_w = 7, .box_h = 12, .ofs_x = 0, .ofs_y = 0},
    {.bitmap_index = 10333, .adv_w = 112, .box_w = 7, .box_h = 9, .ofs_x = 0, .ofs_y = 0},
    {.bitmap_index = 10365, .adv_w = 113, .box_w = 7, .box_h = 12, .ofs_x = 0, .ofs_y = 0},
    {.bitmap_index = 10407, .adv_w = 112, .box_w = 7, .box_h = 9, .ofs_x = 0, .ofs_y = 0},
    {.bitmap_index = 10439, .adv_w = 113, .box_w = 7, .box_h = 12, .ofs_x = 0, .ofs_y = 0},
    {.bitmap_index = 10481, .adv_w = 112, .box_w = 7, .box_h = 9, .ofs_x = 0, .ofs_y = 0},
    {.bitmap_index = 10513, .adv_w = 46, .box_w = 4, .box_h = 9, .ofs_x = 0, .ofs_y = 0},
    {.bitmap_index = 10531, .adv_w = 116, .box_w = 8, .box_h = 9, .ofs_x = -1, .ofs_y = 0},
    {.bitmap_index = 10567, .adv_w = 154, .box_w = 9, .box_h = 9, .ofs_x = 0, .ofs_y = 0},
    {.bitmap_index = 10608, .adv_w = 136, .box_w = 8, .box_h = 9, .ofs_x = 1, .ofs_y = 0},
    {.bitmap_index = 10644, .adv_w = 116, .box_w = 7, .box_h = 9, .ofs_x = 0, .ofs_y = 0},
    {.bitmap_index = 10676, .adv_w = 116, .box_w = 7, .box_h = 9, .ofs_x = 0, .ofs_y = 0},
    {.bitmap_index = 10708, .adv_w = 116, .box_w = 7, .box_h = 9, .ofs_x = 0, .ofs_y = 0},
    {.bitmap_index = 10740, .adv_w = 150, .box_w = 9, .box_h = 9, .ofs_x = 0, .ofs_y = 0},
    {.bitmap_index = 10781, .adv_w = 159, .box_w = 10, .box_h = 9, .ofs_x = 0, .ofs_y = 0},
    {.bitmap_index = 10826, .adv_w = 120, .box_w = 8, .box_h = 8, .ofs_x = 0, .ofs_y = 0},
    {.bitmap_index = 10858, .adv_w = 150, .box_w = 9, .box_h = 9, .ofs_x = 0, .ofs_y = 0},
    {.bitmap_index = 10899, .adv_w = 164, .box_w = 10, .box_h = 9, .ofs_x = 0, .ofs_y = 0},
    {.bitmap_index = 10944, .adv_w = 136, .box_w = 8, .box_h = 9, .ofs_x = 0, .ofs_y = 0},
    {.bitmap_index = 10980, .adv_w = 116, .box_w = 7, .box_h = 9, .ofs_x = 0, .ofs_y = 0},
    {.bitmap_index = 11012, .adv_w = 116, .box_w = 7, .box_h = 10, .ofs_x = 0, .ofs_y = -3},
    {.bitmap_index = 11047, .adv_w = 139, .box_w = 8, .box_h = 9, .ofs_x = 0, .ofs_y = 0},
    {.bitmap_index = 11083, .adv_w = 148, .box_w = 9, .box_h = 9, .ofs_x = 0, .ofs_y = 0},
    {.bitmap_index = 11124, .adv_w = 126, .box_w = 8, .box_h = 9, .ofs_x = 0, .ofs_y = 0},
    {.bitmap_index = 11160, .adv_w = 127, .box_w = 9, .box_h = 12, .ofs_x = -1, .ofs_y = -3},
    {.bitmap_index = 11214, .adv_w = 106, .box_w = 7, .box_h = 9, .ofs_x = 0, .ofs_y = 0},
    {.bitmap_index = 11246, .adv_w = 165, .box_w = 11, .box_h = 9, .ofs_x = 0, .ofs_y = 0},
    {.bitmap_index = 11296, .adv_w = 135, .box_w = 9, .box_h = 12, .ofs_x = 0, .ofs_y = -3},
    {.bitmap_index = 11350, .adv_w = 168, .box_w = 11, .box_h = 9, .ofs_x = 0, .ofs_y = 0},
    {.bitmap_index = 11400, .adv_w = 51, .box_w = 4, .box_h = 9, .ofs_x = 0, .ofs_y = 0},
    {.bitmap_index = 11418, .adv_w = 67, .box_w = 5, .box_h = 9, .ofs_x = 0, .ofs_y = 0},
    {.bitmap_index = 11441, .adv_w = 139, .box_w = 9, .box_h = 9, .ofs_x = 0, .ofs_y = 0},
    {.bitmap_index = 11482, .adv_w = 104, .box_w = 7, .box_h = 9, .ofs_x = 0, .ofs_y = 0},
    {.bitmap_index = 11514, .adv_w = 67, .box_w = 5, .box_h = 9, .ofs_x = 0, .ofs_y = 0},
    {.bitmap_index = 11537, .adv_w = 104, .box_w = 7, .box_h = 9, .ofs_x = 0, .ofs_y = 0},
    {.bitmap_index = 11569, .adv_w = 173, .box_w = 10, .box_h = 9, .ofs_x = 0, .ofs_y = 0},
    {.bitmap_index = 11614, .adv_w = 150, .box_w = 10, .box_h = 12, .ofs_x = -1, .ofs_y = -3},
    {.bitmap_index = 11674, .adv_w = 116, .box_w = 7, .box_h = 10, .ofs_x = 0, .ofs_y = -3},
    {.bitmap_index = 11709, .adv_w = 162, .box_w = 10, .box_h = 9, .ofs_x = 0, .ofs_y = 0},
    {.bitmap_index = 11754, .adv_w = 154, .box_w = 10, .box_h = 11, .ofs_x = 0, .ofs_y = 0},
    {.bitmap_index = 11809, .adv_w = 119, .box_w = 7, .box_h = 9, .ofs_x = 0, .ofs_y = 0},
    {.bitmap_index = 11841, .adv_w = 212, .box_w = 13, .box_h = 9, .ofs_x = 0, .ofs_y = 0},
    {.bitmap_index = 11900, .adv_w = 163, .box_w = 10, .box_h = 10, .ofs_x = 0, .ofs_y = -3},
    {.bitmap_index = 11950, .adv_w = 153, .box_w = 9, .box_h = 9, .ofs_x = 0, .ofs_y = 0},
    {.bitmap_index = 11991, .adv_w = 116, .box_w = 7, .box_h = 11, .ofs_x = 0, .ofs_y = -3},
    {.bitmap_index = 12030, .adv_w = 150, .box_w = 9, .box_h = 11, .ofs_x = 1, .ofs_y = -2},
    {.bitmap_index = 12080, .adv_w = 139, .box_w = 9, .box_h = 9, .ofs_x = 0, .ofs_y = 0},
    {.bitmap_index = 12121, .adv_w = 104, .box_w = 7, .box_h = 7, .ofs_x = 0, .ofs_y = 0},
    {.bitmap_index = 12146, .adv_w = 125, .box_w = 8, .box_h = 9, .ofs_x = 0, .ofs_y = 0},
    {.bitmap_index = 12182, .adv_w = 76, .box_w = 6, .box_h = 12, .ofs_x = 0, .ofs_y = -3},
    {.bitmap_index = 12218, .adv_w = 58, .box_w = 4, .box_h = 12, .ofs_x = 0, .ofs_y = -2},
    {.bitmap_index = 12242, .adv_w = 119, .box_w = 8, .box_h = 9, .ofs_x = 0, .ofs_y = 0},
    {.bitmap_index = 12278, .adv_w = 58, .box_w = 4, .box_h = 9, .ofs_x = 0, .ofs_y = 0},
    {.bitmap_index = 12296, .adv_w = 127, .box_w = 8, .box_h = 12, .ofs_x = 0, .ofs_y = -3},
    {.bitmap_index = 12344, .adv_w = 143, .box_w = 9, .box_h = 11, .ofs_x = 1, .ofs_y = 0},
    {.bitmap_index = 12394, .adv_w = 120, .box_w = 7, .box_h = 9, .ofs_x = 1, .ofs_y = 0},
    {.bitmap_index = 12426, .adv_w = 156, .box_w = 9, .box_h = 9, .ofs_x = 0, .ofs_y = 0},
    {.bitmap_index = 12467, .adv_w = 139, .box_w = 9, .box_h = 9, .ofs_x = 0, .ofs_y = 0},
    {.bitmap_index = 12508, .adv_w = 156, .box_w = 10, .box_h = 9, .ofs_x = 0, .ofs_y = 0},
    {.bitmap_index = 12553, .adv_w = 128, .box_w = 9, .box_h = 10, .ofs_x = 0, .ofs_y = -3},
    {.bitmap_index = 12598, .adv_w = 127, .box_w = 8, .box_h = 9, .ofs_x = 0, .ofs_y = 0},
    {.bitmap_index = 12634, .adv_w = 104, .box_w = 7, .box_h = 7, .ofs_x = 0, .ofs_y = 0},
    {.bitmap_index = 12659, .adv_w = 131, .box_w = 8, .box_h = 9, .ofs_x = 0, .ofs_y = 0},
    {.bitmap_index = 12695, .adv_w = 131, .box_w = 8, .box_h = 9, .ofs_x = 0, .ofs_y = 0},
    {.bitmap_index = 12731, .adv_w = 109, .box_w = 7, .box_h = 10, .ofs_x = 0, .ofs_y = -3},
    {.bitmap_index = 12766, .adv_w = 100, .box_w = 6, .box_h = 10, .ofs_x = 0, .ofs_y = -3},
    {.bitmap_index = 12796, .adv_w = 116, .box_w = 7, .box_h = 9, .ofs_x = 0, .ofs_y = 0},
    {.bitmap_index = 12828, .adv_w = 116, .box_w = 7, .box_h = 9, .ofs_x = 0, .ofs_y = 0},
    {.bitmap_index = 12860, .adv_w = 109, .box_w = 7, .box_h = 7, .ofs_x = 0, .ofs_y = 0},
    {.bitmap_index = 12885, .adv_w = 116, .box_w = 7, .box_h = 9, .ofs_x = 0, .ofs_y = 0},
    {.bitmap_index = 12917, .adv_w = 116, .box_w = 7, .box_h = 10, .ofs_x = 0, .ofs_y = -3},
    {.bitmap_index = 12952, .adv_w = 58, .box_w = 2, .box_h = 9, .ofs_x = 1, .ofs_y = 0},
    {.bitmap_index = 12961, .adv_w = 96, .box_w = 4, .box_h = 9, .ofs_x = 1, .ofs_y = 0},
    {.bitmap_index = 12979, .adv_w = 99, .box_w = 6, .box_h = 9, .ofs_x = 0, .ofs_y = 0},
    {.bitmap_index = 13006, .adv_w = 58, .box_w = 2, .box_h = 9, .ofs_x = 1, .ofs_y = 0},
    {.bitmap_index = 13015, .adv_w = 277, .box_w = 16, .box_h = 12, .ofs_x = 1, .ofs_y = 0},
    {.bitmap_index = 13111, .adv_w = 254, .box_w = 15, .box_h = 9, .ofs_x = 1, .ofs_y = 0},
    {.bitmap_index = 13179, .adv_w = 220, .box_w = 14, .box_h = 9, .ofs_x = 0, .ofs_y = 0},
    {.bitmap_index = 13242, .adv_w = 214, .box_w = 13, .box_h = 9, .ofs_x = 0, .ofs_y = 0},
    {.bitmap_index = 13301, .adv_w = 162, .box_w = 10, .box_h = 12, .ofs_x = 0, .ofs_y = -3},
    {.bitmap_index = 13361, .adv_w = 92, .box_w = 5, .box_h = 12, .ofs_x = 0, .ofs_y = -3},
    {.bitmap_index = 13391, .adv_w = 254, .box_w = 14, .box_h = 9, .ofs_x = 1, .ofs_y = 0},
    {.bitmap_index = 13454, .adv_w = 196, .box_w = 11, .box_h = 12, .ofs_x = 1, .ofs_y = -3},
    {.bitmap_index = 13520, .adv_w = 162, .box_w = 10, .box_h = 12, .ofs_x = 0, .ofs_y = -3},
    {.bitmap_index = 13580, .adv_w = 139, .box_w = 9, .box_h = 12, .ofs_x = 0, .ofs_y = 0},
    {.bitmap_index = 13634, .adv_w = 115, .box_w = 7, .box_h = 9, .ofs_x = 0, .ofs_y = 0},
    {.bitmap_index = 13666, .adv_w = 58, .box_w = 5, .box_h = 12, .ofs_x = -1, .ofs_y = 0},
    {.bitmap_index = 13696, .adv_w = 58, .box_w = 5, .box_h = 9, .ofs_x = -1, .ofs_y = 0},
    {.bitmap_index = 13719, .adv_w = 162, .box_w = 10, .box_h = 12, .ofs_x = 0, .ofs_y = 0},
    {.bitmap_index = 13779, .adv_w = 116, .box_w = 7, .box_h = 9, .ofs_x = 0, .ofs_y = 0},
    {.bitmap_index = 13811, .adv_w = 150, .box_w = 8, .box_h = 12, .ofs_x = 1, .ofs_y = 0},
    {.bitmap_index = 13859, .adv_w = 116, .box_w = 7, .box_h = 9, .ofs_x = 0, .ofs_y = 0},
    {.bitmap_index = 13891, .adv_w = 150, .box_w = 8, .box_h = 13, .ofs_x = 1, .ofs_y = 0},
    {.bitmap_index = 13943, .adv_w = 116, .box_w = 7, .box_h = 11, .ofs_x = 0, .ofs_y = 0},
    {.bitmap_index = 13982, .adv_w = 150, .box_w = 8, .box_h = 14, .ofs_x = 1, .ofs_y = 0},
    {.bitmap_index = 14038, .adv_w = 116, .box_w = 7, .box_h = 12, .ofs_x = 0, .ofs_y = 0},
    {.bitmap_index = 14080, .adv_w = 150, .box_w = 8, .box_h = 15, .ofs_x = 1, .ofs_y = 0},
    {.bitmap_index = 14140, .adv_w = 116, .box_w = 7, .box_h = 12, .ofs_x = 0, .ofs_y = 0},
    {.bitmap_index = 14182, .adv_w = 150, .box_w = 8, .box_h = 14, .ofs_x = 1, .ofs_y = 0},
    {.bitmap_index = 14238, .adv_w = 116, .box_w = 7, .box_h = 12, .ofs_x = 0, .ofs_y = 0},
    {.bitmap_index = 14280, .adv_w = 116, .box_w = 7, .box_h = 7, .ofs_x = 0, .ofs_y = 0},
    {.bitmap_index = 14305, .adv_w = 139, .box_w = 10, .box_h = 13, .ofs_x = -1, .ofs_y = 0},
    {.bitmap_index = 14370, .adv_w = 116, .box_w = 7, .box_h = 11, .ofs_x = 0, .ofs_y = 0},
    {.bitmap_index = 14409, .adv_w = 139, .box_w = 10, .box_h = 13, .ofs_x = -1, .ofs_y = 0},
    {.bitmap_index = 14474, .adv_w = 116, .box_w = 7, .box_h = 11, .ofs_x = 0, .ofs_y = 0},
    {.bitmap_index = 14513, .adv_w = 208, .box_w = 13, .box_h = 11, .ofs_x = 0, .ofs_y = 0},
    {.bitmap_index = 14585, .adv_w = 185, .box_w = 12, .box_h = 9, .ofs_x = 0, .ofs_y = 0},
    {.bitmap_index = 14639, .adv_w = 155, .box_w = 10, .box_h = 9, .ofs_x = 0, .ofs_y = 0},
    {.bitmap_index = 14684, .adv_w = 130, .box_w = 8, .box_h = 9, .ofs_x = 0, .ofs_y = -2},
    {.bitmap_index = 14720, .adv_w = 146, .box_w = 9, .box_h = 12, .ofs_x = 0, .ofs_y = 0},
    {.bitmap_index = 14774, .adv_w = 124, .box_w = 7, .box_h = 11, .ofs_x = 0, .ofs_y = -2},
    {.bitmap_index = 14813, .adv_w = 133, .box_w = 8, .box_h = 12, .ofs_x = 1, .ofs_y = 0},
    {.bitmap_index = 14861, .adv_w = 123, .box_w = 9, .box_h = 12, .ofs_x = -1, .ofs_y = 0},
    {.bitmap_index = 14915, .adv_w = 162, .box_w = 10, .box_h = 12, .ofs_x = 0, .ofs_y = -3},
    {.bitmap_index = 14975, .adv_w = 116, .box_w = 7, .box_h = 10, .ofs_x = 0, .ofs_y = -3},
    {.bitmap_index = 15010, .adv_w = 162, .box_w = 10, .box_h = 14, .ofs_x = 0, .ofs_y = -3},
    {.bitmap_index = 15080, .adv_w = 116, .box_w = 7, .box_h = 12, .ofs_x = 0, .ofs_y = -3},
    {.bitmap_index = 15122, .adv_w = 111, .box_w = 7, .box_h = 12, .ofs_x = 0, .ofs_y = 0},
    {.bitmap_index = 15164, .adv_w = 111, .box_w = 7, .box_h = 12, .ofs_x = 0, .ofs_y = -3},
    {.bitmap_index = 15206, .adv_w = 46, .box_w = 5, .box_h = 12, .ofs_x = -1, .ofs_y = -3},
    {.bitmap_index = 15236, .adv_w = 277, .box_w = 16, .box_h = 9, .ofs_x = 1, .ofs_y = 0},
    {.bitmap_index = 15308, .adv_w = 254, .box_w = 15, .box_h = 9, .ofs_x = 1, .ofs_y = 0},
    {.bitmap_index = 15376, .adv_w = 220, .box_w = 14, .box_h = 9, .ofs_x = 0, .ofs_y = 0},
    {.bitmap_index = 15439, .adv_w = 162, .box_w = 10, .box_h = 12, .ofs_x = 0, .ofs_y = 0},
    {.bitmap_index = 15499, .adv_w = 116, .box_w = 7, .box_h = 12, .ofs_x = 0, .ofs_y = -3},
    {.bitmap_index = 15541, .adv_w = 139, .box_w = 10, .box_h = 14, .ofs_x = -1, .ofs_y = 0},
    {.bitmap_index = 15611, .adv_w = 116, .box_w = 7, .box_h = 12, .ofs_x = 0, .ofs_y = 0},
    {.bitmap_index = 15653, .adv_w = 208, .box_w = 13, .box_h = 12, .ofs_x = 0, .ofs_y = 0},
    {.bitmap_index = 15731, .adv_w = 185, .box_w = 12, .box_h = 9, .ofs_x = 0, .ofs_y = 0},
    {.bitmap_index = 15785, .adv_w = 162, .box_w = 10, .box_h = 13, .ofs_x = 0, .ofs_y = -1},
    {.bitmap_index = 15850, .adv_w = 127, .box_w = 8, .box_h = 10, .ofs_x = 0, .ofs_y = -1},
    {.bitmap_index = 15890, .adv_w = 139, .box_w = 10, .box_h = 12, .ofs_x = -1, .ofs_y = 0},
    {.bitmap_index = 15950, .adv_w = 116, .box_w = 7, .box_h = 9, .ofs_x = 0, .ofs_y = 0},
    {.bitmap_index = 15982, .adv_w = 139, .box_w = 10, .box_h = 12, .ofs_x = -1, .ofs_y = 0},
    {.bitmap_index = 16042, .adv_w = 116, .box_w = 7, .box_h = 9, .ofs_x = 0, .ofs_y = 0},
    {.bitmap_index = 16074, .adv_w = 139, .box_w = 7, .box_h = 12, .ofs_x = 1, .ofs_y = 0},
    {.bitmap_index = 16116, .adv_w = 116, .box_w = 7, .box_h = 9, .ofs_x = 0, .ofs_y = 0},
    {.bitmap_index = 16148, .adv_w = 139, .box_w = 7, .box_h = 12, .ofs_x = 1, .ofs_y = 0},
    {.bitmap_index = 16190, .adv_w = 116, .box_w = 7, .box_h = 9, .ofs_x = 0, .ofs_y = 0},
    {.bitmap_index = 16222, .adv_w = 58, .box_w = 5, .box_h = 12, .ofs_x = -1, .ofs_y = 0},
    {.bitmap_index = 16252, .adv_w = 58, .box_w = 5, .box_h = 9, .ofs_x = -1, .ofs_y = 0},
    {.bitmap_index = 16275, .adv_w = 58, .box_w = 5, .box_h = 12, .ofs_x = -1, .ofs_y = 0},
    {.bitmap_index = 16305, .adv_w = 58, .box_w = 5, .box_h = 9, .ofs_x = -1, .ofs_y = 0},
    {.bitmap_index = 16328, .adv_w = 162, .box_w = 10, .box_h = 12, .ofs_x = 0, .ofs_y = 0},
    {.bitmap_index = 16388, .adv_w = 116, .box_w = 7, .box_h = 9, .ofs_x = 0, .ofs_y = 0},
    {.bitmap_index = 16420, .adv_w = 162, .box_w = 10, .box_h = 12, .ofs_x = 0, .ofs_y = 0},
    {.bitmap_index = 16480, .adv_w = 116, .box_w = 7, .box_h = 9, .ofs_x = 0, .ofs_y = 0},
    {.bitmap_index = 16512, .adv_w = 150, .box_w = 9, .box_h = 12, .ofs_x = 1, .ofs_y = 0},
    {.bitmap_index = 16566, .adv_w = 69, .box_w = 5, .box_h = 9, .ofs_x = 0, .ofs_y = 0},
    {.bitmap_index = 16589, .adv_w = 150, .box_w = 9, .box_h = 12, .ofs_x = 1, .ofs_y = 0},
    {.bitmap_index = 16643, .adv_w = 69, .box_w = 5, .box_h = 9, .ofs_x = 0, .ofs_y = 0},
    {.bitmap_index = 16666, .adv_w = 150, .box_w = 8, .box_h = 12, .ofs_x = 1, .ofs_y = 0},
    {.bitmap_index = 16714, .adv_w = 116, .box_w = 7, .box_h = 9, .ofs_x = 0, .ofs_y = 0},
    {.bitmap_index = 16746, .adv_w = 150, .box_w = 8, .box_h = 12, .ofs_x = 1, .ofs_y = 0},
    {.bitmap_index = 16794, .adv_w = 116, .box_w = 7, .box_h = 9, .ofs_x = 0, .ofs_y = 0},
    {.bitmap_index = 16826, .adv_w = 133, .box_w = 8, .box_h = 12, .ofs_x = 0, .ofs_y = -3},
    {.bitmap_index = 16874, .adv_w = 108, .box_w = 7, .box_h = 10, .ofs_x = 0, .ofs_y = -3},
    {.bitmap_index = 16909, .adv_w = 115, .box_w = 8, .box_h = 12, .ofs_x = 0, .ofs_y = -3},
    {.bitmap_index = 16957, .adv_w = 82, .box_w = 5, .box_h = 12, .ofs_x = 0, .ofs_y = -3},
    {.bitmap_index = 16987, .adv_w = 54, .box_w = 4, .box_h = 9, .ofs_x = -1, .ofs_y = -2},
    {.bitmap_index = 17005, .adv_w = 139, .box_w = 10, .box_h = 12, .ofs_x = -1, .ofs_y = -3},
    {.bitmap_index = 17065, .adv_w = 116, .box_w = 7, .box_h = 10, .ofs_x = 0, .ofs_y = -3},
    {.bitmap_index = 17100, .adv_w = 139, .box_w = 8, .box_h = 13, .ofs_x = 0, .ofs_y = 0},
    {.bitmap_index = 17152, .adv_w = 116, .box_w = 7, .box_h = 13, .ofs_x = 0, .ofs_y = 0},
    {.bitmap_index = 17198, .adv_w = 139, .box_w = 8, .box_h = 12, .ofs_x = 0, .ofs_y = -3},
    {.bitmap_index = 17246, .adv_w = 116, .box_w = 7, .box_h = 12, .ofs_x = 0, .ofs_y = -3},
    {.bitmap_index = 17288, .adv_w = 139, .box_w = 8, .box_h = 12, .ofs_x = 0, .ofs_y = -3},
    {.bitmap_index = 17336, .adv_w = 116, .box_w = 7, .box_h = 12, .ofs_x = 0, .ofs_y = -3},
    {.bitmap_index = 17378, .adv_w = 150, .box_w = 9, .box_h = 15, .ofs_x = 0, .ofs_y = -3},
    {.bitmap_index = 17446, .adv_w = 104, .box_w = 7, .box_h = 12, .ofs_x = 0, .ofs_y = -3},
    {.bitmap_index = 17488, .adv_w = 150, .box_w = 8, .box_h = 13, .ofs_x = 1, .ofs_y = 0},
    {.bitmap_index = 17540, .adv_w = 116, .box_w = 7, .box_h = 13, .ofs_x = 0, .ofs_y = 0},
    {.bitmap_index = 17586, .adv_w = 150, .box_w = 8, .box_h = 12, .ofs_x = 1, .ofs_y = -3},
    {.bitmap_index = 17634, .adv_w = 116, .box_w = 7, .box_h = 12, .ofs_x = 0, .ofs_y = -3},
    {.bitmap_index = 17676, .adv_w = 150, .box_w = 8, .box_h = 12, .ofs_x = 1, .ofs_y = -3},
    {.bitmap_index = 17724, .adv_w = 116, .box_w = 7, .box_h = 12, .ofs_x = 0, .ofs_y = -3},
    {.bitmap_index = 17766, .adv_w = 150, .box_w = 8, .box_h = 12, .ofs_x = 1, .ofs_y = -3},
    {.bitmap_index = 17814, .adv_w = 116, .box_w = 7, .box_h = 12, .ofs_x = 0, .ofs_y = -3},
    {.bitmap_index = 17856, .adv_w = 150, .box_w = 8, .box_h = 12, .ofs_x = 1, .ofs_y = -3},
    {.bitmap_index = 17904, .adv_w = 116, .box_w = 7, .box_h = 12, .ofs_x = 0, .ofs_y = -3},
    {.bitmap_index = 17946, .adv_w = 139, .box_w = 7, .box_h = 14, .ofs_x = 1, .ofs_y = 0},
    {.bitmap_index = 17995, .adv_w = 116, .box_w = 7, .box_h = 12, .ofs_x = 0, .ofs_y = 0},
    {.bitmap_index = 18037, .adv_w = 139, .box_w = 7, .box_h = 14, .ofs_x = 1, .ofs_y = 0},
    {.bitmap_index = 18086, .adv_w = 116, .box_w = 7, .box_h = 12, .ofs_x = 0, .ofs_y = 0},
    {.bitmap_index = 18128, .adv_w = 139, .box_w = 7, .box_h = 12, .ofs_x = 1, .ofs_y = -3},
    {.bitmap_index = 18170, .adv_w = 116, .box_w = 7, .box_h = 10, .ofs_x = 0, .ofs_y = -3},
    {.bitmap_index = 18205, .adv_w = 139, .box_w = 7, .box_h = 12, .ofs_x = 1, .ofs_y = -3},
    {.bitmap_index = 18247, .adv_w = 116, .box_w = 7, .box_h = 10, .ofs_x = 0, .ofs_y = -3},
    {.bitmap_index = 18282, .adv_w = 139, .box_w = 7, .box_h = 15, .ofs_x = 1, .ofs_y = -3},
    {.bitmap_index = 18335, .adv_w = 116, .box_w = 7, .box_h = 12, .ofs_x = 0, .ofs_y = -3},
    {.bitmap_index = 18377, .adv_w = 127, .box_w = 7, .box_h = 13, .ofs_x = 1, .ofs_y = 0},
    {.bitmap_index = 18423, .adv_w = 58, .box_w = 5, .box_h = 13, .ofs_x = 0, .ofs_y = 0},
    {.bitmap_index = 18456, .adv_w = 146, .box_w = 9, .box_h = 12, .ofs_x = 0, .ofs_y = 0},
    {.bitmap_index = 18510, .adv_w = 124, .box_w = 7, .box_h = 11, .ofs_x = 0, .ofs_y = -2},
    {.bitmap_index = 18549, .adv_w = 150, .box_w = 8, .box_h = 13, .ofs_x = 1, .ofs_y = 0},
    {.bitmap_index = 18601, .adv_w = 116, .box_w = 7, .box_h = 13, .ofs_x = 0, .ofs_y = 0},
    {.bitmap_index = 18647, .adv_w = 150, .box_w = 8, .box_h = 12, .ofs_x = 1, .ofs_y = -3},
    {.bitmap_index = 18695, .adv_w = 116, .box_w = 7, .box_h = 12, .ofs_x = 0, .ofs_y = -3},
    {.bitmap_index = 18737, .adv_w = 150, .box_w = 8, .box_h = 13, .ofs_x = 1, .ofs_y = 0},
    {.bitmap_index = 18789, .adv_w = 116, .box_w = 7, .box_h = 13, .ofs_x = 0, .ofs_y = 0},
    {.bitmap_index = 18835, .adv_w = 150, .box_w = 9, .box_h = 12, .ofs_x = 0, .ofs_y = -3},
    {.bitmap_index = 18889, .adv_w = 116, .box_w = 7, .box_h = 12, .ofs_x = 0, .ofs_y = -3},
    {.bitmap_index = 18931, .adv_w = 150, .box_w = 8, .box_h = 12, .ofs_x = 1, .ofs_y = -3},
    {.bitmap_index = 18979, .adv_w = 116, .box_w = 7, .box_h = 12, .ofs_x = 0, .ofs_y = -3},
    {.bitmap_index = 19021, .adv_w = 58, .box_w = 5, .box_h = 12, .ofs_x = -1, .ofs_y = -3},
    {.bitmap_index = 19051, .adv_w = 46, .box_w = 5, .box_h = 12, .ofs_x = -1, .ofs_y = -3},
    {.bitmap_index = 19081, .adv_w = 58, .box_w = 4, .box_h = 14, .ofs_x = 0, .ofs_y = 0},
    {.bitmap_index = 19109, .adv_w = 58, .box_w = 4, .box_h = 12, .ofs_x = 0, .ofs_y = 0},
    {.bitmap_index = 19133, .adv_w = 139, .box_w = 9, .box_h = 12, .ofs_x = 0, .ofs_y = 0},
    {.bitmap_index = 19187, .adv_w = 104, .box_w = 7, .box_h = 12, .ofs_x = 0, .ofs_y = 0},
    {.bitmap_index = 19229, .adv_w = 139, .box_w = 9, .box_h = 12, .ofs_x = 0, .ofs_y = -3},
    {.bitmap_index = 19283, .adv_w = 104, .box_w = 7, .box_h = 12, .ofs_x = 0, .ofs_y = -3},
    {.bitmap_index = 19325, .adv_w = 139, .box_w = 9, .box_h = 12, .ofs_x = 0, .ofs_y = -3},
    {.bitmap_index = 19379, .adv_w = 104, .box_w = 7, .box_h = 12, .ofs_x = 0, .ofs_y = -3},
    {.bitmap_index = 19421, .adv_w = 116, .box_w = 7, .box_h = 12, .ofs_x = 0, .ofs_y = -3},
    {.bitmap_index = 19463, .adv_w = 46, .box_w = 3, .box_h = 12, .ofs_x = 0, .ofs_y = -3},
    {.bitmap_index = 19481, .adv_w = 116, .box_w = 7, .box_h = 14, .ofs_x = 0, .ofs_y = -3},
    {.bitmap_index = 19530, .adv_w = 46, .box_w = 5, .box_h = 14, .ofs_x = -1, .ofs_y = -3},
    {.bitmap_index = 19565, .adv_w = 116, .box_w = 7, .box_h = 12, .ofs_x = 0, .ofs_y = -3},
    {.bitmap_index = 19607, .adv_w = 46, .box_w = 5, .box_h = 12, .ofs_x = -1, .ofs_y = -3},
    {.bitmap_index = 19637, .adv_w = 116, .box_w = 7, .box_h = 12, .ofs_x = 0, .ofs_y = -3},
    {.bitmap_index = 19679, .adv_w = 46, .box_w = 5, .box_h = 12, .ofs_x = -1, .ofs_y = -3},
    {.bitmap_index = 19709, .adv_w = 173, .box_w = 10, .box_h = 12, .ofs_x = 0, .ofs_y = 0},
    {.bitmap_index = 19769, .adv_w = 173, .box_w = 10, .box_h = 9, .ofs_x = 0, .ofs_y = 0},
    {.bitmap_index = 19814, .adv_w = 173, .box_w = 10, .box_h = 13, .ofs_x = 0, .ofs_y = 0},
    {.bitmap_index = 19879, .adv_w = 173, .box_w = 10, .box_h = 9, .ofs_x = 0, .ofs_y = 0},
    {.bitmap_index = 19924, .adv_w = 173, .box_w = 10, .box_h = 12, .ofs_x = 0, .ofs_y = -3},
    {.bitmap_index = 19984, .adv_w = 173, .box_w = 10, .box_h = 10, .ofs_x = 0, .ofs_y = -3},
    {.bitmap_index = 20034, .adv_w = 150, .box_w = 8, .box_h = 13, .ofs_x = 1, .ofs_y = 0},
    {.bitmap_index = 20086, .adv_w = 116, .box_w = 7, .box_h = 9, .ofs_x = 0, .ofs_y = 0},
    {.bitmap_index = 20118, .adv_w = 150, .box_w = 8, .box_h = 12, .ofs_x = 1, .ofs_y = -3},
    {.bitmap_index = 20166, .adv_w = 116, .box_w = 7, .box_h = 10, .ofs_x = 0, .ofs_y = -3},
    {.bitmap_index = 20201, .adv_w = 150, .box_w = 8, .box_h = 12, .ofs_x = 1, .ofs_y = -3},
    {.bitmap_index = 20249, .adv_w = 116, .box_w = 7, .box_h = 10, .ofs_x = 0, .ofs_y = -3},
    {.bitmap_index = 20284, .adv_w = 150, .box_w = 8, .box_h = 12, .ofs_x = 1, .ofs_y = -3},
    {.bitmap_index = 20332, .adv_w = 116, .box_w = 7, .box_h = 10, .ofs_x = 0, .ofs_y = -3},
    {.bitmap_index = 20367, .adv_w = 162, .box_w = 10, .box_h = 14, .ofs_x = 0, .ofs_y = 0},
    {.bitmap_index = 20437, .adv_w = 116, .box_w = 7, .box_h = 12, .ofs_x = 0, .ofs_y = 0},
    {.bitmap_index = 20479, .adv_w = 162, .box_w = 10, .box_h = 15, .ofs_x = 0, .ofs_y = 0},
    {.bitmap_index = 20554, .adv_w = 116, .box_w = 7, .box_h = 13, .ofs_x = 0, .ofs_y = 0},
    {.bitmap_index = 20600, .adv_w = 162, .box_w = 10, .box_h = 14, .ofs_x = 0, .ofs_y = 0},
    {.bitmap_index = 20670, .adv_w = 116, .box_w = 7, .box_h = 12, .ofs_x = 0, .ofs_y = 0},
    {.bitmap_index = 20712, .adv_w = 162, .box_w = 10, .box_h = 14, .ofs_x = 0, .ofs_y = 0},
    {.bitmap_index = 20782, .adv_w = 116, .box_w = 7, .box_h = 12, .ofs_x = 0, .ofs_y = 0},
    {.bitmap_index = 20824, .adv_w = 139, .box_w = 8, .box_h = 12, .ofs_x = 1, .ofs_y = 0},
    {.bitmap_index = 20872, .adv_w = 116, .box_w = 7, .box_h = 12, .ofs_x = 0, .ofs_y = -3},
    {.bitmap_index = 20914, .adv_w = 139, .box_w = 8, .box_h = 13, .ofs_x = 1, .ofs_y = 0},
    {.bitmap_index = 20966, .adv_w = 116, .box_w = 7, .box_h = 12, .ofs_x = 0, .ofs_y = -3},
    {.bitmap_index = 21008, .adv_w = 150, .box_w = 9, .box_h = 13, .ofs_x = 1, .ofs_y = 0},
    {.bitmap_index = 21067, .adv_w = 69, .box_w = 5, .box_h = 9, .ofs_x = 0, .ofs_y = 0},
    {.bitmap_index = 21090, .adv_w = 150, .box_w = 9, .box_h = 12, .ofs_x = 1, .ofs_y = -3},
    {.bitmap_index = 21144, .adv_w = 69, .box_w = 5, .box_h = 10, .ofs_x = 0, .ofs_y = -3},
    {.bitmap_index = 21169, .adv_w = 150, .box_w = 9, .box_h = 14, .ofs_x = 1, .ofs_y = -3},
    {.bitmap_index = 21232, .adv_w = 69, .box_w = 5, .box_h = 12, .ofs_x = 0, .ofs_y = -3},
    {.bitmap_index = 21262, .adv_w = 150, .box_w = 9, .box_h = 12, .ofs_x = 1, .ofs_y = -3},
    {.bitmap_index = 21316, .adv_w = 69, .box_w = 5, .box_h = 10, .ofs_x = 0, .ofs_y = -3},
    {.bitmap_index = 21341, .adv_w = 139, .box_w = 8, .box_h = 13, .ofs_x = 0, .ofs_y = 0},
    {.bitmap_index = 21393, .adv_w = 104, .box_w = 6, .box_h = 9, .ofs_x = 0, .ofs_y = 0},
    {.bitmap_index = 21420, .adv_w = 139, .box_w = 8, .box_h = 12, .ofs_x = 0, .ofs_y = -3},
    {.bitmap_index = 21468, .adv_w = 104, .box_w = 6, .box_h = 10, .ofs_x = 0, .ofs_y = -3},
    {.bitmap_index = 21498, .adv_w = 139, .box_w = 8, .box_h = 13, .ofs_x = 0, .ofs_y = 0},
    {.bitmap_index = 21550, .adv_w = 104, .box_w = 6, .box_h = 11, .ofs_x = 0, .ofs_y = 0},
    {.bitmap_index = 21583, .adv_w = 139, .box_w = 8, .box_h = 15, .ofs_x = 0, .ofs_y = 0},
    {.bitmap_index = 21643, .adv_w = 104, .box_w = 6, .box_h = 13, .ofs_x = 0, .ofs_y = 0},
    {.bitmap_index = 21682, .adv_w = 139, .box_w = 8, .box_h = 15, .ofs_x = 0, .ofs_y = -3},
    {.bitmap_index = 21742, .adv_w = 104, .box_w = 6, .box_h = 12, .ofs_x = 0, .ofs_y = -3},
    {.bitmap_index = 21778, .adv_w = 127, .box_w = 8, .box_h = 13, .ofs_x = 0, .ofs_y = 0},
    {.bitmap_index = 21830, .adv_w = 58, .box_w = 4, .box_h = 13, .ofs_x = 0, .ofs_y = 0},
    {.bitmap_index = 21856, .adv_w = 127, .box_w = 8, .box_h = 12, .ofs_x = 0, .ofs_y = -3},
    {.bitmap_index = 21904, .adv_w = 58, .box_w = 4, .box_h = 13, .ofs_x = 0, .ofs_y = -3},
    {.bitmap_index = 21930, .adv_w = 127, .box_w = 8, .box_h = 12, .ofs_x = 0, .ofs_y = -3},
    {.bitmap_index = 21978, .adv_w = 58, .box_w = 5, .box_h = 13, .ofs_x = -1, .ofs_y = -3},
    {.bitmap_index = 22011, .adv_w = 127, .box_w = 8, .box_h = 12, .ofs_x = 0, .ofs_y = -3},
    {.bitmap_index = 22059, .adv_w = 58, .box_w = 5, .box_h = 13, .ofs_x = 0, .ofs_y = -3},
    {.bitmap_index = 22092, .adv_w = 150, .box_w = 8, .box_h = 12, .ofs_x = 1, .ofs_y = -3},
    {.bitmap_index = 22140, .adv_w = 116, .box_w = 7, .box_h = 10, .ofs_x = 0, .ofs_y = -3},
    {.bitmap_index = 22175, .adv_w = 150, .box_w = 8, .box_h = 12, .ofs_x = 1, .ofs_y = -3},
    {.bitmap_index = 22223, .adv_w = 116, .box_w = 7, .box_h = 10, .ofs_x = 0, .ofs_y = -3},
    {.bitmap_index = 22258, .adv_w = 150, .box_w = 8, .box_h = 12, .ofs_x = 1, .ofs_y = -3},
    {.bitmap_index = 22306, .adv_w = 116, .box_w = 7, .box_h = 10, .ofs_x = 0, .ofs_y = -3},
    {.bitmap_index = 22341, .adv_w = 150, .box_w = 8, .box_h = 14, .ofs_x = 1, .ofs_y = 0},
    {.bitmap_index = 22397, .adv_w = 116, .box_w = 7, .box_h = 12, .ofs_x = 0, .ofs_y = 0},
    {.bitmap_index = 22439, .adv_w = 150, .box_w = 8, .box_h = 14, .ofs_x = 1, .ofs_y = 0},
    {.bitmap_index = 22495, .adv_w = 116, .box_w = 7, .box_h = 12, .ofs_x = 0, .ofs_y = 0},
    {.bitmap_index = 22537, .adv_w = 139, .box_w = 9, .box_h = 12, .ofs_x = 0, .ofs_y = 0},
    {.bitmap_index = 22591, .adv_w = 104, .box_w = 7, .box_h = 9, .ofs_x = 0, .ofs_y = 0},
    {.bitmap_index = 22623, .adv_w = 139, .box_w = 9, .box_h = 12, .ofs_x = 0, .ofs_y = -3},
    {.bitmap_index = 22677, .adv_w = 104, .box_w = 7, .box_h = 10, .ofs_x = 0, .ofs_y = -3},
    {.bitmap_index = 22712, .adv_w = 197, .box_w = 12, .box_h = 12, .ofs_x = 0, .ofs_y = 0},
    {.bitmap_index = 22784, .adv_w = 170, .box_w = 11, .box_h = 9, .ofs_x = 0, .ofs_y = 0},
    {.bitmap_index = 22834, .adv_w = 197, .box_w = 12, .box_h = 12, .ofs_x = 0, .ofs_y = 0},
    {.bitmap_index = 22906, .adv_w = 170, .box_w = 11, .box_h = 9, .ofs_x = 0, .ofs_y = 0},
    {.bitmap_index = 22956, .adv_w = 197, .box_w = 12, .box_h = 12, .ofs_x = 0, .ofs_y = 0},
    {.bitmap_index = 23028, .adv_w = 170, .box_w = 11, .box_h = 9, .ofs_x = 0, .ofs_y = 0},
    {.bitmap_index = 23078, .adv_w = 196, .box_w = 13, .box_h = 13, .ofs_x = 0, .ofs_y = 0},
    {.bitmap_index = 23163, .adv_w = 150, .box_w = 10, .box_h = 9, .ofs_x = 0, .ofs_y = 0},
    {.bitmap_index = 23208, .adv_w = 196, .box_w = 13, .box_h = 12, .ofs_x = 0, .ofs_y = -3},
    {.bitmap_index = 23286, .adv_w = 150, .box_w = 10, .box_h = 10, .ofs_x = 0, .ofs_y = -3},
    {.bitmap_index = 23336, .adv_w = 139, .box_w = 9, .box_h = 13, .ofs_x = 0, .ofs_y = 0},
    {.bitmap_index = 23395, .adv_w = 104, .box_w = 7, .box_h = 9, .ofs_x = 0, .ofs_y = 0},
    {.bitmap_index = 23427, .adv_w = 139, .box_w = 9, .box_h = 13, .ofs_x = 0, .ofs_y = 0},
    {.bitmap_index = 23486, .adv_w = 104, .box_w = 7, .box_h = 9, .ofs_x = 0, .ofs_y = 0},
    {.bitmap_index = 23518, .adv_w = 139, .box_w = 9, .box_h = 13, .ofs_x = 0, .ofs_y = 0},
    {.bitmap_index = 23577, .adv_w = 104, .box_w = 7, .box_h = 12, .ofs_x = 0, .ofs_y = -3},
    {.bitmap_index = 23619, .adv_w = 127, .box_w = 8, .box_h = 12, .ofs_x = 0, .ofs_y = 0},
    {.bitmap_index = 23667, .adv_w = 104, .box_w = 7, .box_h = 9, .ofs_x = 0, .ofs_y = 0},
    {.bitmap_index = 23699, .adv_w = 127, .box_w = 8, .box_h = 12, .ofs_x = 0, .ofs_y = -3},
    {.bitmap_index = 23747, .adv_w = 104, .box_w = 7, .box_h = 10, .ofs_x = 0, .ofs_y = -3},
    {.bitmap_index = 23782, .adv_w = 127, .box_w = 8, .box_h = 12, .ofs_x = 0, .ofs_y = -3},
    {.bitmap_index = 23830, .adv_w = 104, .box_w = 7, .box_h = 10, .ofs_x = 0, .ofs_y = -3},
    {.bitmap_index = 23865, .adv_w = 116, .box_w = 7, .box_h = 12, .ofs_x = 0, .ofs_y = -3},
    {.bitmap_index = 23907, .adv_w = 58, .box_w = 4, .box_h = 13, .ofs_x = 0, .ofs_y = 0},
    {.bitmap_index = 23933, .adv_w = 150, .box_w = 10, .box_h = 9, .ofs_x = 0, .ofs_y = 0},
    {.bitmap_index = 23978, .adv_w = 104, .box_w = 7, .box_h = 12, .ofs_x = 0, .ofs_y = -3},
    {.bitmap_index = 24020, .adv_w = 116, .box_w = 8, .box_h = 10, .ofs_x = 0, .ofs_y = 0},
    {.bitmap_index = 24060, .adv_w = 58, .box_w = 5, .box_h = 13, .ofs_x = 0, .ofs_y = 0},
    {.bitmap_index = 24093, .adv_w = 144, .box_w = 8, .box_h = 9, .ofs_x = 1, .ofs_y = 0},
    {.bitmap_index = 24129, .adv_w = 139, .box_w = 9, .box_h = 11, .ofs_x = 0, .ofs_y = -2},
    {.bitmap_index = 24179, .adv_w = 115, .box_w = 7, .box_h = 9, .ofs_x = 0, .ofs_y = -2},
    {.bitmap_index = 24211, .adv_w = 139, .box_w = 9, .box_h = 12, .ofs_x = 0, .ofs_y = 0},
    {.bitmap_index = 24265, .adv_w = 115, .box_w = 7, .box_h = 10, .ofs_x = 0, .ofs_y = 0},
    {.bitmap_index = 24300, .adv_w = 139, .box_w = 9, .box_h = 13, .ofs_x = 0, .ofs_y = 0},
    {.bitmap_index = 24359, .adv_w = 115, .box_w = 7, .box_h = 11, .ofs_x = 0, .ofs_y = 0},
    {.bitmap_index = 24398, .adv_w = 139, .box_w = 9, .box_h = 13, .ofs_x = 0, .ofs_y = 0},
    {.bitmap_index = 24457, .adv_w = 115, .box_w = 7, .box_h = 11, .ofs_x = 0, .ofs_y = 0},
    {.bitmap_index = 24496, .adv_w = 139, .box_w = 9, .box_h = 13, .ofs_x = 0, .ofs_y = 0},
    {.bitmap_index = 24555, .adv_w = 115, .box_w = 7, .box_h = 11, .ofs_x = 0, .ofs_y = 0},
    {.bitmap_index = 24594, .adv_w = 139, .box_w = 9, .box_h = 13, .ofs_x = 0, .ofs_y = 0},
    {.bitmap_index = 24653, .adv_w = 115, .box_w = 7, .box_h = 11, .ofs_x = 0, .ofs_y = 0},
    {.bitmap_index = 24692, .adv_w = 139, .box_w = 9, .box_h = 14, .ofs_x = 0, .ofs_y = -2},
    {.bitmap_index = 24755, .adv_w = 115, .box_w = 7, .box_h = 11, .ofs_x = 0, .ofs_y = -2},
    {.bitmap_index = 24794, .adv_w = 139, .box_w = 9, .box_h = 14, .ofs_x = 0, .ofs_y = 0},
    {.bitmap_index = 24857, .adv_w = 115, .box_w = 7, .box_h = 12, .ofs_x = 0, .ofs_y = 0},
    {.bitmap_index = 24899, .adv_w = 139, .box_w = 9, .box_h = 14, .ofs_x = 0, .ofs_y = 0},
    {.bitmap_index = 24962, .adv_w = 115, .box_w = 7, .box_h = 12, .ofs_x = 0, .ofs_y = 0},
    {.bitmap_index = 25004, .adv_w = 139, .box_w = 9, .box_h = 14, .ofs_x = 0, .ofs_y = 0},
    {.bitmap_index = 25067, .adv_w = 115, .box_w = 7, .box_h = 12, .ofs_x = 0, .ofs_y = 0},
    {.bitmap_index = 25109, .adv_w = 139, .box_w = 9, .box_h = 14, .ofs_x = 0, .ofs_y = 0},
    {.bitmap_index = 25172, .adv_w = 115, .box_w = 7, .box_h = 12, .ofs_x = 0, .ofs_y = 0},
    {.bitmap_index = 25214, .adv_w = 139, .box_w = 9, .box_h = 14, .ofs_x = 0, .ofs_y = -2},
    {.bitmap_index = 25277, .adv_w = 115, .box_w = 7, .box_h = 11, .ofs_x = 0, .ofs_y = -2},
    {.bitmap_index = 25316, .adv_w = 125, .box_w = 7, .box_h = 11, .ofs_x = 1, .ofs_y = -2},
    {.bitmap_index = 25355, .adv_w = 117, .box_w = 7, .box_h = 9, .ofs_x = 0, .ofs_y = -2},
    {.bitmap_index = 25387, .adv_w = 125, .box_w = 7, .box_h = 12, .ofs_x = 1, .ofs_y = 0},
    {.bitmap_index = 25429, .adv_w = 117, .box_w = 7, .box_h = 10, .ofs_x = 0, .ofs_y = 0},
    {.bitmap_index = 25464, .adv_w = 125, .box_w = 7, .box_h = 12, .ofs_x = 1, .ofs_y = 0},
    {.bitmap_index = 25506, .adv_w = 117, .box_w = 7, .box_h = 9, .ofs_x = 0, .ofs_y = 0},
    {.bitmap_index = 25538, .adv_w = 125, .box_w = 7, .box_h = 13, .ofs_x = 1, .ofs_y = 0},
    {.bitmap_index = 25584, .adv_w = 117, .box_w = 7, .box_h = 11, .ofs_x = 0, .ofs_y = 0},
    {.bitmap_index = 25623, .adv_w = 125, .box_w = 7, .box_h = 13, .ofs_x = 1, .ofs_y = 0},
    {.bitmap_index = 25669, .adv_w = 117, .box_w = 7, .box_h = 11, .ofs_x = 0, .ofs_y = 0},
    {.bitmap_index = 25708, .adv_w = 125, .box_w = 7, .box_h = 13, .ofs_x = 1, .ofs_y = 0},
    {.bitmap_index = 25754, .adv_w = 117, .box_w = 7, .box_h = 11, .ofs_x = 0, .ofs_y = 0},
    {.bitmap_index = 25793, .adv_w = 125, .box_w = 7, .box_h = 13, .ofs_x = 1, .ofs_y = 0},
    {.bitmap_index = 25839, .adv_w = 117, .box_w = 7, .box_h = 11, .ofs_x = 0, .ofs_y = 0},
    {.bitmap_index = 25878, .adv_w = 125, .box_w = 7, .box_h = 14, .ofs_x = 1, .ofs_y = -2},
    {.bitmap_index = 25927, .adv_w = 117, .box_w = 7, .box_h = 11, .ofs_x = 0, .ofs_y = -2},
    {.bitmap_index = 25966, .adv_w = 56, .box_w = 3, .box_h = 12, .ofs_x = 0, .ofs_y = 0},
    {.bitmap_index = 25984, .adv_w = 51, .box_w = 3, .box_h = 10, .ofs_x = 0, .ofs_y = 0},
    {.bitmap_index = 25999, .adv_w = 56, .box_w = 2, .box_h = 11, .ofs_x = 1, .ofs_y = -2},
    {.bitmap_index = 26010, .adv_w = 51, .box_w = 2, .box_h = 11, .ofs_x = 1, .ofs_y = -2},
    {.bitmap_index = 26021, .adv_w = 154, .box_w = 10, .box_h = 11, .ofs_x = 0, .ofs_y = -2},
    {.bitmap_index = 26076, .adv_w = 119, .box_w = 7, .box_h = 9, .ofs_x = 0, .ofs_y = -2},
    {.bitmap_index = 26108, .adv_w = 154, .box_w = 10, .box_h = 12, .ofs_x = 0, .ofs_y = 0},
    {.bitmap_index = 26168, .adv_w = 119, .box_w = 7, .box_h = 10, .ofs_x = 0, .ofs_y = 0},
    {.bitmap_index = 26203, .adv_w = 154, .box_w = 10, .box_h = 13, .ofs_x = 0, .ofs_y = 0},
    {.bitmap_index = 26268, .adv_w = 119, .box_w = 7, .box_h = 11, .ofs_x = 0, .ofs_y = 0},
    {.bitmap_index = 26307, .adv_w = 154, .box_w = 10, .box_h = 13, .ofs_x = 0, .ofs_y = 0},
    {.bitmap_index = 26372, .adv_w = 119, .box_w = 7, .box_h = 11, .ofs_x = 0, .ofs_y = 0},
    {.bitmap_index = 26411, .adv_w = 154, .box_w = 10, .box_h = 13, .ofs_x = 0, .ofs_y = 0},
    {.bitmap_index = 26476, .adv_w = 119, .box_w = 7, .box_h = 11, .ofs_x = 0, .ofs_y = 0},
    {.bitmap_index = 26515, .adv_w = 154, .box_w = 10, .box_h = 14, .ofs_x = 0, .ofs_y = 0},
    {.bitmap_index = 26585, .adv_w = 119, .box_w = 7, .box_h = 11, .ofs_x = 0, .ofs_y = 0},
    {.bitmap_index = 26624, .adv_w = 154, .box_w = 10, .box_h = 14, .ofs_x = 0, .ofs_y = -2},
    {.bitmap_index = 26694, .adv_w = 119, .box_w = 7, .box_h = 11, .ofs_x = 0, .ofs_y = -2},
    {.bitmap_index = 26733, .adv_w = 154, .box_w = 10, .box_h = 12, .ofs_x = 0, .ofs_y = 0},
    {.bitmap_index = 26793, .adv_w = 119, .box_w = 7, .box_h = 9, .ofs_x = 0, .ofs_y = 0},
    {.bitmap_index = 26825, .adv_w = 154, .box_w = 10, .box_h = 12, .ofs_x = 0, .ofs_y = 0},
    {.bitmap_index = 26885, .adv_w = 119, .box_w = 7, .box_h = 9, .ofs_x = 0, .ofs_y = 0},
    {.bitmap_index = 26917, .adv_w = 154, .box_w = 10, .box_h = 12, .ofs_x = 0, .ofs_y = 0},
    {.bitmap_index = 26977, .adv_w = 119, .box_w = 7, .box_h = 10, .ofs_x = 0, .ofs_y = 0},
    {.bitmap_index = 27012, .adv_w = 154, .box_w = 10, .box_h = 12, .ofs_x = 0, .ofs_y = 0},
    {.bitmap_index = 27072, .adv_w = 119, .box_w = 7, .box_h = 9, .ofs_x = 0, .ofs_y = 0},
    {.bitmap_index = 27104, .adv_w = 154, .box_w = 10, .box_h = 13, .ofs_x = 0, .ofs_y = -2},
    {.bitmap_index = 27169, .adv_w = 119, .box_w = 7, .box_h = 11, .ofs_x = 0, .ofs_y = -2},
    {.bitmap_index = 27208, .adv_w = 143, .box_w = 7, .box_h = 11, .ofs_x = 1, .ofs_y = -2},
    {.bitmap_index = 27247, .adv_w = 120, .box_w = 6, .box_h = 9, .ofs_x = 1, .ofs_y = -2},
    {.bitmap_index = 27274, .adv_w = 143, .box_w = 7, .box_h = 12, .ofs_x = 1, .ofs_y = 0},
    {.bitmap_index = 27316, .adv_w = 120, .box_w = 6, .box_h = 10, .ofs_x = 1, .ofs_y = 0},
    {.bitmap_index = 27346, .adv_w = 143, .box_w = 9, .box_h = 12, .ofs_x = 1, .ofs_y = 0},
    {.bitmap_index = 27400, .adv_w = 120, .box_w = 7, .box_h = 9, .ofs_x = 1, .ofs_y = 0},
    {.bitmap_index = 27432, .adv_w = 143, .box_w = 9, .box_h = 12, .ofs_x = 1, .ofs_y = 0},
    {.bitmap_index = 27486, .adv_w = 120, .box_w = 7, .box_h = 9, .ofs_x = 1, .ofs_y = 0},
    {.bitmap_index = 27518, .adv_w = 143, .box_w = 9, .box_h = 12, .ofs_x = 1, .ofs_y = 0},
    {.bitmap_index = 27572, .adv_w = 120, .box_w = 7, .box_h = 10, .ofs_x = 1, .ofs_y = 0},
    {.bitmap_index = 27607, .adv_w = 143, .box_w = 9, .box_h = 12, .ofs_x = 1, .ofs_y = 0},
    {.bitmap_index = 27661, .adv_w = 120, .box_w = 7, .box_h = 9, .ofs_x = 1, .ofs_y = 0},
    {.bitmap_index = 27693, .adv_w = 143, .box_w = 9, .box_h = 13, .ofs_x = 1, .ofs_y = -2},
    {.bitmap_index = 27752, .adv_w = 120, .box_w = 7, .box_h = 11, .ofs_x = 1, .ofs_y = -2},
    {.bitmap_index = 27791, .adv_w = 120, .box_w = 9, .box_h = 12, .ofs_x = -1, .ofs_y = 0},
    {.bitmap_index = 27845, .adv_w = 112, .box_w = 7, .box_h = 11, .ofs_x = 0, .ofs_y = -2},
    {.bitmap_index = 27884, .adv_w = 120, .box_w = 9, .box_h = 11, .ofs_x = -1, .ofs_y = -2},
    {.bitmap_index = 27934, .adv_w = 112, .box_w = 7, .box_h = 9, .ofs_x = 0, .ofs_y = -2},
    {.bitmap_index = 27966, .adv_w = 120, .box_w = 9, .box_h = 12, .ofs_x = -1, .ofs_y = 0},
    {.bitmap_index = 28020, .adv_w = 112, .box_w = 7, .box_h = 12, .ofs_x = 0, .ofs_y = -2},
    {.bitmap_index = 28062, .adv_w = 120, .box_w = 9, .box_h = 12, .ofs_x = -1, .ofs_y = 0},
    {.bitmap_index = 28116, .adv_w = 112, .box_w = 7, .box_h = 11, .ofs_x = 0, .ofs_y = -2},
    {.bitmap_index = 28155, .adv_w = 123, .box_w = 8, .box_h = 2, .ofs_x = 0, .ofs_y = 2},
    {.bitmap_index = 28163, .adv_w = 189, .box_w = 12, .box_h = 2, .ofs_x = 0, .ofs_y = 2},
    {.bitmap_index = 28175, .adv_w = 117, .box_w = 7, .box_h = 1, .ofs_x = 0, .ofs_y = 3},
    {.bitmap_index = 28179, .adv_w = 89, .box_w = 4, .box_h = 11, .ofs_x = 1, .ofs_y = -2},
    {.bitmap_index = 28201, .adv_w = 104, .box_w = 8, .box_h = 2, .ofs_x = -1, .ofs_y = -2},
    {.bitmap_index = 28209, .adv_w = 42, .box_w = 3, .box_h = 4, .ofs_x = 0, .ofs_y = 5},
    {.bitmap_index = 28215, .adv_w = 42, .box_w = 3, .box_h = 4, .ofs_x = 0, .ofs_y = 5},
    {.bitmap_index = 28221, .adv_w = 42, .box_w = 3, .box_h = 4, .ofs_x = 0, .ofs_y = -2},
    {.bitmap_index = 28227, .adv_w = 46, .box_w = 3, .box_h = 4, .ofs_x = 0, .ofs_y = 5},
    {.bitmap_index = 28233, .adv_w = 77, .box_w = 5, .box_h = 4, .ofs_x = 0, .ofs_y = 5},
    {.bitmap_index = 28243, .adv_w = 77, .box_w = 5, .box_h = 4, .ofs_x = 0, .ofs_y = 5},
    {.bitmap_index = 28253, .adv_w = 76, .box_w = 5, .box_h = 4, .ofs_x = 0, .ofs_y = -2},
    {.bitmap_index = 28263, .adv_w = 69, .box_w = 4, .box_h = 4, .ofs_x = 0, .ofs_y = 5},
    {.bitmap_index = 28271, .adv_w = 121, .box_w = 6, .box_h = 9, .ofs_x = 1, .ofs_y = 0},
    {.bitmap_index = 28298, .adv_w = 121, .box_w = 6, .box_h = 9, .ofs_x = 1, .ofs_y = 0},
    {.bitmap_index = 28325, .adv_w = 65, .box_w = 4, .box_h = 3, .ofs_x = 0, .ofs_y = 3},
    {.bitmap_index = 28331, .adv_w = 73, .box_w = 5, .box_h = 5, .ofs_x = 0, .ofs_y = 2},
    {.bitmap_index = 28344, .adv_w = 58, .box_w = 2, .box_h = 2, .ofs_x = 1, .ofs_y = 0},
    {.bitmap_index = 28346, .adv_w = 116, .box_w = 6, .box_h = 2, .ofs_x = 1, .ofs_y = 0},
    {.bitmap_index = 28352, .adv_w = 119, .box_w = 7, .box_h = 2, .ofs_x = 0, .ofs_y = 0},
    {.bitmap_index = 28359, .adv_w = 69, .box_w = 4, .box_h = 6, .ofs_x = 0, .ofs_y = 1},
    {.bitmap_index = 28371, .adv_w = 157, .box_w = 10, .box_h = 11, .ofs_x = 0, .ofs_y = -1},
    {.bitmap_index = 28426, .adv_w = 119, .box_w = 8, .box_h = 10, .ofs_x = 0, .ofs_y = -1}
};

/*---------------------
 *  CHARACTER MAPPING
 *--------------------*/

static const uint16_t unicode_list_9[] = {
    0x0, 0x6d9, 0x6dd
};

/*Collect the unicode lists and glyph_id offsets*/
static const lv_font_fmt_txt_cmap_t cmaps[] =
{
    {
        .range_start = 32, .range_length = 95, .glyph_id_start = 1,
        .unicode_list = NULL, .glyph_id_ofs_list = NULL, .list_length = 0, .type = LV_FONT_FMT_TXT_CMAP_FORMAT0_TINY
    },
    {
        .range_start = 160, .range_length = 86, .glyph_id_start = 96,
        .unicode_list = NULL, .glyph_id_ofs_list = NULL, .list_length = 0, .type = LV_FONT_FMT_TXT_CMAP_FORMAT0_TINY
    },
    {
        .range_start = 246, .range_length = 256, .glyph_id_start = 182,
        .unicode_list = NULL, .glyph_id_ofs_list = NULL, .list_length = 0, .type = LV_FONT_FMT_TXT_CMAP_FORMAT0_TINY
    },
    {
        .range_start = 506, .range_length = 34, .glyph_id_start = 438,
        .unicode_list = NULL, .glyph_id_ofs_list = NULL, .list_length = 0, .type = LV_FONT_FMT_TXT_CMAP_FORMAT0_TINY
    },
    {
        .range_start = 567, .range_length = 1, .glyph_id_start = 472,
        .unicode_list = NULL, .glyph_id_ofs_list = NULL, .list_length = 0, .type = LV_FONT_FMT_TXT_CMAP_FORMAT0_TINY
    },
    {
        .range_start = 7680, .range_length = 156, .glyph_id_start = 473,
        .unicode_list = NULL, .glyph_id_ofs_list = NULL, .list_length = 0, .type = LV_FONT_FMT_TXT_CMAP_FORMAT0_TINY
    },
    {
        .range_start = 7838, .range_length = 1, .glyph_id_start = 629,
        .unicode_list = NULL, .glyph_id_ofs_list = NULL, .list_length = 0, .type = LV_FONT_FMT_TXT_CMAP_FORMAT0_TINY
    },
    {
        .range_start = 7840, .range_length = 90, .glyph_id_start = 630,
        .unicode_list = NULL, .glyph_id_ofs_list = NULL, .list_length = 0, .type = LV_FONT_FMT_TXT_CMAP_FORMAT0_TINY
    },
    {
        .range_start = 8211, .range_length = 20, .glyph_id_start = 720,
        .unicode_list = NULL, .glyph_id_ofs_list = NULL, .list_length = 0, .type = LV_FONT_FMT_TXT_CMAP_FORMAT0_TINY
    },
    {
        .range_start = 8250, .range_length = 1758, .glyph_id_start = 740,
        .unicode_list = unicode_list_9, .glyph_id_ofs_list = NULL, .list_length = 3, .type = LV_FONT_FMT_TXT_CMAP_SPARSE_TINY
    }
};

/*-----------------
 *    KERNING
 *----------------*/


/*Map glyph_ids to kern left classes*/
static const uint8_t kern_left_class_mapping[] =
{
    0, 0, 0, 1, 0, 0, 0, 2,
    1, 3, 0, 4, 5, 6, 7, 6,
    8, 9, 10, 11, 12, 13, 14, 15,
    16, 17, 9, 18, 18, 5, 5, 5,
    0, 0, 19, 20, 21, 22, 23, 24,
    25, 26, 26, 27, 28, 29, 26, 26,
    22, 30, 22, 31, 22, 32, 27, 33,
    33, 28, 34, 35, 36, 37, 0, 5,
    0, 0, 38, 39, 39, 26, 39, 40,
    41, 42, 26, 26, 43, 38, 42, 42,
    39, 39, 41, 44, 39, 45, 41, 46,
    46, 43, 46, 47, 48, 0, 0, 5,
    0, 49, 50, 0, 0, 10, 0, 0,
    0, 51, 52, 53, 5, 0, 0, 0,
    0, 5, 0, 0, 0, 0, 0, 0,
    0, 0, 52, 54, 0, 0, 0, 55,
    19, 19, 19, 19, 19, 19, 23, 21,
    23, 23, 23, 23, 26, 26, 26, 26,
    50, 26, 22, 22, 22, 22, 22, 5,
    22, 27, 27, 27, 27, 34, 22, 0,
    38, 38, 38, 38, 38, 38, 39, 39,
    39, 39, 39, 39, 26, 26, 26, 26,
    39, 42, 39, 39, 39, 39, 39, 5,
    39, 41, 41, 41, 41, 46, 39, 46,
    19, 38, 19, 38, 19, 38, 21, 39,
    21, 39, 21, 39, 21, 39, 50, 56,
    22, 0, 23, 39, 0, 0, 23, 39,
    23, 39, 23, 39, 25, 41, 25, 41,
    25, 41, 25, 41, 26, 42, 26, 42,
    26, 26, 26, 26, 0, 0, 26, 26,
    26, 26, 27, 26, 27, 26, 28, 43,
    0, 29, 38, 29, 38, 57, 56, 0,
    0, 29, 38, 26, 42, 26, 42, 26,
    42, 0, 26, 42, 22, 39, 0, 0,
    22, 39, 23, 39, 31, 44, 31, 44,
    31, 44, 22, 39, 22, 39, 22, 39,
    22, 39, 32, 45, 32, 56, 32, 45,
    27, 41, 27, 41, 27, 41, 27, 41,
    27, 41, 27, 41, 33, 46, 34, 46,
    34, 35, 47, 35, 47, 35, 47, 0,
    0, 0, 0, 0, 0, 0, 0, 0,
    0, 0, 0, 0, 0, 0, 0, 22,
    0, 0, 40, 0, 0, 0, 0, 0,
    0, 0, 0, 0, 0, 0, 0, 0,
    22, 39, 0, 0, 0, 0, 0, 0,
    0, 0, 0, 0, 0, 0, 0, 58,
    41, 0, 0, 0, 0, 0, 0, 0,
    0, 0, 0, 0, 0, 0, 0, 0,
    0, 0, 0, 0, 0, 0, 0, 0,
    0, 0, 0, 0, 0, 19, 38, 0,
    0, 0, 0, 0, 0, 0, 0, 0,
    0, 0, 0, 0, 0, 0, 0, 0,
    0, 0, 0, 0, 25, 41, 25, 41,
    28, 43, 0, 0, 0, 0, 0, 0,
    0, 0, 0, 0, 0, 0, 0, 0,
    0, 0, 0, 0, 0, 0, 0, 0,
    0, 0, 0, 0, 0, 0, 0, 0,
    0, 0, 0, 0, 0, 0, 0, 0,
    0, 0, 0, 0, 22, 39, 32, 45,
    26, 0, 0, 0, 0, 0, 0, 0,
    0, 0, 0, 0, 0, 0, 0, 0,
    0, 0, 0, 0, 0, 0, 0, 0,
    0, 0, 0, 0, 0, 0, 0, 0,
    0, 25, 41, 0, 0, 0, 0, 0,
    0, 0, 0, 0, 0, 0, 0, 0,
    0, 0, 0, 0, 0, 0, 0, 0,
    0, 0, 0, 0, 0, 0, 0, 0,
    0, 0, 0, 0, 0, 0, 0, 0,
    0, 0, 0, 0, 0, 0, 0, 0,
    0, 0, 0, 0, 0, 0, 0, 0,
    0, 0, 0, 0, 0, 0, 0, 0,
    0, 0, 0, 0, 0, 0, 0, 0,
    0, 0, 0, 0, 0, 0, 0, 0,
    0, 0, 0, 0, 0, 0, 0, 0,
    0, 0, 0, 0, 0, 0, 0, 0,
    0, 33, 46, 33, 46, 33, 46, 0,
    0, 0, 0, 0, 0, 0, 0, 0,
    0, 0, 0, 0, 0, 0, 0, 0,
    0, 0, 0, 0, 0, 20, 19, 38,
    19, 38, 19, 38, 19, 38, 19, 38,
    19, 38, 19, 38, 19, 38, 19, 38,
    19, 38, 19, 38, 19, 38, 23, 39,
    23, 39, 23, 39, 23, 39, 23, 39,
    23, 39, 23, 39, 23, 39, 23, 26,
    26, 26, 22, 39, 22, 39, 22, 39,
    22, 39, 22, 39, 22, 39, 22, 39,
    22, 39, 22, 39, 22, 39, 22, 39,
    22, 39, 27, 41, 27, 41, 58, 41,
    58, 41, 58, 41, 58, 41, 58, 41,
    34, 46, 34, 46, 34, 46, 34, 46,
    0, 0, 0, 0, 0, 59, 60, 6,
    0, 59, 60, 6, 0, 0, 0, 0,
    0, 0, 0, 6, 61, 0, 0
};

/*Map glyph_ids to kern right classes*/
static const uint8_t kern_right_class_mapping[] =
{
    0, 0, 1, 2, 0, 0, 3, 4,
    2, 0, 5, 6, 7, 8, 9, 8,
    10, 11, 12, 13, 14, 15, 16, 11,
    17, 18, 19, 20, 20, 7, 7, 7,
    21, 0, 22, 23, 24, 23, 25, 23,
    24, 23, 23, 26, 27, 27, 23, 23,
    24, 23, 24, 23, 24, 28, 29, 30,
    30, 31, 32, 33, 0, 34, 35, 7,
    0, 0, 36, 23, 37, 37, 37, 38,
    37, 23, 23, 39, 23, 40, 41, 41,
    37, 41, 37, 41, 37, 42, 43, 44,
    44, 45, 44, 46, 0, 0, 47, 7,
    0, 0, 0, 0, 0, 48, 0, 0,
    0, 49, 50, 51, 7, 0, 0, 0,
    0, 7, 0, 0, 0, 0, 0, 0,
    0, 0, 50, 52, 0, 0, 0, 53,
    22, 22, 22, 22, 22, 22, 22, 24,
    23, 23, 23, 23, 23, 23, 23, 23,
    24, 23, 24, 24, 24, 24, 24, 7,
    24, 29, 29, 29, 29, 32, 23, 23,
    36, 36, 36, 36, 36, 36, 36, 37,
    37, 37, 37, 37, 23, 23, 23, 23,
    37, 41, 37, 37, 37, 37, 37, 7,
    37, 43, 43, 43, 43, 44, 23, 44,
    22, 36, 22, 36, 22, 36, 24, 37,
    24, 37, 24, 37, 24, 37, 23, 37,
    23, 37, 23, 37, 0, 0, 23, 37,
    23, 37, 23, 37, 24, 37, 24, 37,
    24, 37, 24, 37, 23, 23, 23, 23,
    23, 23, 23, 23, 0, 0, 23, 23,
    23, 23, 23, 23, 26, 39, 27, 23,
    0, 27, 40, 23, 40, 27, 40, 0,
    0, 54, 40, 23, 41, 23, 41, 23,
    41, 0, 23, 41, 24, 37, 0, 0,
    24, 37, 24, 37, 23, 41, 23, 41,
    23, 41, 24, 37, 24, 37, 24, 37,
    24, 37, 28, 55, 28, 55, 28, 55,
    29, 43, 29, 43, 29, 43, 29, 43,
    29, 43, 29, 43, 30, 44, 32, 44,
    32, 33, 46, 33, 46, 33, 46, 0,
    0, 0, 0, 0, 0, 0, 0, 0,
    0, 0, 0, 0, 0, 0, 0, 24,
    0, 0, 38, 0, 0, 0, 0, 0,
    0, 0, 0, 0, 0, 0, 0, 0,
    24, 37, 0, 0, 0, 0, 0, 0,
    0, 0, 0, 0, 0, 0, 0, 29,
    43, 0, 0, 0, 0, 0, 0, 0,
    0, 0, 0, 0, 0, 0, 0, 0,
    0, 0, 0, 0, 0, 0, 0, 0,
    0, 0, 0, 0, 0, 22, 36, 0,
    0, 0, 0, 0, 0, 0, 0, 0,
    0, 0, 0, 0, 0, 0, 0, 0,
    0, 0, 0, 0, 24, 37, 24, 37,
    27, 23, 0, 0, 0, 0, 0, 0,
    0, 0, 0, 0, 0, 0, 0, 0,
    0, 0, 0, 0, 0, 0, 0, 0,
    0, 0, 0, 0, 0, 0, 0, 0,
    0, 0, 0, 0, 0, 0, 0, 0,
    0, 0, 0, 0, 24, 37, 28, 55,
    39, 0, 0, 0, 0, 0, 0, 0,
    0, 0, 0, 0, 0, 0, 0, 0,
    0, 0, 0, 0, 0, 0, 0, 0,
    0, 0, 0, 0, 0, 0, 0, 0,
    0, 24, 37, 0, 0, 0, 0, 0,
    0, 0, 0, 0, 0, 0, 0, 0,
    0, 0, 0, 0, 0, 0, 0, 0,
    0, 0, 0, 0, 0, 0, 0, 0,
    0, 0, 0, 0, 0, 0, 0, 0,
    0, 0, 0, 0, 0, 0, 0, 0,
    0, 0, 0, 0, 0, 0, 0, 0,
    0, 0, 0, 0, 0, 0, 0, 0,
    0, 0, 0, 0, 0, 0, 0, 0,
    0, 0, 0, 0, 0, 0, 0, 0,
    0, 0, 0, 0, 0, 0, 0, 0,
    0, 0, 0, 0, 0, 0, 0, 0,
    0, 30, 44, 30, 44, 30, 44, 0,
    0, 0, 0, 0, 0, 0, 0, 0,
    0, 0, 0, 0, 0, 0, 0, 0,
    0, 0, 0, 0, 0, 23, 22, 36,
    22, 36, 22, 36, 22, 36, 22, 36,
    22, 36, 22, 36, 22, 36, 22, 36,
    22, 36, 22, 36, 22, 36, 23, 37,
    23, 37, 23, 37, 23, 37, 23, 37,
    23, 37, 23, 37, 23, 37, 23, 23,
    23, 23, 24, 37, 24, 37, 24, 37,
    24, 37, 24, 37, 24, 37, 24, 37,
    24, 37, 24, 37, 24, 37, 24, 37,
    24, 37, 29, 43, 29, 43, 29, 43,
    29, 43, 29, 43, 29, 43, 29, 43,
    32, 44, 32, 44, 32, 44, 32, 44,
    0, 0, 0, 0, 0, 56, 57, 8,
    0, 56, 58, 8, 0, 0, 0, 0,
    0, 0, 0, 8, 52, 0, 0
};

/*Kern values between classes*/
static const int8_t kern_class_values[] =
{
    0, 0, 0, 0, 0, 0, 0, 0,
    0, -10, 0, 0, 0, 0, -6, 0,
    2, 0, 0, 0, 0, 0, 0, 0,
    0, 0, 0, 0, 0, 0, 0, 0,
    0, 0, 0, 0, 0, 0, 0, 0,
    0, 0, 0, 0, 0, 0, 0, 0,
    0, 0, 0, 0, -8, 0, 0, 0,
    0, 0, 0, 0, 0, 0, 0, 0,
    0, 0, 0, 0, 0, 0, 0, 0,
    0, 0, -14, 0, 0, 0, 0, 0,
    0, 0, 0, 0, 0, 0, 0, 0,
    0, 0, 0, -10, 0, 0, 0, 0,
    0, 0, 0, 0, 0, 0, 0, 0,
    0, 0, 0, 0, 0, 0, 0, 0,
    0, 0, 0, 0, 0, 0, 0, 0,
    0, 0, 0, 0, 0, 0, 0, 0,
    -2, -1, -8, 0, 0, -2, 0, 0,
    0, 0, 0, 0, 0, 0, 0, 0,
    0, 0, 0, 0, 0, 0, 0, 0,
    0, 0, 0, 0, 0, 0, 0, 0,
    0, 0, 0, 0, -3, 0, 0, 0,
    0, 0, 0, 0, 0, 0, 0, 0,
    0, 0, 0, 0, 0, -8, 0, -15,
    0, 0, 0, 0, 0, 0, 2, 0,
    0, 0, 0, 0, 0, 0, 0, 0,
    0, 0, 0, 0, 0, 0, 0, 0,
    0, 0, 0, 0, 0, 0, 0, 0,
    0, 0, 0, 0, 0, 0, 0, 0,
    0, 0, 0, 0, 0, 0, 0, 0,
    0, 0, 0, 0, 0, 0, 0, 0,
    0, 0, 0, 0, 0, 0, 0, 0,
    -4, 0, 0, 0, 0, 0, 0, 0,
    0, 0, 0, 0, 0, 0, 0, 0,
    0, 0, 0, 0, 0, 0, 0, 0,
    0, 0, 0, 0, 0, 0, 0, 0,
    0, 0, 0, 0, 0, 0, 0, 0,
    0, 0, 0, 0, 0, 0, 0, -8,
    0, 0, 0, 0, 0, -17, 0, 0,
    0, 0, -12, 0, 0, 0, 0, 0,
    0, 0, 0, 0, 0, 0, 0, 0,
    0, 0, 0, -17, 0, 0, 0, 0,
    0, 0, 0, 0, 0, 0, 0, 0,
    0, 0, -4, 0, 0, 0, 0, 0,
    0, 0, 0, 0, 0, 0, 0, 0,
    0, 0, 0, 0, 0, 0, 0, -4,
    0, 0, 2, 0, -8, 0, 0, 0,
    0, 0, 0, 0, 0, 0, 0, 0,
    0, 0, 0, 0, 0, 0, 0, 0,
    0, 0, 0, 0, 0, 0, 0, 0,
    0, 0, 0, 0, 0, 0, 0, 0,
    0, 0, 0, 0, 0, 0, -6, 0,
    0, -5, 0, 0, 0, -17, 0, -22,
    -4, -4, -8, -8, -17, -2, 0, -4,
    -4, -6, -6, 0, 0, 0, 0, 0,
    0, 0, 0, 0, 0, 0, 0, -2,
    0, 0, 0, 0, 0, 0, 0, 0,
    0, 0, 0, 0, 0, -3, -6, 0,
    -10, -4, 0, 0, 0, 0, 0, 0,
    0, 0, 0, 0, 0, 0, 0, 0,
    0, 0, 2, -2, 0, 0, -2, 0,
    -8, 0, 0, 0, 0, 0, 0, 0,
    0, 0, 0, 0, 0, 0, 0, 0,
    0, 0, 0, 0, 0, 0, 0, 0,
    0, 0, 0, 0, 0, 0, 0, 0,
    0, 0, 0, 0, 0, 0, 0, 0,
    0, 0, 0, 0, 0, 0, 0, 0,
    0, 0, -2, -4, -2, -8, -2, 0,
    -4, 0, -4, -4, 0, 0, 0, 0,
    0, 0, 0, 0, 0, 0, 0, 0,
    0, 0, 0, 0, 0, 0, 0, 0,
    0, 0, 0, 0, 0, 0, 0, 0,
    0, -3, -2, 0, 0, 0, 0, 0,
    0, -4, -4, -4, 0, 0, 0, 0,
    0, 0, 0, 0, -6, -2, 0, -2,
    0, -4, -8, 0, -6, 0, 0, 0,
    0, 0, 0, 0, 0, 0, 0, 0,
    0, 0, 0, 0, 0, 0, 0, 0,
    0, 0, 0, 0, 0, 0, 0, 0,
    0, 0, 0, 0, -2, 0, 0, 0,
    0, 0, 0, 0, 0, 0, 0, 0,
    0, 0, -1, 0, 0, 0, 0, -6,
    0, 0, 0, 0, 0, 0, -4, 0,
    0, 0, 0, 0, 0, 0, 0, 0,
    0, 0, 0, 0, 0, 0, 0, 0,
    0, 0, 0, 0, 0, 0, 0, 0,
    0, 0, 0, 0, 0, 0, 0, 0,
    0, 0, 0, 0, 0, 0, 0, 0,
    0, -2, -4, 0, 0, 0, 0, 0,
    -2, 0, -2, -4, 0, -4, 0, 0,
    -6, 0, 0, -4, 0, 0, 0, 0,
    0, 0, 0, 0, 0, 0, 0, 0,
    0, 0, 0, 0, 0, 0, 0, 0,
    0, 0, 0, 0, 0, 0, 0, 0,
    0, 0, 0, 0, 0, 0, 0, 0,
    0, 0, 0, 0, 0, 0, -2, 0,
    0, 0, 0, -4, -4, 0, -2, 0,
    0, 0, -10, 0, 0, 0, 0, 0,
    0, 0, 0, 0, 0, 0, 0, 0,
    0, 0, 0, 0, 0, 0, 0, 0,
    0, 0, 0, 0, 0, 0, 0, 0,
    0, 0, 0, 0, 0, 0, 0, 0,
    0, 0, 0, 0, 0, 0, 0, 0,
    0, 0, 0, 0, 0, -4, 0, -4,
    -2, 0, 0, 0, -8, 0, 0, 0,
    0, 0, 0, 0, 0, 0, 0, 0,
    0, 0, 0, 0, 0, 0, 0, 0,
    0, 0, 0, 0, 0, 0, 0, 0,
    0, 0, 0, 0, 0, 0, 0, 0,
    0, 0, 0, 0, 0, 0, 0, 0,
    2, 0, 0, 0, 0, -21, -8, -12,
    0, 2, -2, 0, -12, 0, 4, -2,
    0, -4, 0, 0, 0, 0, 0, 0,
    0, 0, 0, 0, 0, 0, 0, 0,
    6, 0, 0, 0, 0, 0, 0, 0,
    0, 0, 0, 0, 6, 0, -2, 0,
    0, 0, 0, 0, 0, 0, 0, 0,
    0, 0, 0, 0, -2, 0, 0, 0,
    0, 0, 0, -4, 0, 0, 0, 0,
    -4, 0, 0, 0, 0, 0, 0, 0,
    0, 0, 0, 0, 0, 0, 0, 0,
    0, 0, 0, 0, 0, 0, 0, 0,
    0, 0, 0, 0, 0, 0, 0, 0,
    0, 0, 0, 0, 0, 0, 0, 0,
    0, 0, 0, 0, 0, 0, 0, 0,
    0, 0, 0, -4, 0, 0, 0, 0,
    -4, 0, -12, 0, 0, 0, 0, 0,
    0, 0, 0, 0, 0, 0, 0, 0,
    0, 0, 0, -6, 0, 0, 0, 0,
    0, 0, 0, 0, 0, 0, 0, 0,
    0, 0, -2, 0, 0, 0, 0, 0,
    0, 0, 0, 0, -2, -10, 0, 0,
    0, -15, 0, 0, 0, 0, 0, 0,
    0, -6, 0, 0, -19, 0, 0, -4,
    -10, 0, -4, -6, -4, -7, -3, -19,
    -3, -22, 0, -15, -2, -22, 0, 0,
    -4, -8, 0, -4, -4, -12, -4, -12,
    -6, -2, 0, -3, -6, -15, 0, 0,
    0, 0, -12, 0, 0, 0, 0, 0,
    0, 0, 0, 0, 0, 0, 0, -4,
    0, 0, 0, 0, 0, 0, -8, 0,
    0, -4, -6, -4, -2, -2, -4, 0,
    0, -8, 0, -6, 0, -8, 0, -6,
    0, -2, 0, -4, -2, -2, -2, -4,
    -2, -6, -8, -4, 0, 0, -2, 0,
    0, 0, 0, 0, 0, 0, 0, 0,
    0, 0, 0, 0, 0, 0, 0, 0,
    0, -5, 0, 0, 0, 0, 0, 0,
    -3, 0, 0, 0, 0, -5, 0, 0,
    0, 0, -2, -3, 0, -4, -4, -4,
    0, -4, 0, -1, -2, -4, 0, -2,
    -2, -2, -2, -2, -6, -2, 0, -2,
    0, 0, 0, 0, 0, 0, -2, 0,
    0, 0, 0, 0, 0, 0, -4, -2,
    0, -4, 0, -6, 0, 0, -2, 0,
    0, 0, -8, 0, 0, -2, -4, -6,
    2, 0, 2, -2, -2, -8, 0, -6,
    -6, -8, -2, -6, 0, 2, 3, -2,
    -4, 0, 0, -5, 0, -3, -4, 0,
    0, -2, 0, -2, 0, 0, 0, -2,
    -5, 0, 0, 0, 0, 0, 0, 0,
    0, 0, 0, 0, 0, 0, 0, 0,
    0, 0, 0, 0, 0, 0, 0, -2,
    -4, 0, -2, 0, -2, 0, 0, 0,
    0, 3, 0, -4, 0, 3, 0, -2,
    -4, -6, -2, 0, 0, -8, 0, -4,
    -6, 0, 0, 0, 0, 0, 0, 0,
    0, 0, -8, 0, 0, 0, 0, 0,
    0, 0, 0, 0, 0, -17, 0, -17,
    0, 0, 0, 0, 0, 0, 0, 0,
    0, -6, -4, -17, -4, 0, -4, -12,
    -6, 0, 0, 0, -4, -4, -4, 0,
    0, -4, -6, -2, -6, -4, -6, -8,
    -6, -8, -10, -6, 0, -6, 0, 0,
    0, 0, 0, 0, -8, 0, 0, 0,
    0, 0, 0, 0, 0, 0, 0, 0,
    0, 0, 0, 0, 0, 0, 0, 0,
    -4, 0, 0, 0, 0, 0, 0, 0,
    0, 0, 0, -4, 0, -6, -2, -4,
    0, -6, 0, 2, 2, -2, 0, 0,
    0, -2, 0, -1, -2, 1, 0, 0,
    0, 0, 0, 0, 0, 0, -2, 0,
    0, 0, 0, 0, 0, 0, 0, 0,
    0, 0, 0, -2, 0, 0, 0, 0,
    0, 0, -8, 0, 0, 0, -2, -2,
    -4, -3, -4, -4, 0, -8, 3, -4,
    -2, -4, 0, -4, 0, -2, -2, -10,
    -2, -2, 1, -8, -4, -2, -10, -2,
    0, 0, -3, 0, 0, 0, 0, 0,
    -8, 0, 0, 0, 0, 0, 0, 0,
    0, 0, 0, 0, 0, -3, 0, 0,
    0, 0, 0, 0, 0, 0, 0, 0,
    0, -3, 3, 0, 3, -6, 0, 0,
    0, 0, -4, -4, 0, 0, 0, 0,
    -1, -4, -1, 0, 0, -4, 0, -4,
    -6, -4, 0, 0, 0, 0, 0, 0,
    0, 0, -4, 0, 0, 0, 0, 0,
    0, 0, 0, -2, 0, 0, 0, 0,
    0, 0, 0, 0, 0, 0, -1, 0,
    0, -4, -4, 0, -2, -8, -2, -6,
    -4, -1, -4, -2, 0, 0, -2, -2,
    0, -2, -10, -10, -2, 0, -4, -10,
    -6, -6, -6, 0, 0, -4, -8, -2,
    0, 0, 0, 0, -10, 0, 0, 0,
    -4, -21, 0, 0, 0, -25, 0, -2,
    0, -4, 0, 0, 0, 0, 0, 0,
    -29, 0, 0, -4, -17, -4, -10, -10,
    -10, -12, -6, -29, -10, -33, 0, -33,
    -4, -33, 0, 0, -8, -12, -4, -8,
    0, -17, -8, -17, -10, -4, 0, -6,
    -10, -25, 0, 0, 0, 0, -17, 0,
    0, 0, -2, 0, 0, 0, 0, 0,
    0, -23, -6, -15, 0, 0, 0, 0,
    0, 0, 0, 0, 0, -4, -4, -15,
    -4, -2, -4, -17, 0, 0, 0, -8,
    -8, -8, -4, -8, 0, -5, -6, 0,
    0, 0, -2, 0, -6, -4, -8, -6,
    0, 0, -2, 0, 0, 0, 0, 0,
    0, 0, 0, 0, 0, 0, 0, 0,
    0, 0, 0, 0, 0, -2, 0, 0,
    0, 0, 0, 0, -4, 0, 0, -2,
    -4, -2, 0, -3, 0, 0, -3, -4,
    0, -10, 0, -4, 0, -10, 0, -1,
    -2, -6, -1, 0, 0, -6, -2, -4,
    -4, 0, 0, -3, -3, 0, 0, 0,
    0, 0, -6, 0, 0, 0, 0, 2,
    0, -6, 0, 2, 0, -21, -8, -19,
    0, 0, 0, 0, -6, 0, 2, 0,
    0, -12, -4, -19, -6, -8, -6, -25,
    -8, 2, 0, -2, -1, 2, 0, -2,
    4, -15, -17, -8, -8, -4, -10, -8,
    -15, -10, -12, -10, 0, -8, -8, 2,
    -12, -12, 0, 0, -8, 0, 1, 1,
    -6, 0, 0, -5, 0, 0, 0, -17,
    0, -22, -4, -4, -8, -8, -17, -2,
    0, -4, -4, -6, -6, -22, -5, -6,
    -5, -17, -3, 0, 0, -2, -2, 0,
    -2, -2, 0, -9, -8, -10, -8, -6,
    -6, -8, -10, -8, -12, -7, 0, -3,
    -6, 0, -10, -4, 0, 0, -8, 0,
    0, 0, 0, 0, 0, 0, 0, 0,
    -4, 0, 0, -15, 0, 0, 0, 0,
    0, 0, 2, 0, 0, 0, 0, -15,
    -4, -8, -4, -25, 0, 2, -4, 0,
    0, 4, -2, 0, 0, -12, -15, -10,
    -8, -4, -12, -12, -12, -8, -12, -15,
    0, 0, -8, 0, 0, 0, 0, -4,
    -12, 0, 0, 0, 0, 0, 0, 0,
    0, 0, 0, 0, -4, -4, 0, 0,
    0, 0, 0, 0, 0, 0, 0, 0,
    -4, -4, 0, -4, 0, -6, 0, 0,
    0, -2, -2, -2, 0, -2, 0, -2,
    -7, -8, -3, -1, -2, -6, -4, -6,
    -8, -4, 0, 0, -4, 0, 0, 0,
    0, 0, -6, 0, 0, 0, 0, 0,
    0, 0, 0, 0, 0, 0, 0, 0,
    0, 0, 0, 0, 0, 0, 4, 0,
    0, 0, 0, 0, 0, 0, 0, 0,
    0, 4, 0, 0, 0, 0, 0, 0,
    0, 0, 0, 0, 6, 0, 0, 0,
    0, 0, 0, 0, 0, 0, 0, 0,
    0, 0, 0, 0, 0, 0, 0, 0,
    -2, -10, 0, 0, 0, -15, 0, 0,
    0, 0, 0, 0, 0, -6, 0, 0,
    -19, 0, 0, -4, -10, 0, 0, 0,
    0, 0, 0, 0, 0, 0, 0, 0,
    0, -22, 0, 0, 0, 0, 0, 0,
    0, 0, 0, 0, 0, 0, 0, -3,
    -6, 0, 0, 0, 0, 0, 0, 0,
    0, 0, 0, 0, 0, 0, 0, -4,
    0, 4, 0, 0, 0, 0, 0, 0,
    0, 0, 0, 0, 0, 0, -4, 0,
    -2, 0, -2, 0, 0, 0, 0, 0,
    0, 0, 0, 0, 0, 0, -1, -3,
    1, -2, -1, -10, -2, -5, -5, -2,
    0, 0, 0, -4, 0, 0, 0, 0,
    -10, 0, 0, 0, 0, -2, 0, 0,
    0, -4, 0, 0, 0, -2, 0, 0,
    0, 0, 0, 0, -15, 0, 0, 0,
    -8, -2, -2, 0, -2, 0, 0, -15,
    0, -10, -4, -10, 0, -10, 0, 1,
    -2, -6, -2, -1, -2, -6, -2, -5,
    -10, -5, 0, 0, 0, -4, 0, 0,
    0, 0, -6, 0, 0, 0, 0, 0,
    0, 0, 0, 2, 0, -12, -6, -8,
    0, 0, 0, 0, 0, 0, 0, 0,
    0, -6, 0, -8, -8, 0, -8, 0,
    0, 0, 0, 0, 0, 0, 0, 0,
    2, -6, -9, -12, -8, -4, -6, -8,
    0, -8, -8, -2, 0, 0, 0, 2,
    0, 0, 0, 0, -8, 2, 0, 0,
    0, 0, 0, 0, 0, 0, 0, 0,
    0, 0, 0, 0, 0, 0, 0, 0,
    -12, 0, 0, 0, -4, 0, -3, 0,
    -3, 0, 0, -12, 0, -4, 0, -4,
    0, -4, 0, 0, -2, -5, 0, 0,
    0, -6, 0, -4, -3, -2, 0, 0,
    0, 0, 0, 0, 0, 0, -6, 0,
    0, 0, 0, 0, 0, 0, 0, -4,
    0, 0, 0, 0, 0, 0, 0, 0,
    0, 0, -8, 0, 0, 0, -4, 0,
    -1, 0, -1, 0, 0, -8, 0, -4,
    -2, -8, 0, -4, 0, -2, -2, -7,
    -6, -3, -4, -8, -3, -7, -10, -4,
    0, 0, 0, -4, 0, 0, 0, 0,
    -8, 0, 0, 0, -4, 0, 0, 0,
    0, -4, 0, -4, -15, 0, 0, 0,
    0, 0, 0, 0, -4, 0, 0, -8,
    -6, 0, -10, -2, -10, 0, 0, -4,
    0, 0, 0, 0, 0, 0, 0, -9,
    -10, -12, -5, -7, -9, -11, -4, -15,
    -8, -6, 0, 0, -2, -4, 0, 0,
    0, 0, -11, 0, 0, 0, 0, 0,
    0, 0, 0, 0, 0, -12, -8, -6,
    0, 0, 0, 0, 0, 0, -8, 0,
    0, -10, 0, -6, -6, 0, -6, 0,
    0, -8, 0, 0, 0, 0, 0, 0,
    0, -8, -8, -12, -8, -6, -8, -10,
    -4, -5, -15, -6, 0, 0, 0, 0,
    -8, 0, 0, 0, -10, 0, 0, 0,
    0, 0, 0, 0, 0, 0, 0, 5,
    -6, 2, 0, 0, 0, 0, 0, 0,
    0, 0, 0, 0, 0, 2, -3, 0,
    -3, 0, 0, 0, 0, -2, 0, 0,
    6, -2, 0, -2, -3, -7, -2, 0,
    1, -8, -1, -2, -6, 0, 0, 0,
    0, 0, 0, 0, 0, 0, -8, 0,
    0, 0, 0, 0, 0, 0, 0, 0,
    0, -12, -2, -10, 0, 0, 0, 0,
    0, 0, -8, 0, 0, -4, 0, -10,
    -2, -3, -2, -8, 0, -8, 0, 0,
    0, 0, 0, 0, 0, -5, -5, -2,
    -3, -2, -5, -5, -4, 0, -10, -5,
    0, 0, -3, 0, 0, 0, 0, 0,
    -5, 0, 0, 0, 0, 0, 0, 0,
    0, 0, 0, 0, 0, 0, 0, 0,
    0, 0, 0, 0, 0, 0, 0, -4,
    -2, 0, -2, 0, -2, 0, 0, 0,
    0, -6, -2, 0, 0, -6, 0, -3,
    -6, -4, -4, -5, -4, -6, -4, -5,
    -10, -3, 0, 0, 0, 0, 0, 0,
    0, 0, -6, 0, 0, 0, 0, 0,
    0, 0, 0, 0, 0, 0, 0, 0,
    0, 0, 0, 0, 0, 0, 2, 0,
    0, 0, 0, 0, 0, 0, 0, 0,
    0, 2, 0, 0, 0, 0, 0, 0,
    0, 0, 0, 0, 0, 0, 0, 0,
    0, 0, 0, 0, 0, 0, 0, 0,
    0, 0, 0, 0, 0, 0, 0, 0,
    0, 0, 0, 0, 0, 0, 0, 0,
    0, 0, 0, 0, 0, 0, 0, 0,
    0, 0, 0, 0, 0, 0, 0, 0,
    0, 0, 0, 0, 0, -8, 0, 0,
    0, -8, 0, 0, 0, -2, 0, 0,
    0, -3, 0, 0, 0, 0, 0, 0,
    0, 0, 0, 0, 0, 0, -3, 0,
    0, 0, 0, 0, 0, 0, 0, 0,
    0, 0, 0, 0, 0, 0, 0, 0,
    0, 0, -4, 0, 0, 0, 0, 0,
    0, 0, 0, 0, 0, -4, 0, 0,
    0, 0, 0, 0, 0, 0, 0, 0,
    0, 0, 0, 0, 0, 0, 0, 0,
    0, 0, 0, 0, 0, 0, 0, 0,
    0, 0, 0, 0, 0, 0, 0, 0,
    -4, -2, 0, -4, 0, -6, 0, 0,
    -2, 0, 0, 0, -8, 0, 0, -2,
    -4, 0, 0, 0, 0, 0, 0, 0,
    0, 0, 0, 0, 0, -6, 0, 0,
    0, 0, 0, 0, 0, 0, 0, 0,
    0, 0, 0, -2, 0, 0, 0, 0,
    0, 0, 0, 0, 0, 0, 0, 0,
    0, 0, 0, 0, 0, -8, 0, -15,
    0, 0, 0, 0, 0, 0, 2, 0,
    0, 0, 0, -15, 0, 0, 0, 0,
    0, 2, 0, 0, 0, 0, 0, 0,
    0, 0, 0, 0, 0, 0, 0, 0,
    0, 0, 0, 0, 0, 0, 0, 0,
    0, 0, 0, 0, 0, 0, 0, 0,
    0, 0, 0, 0, 0, 0, 0, 0,
    0, 0, 0, 0, 0, 0, 0, 0,
    -12, 0, 0, 0, 0, 0, 0, 0,
    0, 0, 0, 0, 0, 0, 0, 0,
    0, -8, 0, 0, 0, 0, 0, 0,
    0, 0, 0, 0, 0, 0, 0, 0,
    0, 0, 0, 0, 0, 0, 0, 0,
    0, 0, 0, 0, 0, 0, 0, 0,
    0, 0, 0, 0, 0, 0, 0, 0,
    0, 0, -12, 0, 0, 0, 0, 0,
    0, 0, 0, -2, 0, -12, 0, -10,
    0, 0, 0, -10, 0, 0, 0, 0,
    0, 0, 0, 0, 0, 0, 0, 0,
    0, 0, 0, 0, 0, 0, 0, 0,
    0, 0, 0, 0, 0, -8, 0, 0,
    0, 0, 0, 0, 0, 0, 0, -12,
    0, 0, 0, 0, -17, 0, 0, 0,
    0, 0, 0, 0, 0, 0, 0, 0,
    0, 0, 0, 0, 0, -21, 0, 0,
    0, 0, 0, 0, 0, 0, 0, 0,
    0, 0, 0, 0, -10, 0, 0, 0,
    0, 0, 0, 0, 0, 0, 0, 0,
    0, 0, 0, 4, 0, 0, 0, 0,
    0, 0, 0, 0, 0, 0, 0, 0,
    0, 0, 0, 0, 0, 0, 0, 0,
    0, 0, 0, 0, 0, 0, 0, 0,
    0, -2, -4, -2, -2, -1, 0, -2,
    0, -1, -2, 0, 0, 0, 0, 4,
    0, 0, 0, 0, -2, 0, 0, 6,
    0, 0, 0, 0, 0, 0, 0, 0,
    0, 0, 0, 0, 0, 0, 0, 0,
    -6, 0, 0, 0, 0, 0, 0, 0,
    0, 0, 0, -6, 0, -8, 0, -6,
    0, -8, 0, 0, 0, 0, 0, 0,
    0, 0, 0, 0, 0, 0, 0, 0,
    0, 0, 0, 0, 0, 0, 0, 0,
    0, 0, 0, 0, 0, 0, 10, 0,
    0, 0, 0, -3, 0, 0, 0, 0,
    0, 0, 5, 0, 0, 0, 0, -3,
    3, 0, 3, -6, 0, 5, 0, 2,
    2, 7, 2, 2, 10, 0, -2, -4,
    -1, 0, -2, -3, 0, -2, -6, -3,
    8, 0, 0, 0, 0, 0, 0, 0,
    -3, 0, 0, 0, 0, 0, 0, 0,
    0, 0, 0, 0, 0, 0, 0, 0,
    0, 0, 0, 0, 0, 0, 0, 0,
    0, 0, 0, 0, 0, -25, 0, 0,
    0, 0, 0, 0, 0, 0, 0, 0,
    0, 0, 0, 0, 0, 0, 0, 0,
    0, 0, 0, 0, 0, 0, 0, 0,
    0, 0, 0, 0, 0, 0, 0, 0,
    0, 0, 0, 0, 0, 0, 0, 0,
    0, 2, 0, 0, 0, 0, 0, 0,
    0, 0, 0, 0, 0, 0, 0, 0,
    0, 0, 0, 0, 0, 0, 0, 0,
    0, 0, 0, 0, 0, 0, 0, 0,
    0, 0, 0, 0, 0, 0, 0, 0,
    0, 0, 0, 0, 0, 0, 0, 0,
    0, 0, 0, 0, 0, 0, 0, 0,
    0, 0, 0, 0, 0, 0, 0, 0,
    0, 0, 0, 0, 0, 0, 0, 0,
    0, -2, 0, 0, 0, 0, 0, 0,
    0, 0, 0, 0, 0, 0, 0, 0,
    0, 0, 0, 0, 0, 0, 0, 0,
    0, 0, 0, 0, 0, 0, 0, 0,
    0, 0
};


/*Collect the kern class' data in one place*/
static const lv_font_fmt_txt_kern_classes_t kern_classes =
{
    .class_pair_values   = kern_class_values,
    .left_class_mapping  = kern_left_class_mapping,
    .right_class_mapping = kern_right_class_mapping,
    .left_class_cnt      = 61,
    .right_class_cnt     = 58,
};

/*--------------------
 *  ALL CUSTOM DATA
 *--------------------*/

#if LVGL_VERSION_MAJOR == 8
/*Store all the custom data of the font*/
static  lv_font_fmt_txt_glyph_cache_t cache;
#endif

#if LVGL_VERSION_MAJOR >= 8
static const lv_font_fmt_txt_dsc_t font_dsc = {
#else
static lv_font_fmt_txt_dsc_t font_dsc = {
#endif
    .glyph_bitmap = glyph_bitmap,
    .glyph_dsc = glyph_dsc,
    .cmaps = cmaps,
    .kern_dsc = &kern_classes,
    .kern_scale = 16,
    .cmap_num = 10,
    .bpp = 4,
    .kern_classes = 1,
    .bitmap_format = 0,
#if LVGL_VERSION_MAJOR == 8
    .cache = &cache
#endif
};



/*-----------------
 *  PUBLIC FONT
 *----------------*/

/*Initialize a public general font descriptor*/
#if LVGL_VERSION_MAJOR >= 8
const lv_font_t geist_reg_13 = {
#else
lv_font_t geist_reg_13 = {
#endif
    .get_glyph_dsc = lv_font_get_glyph_dsc_fmt_txt,    /*Function pointer to get glyph's data*/
    .get_glyph_bitmap = lv_font_get_bitmap_fmt_txt,    /*Function pointer to get glyph's bitmap*/
    .line_height = 18,          /*The maximum line height required by the font*/
    .base_line = 3,             /*Baseline measured from the bottom of the line*/
#if !(LVGL_VERSION_MAJOR == 6 && LVGL_VERSION_MINOR == 0)
    .subpx = LV_FONT_SUBPX_NONE,
#endif
#if LV_VERSION_CHECK(7, 4, 0) || LVGL_VERSION_MAJOR >= 8
    .underline_position = -1,
    .underline_thickness = 1,
#endif
    .dsc = &font_dsc,          /*The custom font data. Will be accessed by `get_glyph_bitmap/dsc` */
#if LV_VERSION_CHECK(8, 2, 0) || LVGL_VERSION_MAJOR >= 9
    .fallback = NULL,
#endif
    .user_data = NULL,
};



#endif /*#if GEIST_REG_13*/

